#include "device_caps.h"
#if defined(TLORA_PAGER)

/*******************************************************************************
 * Size: 20 px
 * Bpp: 4
 * Opts: --size 20 --bpp 4 --format lvgl --font /Library/Fonts/Arial Unicode.ttf -r 0x00C0-0x00FF -r 0x0100-0x017F -r 0x0370-0x03FF -r 0x0400-0x04FF -r 0x0600-0x06FF -r 0xFE70-0xFEFF --symbols •·–—‘’“”…→←↑↓°±×÷€£¥§©®™≠≤≥½¼¾℃℉ --lv-font-name extras_20 -o src/ui-touch/extras_font_20.c
 ******************************************************************************/

#if 1
#include "lvgl.h"
#else
#include "lvgl/lvgl.h"
#endif

#ifndef EXTRAS_20
#define EXTRAS_20 1
#endif

#if EXTRAS_20

/*-----------------
 *    BITMAPS
 *----------------*/

/*Store the image of the glyphs*/
static LV_ATTRIBUTE_LARGE_CONST const uint8_t glyph_bitmap[] = {
    /* U+00A3 "£" */
    0x0, 0x97, 0x3f, 0xa8, 0x80, 0x34, 0x51, 0x33,
    0xae, 0xa0, 0x0, 0x9c, 0xbe, 0x65, 0x81, 0x20,
    0x5, 0xa, 0x10, 0x1, 0xa9, 0x90, 0x4, 0x20,
    0x1a, 0xb8, 0x80, 0x83, 0xc0, 0x3e, 0x16, 0x4,
    0x22, 0x80, 0x34, 0xe0, 0x16, 0xec, 0x1, 0xaa,
    0x88, 0xf, 0x54, 0x0, 0xc4, 0xb8, 0x1c, 0xaa,
    0x0, 0xf7, 0x2, 0x80, 0x7e, 0x74, 0x30, 0xf,
    0xa8, 0x20, 0x40, 0x3d, 0xa, 0x39, 0xdf, 0xd9,
    0x8e, 0x4b, 0x27, 0x99, 0x39, 0x10, 0xc8, 0xf,
    0x61, 0x99, 0x19, 0xdf, 0x88,

    /* U+00A5 "¥" */
    0xbf, 0x30, 0xe, 0x3f, 0xd0, 0x90, 0xf0, 0xe,
    0x80, 0x90, 0x25, 0x34, 0x0, 0x91, 0x6, 0x80,
    0xb, 0x9, 0x0, 0xa0, 0x3c, 0x2, 0x17, 0x25,
    0x4, 0x35, 0x30, 0xd, 0x23, 0x61, 0x1, 0x0,
    0x18, 0x41, 0x86, 0x8d, 0x4c, 0x40, 0xb, 0xdc,
    0x70, 0x50, 0x5e, 0xe3, 0x82, 0x5d, 0xce, 0xb,
    0x77, 0x28, 0xa, 0xad, 0xa0, 0x4a, 0xb1, 0x2,
    0xf7, 0x54, 0xf, 0xdd, 0x38, 0x25, 0xdc, 0xe0,
    0xb7, 0x72, 0x80, 0xa2, 0x58, 0x1a, 0x89, 0x10,
    0x7, 0xff, 0x34,

    /* U+00A7 "§" */
    0x0, 0xa3, 0x7f, 0x5c, 0x3, 0xa9, 0xc5, 0xc6,
    0x28, 0x2, 0x25, 0x4c, 0x8c, 0x35, 0x20, 0x0,
    0x80, 0x80, 0x52, 0xc0, 0x11, 0x92, 0xb0, 0x1,
    0x64, 0x80, 0x28, 0x9, 0xa1, 0x0, 0xe6, 0xa7,
    0x45, 0xf6, 0x0, 0xd2, 0xb1, 0x72, 0x33, 0x62,
    0x2, 0x1a, 0x0, 0x6d, 0x24, 0xa0, 0x11, 0x50,
    0x80, 0xb, 0x49, 0x8, 0x2c, 0xbd, 0x0, 0x2a,
    0x1, 0x5, 0xb0, 0xb9, 0x0, 0x61, 0x18, 0x1,
    0x3d, 0x5b, 0xac, 0x3c, 0x3, 0xd, 0x58, 0x21,
    0x90, 0x7, 0x93, 0xcd, 0xd0, 0x0, 0x96, 0x80,
    0x1, 0x80, 0xc0, 0x3, 0xa7, 0x80, 0x46, 0x1e,
    0x0, 0x35, 0x4d, 0x9a, 0x81, 0x60, 0xa, 0xa0,
    0x19, 0x17, 0xc4, 0x0,

    /* U+00A9 "©" */
    0x0, 0xff, 0xe3, 0xb6, 0x7f, 0xba, 0xd0, 0x3,
    0xc5, 0xb0, 0x95, 0x76, 0x1b, 0xb0, 0x6, 0x2c,
    0x7e, 0x85, 0x45, 0xad, 0x6c, 0x0, 0xbd, 0x28,
    0x1f, 0x7b, 0x10, 0xb0, 0xa0, 0x14, 0xec, 0x26,
    0x2f, 0x2a, 0xd0, 0x69, 0xc7, 0x9c, 0x49, 0xa9,
    0x89, 0xa0, 0xc1, 0x9, 0xd7, 0x1, 0x1, 0x40,
    0x27, 0x70, 0x1, 0x30, 0x58, 0x4, 0x40, 0x1f,
    0x84, 0x67, 0x1, 0x10, 0x7, 0xe1, 0x11, 0x60,
    0x28, 0x18, 0x5, 0x16, 0x0, 0x5d, 0xa6, 0x3,
    0x4e, 0x30, 0x57, 0xd0, 0x33, 0x2b, 0x4, 0x5,
    0x3e, 0x7d, 0x43, 0x7, 0xa9, 0x6, 0xbc, 0xd,
    0x76, 0xfb, 0x85, 0x95, 0x80, 0xe, 0xdf, 0x14,
    0xcc, 0x4f, 0xcd, 0x82, 0x1, 0x27, 0x2d, 0xef,
    0x6c, 0xcb, 0x48, 0x3, 0x86, 0x7b, 0x73, 0xb8,
    0xe0, 0x18,

    /* U+00AE "®" */
    0x0, 0xff, 0xe3, 0xb6, 0x7f, 0xba, 0xd0, 0x3,
    0xc5, 0xb0, 0x95, 0x76, 0x1b, 0xb0, 0x6, 0x2c,
    0x7e, 0x85, 0x45, 0xad, 0x6c, 0x0, 0xbd, 0x28,
    0x3, 0xc5, 0x85, 0x0, 0xa7, 0x61, 0xbf, 0xee,
    0xd6, 0x1, 0xa7, 0x1e, 0x71, 0x0, 0x3e, 0xe2,
    0xc9, 0x2, 0x13, 0xae, 0x0, 0x5c, 0x44, 0xd0,
    0xc, 0x98, 0x2c, 0x1, 0x4f, 0xfa, 0x24, 0x80,
    0x2, 0x33, 0x80, 0x4f, 0x88, 0xec, 0x1, 0x8,
    0x8b, 0x0, 0x2e, 0x3a, 0x47, 0x0, 0x97, 0x69,
    0x80, 0x38, 0x62, 0x2, 0x6, 0x65, 0x60, 0x80,
    0x73, 0x0, 0x32, 0x38, 0x7a, 0x90, 0x6b, 0xc5,
    0x28, 0x5, 0x6d, 0x65, 0x60, 0x3, 0xb7, 0xc5,
    0x21, 0x27, 0xe6, 0xc1, 0x0, 0x93, 0x96, 0xf7,
    0xb6, 0x65, 0xa4, 0x1, 0xc3, 0x3d, 0xb9, 0xdc,
    0x70, 0xc,

    /* U+00B0 "°" */
    0x6, 0xdd, 0x28, 0x24, 0x4c, 0xac, 0xf6, 0x51,
    0x13, 0x46, 0x20, 0x1, 0x3f, 0xb1, 0x15, 0xfa,
    0xab, 0xb8, 0xaa, 0x8, 0xff, 0x40, 0x0,

    /* U+00B1 "±" */
    0x0, 0xdb, 0x0, 0x1f, 0x88, 0x80, 0x1f, 0xfc,
    0xca, 0xbb, 0x81, 0x2e, 0xe6, 0x44, 0xc0, 0x28,
    0x97, 0xf7, 0xfc, 0xb, 0xff, 0x48, 0x7, 0xff,
    0x5b, 0xe8, 0x3, 0x55, 0xdf, 0xe6, 0x44, 0xfe,
    0xf0,

    /* U+00B7 "·" */
    0x1, 0x3, 0xec, 0x0, 0x80,

    /* U+00BC "¼" */
    0x0, 0x3d, 0x0, 0x7e, 0xb5, 0x0, 0x3c, 0x38,
    0x7, 0xd2, 0xca, 0x17, 0x26, 0x1, 0xf2, 0x37,
    0x0, 0x3f, 0xca, 0x1, 0xe1, 0xa7, 0x30, 0x2,
    0x8, 0x7, 0xd6, 0x70, 0x1, 0xff, 0x2a, 0xbc,
    0x3, 0xfe, 0x1b, 0x82, 0x0, 0xff, 0xa8, 0x9c,
    0x3, 0xe9, 0xd0, 0x3, 0x27, 0x0, 0x53, 0x20,
    0xf, 0x14, 0xc8, 0x80, 0x10, 0xca, 0x1, 0xee,
    0x46, 0x0, 0x2b, 0x90, 0x7, 0x9c, 0xe8, 0x0,
    0x75, 0xe, 0x1, 0xc5, 0x12, 0x20, 0x3a, 0xce,
    0x1, 0xee, 0x46, 0x0, 0x38, 0xb7, 0xa9, 0xd8,
    0x2, 0xa, 0x80, 0x26, 0xdd, 0x90, 0xe8, 0xd,
    0xec, 0x40, 0x31, 0x14, 0x20, 0x20,

    /* U+00BD "½" */
    0x0, 0x3d, 0x0, 0x7c, 0x78, 0x60, 0x13, 0xc3,
    0x80, 0x7d, 0xcc, 0x60, 0xb, 0x93, 0x0, 0xfa,
    0xe, 0xc0, 0x2f, 0xf2, 0x80, 0x78, 0xde, 0xc4,
    0x2, 0x41, 0x0, 0xfb, 0x95, 0x40, 0x1f, 0xfc,
    0x8, 0x3b, 0x0, 0xff, 0xe0, 0x1b, 0xd0, 0x80,
    0x7f, 0xf0, 0x39, 0x50, 0x3, 0xf4, 0xe8, 0x2,
    0xe, 0xc2, 0x3b, 0xf0, 0xc0, 0x3c, 0x6f, 0x42,
    0xee, 0x8b, 0x1d, 0x0, 0xf7, 0x2a, 0x2, 0x53,
    0x25, 0x8, 0x7, 0x49, 0xd8, 0x0, 0xd4, 0x6,
    0x90, 0x3, 0x1b, 0x50, 0x80, 0x62, 0xc3, 0xa0,
    0xd, 0xca, 0x80, 0x18, 0xf0, 0x7c, 0x40, 0x29,
    0x3b, 0x0, 0xc5, 0xa5, 0xc6, 0x40, 0x4, 0x6a,
    0x10, 0xd, 0x22, 0x7b, 0xb1, 0x3, 0xda, 0x0,
    0x77, 0xdd, 0xf1, 0x0,

    /* U+00BE "¾" */
    0x0, 0xff, 0xe2, 0xaf, 0x7f, 0x30, 0x7, 0x8b,
    0xd8, 0x6, 0x92, 0xd6, 0x44, 0x3, 0xb9, 0x18,
    0x7, 0xa9, 0x8, 0x3, 0xce, 0x54, 0x1, 0x8,
    0x7b, 0x50, 0x80, 0x45, 0x16, 0x20, 0x1d, 0xb1,
    0x64, 0x1, 0x72, 0x28, 0x4, 0x28, 0x4, 0xe2,
    0xa0, 0x7, 0x2a, 0x0, 0xcb, 0x6c, 0xe, 0x6,
    0x5, 0x16, 0x20, 0x19, 0x1e, 0x7e, 0x1d, 0x3,
    0x91, 0x40, 0x3d, 0x1f, 0xbf, 0x0, 0xe5, 0x40,
    0x15, 0x48, 0x6, 0x20, 0x1, 0x45, 0x88, 0x2,
    0x15, 0x40, 0x1f, 0x7a, 0xa8, 0x0, 0xce, 0x40,
    0x1f, 0x41, 0xd8, 0x0, 0xe6, 0x4e, 0x1, 0xe3,
    0x7b, 0x10, 0x2d, 0x66, 0x0, 0x7d, 0xca, 0xa0,
    0x2, 0xb, 0x7a, 0x9d, 0x80, 0x50, 0x76, 0x1,
    0x36, 0xec, 0x87, 0x40, 0x3, 0x7b, 0x10, 0xc,
    0x45, 0x8, 0x8,

    /* U+00C0 "À" */
    0x0, 0xe6, 0xd9, 0x0, 0xff, 0xe0, 0x30, 0xb1,
    0x0, 0x7f, 0xf0, 0x34, 0x6c, 0x3, 0xff, 0x80,
    0x3d, 0x20, 0x1f, 0xfc, 0xb, 0xfb, 0x0, 0xff,
    0x85, 0x1, 0x4, 0x3, 0xfc, 0xe1, 0x0, 0xc0,
    0x1f, 0xea, 0x17, 0xa, 0x0, 0xfe, 0x23, 0x40,
    0x52, 0x40, 0xf, 0xd4, 0x1e, 0x1c, 0x1c, 0x1,
    0xf9, 0x81, 0x41, 0x5, 0x44, 0x3, 0xc8, 0x2a,
    0x1, 0x38, 0x38, 0x7, 0xb8, 0x38, 0x2, 0xa0,
    0xb0, 0xf, 0x28, 0x5f, 0xfd, 0x80, 0x46, 0x1,
    0x94, 0xd, 0x9b, 0x90, 0x28, 0x3, 0x70, 0x7c,
    0xcf, 0x50, 0x30, 0x4, 0x28, 0x46, 0x1, 0xc2,
    0x80, 0xc0, 0x6, 0x5, 0x0, 0xfb, 0x82, 0x80,
    0x14, 0x14, 0x1, 0xf2, 0x89, 0x90,

    /* U+00C1 "Á" */
    0x0, 0xf9, 0xb6, 0x0, 0x3f, 0xf8, 0x10, 0x72,
    0x1, 0xff, 0x30, 0xe8, 0x80, 0x7f, 0xcd, 0xe6,
    0x1, 0xff, 0xc0, 0xbf, 0xb0, 0xf, 0xf8, 0x50,
    0x10, 0x40, 0x3f, 0xce, 0x10, 0xc, 0x1, 0xfe,
    0xa1, 0x70, 0xa0, 0xf, 0xe2, 0x34, 0x5, 0x24,
    0x0, 0xfd, 0x41, 0xe1, 0xc1, 0xc0, 0x1f, 0x98,
    0x14, 0x10, 0x54, 0x40, 0x3c, 0x82, 0xa0, 0x13,
    0x83, 0x80, 0x7b, 0x83, 0x80, 0x2a, 0xb, 0x0,
    0xf2, 0x85, 0xff, 0xd8, 0x4, 0x60, 0x19, 0x40,
    0xd9, 0xb9, 0x2, 0x80, 0x37, 0x7, 0xcc, 0xf5,
    0x3, 0x0, 0x42, 0x84, 0x60, 0x1c, 0x28, 0xc,
    0x0, 0x60, 0x50, 0xf, 0xb8, 0x28, 0x1, 0x41,
    0x40, 0x1f, 0x28, 0x99, 0x0,

    /* U+00C2 "Â" */
    0x0, 0xf1, 0xc3, 0x0, 0x7f, 0xc5, 0x8b, 0x2e,
    0x1, 0xfc, 0x38, 0x38, 0xd0, 0xa0, 0x1f, 0x87,
    0xb8, 0x33, 0xea, 0x1, 0xfe, 0xbf, 0xb0, 0xf,
    0xf8, 0x50, 0x10, 0x40, 0x3f, 0xce, 0x10, 0xc,
    0x1, 0xfe, 0xa1, 0x70, 0xa0, 0xf, 0xe2, 0x34,
    0x5, 0x24, 0x0, 0xfd, 0x41, 0xe1, 0xc1, 0xc0,
    0x1f, 0x98, 0x14, 0x10, 0x54, 0x40, 0x3c, 0x82,
    0xa0, 0x13, 0x83, 0x80, 0x7b, 0x83, 0x80, 0x2a,
    0xb, 0x0, 0xf2, 0x85, 0xff, 0xd8, 0x4, 0x60,
    0x19, 0x40, 0xd9, 0xb9, 0x2, 0x80, 0x37, 0x7,
    0xcc, 0xf5, 0x3, 0x0, 0x42, 0x84, 0x60, 0x1c,
    0x28, 0xc, 0x0, 0x60, 0x50, 0xf, 0xb8, 0x28,
    0x1, 0x41, 0x40, 0x1f, 0x28, 0x99, 0x0,

    /* U+00C3 "Ã" */
    0x0, 0xff, 0x8, 0x7, 0xe1, 0xdf, 0xb3, 0x8c,
    0x0, 0xfd, 0x21, 0x41, 0x8f, 0x60, 0x1f, 0xab,
    0xd6, 0xf7, 0x4c, 0x1, 0xf8, 0x89, 0x7f, 0x24,
    0x1, 0xfe, 0x14, 0x4, 0x10, 0xf, 0xf3, 0x84,
    0x3, 0x0, 0x7f, 0xa8, 0x5c, 0x28, 0x3, 0xf8,
    0x8d, 0x1, 0x49, 0x0, 0x3f, 0x50, 0x78, 0x70,
    0x70, 0x7, 0xe6, 0x5, 0x4, 0x15, 0x10, 0xf,
    0x20, 0xa8, 0x4, 0xe0, 0xe0, 0x1e, 0xe0, 0xe0,
    0xa, 0x82, 0xc0, 0x3c, 0xa1, 0x7f, 0xf6, 0x1,
    0x18, 0x6, 0x50, 0x36, 0x6e, 0x40, 0xa0, 0xd,
    0xc1, 0xf3, 0x3d, 0x40, 0xc0, 0x10, 0xa1, 0x18,
    0x7, 0xa, 0x3, 0x0, 0x18, 0x14, 0x3, 0xee,
    0xa, 0x0, 0x50, 0x50, 0x7, 0xca, 0x26, 0x40,

    /* U+00C4 "Ä" */
    0x0, 0xe1, 0x0, 0x84, 0x3, 0xf8, 0x7b, 0x1,
    0xf9, 0x40, 0x3f, 0xf9, 0x63, 0xf8, 0xf, 0xea,
    0x1, 0xfe, 0xbf, 0xb0, 0xf, 0xf8, 0x50, 0x10,
    0x40, 0x3f, 0xce, 0x10, 0xc, 0x1, 0xfe, 0xa1,
    0x70, 0xa0, 0xf, 0xe2, 0x34, 0x5, 0x24, 0x0,
    0xfd, 0x41, 0xe1, 0xc1, 0xc0, 0x1f, 0x98, 0x14,
    0x10, 0x54, 0x40, 0x3c, 0x82, 0xa0, 0x13, 0x83,
    0x80, 0x7b, 0x83, 0x80, 0x2a, 0xb, 0x0, 0xf2,
    0x85, 0xff, 0xd8, 0x4, 0x60, 0x19, 0x40, 0xd9,
    0xb9, 0x2, 0x80, 0x37, 0x7, 0xcc, 0xf5, 0x3,
    0x0, 0x42, 0x84, 0x60, 0x1c, 0x28, 0xc, 0x0,
    0x60, 0x50, 0xf, 0xb8, 0x28, 0x1, 0x41, 0x40,
    0x1f, 0x28, 0x99, 0x0,

    /* U+00C5 "Å" */
    0x0, 0xf2, 0xe4, 0x80, 0x7f, 0xf0, 0x3b, 0x39,
    0x40, 0x3f, 0xf9, 0xdd, 0x7c, 0xa0, 0x1f, 0xf7,
    0x21, 0x0, 0x7f, 0xc2, 0x80, 0x82, 0x1, 0xfe,
    0x70, 0x80, 0x60, 0xf, 0xf5, 0xb, 0x85, 0x0,
    0x7f, 0x11, 0xa0, 0x29, 0x20, 0x7, 0xea, 0xf,
    0xe, 0xe, 0x0, 0xfc, 0xc0, 0xa0, 0x82, 0xa2,
    0x1, 0xe4, 0x15, 0x0, 0x9c, 0x1c, 0x3, 0xdc,
    0x1c, 0x1, 0x50, 0x58, 0x7, 0x94, 0x2f, 0xfe,
    0xc0, 0x23, 0x0, 0xca, 0x6, 0xcd, 0xc8, 0x14,
    0x1, 0xb8, 0x3e, 0x67, 0xa8, 0x18, 0x2, 0x14,
    0x23, 0x0, 0xe1, 0x40, 0x60, 0x3, 0x2, 0x80,
    0x7d, 0xc1, 0x40, 0xa, 0xa, 0x0, 0xf9, 0x44,
    0xc8,

    /* U+00C6 "Æ" */
    0x0, 0xf2, 0xff, 0xff, 0xd4, 0x1, 0xe9, 0x3,
    0x20, 0x23, 0x3f, 0x68, 0x7, 0x19, 0xd9, 0x41,
    0x59, 0x9e, 0x70, 0xe, 0x80, 0x90, 0xf, 0xfe,
    0x19, 0x21, 0x28, 0x7, 0xff, 0xe, 0x2, 0xc0,
    0x3f, 0xf8, 0x62, 0xa2, 0xc0, 0x1a, 0xae, 0xfc,
    0x20, 0x14, 0x83, 0x0, 0x71, 0x22, 0x78, 0xc0,
    0x27, 0x9, 0x0, 0xe8, 0xff, 0xf1, 0x0, 0x1c,
    0x1, 0xdf, 0xf4, 0x0, 0x7f, 0xd2, 0x6, 0x7c,
    0x40, 0x1f, 0xe6, 0x15, 0xcc, 0xea, 0x0, 0xff,
    0x58, 0x48, 0x7, 0xff, 0xd, 0x48, 0xcc, 0x1,
    0xf5, 0x66, 0x7a, 0xa4, 0x20, 0x3, 0xf1, 0x19,
    0xf9, 0x0,

    /* U+00C7 "Ç" */
    0x0, 0x8e, 0xb7, 0xfd, 0x8c, 0x1, 0xd1, 0x8a,
    0x8, 0x66, 0x9b, 0x0, 0xa1, 0xcb, 0x36, 0xf3,
    0x4d, 0x24, 0x9, 0xc7, 0xc, 0x2, 0x2d, 0x16,
    0x2a, 0x6, 0x10, 0xe, 0x18, 0x70, 0x40, 0xb0,
    0xf, 0x9a, 0x8, 0x80, 0x60, 0x1f, 0xe1, 0x0,
    0xff, 0xe0, 0x8, 0x7, 0xff, 0x0, 0x80, 0x80,
    0x3e, 0x12, 0x4, 0x5, 0x0, 0xfa, 0x76, 0x28,
    0x24, 0x40, 0x38, 0x58, 0x2c, 0x98, 0x74, 0x80,
    0x22, 0xd1, 0x43, 0x9, 0x53, 0xdc, 0xac, 0xd3,
    0x35, 0x0, 0x55, 0x44, 0x35, 0x32, 0x8c, 0x10,
    0xc, 0xb6, 0xc1, 0x9a, 0xe0, 0x1f, 0xb1, 0x31,
    0x0, 0x3f, 0x18, 0x90, 0x10, 0x7, 0xed, 0xb7,
    0x73, 0x0, 0x60,

    /* U+00C8 "È" */
    0x0, 0x93, 0x6c, 0x3, 0xf9, 0x13, 0x0, 0x7f,
    0x49, 0x78, 0x7, 0xfb, 0x6c, 0x3, 0x9b, 0xff,
    0xfc, 0x1, 0x9, 0x9f, 0xc8, 0x1, 0x4e, 0x67,
    0xd6, 0x1, 0xff, 0xdb, 0x9c, 0xcf, 0x90, 0x2,
    0x13, 0x3f, 0x88, 0x2, 0x8f, 0xff, 0x98, 0x3,
    0xff, 0xcf, 0x39, 0x9f, 0x8c, 0x0, 0x26, 0x7f,
    0x9c,

    /* U+00C9 "É" */
    0x0, 0xe4, 0xdb, 0x0, 0xfe, 0xf2, 0x80, 0xf,
    0xc6, 0x92, 0x60, 0x1f, 0x8f, 0xd8, 0x3, 0x9b,
    0xff, 0xfc, 0x1, 0x9, 0x9f, 0xc8, 0x1, 0x4e,
    0x67, 0xd6, 0x1, 0xff, 0xdb, 0x9c, 0xcf, 0x90,
    0x2, 0x13, 0x3f, 0x88, 0x2, 0x8f, 0xff, 0x98,
    0x3, 0xff, 0xcf, 0x39, 0x9f, 0x8c, 0x0, 0x26,
    0x7f, 0x9c,

    /* U+00CA "Ê" */
    0x0, 0xc5, 0xe, 0x1, 0xf8, 0x71, 0x62, 0x40,
    0x3e, 0xd1, 0xf9, 0x67, 0x0, 0xf6, 0x79, 0x37,
    0xb8, 0x4, 0xdf, 0xff, 0xe0, 0x8, 0x4c, 0xfe,
    0x40, 0xa, 0x73, 0x3e, 0xb0, 0xf, 0xfe, 0xdc,
    0xe6, 0x7c, 0x80, 0x10, 0x99, 0xfc, 0x40, 0x14,
    0x7f, 0xfc, 0xc0, 0x1f, 0xfe, 0x79, 0xcc, 0xfc,
    0x60, 0x1, 0x33, 0xfc, 0xe0,

    /* U+00CB "Ë" */
    0x0, 0x84, 0x40, 0x1, 0x0, 0xfb, 0x38, 0xf,
    0xa4, 0x3, 0xff, 0x8d, 0xbe, 0x7, 0xf2, 0x1,
    0x37, 0xff, 0xf8, 0x2, 0x13, 0x3f, 0x90, 0x2,
    0x9c, 0xcf, 0xac, 0x3, 0xff, 0xb7, 0x39, 0x9f,
    0x20, 0x4, 0x26, 0x7f, 0x10, 0x5, 0x1f, 0xff,
    0x30, 0x7, 0xff, 0x9e, 0x73, 0x3f, 0x18, 0x0,
    0x4c, 0xff, 0x38,

    /* U+00CC "Ì" */
    0x5d, 0xa0, 0x57, 0x53, 0xb, 0x29, 0x1, 0xda,
    0x2, 0xfb, 0x0, 0xff, 0xf6, 0x0,

    /* U+00CD "Í" */
    0x3, 0xdc, 0x0, 0x49, 0x40, 0xa, 0xc2, 0x0,
    0xfb, 0x80, 0xb, 0xec, 0x3, 0xff, 0xf8,

    /* U+00CE "Î" */
    0x0, 0x1c, 0x38, 0x4, 0x3a, 0xb1, 0x0, 0x6,
    0x7, 0xc3, 0xb0, 0x6f, 0x13, 0xfb, 0x0, 0xb,
    0xec, 0x3, 0xff, 0xfe, 0x1, 0xff, 0xcd,

    /* U+00CF "Ï" */
    0x11, 0x0, 0x4, 0x3b, 0xc1, 0x79, 0xc0, 0x3d,
    0xfc, 0xb, 0xee, 0x5, 0xf6, 0x1, 0xff, 0xff,
    0x0, 0xff, 0x80,

    /* U+00D0 "Ð" */
    0x6, 0xff, 0xf7, 0x51, 0x80, 0x78, 0x4c, 0xe2,
    0x15, 0xc6, 0x0, 0xe6, 0xcc, 0xb7, 0xe4, 0x24,
    0x80, 0x3f, 0xcd, 0x1, 0x20, 0x1f, 0xf3, 0x8a,
    0x8, 0x7, 0xfc, 0xa0, 0xa0, 0x1f, 0xf1, 0x1,
    0x7c, 0x83, 0xff, 0xcc, 0x1, 0x8, 0x0, 0xc8,
    0x4, 0xce, 0x20, 0x8, 0x40, 0x19, 0x60, 0xd9,
    0x92, 0x0, 0x44, 0xa, 0x1, 0xff, 0x20, 0x18,
    0x7, 0xf9, 0xc1, 0x40, 0x3f, 0xcd, 0x1, 0x0,
    0x19, 0xb3, 0x2d, 0xf9, 0xa, 0x20, 0xc, 0x26,
    0x71, 0x11, 0x75, 0x40, 0x0,

    /* U+00D1 "Ñ" */
    0x0, 0xff, 0xe1, 0x9f, 0x7c, 0x95, 0xc8, 0x7,
    0x42, 0xd2, 0x6a, 0x50, 0x7, 0x45, 0x2e, 0xe7,
    0x18, 0x1, 0xbf, 0x4c, 0x40, 0x6, 0x21, 0xfa,
    0x0, 0x27, 0x0, 0xff, 0xa0, 0x80, 0x3f, 0x8c,
    0x24, 0x3, 0xfa, 0x8d, 0x14, 0x3, 0xfb, 0x82,
    0xc4, 0x3, 0xf1, 0x40, 0xd8, 0x7, 0xf3, 0x92,
    0xa0, 0x7, 0xf7, 0x4, 0x80, 0x7f, 0x1b, 0x14,
    0x0, 0x7f, 0x48, 0xb9, 0x80, 0x7f, 0x58, 0x78,
    0x7, 0xf2, 0xa8, 0xc0, 0x3f, 0xd6, 0x1, 0xff,
    0xc, 0x80, 0x0,

    /* U+00D2 "Ò" */
    0x0, 0xe2, 0xff, 0x8, 0x7, 0xfc, 0x52, 0xc,
    0x1, 0xff, 0xc0, 0x66, 0x60, 0x7, 0xff, 0x6,
    0x6c, 0x3, 0xfc, 0x73, 0xbf, 0xd8, 0xe0, 0x1f,
    0x46, 0x30, 0x21, 0x1c, 0x71, 0x0, 0x67, 0x70,
    0xde, 0xde, 0x7b, 0x8e, 0x8, 0x0, 0xa0, 0x7d,
    0x0, 0x34, 0x38, 0xd0, 0x2, 0xc2, 0x44, 0x3,
    0xd0, 0x28, 0x40, 0x80, 0xa0, 0x1f, 0x9c, 0x10,
    0x8, 0x8, 0x3, 0xf7, 0x87, 0x0, 0x4, 0x3,
    0xf8, 0xc0, 0x40, 0x2, 0x1, 0xfc, 0x60, 0x11,
    0x0, 0x80, 0x7e, 0xf0, 0xf0, 0x40, 0x60, 0xf,
    0xce, 0x8, 0x16, 0x10, 0x40, 0x1e, 0x71, 0x42,
    0x2, 0x80, 0xc4, 0x0, 0xd1, 0x1, 0x90, 0x9,
    0xe0, 0x6f, 0x6f, 0x3d, 0xc7, 0x48, 0x3, 0x3e,
    0x30, 0x21, 0x9a, 0x38, 0xc0, 0x0,

    /* U+00D3 "Ó" */
    0x0, 0xf9, 0x3f, 0x40, 0x3f, 0xf8, 0x1e, 0x1e,
    0x1, 0xff, 0xb, 0x51, 0x0, 0x7f, 0xc3, 0xaa,
    0x1, 0xfe, 0x39, 0xdf, 0xec, 0x70, 0xf, 0xa3,
    0x18, 0x10, 0x8e, 0x38, 0x80, 0x33, 0xb8, 0x6f,
    0x6f, 0x3d, 0xc7, 0x4, 0x0, 0x50, 0x3e, 0x80,
    0x1a, 0x1c, 0x68, 0x1, 0x61, 0x22, 0x1, 0xe8,
    0x14, 0x20, 0x40, 0x50, 0xf, 0xce, 0x8, 0x4,
    0x4, 0x1, 0xfb, 0xc3, 0x80, 0x2, 0x1, 0xfc,
    0x60, 0x20, 0x1, 0x0, 0xfe, 0x30, 0x8, 0x80,
    0x40, 0x3f, 0x78, 0x78, 0x20, 0x30, 0x7, 0xe7,
    0x4, 0xb, 0x8, 0x20, 0xf, 0x38, 0xa1, 0x1,
    0x40, 0x62, 0x0, 0x68, 0x80, 0xc8, 0x4, 0xf0,
    0x37, 0xb7, 0x9e, 0xe3, 0xa4, 0x1, 0x9f, 0x18,
    0x10, 0xcd, 0x1c, 0x60, 0x0,

    /* U+00D4 "Ô" */
    0x0, 0xf4, 0x7f, 0x8, 0x7, 0xf9, 0x1d, 0x43,
    0x40, 0x3f, 0x86, 0x86, 0xe0, 0xe0, 0x3, 0xf0,
    0xf7, 0x5, 0xbe, 0x0, 0x3f, 0x1c, 0xef, 0xf6,
    0x38, 0x7, 0xd1, 0x8c, 0x8, 0x47, 0x1c, 0x40,
    0x19, 0xdc, 0x37, 0xb7, 0x9e, 0xe3, 0x82, 0x0,
    0x28, 0x1f, 0x40, 0xd, 0xe, 0x34, 0x0, 0xb0,
    0x91, 0x0, 0xf4, 0xa, 0x10, 0x20, 0x28, 0x7,
    0xe7, 0x4, 0x2, 0x2, 0x0, 0xfd, 0xe1, 0xc0,
    0x1, 0x0, 0xfe, 0x30, 0x10, 0x0, 0x80, 0x7f,
    0x18, 0x4, 0x40, 0x20, 0x1f, 0xbc, 0x3c, 0x10,
    0x18, 0x3, 0xf3, 0x82, 0x5, 0x84, 0x10, 0x7,
    0x9c, 0x50, 0x80, 0xa0, 0x31, 0x0, 0x34, 0x40,
    0x64, 0x2, 0x78, 0x1b, 0xdb, 0xcf, 0x71, 0xd2,
    0x0, 0xcf, 0x8c, 0x8, 0x66, 0x8e, 0x30, 0x0,

    /* U+00D5 "Õ" */
    0x0, 0xff, 0x8, 0x7, 0xf5, 0xfe, 0x23, 0x70,
    0x7, 0xe5, 0x55, 0x35, 0xcb, 0x80, 0x7e, 0x4d,
    0x5a, 0xdd, 0x40, 0x7, 0xe1, 0x30, 0x1, 0x10,
    0x3, 0xf8, 0xe7, 0x7f, 0xb1, 0xc0, 0x3e, 0x8c,
    0x60, 0x42, 0x38, 0xe2, 0x0, 0xce, 0xe1, 0xbd,
    0xbc, 0xf7, 0x1c, 0x10, 0x1, 0x40, 0xfa, 0x0,
    0x68, 0x71, 0xa0, 0x5, 0x84, 0x88, 0x7, 0xa0,
    0x50, 0x81, 0x1, 0x40, 0x3f, 0x38, 0x20, 0x10,
    0x10, 0x7, 0xef, 0xe, 0x0, 0x8, 0x7, 0xf1,
    0x80, 0x80, 0x4, 0x3, 0xf8, 0xc0, 0x22, 0x1,
    0x0, 0xfd, 0xe1, 0xe0, 0x80, 0xc0, 0x1f, 0x9c,
    0x10, 0x2c, 0x20, 0x80, 0x3c, 0xe2, 0x84, 0x5,
    0x1, 0x88, 0x1, 0xa2, 0x3, 0x20, 0x13, 0xc0,
    0xde, 0xde, 0x7b, 0x8e, 0x90, 0x6, 0x7c, 0x60,
    0x43, 0x34, 0x71, 0x80, 0x0,

    /* U+00D6 "Ö" */
    0x0, 0xef, 0xe0, 0x5f, 0x70, 0xf, 0xfe, 0x67,
    0x78, 0x2f, 0x38, 0x7, 0xf0, 0x88, 0x0, 0x20,
    0x1f, 0xc7, 0x3b, 0xfd, 0x8e, 0x1, 0xf4, 0x63,
    0x2, 0x11, 0xc7, 0x10, 0x6, 0x77, 0xd, 0xed,
    0xe7, 0xb8, 0xe0, 0x80, 0xa, 0x7, 0xd0, 0x3,
    0x43, 0x8d, 0x0, 0x2c, 0x24, 0x40, 0x3d, 0x2,
    0x84, 0x8, 0xa, 0x1, 0xf9, 0xc1, 0x0, 0x80,
    0x80, 0x3f, 0x78, 0x70, 0x0, 0x40, 0x3f, 0x8c,
    0x4, 0x0, 0x20, 0x1f, 0xc6, 0x1, 0x10, 0x8,
    0x7, 0xef, 0xf, 0x4, 0x6, 0x0, 0xfc, 0xe0,
    0x81, 0x61, 0x4, 0x1, 0xe7, 0x14, 0x20, 0x28,
    0xc, 0x40, 0xd, 0x10, 0x19, 0x0, 0x9e, 0x6,
    0xf6, 0xf3, 0xdc, 0x74, 0x80, 0x33, 0xe3, 0x2,
    0x19, 0xa3, 0x8c, 0x0,

    /* U+00D7 "×" */
    0x6, 0x20, 0xc, 0xa6, 0x5, 0x38, 0x20, 0x4,
    0xae, 0x2, 0x91, 0xc1, 0x4b, 0x1f, 0x0, 0x34,
    0x16, 0x58, 0x69, 0x0, 0x4e, 0xc4, 0x16, 0x60,
    0x18, 0xd8, 0x1, 0x0, 0x18, 0xf4, 0x2d, 0xcf,
    0x0, 0x5, 0xa3, 0x69, 0xc, 0x76, 0x4, 0xb4,
    0x80, 0x9, 0x6c, 0x0, 0x5a, 0x80, 0x69, 0x70,

    /* U+00D8 "Ø" */
    0x0, 0xff, 0xe0, 0x88, 0x7, 0x1c, 0xef, 0xfb,
    0x18, 0x1, 0xb2, 0x1, 0x46, 0x30, 0x21, 0x9a,
    0x76, 0xca, 0x0, 0xe, 0xe1, 0xbd, 0xbc, 0xf7,
    0x24, 0xa1, 0x2, 0x81, 0xc4, 0x0, 0xde, 0x0,
    0xf0, 0x5, 0x84, 0x90, 0x6, 0x58, 0x91, 0x42,
    0x4, 0x5, 0x0, 0xc9, 0x50, 0xce, 0x8, 0x4,
    0x4, 0x1, 0x15, 0xb3, 0x87, 0x7, 0x80, 0x4,
    0x2, 0x1c, 0x49, 0x0, 0x10, 0x6, 0x10, 0xb,
    0xa, 0xc0, 0x23, 0x0, 0x88, 0x8, 0x2c, 0x34,
    0x3, 0x78, 0x78, 0x28, 0x55, 0x17, 0xc4, 0x3,
    0x38, 0x20, 0x48, 0x3a, 0xe9, 0x0, 0x67, 0x14,
    0x20, 0x15, 0x1, 0x70, 0xd, 0x10, 0x19, 0x0,
    0x2a, 0xc3, 0x7b, 0x79, 0xee, 0x3a, 0x40, 0xb,
    0x7a, 0xd6, 0x4, 0x33, 0x47, 0x18, 0x5, 0xf0,
    0x5, 0x3b, 0xfe, 0xc7, 0x0, 0xc0,

    /* U+00D9 "Ù" */
    0x0, 0xdb, 0xe8, 0x1, 0xfd, 0xe1, 0xe0, 0x1f,
    0xc5, 0x4c, 0x40, 0x1f, 0xcb, 0xa4, 0x1, 0x9b,
    0xdc, 0x3, 0xc3, 0xfa, 0x1, 0xff, 0xff, 0x0,
    0xff, 0xe4, 0x98, 0x78, 0x7, 0xe1, 0x10, 0x8,
    0x7, 0x88, 0x1d, 0x41, 0xc0, 0x3d, 0x60, 0x62,
    0x83, 0x42, 0x1, 0x2b, 0x85, 0x5, 0xa, 0xf6,
    0xe7, 0x50, 0x49, 0x0, 0xfb, 0x91, 0xc, 0x17,
    0x18, 0x0,

    /* U+00DA "Ú" */
    0x0, 0xf6, 0x7a, 0x80, 0x7e, 0x43, 0x65, 0x0,
    0xfd, 0xa9, 0x20, 0x1f, 0xd3, 0x60, 0x1c, 0xde,
    0xe0, 0x1e, 0x1f, 0xd0, 0xf, 0xff, 0xf8, 0x7,
    0xff, 0x24, 0xc3, 0xc0, 0x3f, 0x8, 0x80, 0x40,
    0x3c, 0x40, 0xea, 0xe, 0x1, 0xeb, 0x3, 0x14,
    0x1a, 0x10, 0x9, 0x5c, 0x28, 0x28, 0x57, 0xb7,
    0x3a, 0x82, 0x48, 0x7, 0xdc, 0x88, 0x60, 0xb8,
    0xc0,

    /* U+00DB "Û" */
    0x0, 0xc5, 0xfe, 0x70, 0xf, 0xdc, 0xb, 0x6,
    0x1, 0xe7, 0x38, 0xa1, 0xd1, 0x0, 0xe7, 0xf7,
    0xe, 0xe0, 0x80, 0x1b, 0xdc, 0x3, 0xc3, 0xfa,
    0x1, 0xff, 0xff, 0x0, 0xff, 0xe4, 0x98, 0x78,
    0x7, 0xe1, 0x10, 0x8, 0x7, 0x88, 0x1d, 0x41,
    0xc0, 0x3d, 0x60, 0x62, 0x83, 0x42, 0x1, 0x2b,
    0x85, 0x5, 0xa, 0xf6, 0xe7, 0x50, 0x49, 0x0,
    0xfb, 0x91, 0xc, 0x17, 0x18, 0x0,

    /* U+00DC "Ü" */
    0x0, 0x9f, 0xd4, 0x37, 0xc0, 0x3f, 0xf8, 0xcf,
    0xca, 0x19, 0xc0, 0x1f, 0x8, 0x0, 0x44, 0x1,
    0x37, 0xb8, 0x7, 0x87, 0xf4, 0x3, 0xff, 0xfe,
    0x1, 0xff, 0xc9, 0x30, 0xf0, 0xf, 0xc2, 0x20,
    0x10, 0xf, 0x10, 0x3a, 0x83, 0x80, 0x7a, 0xc0,
    0xc5, 0x6, 0x84, 0x2, 0x57, 0xa, 0xa, 0x15,
    0xed, 0xce, 0xa0, 0x92, 0x1, 0xf7, 0x22, 0x18,
    0x2e, 0x30, 0x0,

    /* U+00DD "Ý" */
    0x0, 0xf2, 0x6d, 0x80, 0x7f, 0xde, 0x50, 0x1,
    0xfe, 0x34, 0x93, 0x0, 0xff, 0x1f, 0xb0, 0x7,
    0xa7, 0xec, 0x3, 0xe4, 0xfd, 0x9, 0x14, 0x50,
    0xf, 0x50, 0x70, 0x2, 0xc2, 0xc0, 0x3a, 0x5,
    0x8c, 0x0, 0xaa, 0x19, 0x0, 0x8d, 0xca, 0x40,
    0x35, 0x8b, 0x18, 0x3, 0xc2, 0x40, 0x38, 0x60,
    0x3c, 0x18, 0xd9, 0x0, 0x3c, 0xc6, 0x67, 0x81,
    0x90, 0xf, 0xdc, 0x10, 0x34, 0x1, 0xfc, 0x4e,
    0xa, 0x80, 0x1f, 0xee, 0x2, 0x0, 0xff, 0xff,
    0x80,

    /* U+00DE "Þ" */
    0x7f, 0x70, 0xf, 0xfe, 0xbd, 0x66, 0x57, 0x50,
    0x40, 0x18, 0x8c, 0xe4, 0x57, 0xd5, 0x0, 0xa3,
    0xff, 0x73, 0x85, 0x0, 0x7e, 0x18, 0x40, 0x50,
    0xf, 0xe3, 0x2, 0x0, 0xfe, 0x20, 0x20, 0xf,
    0xcc, 0xa0, 0x80, 0xa, 0xcc, 0xdd, 0x21, 0x22,
    0x0, 0x23, 0x3c, 0x9, 0x6c, 0x1, 0x47, 0xfe,
    0xeb, 0x40, 0xf, 0xfe, 0x70,

    /* U+00DF "ß" */
    0x0, 0x3e, 0xfe, 0xc0, 0x7, 0x5c, 0xb, 0xb3,
    0xd8, 0x4, 0x68, 0x8c, 0x8b, 0x54, 0x20, 0x2,
    0x7, 0x0, 0x46, 0x6, 0x0, 0xf0, 0x60, 0x9,
    0xcc, 0x40, 0x2, 0x1, 0xa0, 0x60, 0x3, 0xf3,
    0x12, 0x0, 0x7e, 0x13, 0x10, 0xf, 0xd2, 0x3e,
    0x80, 0x1f, 0x35, 0xd, 0xb8, 0x7, 0xcb, 0xa5,
    0x8, 0x1, 0xf1, 0x40, 0x60, 0x4, 0x9c, 0xa0,
    0x2, 0xe, 0x0, 0x94, 0x2a, 0x6a, 0x5, 0x80,
    0x21, 0xc5, 0x74, 0x5f, 0x0,

    /* U+00E0 "à" */
    0x0, 0xa7, 0xe4, 0x3, 0xf4, 0x9b, 0x8, 0x7,
    0xed, 0x27, 0x0, 0xfc, 0x3a, 0xc0, 0x1e, 0x29,
    0xdf, 0xec, 0x50, 0x8, 0xb5, 0x91, 0xdc, 0x74,
    0xa0, 0x8, 0xc, 0x98, 0x9b, 0xf, 0x0, 0x74,
    0x98, 0x4, 0x80, 0x20, 0x4, 0x61, 0x46, 0x9c,
    0x0, 0xc3, 0x7d, 0x72, 0xea, 0xe, 0x0, 0xd4,
    0x6b, 0xee, 0x48, 0x4, 0x46, 0x92, 0x82, 0x6,
    0x1, 0xce, 0x1, 0xa0, 0x2, 0x23, 0x35, 0xbc,
    0x73, 0x8, 0x80, 0x1a, 0xcb, 0xb, 0x3a, 0x84,
    0x20,

    /* U+00E1 "á" */
    0x0, 0xe7, 0xfb, 0x0, 0xfd, 0x23, 0x40, 0x1f,
    0x21, 0xe8, 0x80, 0x7c, 0x9a, 0x60, 0x1e, 0x29,
    0xdf, 0xec, 0x50, 0x8, 0xb5, 0x91, 0xdc, 0x74,
    0xa0, 0x8, 0xc, 0x98, 0x9b, 0xf, 0x0, 0x74,
    0x98, 0x4, 0x80, 0x20, 0x4, 0x61, 0x46, 0x9c,
    0x0, 0xc3, 0x7d, 0x72, 0xea, 0xe, 0x0, 0xd4,
    0x6b, 0xee, 0x48, 0x4, 0x46, 0x92, 0x82, 0x6,
    0x1, 0xce, 0x1, 0xa0, 0x2, 0x23, 0x35, 0xbc,
    0x73, 0x8, 0x80, 0x1a, 0xcb, 0xb, 0x3a, 0x84,
    0x20,

    /* U+00E2 "â" */
    0x0, 0xd9, 0xf8, 0x1, 0xf4, 0x1c, 0x1d, 0x0,
    0x71, 0x23, 0xba, 0x19, 0x0, 0x31, 0x64, 0x3,
    0xe2, 0x0, 0x62, 0x9d, 0xfe, 0xc5, 0x0, 0x8b,
    0x59, 0x1d, 0xc7, 0x4a, 0x0, 0x80, 0xc9, 0x89,
    0xb0, 0xf0, 0x7, 0x49, 0x80, 0x48, 0x2, 0x0,
    0x46, 0x14, 0x69, 0xc0, 0xc, 0x37, 0xd7, 0x2e,
    0xa0, 0xe0, 0xd, 0x46, 0xbe, 0xe4, 0x80, 0x44,
    0x69, 0x28, 0x20, 0x60, 0x1c, 0xe0, 0x1a, 0x0,
    0x22, 0x33, 0x5b, 0xc7, 0x30, 0x88, 0x1, 0xac,
    0xb0, 0xb3, 0xa8, 0x42,

    /* U+00E3 "ã" */
    0x0, 0xe, 0x7c, 0x94, 0xe0, 0x6, 0x81, 0x95,
    0xd6, 0x90, 0xd, 0x7e, 0xd9, 0x8d, 0x50, 0xc,
    0x44, 0x0, 0x19, 0x0, 0x71, 0x4e, 0xff, 0x62,
    0x80, 0x45, 0xac, 0x8e, 0xe3, 0xa5, 0x0, 0x40,
    0x64, 0xc4, 0xd8, 0x78, 0x3, 0xa4, 0xc0, 0x24,
    0x1, 0x0, 0x23, 0xa, 0x34, 0xe0, 0x6, 0x1b,
    0xeb, 0x97, 0x50, 0x70, 0x6, 0xa3, 0x5f, 0x72,
    0x40, 0x22, 0x34, 0x94, 0x10, 0x30, 0xe, 0x70,
    0xd, 0x0, 0x11, 0x19, 0xad, 0xe3, 0x98, 0x44,
    0x0, 0xd6, 0x58, 0x59, 0xd4, 0x21,

    /* U+00E4 "ä" */
    0x0, 0x17, 0xd0, 0x47, 0xa0, 0x7, 0xff, 0xc,
    0xba, 0x82, 0x39, 0x0, 0x38, 0x40, 0x21, 0x0,
    0xe2, 0x9d, 0xfe, 0xc5, 0x0, 0x8b, 0x59, 0x1d,
    0xc7, 0x4a, 0x0, 0x80, 0xc9, 0x89, 0xb0, 0xf0,
    0x7, 0x49, 0x80, 0x48, 0x2, 0x0, 0x46, 0x14,
    0x69, 0xc0, 0xc, 0x37, 0xd7, 0x2e, 0xa0, 0xe0,
    0xd, 0x46, 0xbe, 0xe4, 0x80, 0x44, 0x69, 0x28,
    0x20, 0x60, 0x1c, 0xe0, 0x1a, 0x0, 0x22, 0x33,
    0x5b, 0xc7, 0x30, 0x88, 0x1, 0xac, 0xb0, 0xb3,
    0xa8, 0x42,

    /* U+00E5 "å" */
    0x0, 0xcd, 0x70, 0x1, 0xf0, 0xe5, 0x89, 0x80,
    0x7f, 0xf1, 0x47, 0x2c, 0x4c, 0x3, 0xe6, 0xb8,
    0x0, 0xf1, 0x4e, 0xff, 0x62, 0x80, 0x45, 0xac,
    0x8e, 0xe3, 0xa5, 0x0, 0x40, 0x64, 0xc4, 0xd8,
    0x78, 0x3, 0xa4, 0xc0, 0x24, 0x1, 0x0, 0x23,
    0xa, 0x34, 0xe0, 0x6, 0x1b, 0xeb, 0x97, 0x50,
    0x70, 0x6, 0xa3, 0x5f, 0x72, 0x40, 0x22, 0x34,
    0x94, 0x10, 0x30, 0xe, 0x70, 0xd, 0x0, 0x11,
    0x19, 0xad, 0xe3, 0x98, 0x44, 0x0, 0xd6, 0x58,
    0x59, 0xd4, 0x21,

    /* U+00E6 "æ" */
    0x0, 0x15, 0x77, 0xf5, 0x98, 0xcf, 0x7e, 0xb8,
    0x4, 0x7a, 0x8e, 0xe4, 0x46, 0x61, 0x91, 0xda,
    0x2c, 0x1, 0x1, 0x93, 0x15, 0x0, 0x57, 0x51,
    0x6e, 0x8a, 0x1d, 0x44, 0x1, 0x18, 0x22, 0x0,
    0x28, 0xe, 0x5, 0x50, 0x1b, 0x4c, 0x81, 0xe2,
    0x38, 0x54, 0x6, 0xbf, 0x25, 0xd8, 0xd, 0xdf,
    0x84, 0x41, 0x8a, 0xf9, 0xfd, 0xe0, 0xff, 0xff,
    0x19, 0x2c, 0x18, 0x0, 0x80, 0x80, 0x3a, 0x5c,
    0x0, 0xc0, 0x10, 0xd8, 0x29, 0x80, 0x4e, 0xde,
    0x67, 0x64, 0x57, 0x5, 0x8e, 0x5c, 0x5c, 0x14,
    0x86, 0xa9, 0x3b, 0xa3, 0x53, 0xd9, 0x5d, 0x9f,
    0x4,

    /* U+00E7 "ç" */
    0x0, 0xc, 0x77, 0xec, 0x0, 0x6c, 0x75, 0x76,
    0x7c, 0x0, 0x41, 0x45, 0xc5, 0xb1, 0xa8, 0x30,
    0xb8, 0x5, 0x6a, 0x23, 0x28, 0x6, 0x2a, 0x42,
    0x2, 0x0, 0xf8, 0x40, 0xc0, 0x3e, 0x20, 0x60,
    0xe, 0xb7, 0x4, 0x32, 0x0, 0x91, 0x1e, 0x1e,
    0x1e, 0x60, 0x74, 0x12, 0x9, 0x25, 0x9f, 0x81,
    0x62, 0x0, 0x6e, 0x42, 0xbe, 0x40, 0xc, 0x24,
    0x7e, 0x1, 0xe2, 0xa4, 0x41, 0x0, 0x75, 0xe3,
    0xc1, 0x0, 0x0,

    /* U+00E8 "è" */
    0x0, 0xa7, 0xe4, 0x3, 0xf4, 0x9b, 0x8, 0x7,
    0xed, 0x27, 0x0, 0xfc, 0x3a, 0xc0, 0x1f, 0x46,
    0xff, 0x48, 0x80, 0x6d, 0x71, 0x74, 0x6f, 0x10,
    0x4, 0x13, 0xe4, 0x55, 0x8d, 0x0, 0x18, 0x60,
    0x2, 0x44, 0x84, 0x84, 0xe2, 0x39, 0xc1, 0x44,
    0x9, 0xdf, 0x8c, 0x4, 0x40, 0xbf, 0xff, 0x29,
    0x2, 0x0, 0x73, 0x38, 0x83, 0xc, 0x0, 0x47,
    0x32, 0x10, 0x82, 0x7c, 0x8a, 0xc0, 0xa0, 0x0,
    0xe3, 0x8b, 0xa2, 0xe2, 0x0,

    /* U+00E9 "é" */
    0x0, 0xe7, 0xfb, 0x0, 0xfd, 0x23, 0x40, 0x1f,
    0x21, 0xe8, 0x80, 0x7c, 0x9a, 0x60, 0x1f, 0x46,
    0xff, 0x48, 0x80, 0x6d, 0x71, 0x74, 0x6f, 0x10,
    0x4, 0x13, 0xe4, 0x55, 0x8d, 0x0, 0x18, 0x60,
    0x2, 0x44, 0x84, 0x84, 0xe2, 0x39, 0xc1, 0x44,
    0x9, 0xdf, 0x8c, 0x4, 0x40, 0xbf, 0xff, 0x29,
    0x2, 0x0, 0x73, 0x38, 0x83, 0xc, 0x0, 0x47,
    0x32, 0x10, 0x82, 0x7c, 0x8a, 0xc0, 0xa0, 0x0,
    0xe3, 0x8b, 0xa2, 0xe2, 0x0,

    /* U+00EA "ê" */
    0x0, 0xd7, 0xfa, 0x1, 0xf4, 0x24, 0x15, 0x0,
    0x71, 0x23, 0x3c, 0xb2, 0x0, 0x62, 0xc9, 0x6,
    0xc4, 0x0, 0xe8, 0xdf, 0xe9, 0x10, 0xd, 0xae,
    0x2e, 0x8d, 0xe2, 0x0, 0x82, 0x7c, 0x8a, 0xb1,
    0xa0, 0x3, 0xc, 0x0, 0x48, 0x90, 0x90, 0x9c,
    0x47, 0x38, 0x28, 0x81, 0x3b, 0xf1, 0x80, 0x88,
    0x17, 0xff, 0xe5, 0x20, 0x40, 0xe, 0x67, 0x10,
    0x61, 0x80, 0x8, 0xe6, 0x42, 0x10, 0x4f, 0x91,
    0x58, 0x14, 0x0, 0x1c, 0x71, 0x74, 0x5c, 0x40,

    /* U+00EB "ë" */
    0x0, 0x17, 0xd8, 0x47, 0xa0, 0x7, 0xff, 0xc,
    0xba, 0xc2, 0x39, 0x0, 0x38, 0x40, 0x21, 0x0,
    0xf4, 0x6f, 0xf4, 0x88, 0x6, 0xd7, 0x17, 0x46,
    0xf1, 0x0, 0x41, 0x3e, 0x45, 0x58, 0xd0, 0x1,
    0x86, 0x0, 0x24, 0x48, 0x48, 0x4e, 0x23, 0x9c,
    0x14, 0x40, 0x9d, 0xf8, 0xc0, 0x44, 0xb, 0xff,
    0xf2, 0x90, 0x20, 0x7, 0x33, 0x88, 0x30, 0xc0,
    0x4, 0x73, 0x21, 0x8, 0x27, 0xc8, 0xac, 0xa,
    0x0, 0xe, 0x38, 0xba, 0x2e, 0x20, 0x0,

    /* U+00EC "ì" */
    0x6f, 0xc0, 0x66, 0x19, 0x82, 0x4e, 0x80, 0x19,
    0x20, 0x3f, 0x40, 0x1f, 0xfd, 0xc0,

    /* U+00ED "í" */
    0x4, 0xfd, 0x0, 0x78, 0x78, 0xb, 0x51, 0x0,
    0xea, 0x80, 0x7, 0xe8, 0x3, 0xff, 0xd0,

    /* U+00EE "î" */
    0x0, 0x4f, 0xf1, 0x0, 0x19, 0x8e, 0x7e, 0x21,
    0xef, 0x1c, 0xee, 0x9, 0x80, 0x3a, 0x60, 0x0,
    0xfd, 0x0, 0x7f, 0xff, 0x0,

    /* U+00EF "ï" */
    0xee, 0x2, 0x7c, 0x0, 0x7b, 0xfc, 0x9, 0xd0,
    0x22, 0x0, 0x8, 0x0, 0x7e, 0x80, 0x3f, 0xfe,
    0x40,

    /* U+00F0 "ð" */
    0x0, 0x97, 0xec, 0xa2, 0xc0, 0x39, 0x69, 0x34,
    0xe0, 0x3, 0xaa, 0x8c, 0x0, 0x30, 0xe, 0xee,
    0x4d, 0x23, 0x80, 0x61, 0xdf, 0xf7, 0x4, 0x8,
    0x0, 0x7d, 0x9e, 0x48, 0x1, 0x20, 0x8, 0x19,
    0x93, 0x4d, 0x2, 0x80, 0x18, 0x58, 0x2, 0x53,
    0x21, 0x20, 0x40, 0xe, 0x40, 0x21, 0x3, 0x0,
    0xef, 0x6, 0x10, 0x30, 0xe, 0xe0, 0x12, 0x4,
    0x0, 0xe4, 0x5, 0x6, 0x17, 0x0, 0x98, 0x94,
    0x42, 0xa, 0x32, 0x2e, 0x4a, 0xc0, 0x3, 0x8e,
    0x4e, 0xad, 0x82, 0x0,

    /* U+00F1 "ñ" */
    0x1, 0xcf, 0x92, 0x9c, 0x0, 0x40, 0xca, 0xeb,
    0x48, 0x2, 0xfd, 0xb3, 0x1a, 0xa0, 0x2, 0x20,
    0x0, 0xc8, 0x1, 0x5e, 0x35, 0xdf, 0x8a, 0x1,
    0x78, 0xc4, 0xa, 0x90, 0x0, 0x96, 0xcf, 0x41,
    0xc0, 0xe, 0x0, 0x90, 0x18, 0x0, 0xc0, 0x1f,
    0x8c, 0x3, 0x84, 0x3, 0xff, 0xc2,

    /* U+00F2 "ò" */
    0x0, 0xa7, 0xe4, 0x3, 0xf4, 0x9b, 0x8, 0x7,
    0xed, 0x27, 0x0, 0xfc, 0x3a, 0xc0, 0x1e, 0x18,
    0xef, 0xe9, 0x10, 0x8, 0x7d, 0xd5, 0xd5, 0xbc,
    0x80, 0x16, 0x33, 0x71, 0x74, 0x3c, 0x0, 0x52,
    0x60, 0x9, 0x50, 0xc8, 0xc1, 0x0, 0x3b, 0x1,
    0xdc, 0x2, 0x1, 0xc2, 0x6, 0xe0, 0x40, 0x1d,
    0xc0, 0x66, 0x7, 0x0, 0xe4, 0x7, 0x4, 0x27,
    0x0, 0x90, 0xcc, 0x41, 0x43, 0x19, 0x15, 0x63,
    0xc0, 0x1, 0xf7, 0x17, 0x46, 0xf2, 0x0,

    /* U+00F3 "ó" */
    0x0, 0xe7, 0xfb, 0x0, 0xfd, 0x23, 0x40, 0x1f,
    0x21, 0xe8, 0x80, 0x7c, 0x9a, 0x60, 0x1e, 0x18,
    0xef, 0xe9, 0x10, 0x8, 0x7d, 0xd5, 0xd5, 0xbc,
    0x80, 0x16, 0x33, 0x71, 0x74, 0x3c, 0x0, 0x52,
    0x60, 0x9, 0x50, 0xc8, 0xc1, 0x0, 0x3b, 0x1,
    0xdc, 0x2, 0x1, 0xc2, 0x6, 0xe0, 0x40, 0x1d,
    0xc0, 0x66, 0x7, 0x0, 0xe4, 0x7, 0x4, 0x27,
    0x0, 0x90, 0xcc, 0x41, 0x43, 0x19, 0x15, 0x63,
    0xc0, 0x1, 0xf7, 0x17, 0x46, 0xf2, 0x0,

    /* U+00F4 "ô" */
    0x0, 0xd9, 0xf8, 0x1, 0xf4, 0x1c, 0x1d, 0x0,
    0x71, 0x23, 0xba, 0x19, 0x0, 0x31, 0x64, 0x3,
    0xe2, 0x0, 0x61, 0x8e, 0xfe, 0x91, 0x0, 0x87,
    0xdd, 0x5d, 0x5b, 0xc8, 0x1, 0x63, 0x37, 0x17,
    0x43, 0xc0, 0x5, 0x26, 0x0, 0x95, 0xc, 0x8c,
    0x10, 0x3, 0xb0, 0x1d, 0xc0, 0x20, 0x1c, 0x20,
    0x6e, 0x4, 0x1, 0xdc, 0x6, 0x60, 0x70, 0xe,
    0x40, 0x70, 0x42, 0x70, 0x9, 0xc, 0xc4, 0x14,
    0x31, 0x91, 0x56, 0x3c, 0x0, 0x1f, 0x71, 0x74,
    0x6f, 0x20,

    /* U+00F5 "õ" */
    0x0, 0xe, 0x7c, 0x94, 0xe0, 0x6, 0x81, 0x95,
    0xd6, 0x90, 0xd, 0x7e, 0xd9, 0x8d, 0x50, 0xc,
    0x44, 0x0, 0x19, 0x0, 0x70, 0xc7, 0x7f, 0x48,
    0x80, 0x43, 0xee, 0xae, 0xad, 0xe4, 0x0, 0xb1,
    0x9b, 0x8b, 0xa1, 0xe0, 0x2, 0x93, 0x0, 0x4a,
    0x86, 0x46, 0x8, 0x1, 0xd8, 0xe, 0xe0, 0x10,
    0xe, 0x10, 0x37, 0x2, 0x0, 0xee, 0x3, 0x30,
    0x38, 0x7, 0x20, 0x38, 0x21, 0x38, 0x4, 0x86,
    0x62, 0xa, 0x18, 0xc8, 0xab, 0x1e, 0x0, 0xf,
    0xb8, 0xba, 0x37, 0x90, 0x0,

    /* U+00F6 "ö" */
    0x0, 0x17, 0xd0, 0x47, 0xa0, 0x7, 0xff, 0xc,
    0xba, 0x82, 0x39, 0x0, 0x38, 0x40, 0x21, 0x0,
    0xe1, 0x8e, 0xfe, 0x91, 0x0, 0x87, 0xdd, 0x5d,
    0x5b, 0xc8, 0x1, 0x63, 0x37, 0x17, 0x43, 0xc0,
    0x5, 0x26, 0x0, 0x95, 0xc, 0x8c, 0x10, 0x3,
    0xb0, 0x1d, 0xc0, 0x20, 0x1c, 0x20, 0x6e, 0x4,
    0x1, 0xdc, 0x6, 0x60, 0x70, 0xe, 0x40, 0x70,
    0x42, 0x70, 0x9, 0xc, 0xc4, 0x14, 0x31, 0x91,
    0x56, 0x3c, 0x0, 0x1f, 0x71, 0x74, 0x6f, 0x20,

    /* U+00F7 "÷" */
    0x0, 0x8b, 0xf4, 0x3, 0xff, 0x8a, 0x5d, 0x80,
    0x1f, 0x84, 0x40, 0x1b, 0xbf, 0xff, 0x4a, 0x27,
    0xf7, 0xd5, 0xdd, 0x54, 0xbb, 0x98, 0x2, 0x2e,
    0xc0, 0xf, 0xfe, 0x10,

    /* U+00F8 "ø" */
    0x0, 0xfc, 0x22, 0x0, 0x25, 0xff, 0x62, 0xd5,
    0x83, 0x5a, 0xb3, 0x6, 0x92, 0xc6, 0x47, 0xe6,
    0x24, 0x0, 0x8c, 0x10, 0x20, 0x34, 0xc1, 0xda,
    0x8, 0x0, 0xd4, 0x91, 0x51, 0x3, 0x8, 0x1a,
    0x3, 0x11, 0x1, 0xa3, 0xf0, 0x0, 0x87, 0x42,
    0xa9, 0x26, 0x4, 0xa, 0xc0, 0xe8, 0xc0, 0x9,
    0xd, 0x14, 0x5, 0x98, 0xd4, 0x56, 0x44, 0x52,
    0x3b, 0x86, 0x68, 0x12, 0xd6, 0xfb, 0xf1, 0x80,
    0x0,

    /* U+00F9 "ù" */
    0x0, 0x4f, 0xc8, 0x7, 0xa4, 0xd8, 0x40, 0x3d,
    0xa4, 0xe0, 0x1e, 0x1d, 0x60, 0xa, 0xfc, 0x40,
    0x37, 0xd8, 0x7, 0xff, 0x84, 0x40, 0x38, 0x40,
    0x31, 0x80, 0x44, 0x0, 0xd0, 0x50, 0xa, 0x0,
    0xa, 0x11, 0x75, 0xce, 0x40, 0x58, 0x89, 0x3e,
    0x80, 0x0,

    /* U+00FA "ú" */
    0x0, 0xcf, 0xf6, 0x1, 0xe9, 0x1a, 0x0, 0xe4,
    0x3d, 0x10, 0xe, 0x4d, 0x30, 0xa, 0xfc, 0x40,
    0x37, 0xd8, 0x7, 0xff, 0x84, 0x40, 0x38, 0x40,
    0x31, 0x80, 0x44, 0x0, 0xd0, 0x50, 0xa, 0x0,
    0xa, 0x11, 0x75, 0xce, 0x40, 0x58, 0x89, 0x3e,
    0x80, 0x0,

    /* U+00FB "û" */
    0x0, 0xb3, 0xf4, 0x3, 0xa4, 0xe4, 0xac, 0x2,
    0x20, 0x86, 0xa1, 0x40, 0x1, 0x4b, 0x82, 0xd2,
    0x5, 0xf8, 0x80, 0x6f, 0xb0, 0xf, 0xff, 0x8,
    0x80, 0x70, 0x80, 0x63, 0x0, 0x88, 0x1, 0xa0,
    0xa0, 0x14, 0x0, 0x14, 0x22, 0xeb, 0x9c, 0x80,
    0xb1, 0x12, 0x7d, 0x0, 0x0,

    /* U+00FC "ü" */
    0x2, 0xfa, 0x8, 0xf4, 0x0, 0xff, 0x8b, 0xa8,
    0x23, 0x90, 0x2, 0x10, 0x8, 0x40, 0x17, 0xe2,
    0x1, 0xbe, 0xc0, 0x3f, 0xfc, 0x22, 0x1, 0xc2,
    0x1, 0x8c, 0x2, 0x20, 0x6, 0x82, 0x80, 0x50,
    0x0, 0x50, 0x8b, 0xae, 0x72, 0x2, 0xc4, 0x49,
    0xf4, 0x0,

    /* U+00FD "ý" */
    0x0, 0xc3, 0xfe, 0x20, 0xf, 0x30, 0x51, 0x0,
    0x7a, 0xd9, 0x40, 0x3e, 0xc9, 0x0, 0xcf, 0xec,
    0x1, 0x87, 0xe9, 0x43, 0x40, 0x33, 0x7, 0x11,
    0xa0, 0x80, 0x54, 0x28, 0x14, 0xc, 0x0, 0x22,
    0x38, 0x1, 0x82, 0xc0, 0x14, 0x14, 0x1, 0x29,
    0x90, 0x31, 0x18, 0x5, 0xc0, 0xa6, 0x34, 0x1,
    0x90, 0x6a, 0xc1, 0x80, 0x39, 0x89, 0x50, 0x40,
    0x3a, 0x80, 0xb8, 0x3, 0xc4, 0x40, 0x50, 0xf,
    0x9, 0x28, 0x7, 0xd2, 0x1c, 0x1, 0xd9, 0xae,
    0x88, 0x0, 0xe7, 0x24, 0xa0, 0xe,

    /* U+00FE "þ" */
    0xaf, 0x10, 0xf, 0xfe, 0xd9, 0x5f, 0xfa, 0xc8,
    0x3, 0x6b, 0x43, 0x26, 0x90, 0x4, 0x5a, 0xf3,
    0x61, 0x20, 0x14, 0x80, 0x48, 0x90, 0x80, 0x10,
    0x3, 0x18, 0x28, 0x0, 0x40, 0x37, 0x80, 0x80,
    0x7d, 0xc0, 0x20, 0x4, 0x0, 0xca, 0xa, 0x0,
    0x80, 0x9, 0x4d, 0x44, 0x0, 0x5b, 0x35, 0x41,
    0xb0, 0xb, 0x59, 0x88, 0xde, 0x20, 0x11, 0x5f,
    0xf4, 0x88, 0x7, 0xff, 0x50,

    /* U+00FF "ÿ" */
    0x0, 0x5f, 0x88, 0xbe, 0xc0, 0x3f, 0xf8, 0x57,
    0xc2, 0x2e, 0xb0, 0xe, 0x10, 0x0, 0x80, 0x4f,
    0xec, 0x1, 0x87, 0xe9, 0x43, 0x40, 0x33, 0x7,
    0x11, 0xa0, 0x80, 0x54, 0x28, 0x14, 0xc, 0x0,
    0x22, 0x38, 0x1, 0x82, 0xc0, 0x14, 0x14, 0x1,
    0x29, 0x90, 0x31, 0x18, 0x5, 0xc0, 0xa6, 0x34,
    0x1, 0x90, 0x6a, 0xc1, 0x80, 0x39, 0x89, 0x50,
    0x40, 0x3a, 0x80, 0xb8, 0x3, 0xc4, 0x40, 0x50,
    0xf, 0x9, 0x28, 0x7, 0xd2, 0x1c, 0x1, 0xd9,
    0xae, 0x88, 0x0, 0xe7, 0x24, 0xa0, 0xe,

    /* U+0100 "Ā" */
    0x0, 0xc9, 0x11, 0xc8, 0x1, 0xfb, 0x5d, 0xfb,
    0x0, 0x3f, 0x4f, 0xff, 0x40, 0x7, 0xfa, 0xfe,
    0xc0, 0x3f, 0xe1, 0x40, 0x41, 0x0, 0xff, 0x38,
    0x40, 0x30, 0x7, 0xfa, 0x85, 0xc2, 0x80, 0x3f,
    0x88, 0xd0, 0x14, 0x90, 0x3, 0xf5, 0x7, 0x87,
    0x7, 0x0, 0x7e, 0x60, 0x50, 0x41, 0x51, 0x0,
    0xf2, 0xa, 0x80, 0x4e, 0xe, 0x1, 0xee, 0xe,
    0x0, 0xa8, 0x2c, 0x3, 0xca, 0x17, 0xff, 0x60,
    0x11, 0x80, 0x65, 0x3, 0x66, 0xe4, 0xa, 0x0,
    0xdc, 0x1f, 0x33, 0xd4, 0xc, 0x1, 0xa, 0x11,
    0x80, 0x70, 0xa0, 0x30, 0x1, 0x81, 0x40, 0x3e,
    0xe0, 0xa0, 0x5, 0x5, 0x0, 0x7c, 0xa2, 0x64,

    /* U+0101 "ā" */
    0x0, 0x4f, 0xff, 0x40, 0x6, 0xd7, 0x7e, 0xc0,
    0xc, 0x91, 0x1c, 0x80, 0x1f, 0xfc, 0x32, 0x9d,
    0xfe, 0xc5, 0x0, 0x8b, 0x59, 0x1d, 0xc7, 0x4a,
    0x0, 0x80, 0xc9, 0x89, 0xb0, 0xf0, 0x7, 0x49,
    0x80, 0x48, 0x2, 0x0, 0x46, 0x14, 0x69, 0xc0,
    0xc, 0x37, 0xd7, 0x2e, 0xa0, 0xe0, 0xd, 0x46,
    0xbe, 0xe4, 0x80, 0x44, 0x69, 0x28, 0x20, 0x60,
    0x1c, 0xe0, 0x1a, 0x0, 0x22, 0x33, 0x5b, 0xc7,
    0x30, 0x88, 0x1, 0xac, 0xb0, 0xb3, 0xa8, 0x42,

    /* U+0102 "Ă" */
    0x0, 0xc6, 0xc0, 0x13, 0x90, 0x7, 0xf4, 0xa0,
    0xbc, 0x18, 0x7, 0xe3, 0x8b, 0xe8, 0xa1, 0x0,
    0xfe, 0x7e, 0xdf, 0x50, 0xf, 0xfa, 0xb6, 0xc0,
    0x3f, 0xe1, 0x40, 0x41, 0x0, 0xff, 0x38, 0x40,
    0x30, 0x7, 0xfa, 0x85, 0xc2, 0x80, 0x3f, 0x88,
    0xd0, 0x14, 0x90, 0x3, 0xf5, 0x7, 0x87, 0x7,
    0x0, 0x7e, 0x60, 0x50, 0x41, 0x51, 0x0, 0xf2,
    0xa, 0x80, 0x4e, 0xe, 0x1, 0xee, 0xe, 0x0,
    0xa8, 0x2c, 0x3, 0xca, 0x17, 0xff, 0x60, 0x11,
    0x80, 0x65, 0x3, 0x66, 0xe4, 0xa, 0x0, 0xdc,
    0x1f, 0x33, 0xd4, 0xc, 0x1, 0xa, 0x11, 0x80,
    0x70, 0xa0, 0x30, 0x1, 0x81, 0x40, 0x3e, 0xe0,
    0xa0, 0x5, 0x5, 0x0, 0x7c, 0xa2, 0x64,

    /* U+0103 "ă" */
    0x0, 0x27, 0x98, 0x27, 0x98, 0x6, 0x47, 0xcf,
    0xb7, 0x30, 0xe, 0x8e, 0xde, 0x80, 0xf, 0x84,
    0x84, 0x3, 0xc5, 0x3b, 0xfd, 0x8a, 0x1, 0x16,
    0xb2, 0x3b, 0x8e, 0x94, 0x1, 0x1, 0x93, 0x13,
    0x61, 0xe0, 0xe, 0x93, 0x0, 0x90, 0x4, 0x0,
    0x8c, 0x28, 0xd3, 0x80, 0x18, 0x6f, 0xae, 0x5d,
    0x41, 0xc0, 0x1a, 0x8d, 0x7d, 0xc9, 0x0, 0x88,
    0xd2, 0x50, 0x40, 0xc0, 0x39, 0xc0, 0x34, 0x0,
    0x44, 0x66, 0xb7, 0x8e, 0x61, 0x10, 0x3, 0x59,
    0x61, 0x67, 0x50, 0x84,

    /* U+0104 "Ą" */
    0x0, 0xf5, 0xfd, 0x80, 0x7f, 0xf0, 0x45, 0x5,
    0x4, 0x3, 0xff, 0x80, 0xe1, 0x0, 0xc0, 0x1f,
    0xfc, 0xa, 0x16, 0x1a, 0x0, 0xff, 0x88, 0xdc,
    0x18, 0x90, 0x3, 0xfd, 0x41, 0x41, 0x41, 0xc0,
    0x1f, 0xe6, 0x23, 0x2, 0x35, 0x10, 0xf, 0xc8,
    0x34, 0x1, 0x50, 0x38, 0x7, 0xee, 0xd, 0x99,
    0xbc, 0x2c, 0x3, 0xf2, 0x82, 0xb3, 0x60, 0x23,
    0x0, 0xf2, 0x84, 0xff, 0xf5, 0x85, 0x0, 0x7b,
    0x81, 0xc0, 0x39, 0x5, 0x80, 0x38, 0x50, 0xc4,
    0x3, 0xcc, 0xc, 0x1, 0x98, 0x2c, 0x3, 0xea,
    0xa, 0x0, 0xd4, 0xa, 0x1, 0xf1, 0x10, 0xc8,
    0x2, 0xdf, 0x20, 0xf, 0xc5, 0x64, 0x1, 0xff,
    0xc1, 0x10, 0x60, 0xf, 0xfe, 0x10, 0x87, 0x34,
    0x8, 0x7, 0xff, 0x2, 0x8a, 0x8, 0x0,

    /* U+0105 "ą" */
    0x0, 0x14, 0xef, 0xf6, 0x28, 0x6, 0x2c, 0x64,
    0x77, 0x1d, 0x28, 0x5, 0x3, 0x93, 0x13, 0x61,
    0xe0, 0x17, 0x49, 0x80, 0x48, 0x2, 0x1, 0x23,
    0xa, 0x34, 0xe0, 0x7, 0xd, 0xf5, 0xcb, 0xa8,
    0x38, 0x5, 0xa8, 0xd7, 0xdc, 0x90, 0xc, 0x46,
    0x92, 0x82, 0x6, 0x1, 0xe7, 0x0, 0xd0, 0x1,
    0x88, 0xcd, 0x6f, 0x1c, 0xc2, 0x20, 0xb, 0x59,
    0x61, 0x67, 0x50, 0x84, 0x0, 0x33, 0xdf, 0xae,
    0xd, 0x22, 0x1, 0xf8, 0x4d, 0xc0, 0x3f, 0xeb,
    0x63, 0x0, 0xf8, 0x61, 0x61, 0xc0,

    /* U+0106 "Ć" */
    0x0, 0xf2, 0xfe, 0x0, 0x7f, 0xa4, 0x78, 0x3,
    0xf8, 0x86, 0x88, 0x3, 0xf8, 0xb5, 0x0, 0x3f,
    0x1d, 0x77, 0xfb, 0x18, 0x3, 0xa3, 0x14, 0xd0,
    0xcd, 0x36, 0x1, 0x43, 0x96, 0x6d, 0xe6, 0x9a,
    0x48, 0x13, 0x8e, 0x18, 0x4, 0x5a, 0x2c, 0x54,
    0xc, 0x20, 0x1c, 0x31, 0x3, 0x40, 0xb0, 0xf,
    0x99, 0xc4, 0x80, 0xc0, 0x3f, 0xc2, 0x1, 0xff,
    0xc0, 0x10, 0xf, 0xfe, 0x1, 0x1, 0x80, 0x7c,
    0x24, 0x8, 0x8, 0x1, 0xf4, 0xeb, 0xd0, 0x48,
    0x80, 0x70, 0xb0, 0x29, 0x38, 0xe1, 0x80, 0x45,
    0xa2, 0xa4, 0x10, 0xa5, 0x9b, 0x7b, 0xa3, 0x4a,
    0x0, 0xaa, 0xd4, 0xd0, 0x8e, 0x6c, 0x0,

    /* U+0107 "ć" */
    0x0, 0xea, 0xf8, 0x0, 0xf0, 0xaa, 0x40, 0x7,
    0x98, 0xa8, 0x3, 0xe7, 0xd1, 0x0, 0xe1, 0x9e,
    0xfd, 0x80, 0x8, 0x71, 0x95, 0xd9, 0xf0, 0x1,
    0x5, 0x37, 0x16, 0xc6, 0xa0, 0xc2, 0xc0, 0x14,
    0x3b, 0x10, 0x28, 0x6, 0x18, 0x31, 0x2, 0x0,
    0xf8, 0x40, 0x80, 0x3e, 0x20, 0x50, 0xc, 0x3f,
    0x40, 0xc2, 0xc0, 0x14, 0x86, 0x4, 0x14, 0xd4,
    0x5b, 0x9b, 0x0, 0xe3, 0x23, 0xb4, 0x60, 0x0,

    /* U+0108 "Ĉ" */
    0x0, 0xea, 0xfe, 0x20, 0xf, 0xce, 0xb2, 0x7e,
    0x20, 0x1e, 0x10, 0x96, 0xf5, 0x50, 0x7, 0x85,
    0xd8, 0xa, 0x10, 0x3, 0xc7, 0x5d, 0xfe, 0xc6,
    0x0, 0xe8, 0xc5, 0x34, 0x33, 0x4d, 0x80, 0x50,
    0xe5, 0x9b, 0x79, 0xa6, 0x92, 0x4, 0xe3, 0x86,
    0x1, 0x16, 0x8b, 0x15, 0x3, 0x8, 0x7, 0xc,
    0x40, 0xd0, 0x2c, 0x3, 0xe6, 0x71, 0x20, 0x30,
    0xf, 0xf0, 0x80, 0x7f, 0xf0, 0x4, 0x3, 0xff,
    0x80, 0x40, 0x60, 0x1f, 0x9, 0x2, 0x2, 0x0,
    0x7d, 0x3a, 0xf4, 0x12, 0x20, 0x1c, 0x2c, 0xa,
    0x4e, 0x38, 0x60, 0x11, 0x68, 0xa9, 0x4, 0x29,
    0x66, 0xde, 0xe8, 0xd2, 0x80, 0x2a, 0xb5, 0x34,
    0x23, 0x9b, 0x0, 0x0,

    /* U+0109 "ĉ" */
    0x0, 0x87, 0xbe, 0x80, 0x3d, 0x43, 0xa, 0xe0,
    0x19, 0x1e, 0x5d, 0xac, 0x80, 0x24, 0xc6, 0x9,
    0xc2, 0x0, 0x86, 0x7b, 0xf6, 0x0, 0x21, 0xc6,
    0x57, 0x67, 0xc0, 0x4, 0x14, 0xdc, 0x5b, 0x1a,
    0x83, 0xb, 0x0, 0x50, 0xec, 0x40, 0xa0, 0x18,
    0x60, 0xc4, 0x8, 0x3, 0xe1, 0x2, 0x0, 0xf8,
    0x81, 0x40, 0x30, 0xfd, 0x3, 0xb, 0x0, 0x52,
    0x18, 0x10, 0x53, 0x51, 0x6e, 0x6c, 0x3, 0x8c,
    0x8e, 0xd1, 0x80,

    /* U+010A "Ċ" */
    0x0, 0xf0, 0x80, 0x7f, 0xc7, 0xd2, 0x1, 0xff,
    0xcb, 0x3f, 0x90, 0xf, 0xc7, 0x5d, 0xfe, 0xc6,
    0x0, 0xe8, 0xc5, 0x34, 0x33, 0x4d, 0x80, 0x50,
    0xe5, 0x9b, 0x79, 0xa6, 0x92, 0x4, 0xe3, 0x86,
    0x1, 0x16, 0x8b, 0x15, 0x3, 0x8, 0x7, 0xc,
    0x40, 0xd0, 0x2c, 0x3, 0xe6, 0x71, 0x20, 0x30,
    0xf, 0xf0, 0x80, 0x7f, 0xf0, 0x4, 0x3, 0xff,
    0x80, 0x40, 0x60, 0x1f, 0x9, 0x2, 0x2, 0x0,
    0x7d, 0x3a, 0xf4, 0x12, 0x20, 0x1c, 0x2c, 0xa,
    0x4e, 0x38, 0x60, 0x11, 0x68, 0xa9, 0x4, 0x29,
    0x66, 0xde, 0xe8, 0xd2, 0x80, 0x2a, 0xb5, 0x34,
    0x23, 0x9b, 0x0, 0x0,

    /* U+010B "ċ" */
    0x0, 0xcd, 0xec, 0x1, 0xff, 0xc5, 0x6e, 0x60,
    0xf, 0xc2, 0x1, 0xe1, 0x9e, 0xfd, 0x80, 0x8,
    0x71, 0x95, 0xd9, 0xf0, 0x1, 0x5, 0x37, 0x16,
    0xc6, 0xa0, 0xc2, 0xc0, 0x14, 0x3b, 0x10, 0x28,
    0x6, 0x18, 0x31, 0x2, 0x0, 0xf8, 0x40, 0x80,
    0x3e, 0x20, 0x50, 0xc, 0x3f, 0x40, 0xc2, 0xc0,
    0x14, 0x86, 0x4, 0x14, 0xd4, 0x5b, 0x9b, 0x0,
    0xe3, 0x23, 0xb4, 0x60, 0x0,

    /* U+010C "Č" */
    0x0, 0xce, 0xc0, 0x50, 0xa0, 0x1f, 0x74, 0xa4,
    0xbb, 0x0, 0x7d, 0x27, 0x69, 0x6, 0x1, 0xfb,
    0x9e, 0x1c, 0x3, 0xf8, 0xa1, 0xc0, 0x3f, 0x1d,
    0x77, 0xfb, 0x18, 0x3, 0xa3, 0x14, 0xd0, 0xcd,
    0x36, 0x1, 0x43, 0x96, 0x6d, 0xe6, 0x9a, 0x48,
    0x13, 0x8e, 0x18, 0x4, 0x5a, 0x2c, 0x54, 0xc,
    0x20, 0x1c, 0x31, 0x3, 0x40, 0xb0, 0xf, 0x99,
    0xc4, 0x80, 0xc0, 0x3f, 0xc2, 0x1, 0xff, 0xc0,
    0x10, 0xf, 0xfe, 0x1, 0x1, 0x80, 0x7c, 0x24,
    0x8, 0x8, 0x1, 0xf4, 0xeb, 0xd0, 0x48, 0x80,
    0x70, 0xb0, 0x29, 0x38, 0xe1, 0x80, 0x45, 0xa2,
    0xa4, 0x10, 0xa5, 0x9b, 0x7b, 0xa3, 0x4a, 0x0,
    0xaa, 0xd4, 0xd0, 0x8e, 0x6c, 0x0,

    /* U+010D "č" */
    0x0, 0x27, 0xd0, 0x67, 0x90, 0x4, 0x90, 0xb6,
    0x72, 0x40, 0x19, 0xd9, 0xdc, 0xc0, 0x1e, 0x9c,
    0x80, 0xe, 0x19, 0xef, 0xd8, 0x0, 0x87, 0x19,
    0x5d, 0x9f, 0x0, 0x10, 0x53, 0x71, 0x6c, 0x6a,
    0xc, 0x2c, 0x1, 0x43, 0xb1, 0x2, 0x80, 0x61,
    0x83, 0x10, 0x20, 0xf, 0x84, 0x8, 0x3, 0xe2,
    0x5, 0x0, 0xc3, 0xf4, 0xc, 0x2c, 0x1, 0x48,
    0x60, 0x41, 0x4d, 0x45, 0xb9, 0xb0, 0xe, 0x32,
    0x3b, 0x46, 0x0,

    /* U+010E "Ď" */
    0x0, 0xb7, 0xc5, 0xbe, 0x40, 0x3e, 0xf0, 0xb8,
    0x29, 0x0, 0xf8, 0xa5, 0x47, 0x80, 0x3f, 0x9b,
    0xfc, 0x60, 0x1c, 0xdf, 0xfe, 0xea, 0x30, 0xe,
    0x13, 0x3c, 0xb, 0x8c, 0x1, 0x9b, 0x33, 0x74,
    0x84, 0x90, 0x7, 0xf3, 0x48, 0x48, 0x7, 0xf9,
    0x85, 0x4, 0x3, 0xfc, 0xa0, 0xa0, 0x1f, 0xe2,
    0x2, 0x0, 0xff, 0x8, 0x7, 0xff, 0x0, 0x40,
    0xc0, 0x3f, 0xc4, 0xc, 0x1, 0xfe, 0x40, 0x30,
    0xf, 0xe7, 0x5, 0x0, 0xfe, 0x68, 0x8, 0x0,
    0x9b, 0x32, 0xdf, 0x90, 0xa2, 0x0, 0x84, 0xce,
    0x22, 0x36, 0xa8, 0x0,

    /* U+010F "ď" */
    0x0, 0xfd, 0xf6, 0xdf, 0x0, 0x1f, 0xfc, 0xf,
    0x0, 0xff, 0x33, 0x0, 0x3f, 0xf8, 0xa, 0x80,
    0x2, 0xae, 0xfb, 0x20, 0x2, 0xa1, 0x81, 0x62,
    0xa3, 0xbb, 0x0, 0xb, 0x0, 0x8, 0x1a, 0xa4,
    0x62, 0x80, 0x79, 0x49, 0x40, 0x2f, 0x0, 0xe3,
    0x4, 0x0, 0xc8, 0x1, 0xce, 0x2, 0x1, 0xc2,
    0x1, 0x9c, 0x4, 0x3, 0x84, 0x3, 0x18, 0x20,
    0x6, 0x30, 0xf, 0x31, 0x30, 0x5, 0x0, 0x1e,
    0x82, 0x9b, 0x8d, 0x60, 0xf, 0xe, 0x32, 0xbb,
    0x78, 0x80, 0x60,

    /* U+0110 "Đ" */
    0x0, 0x37, 0xff, 0xba, 0x8c, 0x3, 0xe1, 0x33,
    0xc0, 0xb8, 0xc0, 0x1e, 0x6c, 0xcd, 0xd2, 0x12,
    0x40, 0x1f, 0xf3, 0x48, 0x48, 0x7, 0xff, 0x1,
    0x85, 0x4, 0x3, 0xff, 0x80, 0xa0, 0xa0, 0x20,
    0x10, 0x8c, 0x1, 0x88, 0x8, 0x3a, 0x41, 0xfb,
    0xa6, 0x0, 0x84, 0x2, 0xb7, 0x5, 0xbb, 0x9c,
    0x2, 0x10, 0x30, 0x4e, 0x2, 0x44, 0x84, 0x2,
    0x20, 0x60, 0xf, 0xfe, 0x2, 0x1, 0x80, 0x7f,
    0xce, 0xa, 0x1, 0xff, 0x34, 0x4, 0x0, 0x73,
    0x66, 0x5b, 0xf2, 0x14, 0x40, 0x1c, 0x26, 0x71,
    0x11, 0xb5, 0x40, 0x0,

    /* U+0111 "đ" */
    0x0, 0xfd, 0xf6, 0x1, 0xe1, 0xff, 0x81, 0x3c,
    0x3, 0x85, 0xde, 0x2, 0x70, 0xf, 0x44, 0x40,
    0xd0, 0x1, 0x15, 0x77, 0xd9, 0x0, 0x71, 0x62,
    0xa3, 0xbb, 0x0, 0x3a, 0x6, 0xa9, 0x18, 0xa0,
    0x1c, 0xa4, 0xa0, 0x17, 0x80, 0x63, 0x4, 0x0,
    0xc8, 0x1, 0x9c, 0x4, 0x3, 0x84, 0x2, 0x70,
    0x10, 0xe, 0x10, 0x8, 0xc1, 0x0, 0x31, 0x80,
    0x73, 0x13, 0x0, 0x50, 0x1, 0xd0, 0x53, 0x71,
    0xac, 0x1, 0xc3, 0x8c, 0xae, 0xde, 0x20, 0x10,

    /* U+0112 "Ē" */
    0x0, 0x2f, 0xff, 0x58, 0x7, 0x3b, 0xfb, 0x40,
    0x38, 0xa2, 0x39, 0x80, 0x26, 0xff, 0xff, 0x0,
    0x42, 0x67, 0xf2, 0x0, 0x53, 0x99, 0xf5, 0x80,
    0x7f, 0xf6, 0xe7, 0x33, 0xe4, 0x0, 0x84, 0xcf,
    0xe2, 0x0, 0xa3, 0xff, 0xe6, 0x0, 0xff, 0xf3,
    0xce, 0x67, 0xe3, 0x0, 0x9, 0x9f, 0xe7,

    /* U+0113 "ē" */
    0x0, 0x27, 0xff, 0x60, 0x6, 0x67, 0x7e, 0xa0,
    0xc, 0x51, 0x1c, 0xc0, 0x1f, 0xfc, 0x48, 0xdf,
    0xe9, 0x10, 0xd, 0xae, 0x2e, 0x8d, 0xe2, 0x0,
    0x82, 0x7c, 0x8a, 0xb1, 0xa0, 0x3, 0xc, 0x0,
    0x48, 0x90, 0x90, 0x9c, 0x47, 0x38, 0x28, 0x81,
    0x3b, 0xf1, 0x80, 0x88, 0x17, 0xff, 0xe5, 0x20,
    0x40, 0xe, 0x67, 0x10, 0x61, 0x80, 0x8, 0xe6,
    0x42, 0x10, 0x4f, 0x91, 0x58, 0x14, 0x0, 0x1c,
    0x71, 0x74, 0x5c, 0x40,

    /* U+0114 "Ĕ" */
    0x0, 0x9c, 0x40, 0x8, 0xa0, 0x1e, 0xbb, 0x9,
    0x51, 0x0, 0x7b, 0x9f, 0xb5, 0x1c, 0x3, 0xc5,
    0xba, 0xea, 0x0, 0xcd, 0xff, 0xb7, 0xbf, 0xf0,
    0x4, 0x26, 0x7f, 0x20, 0x5, 0x39, 0x9f, 0x58,
    0x7, 0xff, 0x6e, 0x73, 0x3e, 0x40, 0x8, 0x4c,
    0xfe, 0x20, 0xa, 0x3f, 0xfe, 0x60, 0xf, 0xff,
    0x3c, 0xe6, 0x7e, 0x30, 0x0, 0x99, 0xfe, 0x70,

    /* U+0115 "ĕ" */
    0x0, 0xbd, 0x80, 0xb5, 0xc0, 0x3a, 0xa7, 0xf5,
    0x9c, 0x3, 0x97, 0xf7, 0xac, 0x3, 0xf1, 0x8,
    0x7, 0xd1, 0xbf, 0xd2, 0x20, 0x1b, 0x5c, 0x5d,
    0x1b, 0xc4, 0x1, 0x4, 0xf9, 0x15, 0x63, 0x40,
    0x6, 0x18, 0x0, 0x91, 0x21, 0x21, 0x38, 0x8e,
    0x70, 0x51, 0x2, 0x77, 0xe3, 0x1, 0x10, 0x2f,
    0xff, 0xca, 0x40, 0x80, 0x1c, 0xce, 0x20, 0xc3,
    0x0, 0x11, 0xcc, 0x84, 0x20, 0x9f, 0x22, 0xb0,
    0x28, 0x0, 0x38, 0xe2, 0xe8, 0xb8, 0x80,

    /* U+0116 "Ė" */
    0x0, 0xe1, 0x0, 0xff, 0xf, 0x58, 0x7, 0xff,
    0x24, 0x7e, 0xc0, 0x39, 0xbf, 0xff, 0xc0, 0x10,
    0x99, 0xfc, 0x80, 0x14, 0xe6, 0x7d, 0x60, 0x1f,
    0xfd, 0xb9, 0xcc, 0xf9, 0x0, 0x21, 0x33, 0xf8,
    0x80, 0x28, 0xff, 0xf9, 0x80, 0x3f, 0xfc, 0xf3,
    0x99, 0xf8, 0xc0, 0x2, 0x67, 0xf9, 0xc0,

    /* U+0117 "ė" */
    0x0, 0xcd, 0xec, 0x1, 0xff, 0xc7, 0x6e, 0x60,
    0xf, 0xe1, 0x0, 0xfd, 0x1b, 0xfd, 0x22, 0x1,
    0xb5, 0xc5, 0xd1, 0xbc, 0x40, 0x10, 0x4f, 0x91,
    0x56, 0x34, 0x0, 0x61, 0x80, 0x9, 0x12, 0x12,
    0x13, 0x88, 0xe7, 0x5, 0x10, 0x27, 0x7e, 0x30,
    0x11, 0x2, 0xff, 0xfc, 0xa4, 0x8, 0x1, 0xcc,
    0xe2, 0xc, 0x30, 0x1, 0x1c, 0xc8, 0x42, 0x9,
    0xf2, 0x2b, 0x2, 0x80, 0x3, 0x8e, 0x2e, 0x8b,
    0x88, 0x0,

    /* U+0118 "Ę" */
    0x6f, 0xff, 0xf0, 0x4, 0x26, 0x7f, 0x20, 0x5,
    0x39, 0x9f, 0x58, 0x7, 0xff, 0x6e, 0x73, 0x3e,
    0x40, 0x8, 0x4c, 0xfe, 0x20, 0xa, 0x3f, 0xfe,
    0x60, 0xf, 0xff, 0x3c, 0xe6, 0x7e, 0x30, 0x0,
    0x99, 0xfe, 0x76, 0xff, 0xf6, 0x87, 0xf9, 0x0,
    0x3e, 0x71, 0x0, 0xff, 0x8, 0xa5, 0xa0, 0x3,
    0xe4, 0x66, 0x40, 0x0,

    /* U+0119 "ę" */
    0x0, 0xa3, 0x7f, 0xa4, 0x40, 0x36, 0x38, 0xba,
    0x37, 0x88, 0x2, 0xd, 0xf2, 0x2a, 0xc6, 0x80,
    0xc, 0x30, 0x1, 0x22, 0x42, 0x42, 0x71, 0x1c,
    0xe0, 0xa2, 0x4, 0xef, 0xc6, 0x2, 0x20, 0x5f,
    0xff, 0x94, 0x81, 0x0, 0x39, 0x58, 0x41, 0x45,
    0xc0, 0x22, 0xa8, 0x10, 0xb1, 0x8b, 0x68, 0xc0,
    0x80, 0x0, 0xfa, 0xa4, 0xb9, 0x53, 0x0, 0x43,
    0x5c, 0x1f, 0x8a, 0x1, 0xe5, 0x0, 0xff, 0x30,
    0x53, 0x48, 0x7, 0x89, 0xd6, 0x0, 0x20,

    /* U+011A "Ě" */
    0x0, 0xf, 0x70, 0x1f, 0xdc, 0x3, 0x86, 0x86,
    0xa1, 0x1c, 0x3, 0xc8, 0xea, 0x34, 0x1, 0xfa,
    0x3f, 0x84, 0x3, 0x37, 0xff, 0xf8, 0x2, 0x13,
    0x3f, 0x90, 0x2, 0x9c, 0xcf, 0xac, 0x3, 0xff,
    0xb7, 0x39, 0x9f, 0x20, 0x4, 0x26, 0x7f, 0x10,
    0x5, 0x1f, 0xff, 0x30, 0x7, 0xff, 0x9e, 0x73,
    0x3f, 0x18, 0x0, 0x4c, 0xff, 0x38,

    /* U+011B "ě" */
    0x0, 0x17, 0xe0, 0x57, 0xa0, 0x6, 0x2a, 0x3b,
    0x58, 0x40, 0xe, 0x58, 0x76, 0x70, 0xf, 0x9f,
    0x24, 0x3, 0xe8, 0xdf, 0xe9, 0x10, 0xd, 0xae,
    0x2e, 0x8d, 0xe2, 0x0, 0x82, 0x7c, 0x8a, 0xb1,
    0xa0, 0x3, 0xc, 0x0, 0x48, 0x90, 0x90, 0x9c,
    0x47, 0x38, 0x28, 0x81, 0x3b, 0xf1, 0x80, 0x88,
    0x17, 0xff, 0xe5, 0x20, 0x40, 0xe, 0x67, 0x10,
    0x61, 0x80, 0x8, 0xe6, 0x42, 0x10, 0x4f, 0x91,
    0x58, 0x14, 0x0, 0x1c, 0x71, 0x74, 0x5c, 0x40,

    /* U+011C "Ĝ" */
    0x0, 0xe4, 0xff, 0x38, 0x7, 0xf1, 0x59, 0xc4,
    0x14, 0x3, 0xf3, 0xbb, 0x5e, 0x8, 0x3, 0xf2,
    0xc0, 0x83, 0xb8, 0x3, 0xe1, 0x8c, 0xef, 0xea,
    0x40, 0xe, 0x5e, 0x72, 0x54, 0x35, 0xb8, 0x0,
    0x96, 0x86, 0xba, 0xed, 0xb6, 0x2e, 0xa0, 0x36,
    0x1a, 0xa0, 0x19, 0x34, 0x20, 0x1c, 0x58, 0xc0,
    0x3c, 0x6f, 0x61, 0xa1, 0x40, 0x1f, 0xa1, 0x81,
    0x80, 0x80, 0x3f, 0xe2, 0x1, 0x0, 0xd3, 0x99,
    0xc6, 0x20, 0x20, 0x19, 0x4c, 0xf9, 0xc8, 0x14,
    0x3, 0x67, 0xfc, 0xc0, 0xb, 0xd, 0x0, 0xff,
    0x98, 0x19, 0x0, 0x3f, 0xc3, 0x41, 0x6e, 0x20,
    0x11, 0xd3, 0x3, 0x82, 0xd0, 0x47, 0x6e, 0x76,
    0x29, 0x59, 0x80, 0x17, 0x9c, 0xce, 0x4, 0x9d,
    0x40,

    /* U+011D "ĝ" */
    0x0, 0x8f, 0xfc, 0xe0, 0x1c, 0x3a, 0x2d, 0x8,
    0x1, 0x98, 0xaa, 0x53, 0x80, 0x33, 0xe2, 0x5,
    0xd0, 0x6, 0x2a, 0xef, 0xb2, 0xcd, 0x1, 0xc5,
    0x47, 0x76, 0x90, 0x2, 0xc6, 0xa9, 0x18, 0x82,
    0x0, 0x52, 0x50, 0xa, 0x40, 0x6, 0x8, 0x1,
    0x88, 0x41, 0xc0, 0x40, 0x38, 0xc1, 0xc0, 0x3e,
    0x30, 0x30, 0x40, 0xc, 0x22, 0x0, 0x29, 0xa8,
    0x5, 0x60, 0x15, 0x8d, 0x52, 0x35, 0x0, 0x21,
    0xf5, 0x47, 0x6c, 0x1, 0x2, 0x1a, 0xef, 0xb3,
    0x6, 0xc, 0xe0, 0xd, 0x21, 0x81, 0x23, 0xb1,
    0xb, 0x73, 0x60, 0x7a, 0x16, 0x76, 0x7c, 0x0,

    /* U+011E "Ğ" */
    0x0, 0xd1, 0xa4, 0xf, 0xe0, 0x1f, 0xa1, 0xb7,
    0xe2, 0x80, 0x3f, 0xaf, 0xb7, 0xd4, 0x3, 0xfc,
    0x24, 0x1, 0xfc, 0x31, 0x9d, 0xfd, 0x48, 0x1,
    0xcb, 0xce, 0x4a, 0x86, 0xb7, 0x0, 0x12, 0xd0,
    0xd7, 0x5d, 0xb6, 0xc5, 0xd4, 0x6, 0xc3, 0x54,
    0x3, 0x26, 0x84, 0x3, 0x8b, 0x18, 0x7, 0x8d,
    0xec, 0x34, 0x28, 0x3, 0xf4, 0x30, 0x30, 0x10,
    0x7, 0xfc, 0x40, 0x20, 0x1a, 0x73, 0x38, 0xc4,
    0x4, 0x3, 0x29, 0x9f, 0x39, 0x2, 0x80, 0x6c,
    0xff, 0x98, 0x1, 0x61, 0xa0, 0x1f, 0xf3, 0x3,
    0x20, 0x7, 0xf8, 0x68, 0x2d, 0xc4, 0x2, 0x3a,
    0x60, 0x70, 0x5a, 0x8, 0xed, 0xce, 0xc5, 0x2b,
    0x30, 0x2, 0xf3, 0x99, 0xc0, 0x93, 0xa8, 0x0,

    /* U+011F "ğ" */
    0x0, 0x46, 0x90, 0x3f, 0x80, 0x68, 0x6d, 0xf9,
    0xa0, 0xe, 0xbe, 0xde, 0x50, 0xf, 0x9, 0x0,
    0x78, 0xab, 0xbe, 0xcb, 0x34, 0x7, 0x15, 0x1d,
    0xda, 0x40, 0xb, 0x1a, 0xa4, 0x62, 0x8, 0x1,
    0x49, 0x40, 0x29, 0x0, 0x18, 0x20, 0x6, 0x21,
    0x7, 0x1, 0x0, 0xe3, 0x7, 0x0, 0xf8, 0xc0,
    0xc1, 0x0, 0x30, 0x88, 0x0, 0xa6, 0xa0, 0x15,
    0x80, 0x56, 0x35, 0x48, 0xd4, 0x0, 0x87, 0xd5,
    0x1d, 0xb0, 0x4, 0x8, 0x6b, 0xbe, 0xcc, 0x18,
    0x33, 0x80, 0x34, 0x86, 0x4, 0x8e, 0xc4, 0x2d,
    0xcd, 0x81, 0xe8, 0x59, 0xd9, 0xf0, 0x0,

    /* U+0120 "Ġ" */
    0x0, 0xf0, 0x88, 0x3, 0xff, 0x81, 0x9c, 0x1,
    0xff, 0xce, 0xdf, 0x0, 0xfe, 0x18, 0xce, 0xfe,
    0xa4, 0x0, 0xe5, 0xe7, 0x25, 0x43, 0x5b, 0x80,
    0x9, 0x68, 0x6b, 0xae, 0xdb, 0x62, 0xea, 0x3,
    0x61, 0xaa, 0x1, 0x93, 0x42, 0x1, 0xc5, 0x8c,
    0x3, 0xc6, 0xf6, 0x1a, 0x14, 0x1, 0xfa, 0x18,
    0x18, 0x8, 0x3, 0xfe, 0x20, 0x10, 0xd, 0x39,
    0x9c, 0x62, 0x2, 0x1, 0x94, 0xcf, 0x9c, 0x81,
    0x40, 0x36, 0x7f, 0xcc, 0x0, 0xb0, 0xd0, 0xf,
    0xf9, 0x81, 0x90, 0x3, 0xfc, 0x34, 0x16, 0xe2,
    0x1, 0x1d, 0x30, 0x38, 0x2d, 0x4, 0x76, 0xe7,
    0x62, 0x95, 0x98, 0x1, 0x79, 0xcc, 0xe0, 0x49,
    0xd4, 0x0,

    /* U+0121 "ġ" */
    0x0, 0xd5, 0xe4, 0x1, 0xff, 0xc5, 0xae, 0x20,
    0xf, 0xc2, 0x1, 0xe2, 0xae, 0xfb, 0x2c, 0xd0,
    0x1c, 0x54, 0x77, 0x69, 0x0, 0x2c, 0x6a, 0x91,
    0x88, 0x20, 0x5, 0x25, 0x0, 0xa4, 0x0, 0x60,
    0x80, 0x18, 0x84, 0x1c, 0x4, 0x3, 0x8c, 0x1c,
    0x3, 0xe3, 0x3, 0x4, 0x0, 0xc2, 0x20, 0x2,
    0x9a, 0x80, 0x56, 0x1, 0x58, 0xd5, 0x23, 0x50,
    0x2, 0x1f, 0x54, 0x76, 0xc0, 0x10, 0x21, 0xae,
    0xfb, 0x30, 0x60, 0xce, 0x0, 0xd2, 0x18, 0x12,
    0x3b, 0x10, 0xb7, 0x36, 0x7, 0xa1, 0x67, 0x67,
    0xc0,

    /* U+0122 "Ģ" */
    0x0, 0x86, 0x33, 0xbf, 0xa9, 0x0, 0x39, 0x79,
    0xc9, 0x50, 0xd6, 0xe0, 0x2, 0x5a, 0x1a, 0xeb,
    0xb6, 0xd8, 0xba, 0x80, 0xd8, 0x6a, 0x80, 0x64,
    0xd0, 0x80, 0x71, 0x63, 0x0, 0xf1, 0xbd, 0x86,
    0x85, 0x0, 0x7e, 0x86, 0x6, 0x2, 0x0, 0xff,
    0x88, 0x4, 0x3, 0x4e, 0x67, 0x18, 0x80, 0x80,
    0x65, 0x33, 0xe7, 0x20, 0x50, 0xd, 0x9f, 0xf3,
    0x0, 0x2c, 0x34, 0x3, 0xfe, 0x60, 0x64, 0x0,
    0xff, 0xd, 0x5, 0xb8, 0x80, 0x47, 0x4c, 0xe,
    0xb, 0x41, 0x1d, 0xb9, 0xd8, 0xa5, 0x66, 0x0,
    0x5e, 0x73, 0x38, 0x12, 0x75, 0x0, 0x30, 0xc6,
    0x77, 0xf5, 0xb0, 0x7, 0xf4, 0x7b, 0x0, 0x7f,
    0xd8, 0x46, 0x1, 0xff, 0xc1, 0x50, 0xf, 0xf9,
    0xb0, 0x3, 0xc0,

    /* U+0123 "ģ" */
    0x0, 0xe2, 0x0, 0xfc, 0x7e, 0x20, 0x1f, 0x50,
    0x98, 0x7, 0xc6, 0x61, 0x0, 0xfa, 0xbc, 0xc0,
    0x3f, 0xf8, 0x65, 0x5d, 0xf6, 0x59, 0xa0, 0x38,
    0xa8, 0xee, 0xd2, 0x0, 0x58, 0xd5, 0x23, 0x10,
    0x40, 0xa, 0x4a, 0x1, 0x48, 0x0, 0xc1, 0x0,
    0x31, 0x8, 0x38, 0x8, 0x7, 0x18, 0x38, 0x7,
    0xc6, 0x6, 0x8, 0x1, 0x84, 0x40, 0x5, 0x35,
    0x0, 0xac, 0x2, 0xb1, 0xaa, 0x46, 0xa0, 0x4,
    0x3e, 0xa8, 0xed, 0x80, 0x20, 0x43, 0x5d, 0xf6,
    0x60, 0xc1, 0x9c, 0x1, 0xa4, 0x30, 0x24, 0x76,
    0x21, 0x6e, 0x6c, 0xf, 0x42, 0xce, 0xcf, 0x80,

    /* U+0124 "Ĥ" */
    0x0, 0xc7, 0xfe, 0x60, 0xf, 0xdc, 0x2b, 0x24,
    0x1, 0xe9, 0x2b, 0xb0, 0x78, 0x7, 0xa7, 0xd4,
    0x7f, 0x40, 0x26, 0xf8, 0x0, 0xf0, 0xfe, 0x80,
    0x7f, 0xfc, 0x9b, 0x33, 0xda, 0x1, 0x84, 0xcf,
    0xe0, 0xc, 0xff, 0xfe, 0xe0, 0xf, 0xff, 0xf0,

    /* U+0125 "ĥ" */
    0x0, 0x9f, 0xfc, 0x40, 0x18, 0xe1, 0x7, 0x80,
    0x37, 0x5, 0x59, 0xc0, 0x5, 0xbe, 0x2b, 0xf0,
    0x15, 0xe2, 0x1, 0xff, 0xd7, 0x39, 0xef, 0xc5,
    0x0, 0xb1, 0xd1, 0x7, 0x48, 0x0, 0x2f, 0xab,
    0x90, 0xe0, 0x4, 0x8, 0x1, 0x81, 0x80, 0xc,
    0x1, 0xf8, 0xc0, 0x38, 0x40, 0x3f, 0xfc, 0x20,

    /* U+0126 "Ħ" */
    0x0, 0x37, 0xc0, 0x7, 0x87, 0xf4, 0x3, 0xff,
    0x8e, 0x20, 0x10, 0x8f, 0x80, 0x21, 0x0, 0x74,
    0x83, 0xf7, 0x7c, 0x5, 0xce, 0x16, 0xe0, 0xb7,
    0x7f, 0x0, 0xdb, 0x2, 0x70, 0x12, 0x27, 0x94,
    0xd, 0x4, 0x3, 0x36, 0x67, 0xb4, 0x3, 0xf0,
    0x99, 0xfc, 0x1, 0xf9, 0xff, 0xfd, 0xc0, 0x1f,
    0xff, 0xf0, 0xf, 0xfe, 0x68,

    /* U+0127 "ħ" */
    0xa, 0xf1, 0x0, 0xf3, 0xb8, 0x26, 0x20, 0x60,
    0x14, 0x10, 0x3b, 0xca, 0x1, 0x7a, 0x87, 0x7f,
    0x98, 0x3, 0xc7, 0x3d, 0xf8, 0xa0, 0x1b, 0x1d,
    0x14, 0xe9, 0x0, 0x22, 0xfa, 0xa4, 0x87, 0x0,
    0x50, 0x20, 0x6, 0x6, 0x0, 0x98, 0x3, 0xf8,
    0xc0, 0x38, 0x40, 0x3f, 0xfc, 0xc0,

    /* U+0128 "Ĩ" */
    0x0, 0xf0, 0x80, 0x2f, 0xf1, 0x1b, 0x81, 0x55,
    0x4d, 0x72, 0xe0, 0x9a, 0xb5, 0xba, 0x80, 0x13,
    0x2f, 0x92, 0x0, 0xff, 0xff, 0x80, 0x7f, 0xf6,
    0xc0,

    /* U+0129 "ĩ" */
    0x5, 0xed, 0x73, 0xe6, 0xb, 0x45, 0x9c, 0x7,
    0xb, 0xb4, 0x75, 0xf8, 0x82, 0x88, 0x1, 0x4,
    0x3, 0x57, 0x88, 0x7, 0xff, 0xfc, 0x3, 0xe0,

    /* U+012A "Ī" */
    0x28, 0x8e, 0x66, 0x3b, 0xf5, 0x27, 0xff, 0x60,
    0x0, 0xbe, 0xc0, 0x3f, 0xff, 0xe0, 0x1f, 0xfc,
    0xd0,

    /* U+012B "ī" */
    0xdf, 0xfe, 0x4b, 0x77, 0xe6, 0x64, 0x47, 0x10,
    0x7, 0xf5, 0x78, 0x80, 0x7f, 0xff, 0x0,

    /* U+012C "Ĭ" */
    0xf, 0x40, 0x4, 0xc8, 0x17, 0xc4, 0xdb, 0x2,
    0xdb, 0xb1, 0x94, 0x7, 0x75, 0xd2, 0x1, 0x16,
    0xd0, 0x7, 0xff, 0xfc, 0x3, 0xff, 0x9a,

    /* U+012D "ĭ" */
    0x8c, 0x21, 0x7e, 0x9, 0xd, 0xe9, 0xb0, 0x1c,
    0xed, 0xe5, 0x0, 0x84, 0x80, 0x3a, 0xbc, 0x40,
    0x3f, 0xff, 0x80,

    /* U+012E "Į" */
    0x2f, 0xb0, 0xf, 0xff, 0xf8, 0x7, 0xff, 0x0,
    0x82, 0x0, 0x22, 0x2, 0x0, 0x8c, 0x29, 0xa0,
    0x45, 0xb, 0x4, 0x20,

    /* U+012F "į" */
    0xa, 0xf1, 0x0, 0xfa, 0xb8, 0x40, 0x21, 0x0,
    0xab, 0xc4, 0x3, 0xff, 0xd3, 0x2, 0x0, 0x54,
    0x0, 0xd0, 0xc8, 0x12, 0xb0, 0x20,

    /* U+0130 "İ" */
    0x1, 0x2, 0xea, 0x0, 0x8b, 0xe8, 0xbe, 0xc0,
    0x3f, 0xfb, 0xc0,

    /* U+0131 "ı" */
    0x1f, 0xa0, 0xf, 0xfe, 0x90,

    /* U+0132 "Ĳ" */
    0x2f, 0xb0, 0xf, 0xa3, 0xd8, 0x3, 0xff, 0xfe,
    0x1, 0xff, 0xe2, 0x39, 0x30, 0xf, 0xf2, 0xb2,
    0x80, 0x42, 0x4, 0x1, 0x94, 0x2c, 0x40, 0x5c,
    0x14, 0x3, 0x19, 0x8b, 0xb3, 0x85, 0x84, 0x3,
    0xb5, 0x84, 0xca, 0x24, 0x0,

    /* U+0133 "ĳ" */
    0xaf, 0x10, 0x3f, 0x80, 0xf, 0xab, 0x84, 0xf,
    0xa0, 0x4, 0x2, 0x10, 0xaf, 0x10, 0x3f, 0x80,
    0xf, 0xff, 0xd5, 0x78, 0x80, 0x7e, 0x60, 0xf0,
    0x1, 0x4c, 0x1, 0x80, 0x19, 0x86, 0xe8,

    /* U+0134 "Ĵ" */
    0x0, 0xe1, 0xdf, 0xb0, 0xf, 0xb4, 0xa9, 0x28,
    0x3, 0x8d, 0x2d, 0x68, 0x88, 0x1, 0x8e, 0x10,
    0x16, 0x8, 0x3, 0xd1, 0xec, 0x1, 0xff, 0xff,
    0x0, 0xff, 0xe7, 0x1c, 0x98, 0x7, 0xe5, 0x65,
    0x0, 0x84, 0x8, 0x0, 0xa1, 0x62, 0x2, 0xe0,
    0xa0, 0x3, 0x31, 0x76, 0x70, 0xb0, 0x80, 0x5a,
    0xc2, 0x65, 0x12, 0x1, 0x0,

    /* U+0135 "ĵ" */
    0x3, 0xff, 0x38, 0x0, 0x74, 0x9e, 0x14, 0x1d,
    0x3e, 0x1b, 0x1, 0xa8, 0x82, 0x64, 0x1, 0x57,
    0x88, 0x7, 0xff, 0xfc, 0x3, 0xcc, 0x2, 0x0,
    0x6a, 0x33, 0x0, 0x5a, 0xa7, 0xe0, 0x10,

    /* U+0136 "Ķ" */
    0x8f, 0x50, 0xe, 0x1e, 0xf8, 0x0, 0xfc, 0x38,
    0x2f, 0x0, 0x1f, 0xe, 0x13, 0x40, 0x7, 0xed,
    0x26, 0x90, 0xf, 0xd8, 0x6d, 0x20, 0x1f, 0xac,
    0xda, 0x40, 0x3e, 0x3b, 0x40, 0xc0, 0xf, 0xd0,
    0x88, 0xb, 0x10, 0xf, 0x85, 0x6d, 0xc6, 0x80,
    0x3e, 0x5a, 0x8, 0x24, 0x70, 0xf, 0x78, 0x5,
    0xc1, 0x4, 0x1, 0xfc, 0x6e, 0x1e, 0x1, 0xfe,
    0x82, 0x24, 0x0, 0x7f, 0xb8, 0x1d, 0x0, 0x3f,
    0x8d, 0xc2, 0x86, 0x3d, 0x40, 0x3d, 0x1f, 0xc2,
    0x1, 0x87, 0xf0, 0x3, 0xfc, 0x28, 0xe0, 0x1f,
    0xe1, 0x7e, 0x0, 0xff, 0xf, 0xa8, 0x7, 0x80,

    /* U+0137 "ķ" */
    0xbf, 0x10, 0xf, 0xfe, 0xd2, 0x7f, 0x10, 0x6,
    0x3b, 0x1c, 0x20, 0x8, 0xb4, 0x70, 0x80, 0x22,
    0xc0, 0xd2, 0x0, 0xda, 0x26, 0x60, 0xe, 0x14,
    0x27, 0x0, 0xeb, 0xa1, 0x82, 0x0, 0xca, 0x30,
    0x12, 0x1, 0xe6, 0x34, 0x50, 0xf, 0x70, 0x58,
    0x80, 0x71, 0x38, 0xc5, 0xf8, 0x80, 0x51, 0xf2,
    0x1, 0x4f, 0xa0, 0x7, 0xb0, 0x5c, 0x3, 0xe2,
    0x30, 0xf, 0x3e, 0x0, 0x60,

    /* U+0138 "ĸ" */
    0xbf, 0x10, 0x4, 0xfc, 0x0, 0x64, 0x65, 0xc0,
    0xd, 0xe7, 0x48, 0x1, 0x12, 0x50, 0x7, 0x40,
    0xb0, 0x6, 0xe5, 0xd0, 0xe, 0xb3, 0xd2, 0x0,
    0xcb, 0xa3, 0xe0, 0x1c, 0x30, 0x4e, 0x1, 0xce,
    0x50, 0x20, 0x1d, 0x21, 0x60,

    /* U+0139 "Ĺ" */
    0x2, 0xfe, 0x10, 0xf, 0x40, 0x68, 0x80, 0x70,
    0xbc, 0x18, 0x7, 0x87, 0x5c, 0x3, 0xe8, 0xf6,
    0x0, 0xff, 0xff, 0x80, 0x7f, 0xfa, 0xaf, 0x33,
    0xca, 0x0, 0x23, 0x3f, 0x10,

    /* U+013A "ĺ" */
    0xe, 0xf3, 0x61, 0x83, 0xd5, 0x70, 0xba, 0x0,
    0x57, 0x88, 0x7, 0xff, 0xb4,

    /* U+013B "Ļ" */
    0x8f, 0x60, 0xf, 0xff, 0xf8, 0x7, 0xff, 0xaa,
    0xf3, 0x3c, 0xa0, 0x2, 0x33, 0xf1, 0x47, 0xff,
    0xe7, 0x0, 0xdb, 0xe0, 0x1f, 0x94, 0x3, 0xf8,
    0x58, 0x3, 0xf5, 0x48, 0x6,

    /* U+013C "ļ" */
    0xaf, 0x10, 0xf, 0xfe, 0xf5, 0x78, 0xd7, 0x9e,
    0x0, 0x82, 0x12, 0x58, 0x0,

    /* U+013D "Ľ" */
    0x3f, 0xb0, 0xbf, 0x30, 0xe, 0x38, 0x49, 0x47,
    0x30, 0xf, 0x3a, 0x31, 0xc0, 0x7, 0xeb, 0xfc,
    0x0, 0xfe, 0x8f, 0x60, 0xf, 0xff, 0xf8, 0x7,
    0xff, 0xfc, 0x3, 0xaf, 0x33, 0xca, 0x1, 0x88,
    0xcf, 0xc4,

    /* U+013E "ľ" */
    0x8f, 0x61, 0xed, 0x8, 0x38, 0xb1, 0xe0, 0x6,
    0x82, 0xb9, 0x80, 0x7, 0xbe, 0x0, 0x35, 0x78,
    0x80, 0x7f, 0xff, 0xc0, 0x3f, 0xf9, 0xa0,

    /* U+013F "Ŀ" */
    0x8f, 0x60, 0xf, 0xff, 0x90, 0x88, 0x3, 0xf7,
    0x60, 0x7, 0xff, 0x1b, 0xf4, 0x3, 0xff, 0xaf,
    0x79, 0x9e, 0x50, 0x1, 0x19, 0xf8, 0x80,

    /* U+0140 "ŀ" */
    0xaf, 0x10, 0xf, 0xfe, 0xc8, 0x80, 0x68, 0xe4,
    0x0, 0xfe, 0x8f, 0x40, 0xf, 0xfe, 0x90,

    /* U+0141 "Ł" */
    0x9, 0xf5, 0x0, 0xff, 0xeb, 0x13, 0x80, 0x7e,
    0x4d, 0x0, 0xfd, 0xf6, 0xce, 0x1, 0xf2, 0xc4,
    0x80, 0x78, 0x82, 0x1c, 0x3, 0xd4, 0x80, 0x40,
    0x1f, 0x21, 0x80, 0x7f, 0x62, 0x80, 0x7f, 0x10,
    0x7, 0xff, 0x32, 0x33, 0x3c, 0xa0, 0x11, 0x19,
    0xfc,

    /* U+0142 "ł" */
    0xb, 0xf0, 0xf, 0xfe, 0x6b, 0xa8, 0x5, 0xc,
    0xe, 0x18, 0x78, 0x60, 0x60, 0x3, 0x0, 0xb1,
    0xc0, 0x3f, 0xf9, 0x60,

    /* U+0143 "Ń" */
    0x0, 0xf7, 0xf8, 0x80, 0x3f, 0x38, 0x49, 0x0,
    0x7e, 0xb6, 0x60, 0x7, 0xf6, 0x48, 0x7, 0x37,
    0xe8, 0x7, 0xdf, 0xa0, 0x2, 0x70, 0xf, 0xfa,
    0x8, 0x3, 0xf8, 0xc2, 0x40, 0x3f, 0xa8, 0xd1,
    0x40, 0x3f, 0xb8, 0x2c, 0x40, 0x3f, 0x14, 0xd,
    0x80, 0x7f, 0x39, 0x2a, 0x0, 0x7f, 0x70, 0x48,
    0x7, 0xf1, 0xb1, 0x40, 0x7, 0xf4, 0x8b, 0x98,
    0x7, 0xf5, 0x87, 0x80, 0x7f, 0x2a, 0x8c, 0x3,
    0xfd, 0x60, 0x1f, 0xf0, 0xc8, 0x0,

    /* U+0144 "ń" */
    0x0, 0xd7, 0xec, 0x1, 0xc4, 0x8a, 0xc0, 0x1d,
    0x47, 0x40, 0x1e, 0x8c, 0x0, 0xd5, 0xe3, 0x5d,
    0xf8, 0xa0, 0x17, 0x8c, 0x40, 0xa9, 0x0, 0x9,
    0x6c, 0xf4, 0x1c, 0x0, 0xe0, 0x9, 0x1, 0x80,
    0xc, 0x1, 0xf8, 0xc0, 0x38, 0x40, 0x3f, 0xfc,
    0x20,

    /* U+0145 "Ņ" */
    0x6f, 0xd0, 0xf, 0xbf, 0x40, 0x4, 0xe0, 0x1f,
    0xf4, 0x10, 0x7, 0xf1, 0x84, 0x80, 0x7f, 0x51,
    0xa2, 0x80, 0x7f, 0x70, 0x58, 0x80, 0x7e, 0x28,
    0x1b, 0x0, 0xfe, 0x72, 0x54, 0x0, 0xfe, 0xe0,
    0x90, 0xf, 0xe3, 0x62, 0x80, 0xf, 0xe9, 0x17,
    0x30, 0xf, 0xeb, 0xf, 0x0, 0xfe, 0x55, 0x18,
    0x7, 0xfa, 0xc0, 0x3f, 0xe1, 0x90, 0x3, 0x7b,
    0x0, 0x79, 0xbf, 0x40, 0x3a, 0xbc, 0xc0, 0x3f,
    0xb0, 0x4, 0x3, 0xfc, 0x84, 0x1, 0xfc, 0x96,
    0x1, 0xc0,

    /* U+0146 "ņ" */
    0xaf, 0x1a, 0xef, 0xc5, 0x0, 0xbc, 0x62, 0x5,
    0x48, 0x0, 0x4b, 0x67, 0xa0, 0xe0, 0x7, 0x0,
    0x48, 0xc, 0x0, 0x60, 0xf, 0xc6, 0x1, 0xc2,
    0x1, 0xff, 0xe1, 0xaf, 0x10, 0xd, 0xfa, 0x1,
    0x37, 0xb8, 0x7, 0x94, 0x84, 0x3, 0xf3, 0x80,
    0x78, 0xb0, 0x40, 0x20,

    /* U+0147 "Ň" */
    0x0, 0x9f, 0xd8, 0x7b, 0x82, 0x1, 0xce, 0x91,
    0x63, 0x42, 0x1, 0xea, 0x5, 0x74, 0x0, 0xf8,
    0x7b, 0xe0, 0x3, 0x37, 0xe8, 0x7, 0xdf, 0xa0,
    0x2, 0x70, 0xf, 0xfa, 0x8, 0x3, 0xf8, 0xc2,
    0x40, 0x3f, 0xa8, 0xd1, 0x40, 0x3f, 0xb8, 0x2c,
    0x40, 0x3f, 0x14, 0xd, 0x80, 0x7f, 0x39, 0x2a,
    0x0, 0x7f, 0x70, 0x48, 0x7, 0xf1, 0xb1, 0x40,
    0x7, 0xf4, 0x8b, 0x98, 0x7, 0xf5, 0x87, 0x80,
    0x7f, 0x2a, 0x8c, 0x3, 0xfd, 0x60, 0x1f, 0xf0,
    0xc8, 0x0,

    /* U+0148 "ň" */
    0x2, 0xfc, 0xb, 0xf4, 0x0, 0x15, 0x9e, 0x24,
    0xa0, 0x4, 0x94, 0xd0, 0xc0, 0x1c, 0xb4, 0xe0,
    0x15, 0x78, 0xd7, 0x7e, 0x28, 0x5, 0xe3, 0x10,
    0x2a, 0x40, 0x2, 0x5b, 0x3d, 0x7, 0x0, 0x38,
    0x2, 0x40, 0x60, 0x3, 0x0, 0x7e, 0x30, 0xe,
    0x10, 0xf, 0xff, 0x8,

    /* U+0149 "ŉ" */
    0xe, 0xf0, 0xf, 0xfe, 0x66, 0x8, 0x7, 0xfc,
    0xae, 0x1, 0xff, 0xc, 0xa7, 0xab, 0xef, 0xf4,
    0x0, 0x4c, 0x1, 0x44, 0xd4, 0xab, 0xd0, 0x7,
    0x8f, 0xdd, 0xac, 0x94, 0x3, 0xce, 0x20, 0x13,
    0x81, 0x0, 0x70, 0x80, 0x63, 0x0, 0xfb, 0xc0,
    0x3f, 0xff, 0x80,

    /* U+014A "Ŋ" */
    0x6f, 0x80, 0x6c, 0xff, 0x63, 0x0, 0x70, 0xe4,
    0x8a, 0x19, 0xa6, 0x80, 0x33, 0xe, 0xea, 0xf3,
    0x2, 0xaa, 0x0, 0xde, 0x40, 0x11, 0xd0, 0x48,
    0x4, 0x84, 0x1, 0xc8, 0x26, 0x20, 0x2, 0x0,
    0xf9, 0x1, 0x40, 0x2, 0x1, 0xf1, 0x0, 0x80,
    0x7f, 0xf0, 0xc, 0x3, 0xff, 0xfe, 0x1, 0xff,
    0xc1, 0x10, 0x36, 0xf8, 0x0, 0xf8, 0x81, 0x80,
    0x3c, 0x20, 0x4, 0x40, 0x98, 0x7, 0xf, 0x6e,
    0xac, 0x20, 0x3, 0xc6, 0x86, 0x47, 0x4c, 0x0,

    /* U+014B "ŋ" */
    0xaf, 0x1a, 0xef, 0xc5, 0x0, 0xbc, 0x62, 0x5,
    0x48, 0x0, 0x4b, 0x67, 0xa0, 0xd0, 0x7, 0x0,
    0x48, 0x4, 0x0, 0x60, 0xe, 0x70, 0x1, 0x80,
    0x7f, 0xf9, 0xeb, 0xc4, 0x3, 0xff, 0x80, 0x20,
    0xe0, 0x1d, 0x3a, 0x18, 0x1, 0x85, 0xcd, 0x5c,

    /* U+014C "Ō" */
    0x0, 0xc9, 0xff, 0xd8, 0x1, 0xf9, 0x9d, 0xfa,
    0x80, 0x3f, 0x14, 0x47, 0x30, 0x7, 0xe3, 0x9d,
    0xfe, 0xc7, 0x0, 0xfa, 0x31, 0x81, 0x8, 0xe3,
    0x88, 0x3, 0x3b, 0x86, 0xf6, 0xf3, 0xdc, 0x70,
    0x40, 0x5, 0x3, 0xe8, 0x1, 0xa1, 0xc6, 0x80,
    0x16, 0x12, 0x20, 0x1e, 0x81, 0x42, 0x4, 0x5,
    0x0, 0xfc, 0xe0, 0x80, 0x40, 0x40, 0x1f, 0xbc,
    0x38, 0x0, 0x20, 0x1f, 0xc6, 0x2, 0x0, 0x10,
    0xf, 0xe3, 0x0, 0x88, 0x4, 0x3, 0xf7, 0x87,
    0x82, 0x3, 0x0, 0x7e, 0x70, 0x40, 0xb0, 0x82,
    0x0, 0xf3, 0x8a, 0x10, 0x14, 0x6, 0x20, 0x6,
    0x88, 0xc, 0x80, 0x4f, 0x3, 0x7b, 0x79, 0xee,
    0x3a, 0x40, 0x19, 0xf1, 0x81, 0xc, 0xd1, 0xc6,
    0x0,

    /* U+014D "ō" */
    0x0, 0x47, 0xff, 0x48, 0x6, 0xc7, 0x7e, 0xd0,
    0xc, 0x91, 0x1c, 0x80, 0x1f, 0xfc, 0x31, 0x8e,
    0xfe, 0x91, 0x0, 0x87, 0xdd, 0x5d, 0x5b, 0xc8,
    0x1, 0x63, 0x37, 0x17, 0x43, 0xc0, 0x5, 0x26,
    0x0, 0x95, 0xc, 0x8c, 0x10, 0x3, 0xb0, 0x1d,
    0xc0, 0x20, 0x1c, 0x20, 0x6e, 0x4, 0x1, 0xdc,
    0x6, 0x60, 0x70, 0xe, 0x40, 0x70, 0x42, 0x70,
    0x9, 0xc, 0xc4, 0x14, 0x31, 0x91, 0x56, 0x3c,
    0x0, 0x1f, 0x71, 0x74, 0x6f, 0x20,

    /* U+014E "Ŏ" */
    0x0, 0xef, 0x71, 0x2d, 0x80, 0xf, 0xea, 0x9e,
    0xd1, 0x90, 0xf, 0xe5, 0xed, 0xec, 0x10, 0xf,
    0xf8, 0x84, 0x3, 0xfc, 0x73, 0xbf, 0xd8, 0xe0,
    0x1f, 0x46, 0x30, 0x21, 0x1c, 0x71, 0x0, 0x67,
    0x70, 0xde, 0xde, 0x7b, 0x8e, 0x8, 0x0, 0xa0,
    0x7d, 0x0, 0x34, 0x38, 0xd0, 0x2, 0xc2, 0x44,
    0x3, 0xd0, 0x28, 0x40, 0x80, 0xa0, 0x1f, 0x9c,
    0x10, 0x8, 0x8, 0x3, 0xf7, 0x87, 0x0, 0x4,
    0x3, 0xf8, 0xc0, 0x40, 0x2, 0x1, 0xfc, 0x60,
    0x11, 0x0, 0x80, 0x7e, 0xf0, 0xf0, 0x40, 0x60,
    0xf, 0xce, 0x8, 0x16, 0x10, 0x40, 0x1e, 0x71,
    0x42, 0x2, 0x80, 0xc4, 0x0, 0xd1, 0x1, 0x90,
    0x9, 0xe0, 0x6f, 0x6f, 0x3d, 0xc7, 0x48, 0x3,
    0x3e, 0x30, 0x21, 0x9a, 0x38, 0xc0, 0x0,

    /* U+014F "ŏ" */
    0x0, 0x1f, 0xa0, 0x1f, 0xa0, 0x6, 0x38, 0xbf,
    0xc6, 0x40, 0xe, 0x7e, 0xde, 0x90, 0xf, 0x84,
    0x84, 0x3, 0xc3, 0x1d, 0xfd, 0x22, 0x1, 0xf,
    0xba, 0xba, 0xb7, 0x90, 0x2, 0xc6, 0x6e, 0x2e,
    0x87, 0x80, 0xa, 0x4c, 0x1, 0x2a, 0x19, 0x18,
    0x20, 0x7, 0x60, 0x3b, 0x80, 0x40, 0x38, 0x40,
    0xdc, 0x8, 0x3, 0xb8, 0xc, 0xc0, 0xe0, 0x1c,
    0x80, 0xe0, 0x84, 0xe0, 0x12, 0x19, 0x88, 0x28,
    0x63, 0x22, 0xac, 0x78, 0x0, 0x3e, 0xe2, 0xe8,
    0xde, 0x40,

    /* U+0150 "Ő" */
    0x0, 0xe1, 0xff, 0x16, 0x7b, 0x0, 0x7e, 0x90,
    0xa1, 0x36, 0x60, 0x7, 0xe4, 0x75, 0xb4, 0x90,
    0xf, 0xec, 0x80, 0x8b, 0x0, 0xfe, 0x39, 0xdf,
    0xec, 0x70, 0xf, 0xa3, 0x18, 0x10, 0x8e, 0x38,
    0x80, 0x33, 0xb8, 0x6f, 0x6f, 0x3d, 0xc7, 0x4,
    0x0, 0x50, 0x3e, 0x80, 0x1a, 0x1c, 0x68, 0x1,
    0x61, 0x22, 0x1, 0xe8, 0x14, 0x20, 0x40, 0x50,
    0xf, 0xce, 0x8, 0x4, 0x4, 0x1, 0xfb, 0xc3,
    0x80, 0x2, 0x1, 0xfc, 0x60, 0x20, 0x1, 0x0,
    0xfe, 0x30, 0x8, 0x80, 0x40, 0x3f, 0x78, 0x78,
    0x20, 0x30, 0x7, 0xe7, 0x4, 0xb, 0x8, 0x20,
    0xf, 0x38, 0xa1, 0x1, 0x40, 0x62, 0x0, 0x68,
    0x80, 0xc8, 0x4, 0xf0, 0x37, 0xb7, 0x9e, 0xe3,
    0xa4, 0x1, 0x9f, 0x18, 0x10, 0xcd, 0x1c, 0x60,
    0x0,

    /* U+0151 "ő" */
    0x0, 0x97, 0xf0, 0x7f, 0xc4, 0x1, 0xa4, 0x75,
    0x82, 0x88, 0x2, 0x21, 0xa1, 0xb7, 0x50, 0xc,
    0x5a, 0x81, 0x90, 0x1, 0xc3, 0x1d, 0xfd, 0x22,
    0x1, 0xf, 0xba, 0xba, 0xb7, 0x90, 0x2, 0xc6,
    0x6e, 0x2e, 0x87, 0x80, 0xa, 0x4c, 0x1, 0x2a,
    0x19, 0x18, 0x20, 0x7, 0x60, 0x3b, 0x80, 0x40,
    0x38, 0x40, 0xdc, 0x8, 0x3, 0xb8, 0xc, 0xc0,
    0xe0, 0x1c, 0x80, 0xe0, 0x84, 0xe0, 0x12, 0x19,
    0x88, 0x28, 0x63, 0x22, 0xac, 0x78, 0x0, 0x3e,
    0xe2, 0xe8, 0xde, 0x40,

    /* U+0152 "Œ" */
    0x0, 0x9b, 0x3f, 0xd8, 0xa3, 0xff, 0xf8, 0x40,
    0x17, 0x26, 0xaa, 0x2a, 0x90, 0x13, 0x3f, 0x8,
    0x42, 0x1f, 0x55, 0x39, 0x1c, 0x17, 0x33, 0xc0,
    0x2e, 0x1a, 0x20, 0x15, 0x88, 0x7, 0xf2, 0x3,
    0x8, 0x7, 0x30, 0x7, 0xf6, 0x7, 0x80, 0x7b,
    0x40, 0x3f, 0x8c, 0x8, 0x3, 0xcc, 0xb, 0x99,
    0xcc, 0x2, 0xe, 0x1, 0xe1, 0x1, 0x33, 0xef,
    0x1, 0x7, 0x0, 0xf0, 0x82, 0x7f, 0xf4, 0x81,
    0x81, 0x0, 0x79, 0x80, 0x3f, 0xb0, 0x3c, 0x3,
    0xda, 0x1, 0xfc, 0xa0, 0xc2, 0x1, 0xcc, 0x1,
    0xfe, 0x70, 0xa0, 0xd, 0x62, 0x1, 0xfe, 0x84,
    0x47, 0x55, 0x39, 0x20, 0x17, 0x33, 0xc8, 0x0,
    0xb9, 0x25, 0x51, 0x5b, 0x80, 0x99, 0xf8, 0x40,

    /* U+0153 "œ" */
    0x0, 0xc, 0x6f, 0xf5, 0x10, 0xc, 0xf7, 0xeb,
    0x80, 0x61, 0xc7, 0x67, 0x45, 0xc4, 0xf6, 0x47,
    0x68, 0xb0, 0xa, 0x9, 0xee, 0x2a, 0xc6, 0xc6,
    0xa9, 0x16, 0xe8, 0xc0, 0x6, 0x18, 0x0, 0x91,
    0x0, 0x8a, 0x1, 0x40, 0x50, 0x10, 0x20, 0x7,
    0x60, 0x3c, 0x47, 0x9, 0x80, 0x81, 0x80, 0x70,
    0x81, 0xbb, 0xf0, 0x80, 0x4, 0xc, 0x3, 0x84,
    0x1f, 0xff, 0xe0, 0x20, 0x40, 0xe, 0xb0, 0x40,
    0xe, 0x96, 0x0, 0x30, 0xc0, 0x4, 0xa6, 0x6,
    0xc0, 0x13, 0x33, 0xc0, 0x10, 0x4f, 0x91, 0x74,
    0x36, 0x33, 0x71, 0x72, 0x50, 0x0, 0x1c, 0x71,
    0x75, 0x6f, 0x4f, 0x65, 0x76, 0x66, 0x8, 0x0,

    /* U+0154 "Ŕ" */
    0x0, 0xe5, 0xfc, 0x0, 0xff, 0xa4, 0x74, 0x3,
    0xfc, 0x63, 0x42, 0x1, 0xfe, 0x3d, 0x40, 0xf,
    0x9b, 0xff, 0xee, 0xa2, 0x0, 0xe2, 0x55, 0xc8,
    0xb, 0xa4, 0x1, 0x96, 0xab, 0x5f, 0x28, 0x40,
    0x7, 0xfd, 0x60, 0xa0, 0x1f, 0xf0, 0x80, 0x7f,
    0xf0, 0x4c, 0x8, 0x3, 0xfc, 0x9c, 0x14, 0x1,
    0x9f, 0xff, 0xac, 0x9d, 0xc0, 0x18, 0x4c, 0xc4,
    0x0, 0x6e, 0x80, 0xe, 0x6c, 0xc6, 0xe0, 0xb2,
    0x0, 0x7f, 0x8f, 0x42, 0x90, 0x3, 0xfc, 0x72,
    0x14, 0x1, 0xff, 0x31, 0x8c, 0x80, 0x7f, 0xdc,
    0xc, 0x60, 0x1f, 0xe2, 0x80, 0xe0,

    /* U+0155 "ŕ" */
    0x0, 0x47, 0xd0, 0x4, 0xc5, 0x40, 0x5, 0x3f,
    0x0, 0x97, 0x48, 0x1, 0x7c, 0x7b, 0xf2, 0x0,
    0xd1, 0x41, 0x1, 0x4c, 0xb8, 0x0, 0x48, 0x7,
    0x10, 0x7, 0x8, 0x7, 0xff, 0x54,

    /* U+0156 "Ŗ" */
    0x6f, 0xff, 0xba, 0x88, 0x3, 0x89, 0x57, 0x20,
    0x2e, 0x90, 0x6, 0x5a, 0xad, 0x7c, 0xa1, 0x0,
    0x1f, 0xf5, 0x82, 0x80, 0x7f, 0xc2, 0x1, 0xff,
    0xc1, 0x30, 0x20, 0xf, 0xf2, 0x70, 0x50, 0x6,
    0x7f, 0xfe, 0xb2, 0x77, 0x0, 0x61, 0x33, 0x10,
    0x1, 0xba, 0x0, 0x39, 0xb3, 0x1b, 0x82, 0xc8,
    0x1, 0xfe, 0x3d, 0xa, 0x40, 0xf, 0xf1, 0xc8,
    0x50, 0x7, 0xfc, 0xc6, 0x32, 0x1, 0xff, 0x70,
    0x31, 0x80, 0x7f, 0x8a, 0x3, 0x81, 0xbe, 0x0,
    0x3e, 0x7f, 0xd0, 0xf, 0x37, 0xb8, 0x7, 0xfc,
    0xa4, 0x20, 0x1f, 0xfc, 0x17, 0x0, 0xff, 0x8b,
    0x4, 0x3, 0xc0,

    /* U+0157 "ŗ" */
    0xbe, 0x3d, 0xf9, 0x0, 0x68, 0xa0, 0x80, 0xa6,
    0x5c, 0x0, 0x24, 0x3, 0x88, 0x3, 0x84, 0x3,
    0xff, 0xab, 0x7e, 0x1, 0xb3, 0xc8, 0x2, 0xb0,
    0x30, 0xc, 0xa2, 0x1, 0x2d, 0x0, 0x60,

    /* U+0158 "Ř" */
    0x0, 0xb7, 0xc5, 0xbe, 0x40, 0x3f, 0x78, 0x5c,
    0x14, 0x80, 0x7e, 0x29, 0x51, 0xe0, 0xf, 0xf3,
    0x7f, 0x8c, 0x3, 0xcd, 0xff, 0xf7, 0x51, 0x0,
    0x71, 0x2a, 0xe4, 0x5, 0xd2, 0x0, 0xcb, 0x55,
    0xaf, 0x94, 0x20, 0x3, 0xfe, 0xb0, 0x50, 0xf,
    0xf8, 0x40, 0x3f, 0xf8, 0x26, 0x4, 0x1, 0xfe,
    0x4e, 0xa, 0x0, 0xcf, 0xff, 0xd6, 0x4e, 0xe0,
    0xc, 0x26, 0x62, 0x0, 0x37, 0x40, 0x7, 0x36,
    0x63, 0x70, 0x59, 0x0, 0x3f, 0xc7, 0xa1, 0x48,
    0x1, 0xfe, 0x39, 0xa, 0x0, 0xff, 0x98, 0xc6,
    0x40, 0x3f, 0xee, 0x6, 0x30, 0xf, 0xf1, 0x40,
    0x70, 0x0,

    /* U+0159 "ř" */
    0x1e, 0xd0, 0x9f, 0x51, 0xd2, 0xc6, 0x75, 0x3,
    0xa6, 0x78, 0x0, 0x96, 0xa0, 0x2, 0xbe, 0x3d,
    0xf9, 0x0, 0xb4, 0x50, 0x40, 0x2, 0x99, 0x70,
    0x1, 0x48, 0x7, 0x88, 0x3, 0xc2, 0x1, 0xff,
    0xda,

    /* U+015A "Ś" */
    0x0, 0xf3, 0xfd, 0x0, 0x7f, 0xa4, 0xa8, 0x3,
    0xf9, 0xf, 0x80, 0x3f, 0xc9, 0xa6, 0x1, 0xf9,
    0x2f, 0xbf, 0xad, 0x40, 0x3a, 0x2d, 0x0, 0xc1,
    0x2a, 0x80, 0x11, 0xb9, 0x67, 0x67, 0x61, 0x2b,
    0x0, 0x10, 0x20, 0xc0, 0x23, 0x90, 0xd0, 0xc,
    0x60, 0x1c, 0x91, 0xc0, 0x4, 0x9, 0x61, 0x0,
    0xce, 0xa0, 0x3, 0x90, 0x9e, 0xc9, 0x40, 0xf,
    0x36, 0xb9, 0x1b, 0x5f, 0x38, 0x7, 0x14, 0x6f,
    0x52, 0x8c, 0x40, 0x3, 0xe1, 0x5a, 0xd1, 0x71,
    0xf, 0xc0, 0xf, 0x13, 0x82, 0x81, 0x19, 0x0,
    0x78, 0x81, 0xc2, 0xc3, 0x14, 0x3, 0x42, 0x11,
    0x83, 0x30, 0x6b, 0xf7, 0x5e, 0xe3, 0xe0, 0x14,
    0xda, 0x89, 0x14, 0xfe, 0x40,

    /* U+015B "ś" */
    0x0, 0xc7, 0xfa, 0x20, 0x1e, 0x90, 0xe1, 0x0,
    0xe1, 0x79, 0x30, 0xf, 0xe, 0xb0, 0x7, 0x9f,
    0x7f, 0xad, 0x0, 0x29, 0x81, 0x77, 0x2d, 0xa0,
    0x1, 0x93, 0x22, 0x70, 0x3c, 0x2, 0x61, 0x0,
    0x17, 0x58, 0x1, 0x8b, 0xb1, 0xcc, 0x40, 0x29,
    0x91, 0x1c, 0x66, 0x98, 0x4, 0xdb, 0xd4, 0x85,
    0xa0, 0x50, 0x80, 0x2b, 0x6a, 0x24, 0x6f, 0x0,
    0x19, 0x80, 0xc5, 0x8f, 0x66, 0x34, 0xdc, 0x42,
    0x64, 0x2e, 0xe1, 0xa8, 0x0,

    /* U+015C "Ŝ" */
    0x0, 0xe4, 0x85, 0x0, 0xfe, 0x1b, 0x7a, 0x30,
    0xf, 0xda, 0x18, 0x5a, 0x20, 0x1e, 0x24, 0xa3,
    0xe6, 0x50, 0xf, 0x14, 0x28, 0x1c, 0x20, 0x7,
    0x92, 0xfb, 0xfa, 0xd4, 0x3, 0xa2, 0xd0, 0xc,
    0x12, 0xa8, 0x1, 0x1b, 0x96, 0x76, 0x76, 0x12,
    0xb0, 0x1, 0x2, 0xc, 0x2, 0x39, 0xd, 0x0,
    0xc6, 0x1, 0xc9, 0x1c, 0x0, 0x40, 0x96, 0x10,
    0xc, 0xea, 0x0, 0x39, 0x9, 0xec, 0x94, 0x0,
    0xf3, 0x6b, 0x91, 0xb5, 0xf3, 0x80, 0x71, 0x46,
    0xf5, 0x28, 0xc4, 0x0, 0x3e, 0x15, 0xad, 0x17,
    0x10, 0xfc, 0x0, 0xf1, 0x38, 0x28, 0x11, 0x90,
    0x7, 0x88, 0x1c, 0x2c, 0x31, 0x40, 0x34, 0x21,
    0x18, 0x33, 0x6, 0xbf, 0x75, 0xee, 0x3e, 0x1,
    0x4d, 0xa8, 0x91, 0x4f, 0xe4, 0x0,

    /* U+015D "ŝ" */
    0x0, 0xa3, 0xfc, 0x40, 0x1c, 0x8e, 0xc5, 0xe0,
    0x1d, 0xe9, 0x32, 0x17, 0x0, 0xd7, 0x60, 0x4c,
    0x70, 0xc, 0xfb, 0xfd, 0x68, 0x1, 0x4c, 0xb,
    0xb9, 0x6d, 0x0, 0xc, 0x99, 0x13, 0x81, 0xe0,
    0x13, 0x8, 0x0, 0xba, 0xc0, 0xc, 0x5d, 0x8e,
    0x62, 0x1, 0x4c, 0x88, 0xe3, 0x34, 0xc0, 0x26,
    0xde, 0xa4, 0x2d, 0x2, 0x84, 0x1, 0x5b, 0x51,
    0x23, 0x78, 0x0, 0xcc, 0x6, 0x2c, 0x7b, 0x31,
    0xa6, 0xe2, 0x13, 0x21, 0x77, 0xd, 0x40, 0x0,

    /* U+015E "Ş" */
    0x0, 0x92, 0xfb, 0xfa, 0xd4, 0x3, 0xa2, 0xd0,
    0xc, 0x12, 0xa8, 0x1, 0x1b, 0x96, 0x76, 0x76,
    0x12, 0xb0, 0x1, 0x2, 0xc, 0x2, 0x39, 0xd,
    0x0, 0xc6, 0x1, 0xc9, 0x1c, 0x0, 0x40, 0x96,
    0x10, 0xc, 0xea, 0x0, 0x39, 0x9, 0xec, 0x94,
    0x0, 0xf3, 0x6b, 0x91, 0xb5, 0xf3, 0x80, 0x71,
    0x46, 0xf5, 0x28, 0xc4, 0x0, 0x3e, 0x15, 0xad,
    0x17, 0x10, 0xfc, 0x0, 0xf1, 0x38, 0x28, 0x11,
    0x90, 0x7, 0x88, 0x1c, 0x2c, 0x31, 0x40, 0x34,
    0x21, 0x18, 0x33, 0x6, 0xbf, 0x75, 0xee, 0x3e,
    0x1, 0x4d, 0xa8, 0x91, 0x4f, 0xe4, 0x1, 0x92,
    0xbb, 0xfd, 0xb0, 0x20, 0x1f, 0xbf, 0xc0, 0x1f,
    0xf3, 0x8, 0x7, 0xfc, 0x72, 0x1, 0xff, 0x4b,
    0x80, 0x70,

    /* U+015F "ş" */
    0x0, 0x3e, 0xff, 0x5a, 0x0, 0x53, 0x2, 0xee,
    0x5b, 0x40, 0x3, 0x26, 0x44, 0xe0, 0x78, 0x4,
    0xc2, 0x0, 0x2e, 0xb0, 0x3, 0x17, 0x63, 0x98,
    0x80, 0x53, 0x22, 0x38, 0xcd, 0x30, 0x9, 0xb7,
    0xa9, 0xb, 0x40, 0xa1, 0x0, 0x56, 0xd4, 0x48,
    0xde, 0x0, 0x33, 0x1, 0x8b, 0x1e, 0xcc, 0x69,
    0xb8, 0x84, 0xc8, 0x5d, 0xc3, 0x50, 0x1, 0x36,
    0x77, 0xe2, 0x80, 0x7b, 0xfc, 0x1, 0xf9, 0x84,
    0x3, 0xf1, 0xc8, 0x7, 0xe9, 0x70, 0xc,

    /* U+0160 "Š" */
    0x0, 0x8a, 0x14, 0xe, 0xc, 0x3, 0xc4, 0x94,
    0x5a, 0xc4, 0x1, 0xf6, 0x8e, 0x8d, 0x8, 0x7,
    0xc3, 0xaf, 0x48, 0x1, 0xfc, 0x70, 0xa0, 0x1f,
    0x92, 0xfb, 0xfa, 0xd4, 0x3, 0xa2, 0xd0, 0xc,
    0x12, 0xa8, 0x1, 0x1b, 0x96, 0x76, 0x76, 0x12,
    0xb0, 0x1, 0x2, 0xc, 0x2, 0x39, 0xd, 0x0,
    0xc6, 0x1, 0xc9, 0x1c, 0x0, 0x40, 0x96, 0x10,
    0xc, 0xea, 0x0, 0x39, 0x9, 0xec, 0x94, 0x0,
    0xf3, 0x6b, 0x91, 0xb5, 0xf3, 0x80, 0x71, 0x46,
    0xf5, 0x28, 0xc4, 0x0, 0x3e, 0x15, 0xad, 0x17,
    0x10, 0xfc, 0x0, 0xf1, 0x38, 0x28, 0x11, 0x90,
    0x7, 0x88, 0x1c, 0x2c, 0x31, 0x40, 0x34, 0x21,
    0x18, 0x33, 0x6, 0xbf, 0x75, 0xee, 0x3e, 0x1,
    0x4d, 0xa8, 0x91, 0x4f, 0xe4, 0x0,

    /* U+0161 "š" */
    0x0, 0x67, 0x93, 0x7c, 0x0, 0x6d, 0x1e, 0x93,
    0x80, 0xc, 0x34, 0x9, 0xa0, 0x1e, 0x4c, 0xb1,
    0x0, 0xe7, 0xdf, 0xeb, 0x40, 0xa, 0x60, 0x5d,
    0xcb, 0x68, 0x0, 0x64, 0xc8, 0x9c, 0xf, 0x0,
    0x98, 0x40, 0x5, 0xd6, 0x0, 0x62, 0xec, 0x73,
    0x10, 0xa, 0x64, 0x47, 0x19, 0xa6, 0x1, 0x36,
    0xf5, 0x21, 0x68, 0x14, 0x20, 0xa, 0xda, 0x89,
    0x1b, 0xc0, 0x6, 0x60, 0x31, 0x63, 0xd9, 0x8d,
    0x37, 0x10, 0x99, 0xb, 0xb8, 0x6a, 0x0,

    /* U+0162 "Ţ" */
    0x9f, 0xff, 0xf6, 0x79, 0x9e, 0x0, 0x19, 0xe5,
    0x6c, 0xcc, 0x41, 0x99, 0xa4, 0x3, 0xff, 0xfe,
    0x1, 0xff, 0xfe, 0xdf, 0x0, 0xff, 0x77, 0x80,
    0x7f, 0x98, 0x3, 0xfe, 0x17, 0x0, 0xff, 0x54,
    0x0, 0x70,

    /* U+0163 "ţ" */
    0x0, 0x19, 0x80, 0x24, 0xc5, 0x0, 0x88, 0x3,
    0xfd, 0x52, 0x13, 0xe5, 0xca, 0xb, 0x24, 0x98,
    0x18, 0xc0, 0x1f, 0xfc, 0xe3, 0x0, 0xf8, 0x40,
    0x26, 0x9, 0xb2, 0x3, 0x61, 0x46, 0x0, 0x4f,
    0xf9, 0x0, 0x17, 0xe4, 0x1, 0x60, 0x18, 0x6,
    0x51, 0x0, 0x96, 0x80, 0x0,

    /* U+0164 "Ť" */
    0x0, 0xab, 0xd0, 0xbf, 0x0, 0x3d, 0x45, 0x3c,
    0x1c, 0x1, 0xf7, 0x11, 0xc9, 0x0, 0x7c, 0x7f,
    0xe6, 0x0, 0xd3, 0xff, 0xfe, 0xcf, 0x33, 0xc0,
    0x3, 0x3c, 0xad, 0x99, 0x88, 0x33, 0x34, 0x80,
    0x7f, 0xff, 0xc0, 0x3f, 0xff, 0x20,

    /* U+0165 "ť" */
    0x0, 0x11, 0x80, 0x33, 0xc8, 0x13, 0x54, 0x3,
    0x18, 0x10, 0x6, 0xd1, 0x10, 0x7, 0x94, 0x82,
    0xa4, 0x27, 0xc8, 0xf8, 0x39, 0x41, 0x64, 0x9c,
    0x81, 0x30, 0x31, 0x80, 0x3f, 0xfb, 0xa6, 0x1,
    0xfe, 0x10, 0xf, 0x30, 0x4d, 0x90, 0x6, 0x36,
    0x14, 0x60, 0x8,

    /* U+0166 "Ŧ" */
    0x9f, 0xff, 0xf6, 0x79, 0x9e, 0x0, 0x19, 0xe5,
    0x6c, 0xcc, 0x41, 0x99, 0xa4, 0x3, 0xff, 0x9c,
    0x23, 0x0, 0x4, 0x60, 0x8, 0xfb, 0xa2, 0xe,
    0xe9, 0x80, 0x7, 0x77, 0x8, 0x5d, 0xce, 0x1,
    0x22, 0x46, 0x8, 0x90, 0x80, 0x7f, 0xff, 0x40,

    /* U+0167 "ŧ" */
    0x0, 0x19, 0x80, 0x24, 0xc5, 0x0, 0x88, 0x3,
    0xfd, 0x52, 0x13, 0xe5, 0xca, 0xb, 0x24, 0x98,
    0x18, 0xc0, 0x1f, 0x54, 0x84, 0xf9, 0x7a, 0x2,
    0x39, 0xae, 0x86, 0xc0, 0x81, 0x80, 0x7c, 0x20,
    0x13, 0x4, 0xd9, 0x1, 0xb0, 0xa3, 0x0,

    /* U+0168 "Ũ" */
    0x0, 0xff, 0xe1, 0xa7, 0xfa, 0xb, 0x60, 0x3,
    0xa5, 0x65, 0xb4, 0xe8, 0x3, 0xba, 0xdb, 0xb3,
    0xc8, 0x3, 0x8c, 0x40, 0x6, 0x20, 0x13, 0x7b,
    0x80, 0x78, 0x7f, 0x40, 0x3f, 0xff, 0xe0, 0x1f,
    0xfc, 0x93, 0xf, 0x0, 0xfc, 0x22, 0x1, 0x0,
    0xf1, 0x3, 0xa8, 0x38, 0x7, 0xac, 0xc, 0x50,
    0x68, 0x40, 0x25, 0x70, 0xa0, 0xa1, 0x5e, 0xdc,
    0xea, 0x9, 0x20, 0x1f, 0x72, 0x21, 0x82, 0xe3,
    0x0,

    /* U+0169 "ũ" */
    0x1, 0xcf, 0x92, 0x9c, 0x0, 0x48, 0xca, 0xeb,
    0x50, 0x2, 0xbd, 0xb3, 0x1a, 0xc0, 0x2, 0x20,
    0x0, 0xc8, 0x1, 0x7e, 0x20, 0x1b, 0xec, 0x3,
    0xff, 0xc2, 0x20, 0x1c, 0x20, 0x18, 0xc0, 0x22,
    0x0, 0x68, 0x28, 0x5, 0x0, 0x5, 0x8, 0xba,
    0xe7, 0x20, 0x2c, 0x44, 0x9f, 0x40, 0x0,

    /* U+016A "Ū" */
    0x0, 0xbb, 0xff, 0x8c, 0x3, 0xa5, 0xdf, 0x88,
    0x3, 0x9e, 0x23, 0x84, 0x0, 0xde, 0xe0, 0x1e,
    0x1f, 0xd0, 0xf, 0xff, 0xf8, 0x7, 0xff, 0x24,
    0xc3, 0xc0, 0x3f, 0x8, 0x80, 0x40, 0x3c, 0x40,
    0xea, 0xe, 0x1, 0xeb, 0x3, 0x14, 0x1a, 0x10,
    0x9, 0x5c, 0x28, 0x28, 0x57, 0xb7, 0x3a, 0x82,
    0x48, 0x7, 0xdc, 0x88, 0x60, 0xb8, 0xc0,

    /* U+016B "ū" */
    0x9, 0xff, 0xe8, 0x0, 0x6b, 0xbf, 0x60, 0x1,
    0x22, 0x39, 0x0, 0x3f, 0xd7, 0xe2, 0x1, 0xbe,
    0xc0, 0x3f, 0xfc, 0x22, 0x1, 0xc2, 0x1, 0x8c,
    0x2, 0x20, 0x6, 0x82, 0x80, 0x50, 0x0, 0x50,
    0x8b, 0xae, 0x72, 0x2, 0xc4, 0x49, 0xf4, 0x0,

    /* U+016C "Ŭ" */
    0x0, 0xaa, 0xc4, 0x51, 0xa0, 0x1e, 0xb7, 0xee,
    0x37, 0x0, 0x78, 0x73, 0x75, 0xc6, 0x1, 0xf8,
    0x88, 0x1, 0xcd, 0xee, 0x1, 0xe1, 0xfd, 0x0,
    0xff, 0xff, 0x80, 0x7f, 0xf2, 0x4c, 0x3c, 0x3,
    0xf0, 0x88, 0x4, 0x3, 0xc4, 0xe, 0xa0, 0xe0,
    0x1e, 0xb0, 0x31, 0x41, 0xa1, 0x0, 0x95, 0xc2,
    0x82, 0x85, 0x7b, 0x73, 0xa8, 0x24, 0x80, 0x7d,
    0xc8, 0x86, 0xb, 0x8c, 0x0,

    /* U+016D "ŭ" */
    0x3, 0xf4, 0x3, 0xf4, 0x0, 0x1c, 0x5f, 0xe3,
    0x20, 0x4, 0xfd, 0xbd, 0x20, 0x1c, 0x24, 0x20,
    0x15, 0xf8, 0x80, 0x6f, 0xb0, 0xf, 0xff, 0x8,
    0x80, 0x70, 0x80, 0x63, 0x0, 0x88, 0x1, 0xa0,
    0xa0, 0x14, 0x0, 0x14, 0x22, 0xeb, 0x9c, 0x80,
    0xb1, 0x12, 0x7d, 0x0, 0x0,

    /* U+016E "Ů" */
    0x0, 0xc3, 0x56, 0x40, 0x1f, 0xa2, 0x6a, 0x40,
    0x3f, 0xf9, 0x11, 0x35, 0x20, 0x1f, 0x86, 0xac,
    0x80, 0x33, 0x7b, 0x80, 0x78, 0x7f, 0x40, 0x3f,
    0xff, 0xe0, 0x1f, 0xfc, 0x93, 0xf, 0x0, 0xfc,
    0x22, 0x1, 0x0, 0xf1, 0x3, 0xa8, 0x38, 0x7,
    0xac, 0xc, 0x50, 0x68, 0x40, 0x25, 0x70, 0xa0,
    0xa1, 0x5e, 0xdc, 0xea, 0x9, 0x20, 0x1f, 0x72,
    0x21, 0x82, 0xe3, 0x0,

    /* U+016F "ů" */
    0x0, 0x9a, 0xdc, 0x3, 0x8b, 0x2f, 0x88, 0x3,
    0xff, 0x82, 0x5b, 0x7c, 0x40, 0x1c, 0xf6, 0xe0,
    0x15, 0xf8, 0x80, 0x6f, 0xb0, 0xf, 0xff, 0x8,
    0x80, 0x70, 0x80, 0x63, 0x0, 0x88, 0x1, 0xa0,
    0xa0, 0x14, 0x0, 0x14, 0x22, 0xeb, 0x9c, 0x80,
    0xb1, 0x12, 0x7d, 0x0, 0x0,

    /* U+0170 "Ű" */
    0x0, 0xd5, 0xee, 0xbf, 0x80, 0x1c, 0x4a, 0x8f,
    0x3, 0xa0, 0x1c, 0xa7, 0x46, 0x14, 0x20, 0x1c,
    0xf8, 0x27, 0xa8, 0x1, 0x37, 0xb8, 0x7, 0x87,
    0xf4, 0x3, 0xff, 0xfe, 0x1, 0xff, 0xc9, 0x30,
    0xf0, 0xf, 0xc2, 0x20, 0x10, 0xf, 0x10, 0x3a,
    0x83, 0x80, 0x7a, 0xc0, 0xc5, 0x6, 0x84, 0x2,
    0x57, 0xa, 0xa, 0x15, 0xed, 0xce, 0xa0, 0x92,
    0x1, 0xf7, 0x22, 0x18, 0x2e, 0x30, 0x0,

    /* U+0171 "ű" */
    0x0, 0x3f, 0xd9, 0x7f, 0x8, 0x2, 0x46, 0xac,
    0x28, 0x41, 0xf, 0x45, 0x21, 0x0, 0x9, 0xa6,
    0x1a, 0xe0, 0xb, 0xf1, 0x0, 0xdf, 0x60, 0x1f,
    0xfe, 0x11, 0x0, 0xe1, 0x0, 0xc6, 0x1, 0x10,
    0x3, 0x41, 0x40, 0x28, 0x0, 0x28, 0x45, 0xd7,
    0x39, 0x1, 0x62, 0x24, 0xfa, 0x0,

    /* U+0172 "Ų" */
    0x6f, 0x70, 0xf, 0xf, 0xe8, 0x7, 0xff, 0xfc,
    0x3, 0xff, 0x97, 0xe0, 0x1f, 0x84, 0x80, 0x40,
    0x3c, 0x40, 0xea, 0xe, 0x1, 0xeb, 0x3, 0x14,
    0x1a, 0x10, 0x9, 0x5c, 0x28, 0x28, 0x57, 0xb7,
    0x3a, 0x82, 0x48, 0x7, 0xdc, 0xc8, 0xc1, 0x2d,
    0x80, 0x21, 0x8c, 0x2a, 0xeb, 0x40, 0xf, 0x88,
    0x3, 0xfe, 0x28, 0x68, 0x30, 0xf, 0xa4, 0x24,
    0xc4, 0x0,

    /* U+0173 "ų" */
    0xbf, 0x10, 0xd, 0xf6, 0x1, 0xff, 0xed, 0x10,
    0xe, 0x10, 0xf, 0x18, 0x4, 0x40, 0x1b, 0x41,
    0x40, 0x28, 0x0, 0xca, 0x11, 0x75, 0xce, 0x40,
    0x11, 0x62, 0x24, 0xfa, 0x1, 0xc7, 0x7f, 0xd2,
    0x7, 0x40, 0x1f, 0x9c, 0x84, 0x3, 0xf8, 0xdd,
    0xc2, 0x1, 0xe6, 0x48, 0xb1,

    /* U+0174 "Ŵ" */
    0x0, 0xfd, 0xbf, 0x40, 0x1f, 0xfc, 0x39, 0x26,
    0x56, 0x0, 0xff, 0xe0, 0xa3, 0x2c, 0x9c, 0x90,
    0x7, 0xff, 0x1, 0x3e, 0x83, 0x3c, 0x80, 0x3d,
    0x5e, 0x80, 0x1d, 0x9f, 0x80, 0x1c, 0xbf, 0x1e,
    0x18, 0x1, 0x84, 0xc0, 0xc0, 0x3b, 0x3, 0x10,
    0xc, 0x3, 0x20, 0x28, 0x20, 0x6, 0x40, 0x41,
    0x24, 0x0, 0xd8, 0x12, 0x1a, 0x1, 0x9, 0x20,
    0x1, 0x0, 0xc0, 0x27, 0x33, 0x12, 0x0, 0x4a,
    0x18, 0x0, 0xc0, 0x50, 0x1, 0xa, 0x2, 0x10,
    0x80, 0x30, 0x10, 0x0, 0x81, 0x80, 0x4, 0xc,
    0xc, 0x7, 0x0, 0x20, 0x98, 0x0, 0x49, 0x0,
    0x1a, 0x8, 0x8, 0x18, 0x0, 0x34, 0x0, 0xc8,
    0x22, 0x4, 0x40, 0x0, 0x49, 0x0, 0xc3, 0x0,
    0x36, 0x2, 0x20, 0x30, 0x2, 0x51, 0x24, 0x4,
    0x0, 0xc8, 0x1b, 0x80, 0xa0, 0x16, 0x3, 0xe0,
    0x90, 0x6, 0x12, 0x43, 0x12, 0x0, 0x90, 0x35,
    0x50, 0x3, 0xc8, 0x4a, 0x80, 0x1c, 0x6a, 0x3e,
    0x1, 0xec, 0x11, 0x60, 0x7, 0x59, 0x2, 0x0,
    0x79, 0x0, 0xe, 0x1, 0xc8, 0x4, 0x20, 0x10,

    /* U+0175 "ŵ" */
    0x0, 0xe2, 0xff, 0x40, 0x7, 0xf8, 0x7c, 0x61,
    0xd8, 0x3, 0xf9, 0x1f, 0x5d, 0xde, 0x20, 0x1f,
    0x96, 0x8c, 0x22, 0x44, 0x3, 0x67, 0x88, 0x5,
    0x9e, 0x80, 0x14, 0x79, 0xd8, 0x28, 0x4, 0x61,
    0x80, 0x12, 0x9, 0xa8, 0x68, 0x1, 0x0, 0x8,
    0x0, 0x13, 0x70, 0x21, 0x40, 0x6, 0x2, 0x98,
    0x1, 0x3, 0x40, 0xe, 0x42, 0x8, 0x8c, 0x4,
    0xf, 0x4, 0x0, 0x60, 0x20, 0x1e, 0x20, 0x60,
    0x22, 0x0, 0x25, 0xc, 0x40, 0x42, 0x14, 0x31,
    0xd0, 0xc, 0x88, 0xc0, 0x30, 0x43, 0x40, 0x70,
    0xd, 0x84, 0xc8, 0x0, 0xf0, 0x92, 0x10, 0xc,
    0xa0, 0x38, 0x0, 0x40, 0x15, 0x0, 0xe2, 0x20,
    0x20, 0x0, 0x48, 0x2c, 0x2,

    /* U+0176 "Ŷ" */
    0x0, 0xea, 0xfd, 0x0, 0xff, 0x32, 0xb1, 0x50,
    0x7, 0xe2, 0x92, 0x97, 0x55, 0x0, 0x7c, 0x5f,
    0xa1, 0x1e, 0xa0, 0x1a, 0x7e, 0xc0, 0x3e, 0x4f,
    0xd0, 0x91, 0x45, 0x0, 0xf5, 0x7, 0x0, 0x2c,
    0x2c, 0x3, 0xa0, 0x58, 0xc0, 0xa, 0xa1, 0x90,
    0x8, 0xdc, 0xa4, 0x3, 0x58, 0xb1, 0x80, 0x3c,
    0x24, 0x3, 0x86, 0x3, 0xc1, 0x8d, 0x90, 0x3,
    0xcc, 0x66, 0x78, 0x19, 0x0, 0xfd, 0xc1, 0x3,
    0x40, 0x1f, 0xc4, 0xe0, 0xa8, 0x1, 0xfe, 0xe0,
    0x20, 0xf, 0xff, 0xf8, 0x0,

    /* U+0177 "ŷ" */
    0x0, 0x8f, 0xfd, 0x0, 0x1c, 0x3a, 0x4e, 0xe5,
    0x0, 0xce, 0x9d, 0xf, 0x80, 0x19, 0xa8, 0xc2,
    0x24, 0x0, 0xfe, 0xc0, 0x18, 0x7e, 0x94, 0x34,
    0x3, 0x30, 0x71, 0x1a, 0x8, 0x5, 0x42, 0x81,
    0x40, 0xc0, 0x2, 0x23, 0x80, 0x18, 0x2c, 0x1,
    0x41, 0x40, 0x12, 0x99, 0x3, 0x11, 0x80, 0x5c,
    0xa, 0x63, 0x40, 0x19, 0x6, 0xac, 0x18, 0x3,
    0x98, 0x95, 0x4, 0x3, 0xa8, 0xb, 0x80, 0x3c,
    0x44, 0x5, 0x0, 0xf0, 0x92, 0x80, 0x7d, 0x21,
    0xc0, 0x1d, 0x9a, 0xe8, 0x80, 0xe, 0x72, 0x4a,
    0x0, 0xe0,

    /* U+0178 "Ÿ" */
    0x0, 0xc2, 0x1, 0x8, 0x7, 0xf7, 0x60, 0x37,
    0x30, 0x7, 0xff, 0x2b, 0xf0, 0x1b, 0xd8, 0x3,
    0x4f, 0xd8, 0x7, 0xc9, 0xfa, 0x12, 0x28, 0xa0,
    0x1e, 0xa0, 0xe0, 0x5, 0x85, 0x80, 0x74, 0xb,
    0x18, 0x1, 0x54, 0x32, 0x1, 0x1b, 0x94, 0x80,
    0x6b, 0x16, 0x30, 0x7, 0x84, 0x80, 0x70, 0xc0,
    0x78, 0x31, 0xb2, 0x0, 0x79, 0x8c, 0xcf, 0x3,
    0x20, 0x1f, 0xb8, 0x20, 0x68, 0x3, 0xf8, 0x9c,
    0x15, 0x0, 0x3f, 0xdc, 0x4, 0x1, 0xff, 0xff,
    0x0,

    /* U+0179 "Ź" */
    0x0, 0xe1, 0xff, 0x10, 0x7, 0xe9, 0xa, 0x20,
    0xf, 0xc8, 0xea, 0x1, 0xfd, 0x90, 0x1, 0xed,
    0xff, 0xfe, 0x70, 0x43, 0x3f, 0x80, 0x2, 0x13,
    0x99, 0xeb, 0x2, 0x60, 0xf, 0x92, 0x3, 0xc0,
    0x3e, 0x1a, 0xa, 0x20, 0xf, 0xb4, 0x5d, 0x40,
    0x3e, 0x93, 0x34, 0x0, 0x7c, 0xac, 0x3a, 0x1,
    0xf1, 0x50, 0x68, 0x80, 0x7d, 0xe1, 0x6, 0x1,
    0xf4, 0x92, 0xb8, 0x7, 0xcc, 0xc2, 0xa0, 0xf,
    0x8a, 0x43, 0xc0, 0x3f, 0x40, 0xf, 0x66, 0x7d,
    0x0, 0x1, 0x33, 0xfe,

    /* U+017A "ź" */
    0x0, 0xcb, 0xf8, 0x1, 0xf4, 0x8e, 0x80, 0x78,
    0xc6, 0x84, 0x3, 0xc7, 0xa8, 0x1, 0x8f, 0xff,
    0xf2, 0x14, 0x47, 0x30, 0xa, 0x8b, 0xbf, 0x28,
    0x68, 0x80, 0x75, 0x1c, 0x98, 0x7, 0x3a, 0xa9,
    0x80, 0x39, 0x20, 0xe8, 0x3, 0x8a, 0xc7, 0x40,
    0x38, 0x7c, 0x28, 0x40, 0x3a, 0x8a, 0x10, 0x3,
    0x9d, 0x7, 0xe2, 0x39, 0x78, 0x5, 0xdf, 0xd8,

    /* U+017B "Ż" */
    0x0, 0xf0, 0x80, 0x7f, 0xab, 0x88, 0x3, 0xff,
    0x93, 0x5e, 0x40, 0x1d, 0xbf, 0xff, 0xce, 0x8,
    0x67, 0xf0, 0x0, 0x42, 0x73, 0x3d, 0x60, 0x4c,
    0x1, 0xf2, 0x40, 0x78, 0x7, 0xc3, 0x41, 0x44,
    0x1, 0xf6, 0x8b, 0xa8, 0x7, 0xd2, 0x66, 0x80,
    0xf, 0x95, 0x87, 0x40, 0x3e, 0x2a, 0xd, 0x10,
    0xf, 0xbc, 0x20, 0xc0, 0x3e, 0x92, 0x57, 0x0,
    0xf9, 0x98, 0x54, 0x1, 0xf1, 0x48, 0x78, 0x7,
    0xe8, 0x1, 0xec, 0xcf, 0xa0, 0x0, 0x26, 0x7f,
    0xc0,

    /* U+017C "ż" */
    0x0, 0xdb, 0xe0, 0x1f, 0xfc, 0x6c, 0xe0, 0xf,
    0xc2, 0x20, 0xc, 0x7f, 0xff, 0x90, 0xa2, 0x39,
    0x80, 0x54, 0x5d, 0xf9, 0x43, 0x44, 0x3, 0xa8,
    0xe4, 0xc0, 0x39, 0xd5, 0x4c, 0x1, 0xc9, 0x7,
    0x40, 0x1c, 0x56, 0x3a, 0x1, 0xc3, 0xe1, 0x42,
    0x1, 0xd4, 0x50, 0x80, 0x1c, 0xe8, 0x3f, 0x11,
    0xcb, 0xc0, 0x2e, 0xfe, 0xc0,

    /* U+017D "Ž" */
    0x0, 0x9b, 0xdc, 0x3b, 0x82, 0x1, 0xcc, 0xb1,
    0x43, 0x62, 0x1, 0xeb, 0x15, 0x65, 0x0, 0xf8,
    0x7b, 0xe4, 0x3, 0xb7, 0xff, 0xf9, 0xc1, 0xc,
    0xfe, 0x0, 0x8, 0x4e, 0x67, 0xac, 0x9, 0x80,
    0x3e, 0x48, 0xf, 0x0, 0xf8, 0x68, 0x28, 0x80,
    0x3e, 0xd1, 0x75, 0x0, 0xfa, 0x4c, 0xd0, 0x1,
    0xf2, 0xb0, 0xe8, 0x7, 0xc5, 0x41, 0xa2, 0x1,
    0xf7, 0x84, 0x18, 0x7, 0xd2, 0x4a, 0xe0, 0x1f,
    0x33, 0xa, 0x80, 0x3e, 0x29, 0xf, 0x0, 0xfd,
    0x0, 0x3d, 0x99, 0xf4, 0x0, 0x4, 0xcf, 0xf8,

    /* U+017E "ž" */
    0x0, 0x57, 0xa2, 0x3e, 0x80, 0x35, 0x1c, 0xd1,
    0x50, 0x7, 0x6a, 0x3f, 0x80, 0x78, 0x66, 0x44,
    0x1, 0x1f, 0xff, 0xe4, 0x28, 0x8e, 0x60, 0x15,
    0x17, 0x7e, 0x50, 0xd1, 0x0, 0xea, 0x39, 0x30,
    0xe, 0x75, 0x53, 0x0, 0x72, 0x41, 0xd0, 0x7,
    0x15, 0x8e, 0x80, 0x70, 0xf8, 0x50, 0x80, 0x75,
    0x14, 0x20, 0x7, 0x3a, 0xf, 0xc4, 0x72, 0xf0,
    0xb, 0xbf, 0xb0,

    /* U+017F "ſ" */
    0x8, 0xef, 0xa6, 0x70, 0x4d, 0xf0, 0xdb, 0x73,
    0x2, 0x0, 0xff, 0xf6, 0x80,

    /* U+0374 "ʹ" */
    0x0, 0xf, 0x7c, 0x80, 0x52, 0x27, 0x20, 0x1,
    0x72, 0xd0, 0xa, 0x3, 0xc4, 0x0, 0x4d, 0x64,
    0x1, 0x0,

    /* U+0375 "͵" */
    0x0, 0xf, 0x7c, 0x80, 0x52, 0x27, 0x20, 0x1,
    0x72, 0xd0, 0xa, 0x3, 0xc4, 0x0, 0x4d, 0x64,
    0x1, 0x0,

    /* U+037A "ͺ" */
    0x24, 0x0, 0x92, 0x40, 0x23, 0x30, 0xa0, 0x21,
    0xf4, 0x0, 0xef, 0x60, 0x0,

    /* U+037E ";" */
    0x3f, 0xc0, 0x8, 0xfb, 0x0, 0x40, 0x3f, 0xf8,
    0x42, 0x7, 0xd8, 0x1, 0x1d, 0xb8, 0x69, 0x89,
    0x40,

    /* U+0384 "΄" */
    0x9, 0xc0, 0x3, 0xa8, 0x8, 0xac, 0x0,

    /* U+0385 "΅" */
    0x0, 0xa7, 0x0, 0x27, 0xf2, 0x75, 0x8f, 0x1f,
    0x6, 0x1b, 0x10, 0x0,

    /* U+0386 "Ά" */
    0x0, 0xbe, 0x42, 0xfe, 0xc0, 0x3f, 0x20, 0x58,
    0xa0, 0x20, 0x80, 0x7c, 0x2a, 0x4e, 0xc, 0xc,
    0x1, 0xf2, 0xd0, 0x50, 0x40, 0x50, 0x7, 0xf1,
    0x1a, 0xa, 0x92, 0x0, 0x7e, 0xa0, 0xe0, 0xf0,
    0xe0, 0xf, 0xcc, 0xa, 0xa, 0x2a, 0x20, 0x1e,
    0x41, 0x50, 0x9, 0xc1, 0xc0, 0x3d, 0xc1, 0xc0,
    0x15, 0x5, 0x80, 0x79, 0x42, 0xff, 0xec, 0x2,
    0x30, 0xc, 0xa0, 0x6c, 0xdc, 0x81, 0x40, 0x1b,
    0x83, 0xe6, 0x7a, 0x81, 0x80, 0x21, 0x42, 0x30,
    0xe, 0x14, 0x6, 0x0, 0x30, 0x28, 0x7, 0xdc,
    0x14, 0x0, 0xa0, 0xa0, 0xf, 0x94, 0x4c, 0x80,

    /* U+0387 "·" */
    0x1, 0x3, 0xec, 0x0, 0x80,

    /* U+0388 "Έ" */
    0x6f, 0x4a, 0xff, 0xfe, 0xb0, 0xf2, 0x40, 0x1,
    0x19, 0xfe, 0x3, 0x80, 0xb, 0xb3, 0x3e, 0x80,
    0xa5, 0x0, 0xff, 0xf2, 0x76, 0x67, 0xc2, 0x1,
    0xe2, 0x33, 0xfc, 0x1, 0xec, 0xff, 0xf8, 0x80,
    0x3f, 0xfe, 0xdd, 0x99, 0xf8, 0x3, 0xc4, 0x67,
    0xf8, 0x0,

    /* U+0389 "Ή" */
    0x6f, 0x4a, 0xf3, 0x0, 0xf2, 0xfc, 0xf9, 0x20,
    0x7, 0xff, 0x0, 0xe0, 0x3, 0xff, 0x83, 0x4a,
    0x1, 0xff, 0xe4, 0xec, 0xcf, 0x40, 0x7, 0xc4,
    0x67, 0xe2, 0x0, 0xfb, 0x3f, 0xfd, 0x40, 0x1f,
    0xff, 0xf0, 0xf, 0xfe, 0x28,

    /* U+038A "Ί" */
    0x6f, 0x46, 0xf7, 0xf2, 0x40, 0x8, 0xe0, 0x3,
    0x52, 0x80, 0x7f, 0xfe, 0x80,

    /* U+038C "Ό" */
    0xa, 0xf1, 0x3, 0x9d, 0xfe, 0xc7, 0x0, 0xe7,
    0x61, 0x8c, 0x60, 0x42, 0x38, 0xe2, 0x0, 0x9e,
    0x1d, 0xc3, 0x7b, 0x79, 0xee, 0x38, 0x20, 0xa,
    0x38, 0x1f, 0x40, 0xd, 0xe, 0x34, 0x1, 0x58,
    0x48, 0x80, 0x7a, 0x5, 0x8, 0x0, 0x80, 0xa0,
    0x1f, 0x9c, 0x10, 0x0, 0x40, 0x40, 0x1f, 0xbc,
    0x38, 0x2, 0x10, 0xf, 0xe3, 0x1, 0x0, 0x84,
    0x3, 0xf8, 0xc0, 0x31, 0x0, 0x80, 0x7e, 0xf0,
    0xf0, 0x2, 0x3, 0x0, 0x7e, 0x70, 0x40, 0x5,
    0x84, 0x10, 0x7, 0x9c, 0x50, 0x80, 0x5, 0x1,
    0x88, 0x1, 0xa2, 0x3, 0x20, 0x19, 0xe0, 0x6f,
    0x6f, 0x3d, 0xc7, 0x48, 0x3, 0x9f, 0x18, 0x10,
    0xcd, 0x1c, 0x60, 0x0,

    /* U+038E "Ύ" */
    0x6f, 0x6e, 0xf4, 0x0, 0xfa, 0xfd, 0xfc, 0x9a,
    0x2, 0x40, 0x3c, 0xa8, 0x4e, 0x70, 0xc, 0x64,
    0xe0, 0x1d, 0x61, 0xc1, 0x4a, 0x0, 0xe0, 0x81,
    0x0, 0xa0, 0x5c, 0xc0, 0x38, 0x9c, 0x2c, 0x0,
    0x4e, 0x50, 0x1, 0xf4, 0x12, 0xa0, 0x48, 0x48,
    0x7, 0xf4, 0x84, 0xa2, 0x19, 0x0, 0x3f, 0x91,
    0x4a, 0xc6, 0x0, 0x3f, 0xeb, 0x10, 0xb1, 0x0,
    0xff, 0x84, 0x81, 0x0, 0x3f, 0xff, 0xe0, 0x1f,
    0xe0,

    /* U+038F "Ώ" */
    0xa, 0xf1, 0x4, 0xae, 0xfe, 0xb4, 0x0, 0xe7,
    0x61, 0x9b, 0x53, 0x42, 0x4b, 0xa0, 0xc, 0xf0,
    0xec, 0x37, 0xb7, 0x9a, 0x4b, 0x20, 0x15, 0x4,
    0x6, 0xa0, 0x4, 0x58, 0xc, 0x60, 0x13, 0x2,
    0x18, 0x7, 0xb, 0x85, 0x0, 0x5a, 0x1c, 0x1,
    0xf5, 0x82, 0x0, 0x4c, 0xc, 0x1, 0xf1, 0x81,
    0x80, 0x4e, 0x1, 0xff, 0xc3, 0x10, 0x70, 0xf,
    0x84, 0x8, 0x2, 0xf0, 0x30, 0xf, 0x94, 0x10,
    0x2, 0x51, 0xa0, 0xf, 0xb8, 0x28, 0x3, 0x41,
    0x40, 0x7, 0x22, 0xb9, 0x0, 0x66, 0x77, 0x80,
    0x25, 0xb5, 0x80, 0xd, 0x78, 0x81, 0x10, 0x6,
    0xa0, 0x6c, 0xc0, 0x80, 0x10, 0xcc, 0x0, 0x20,
    0x10, 0x1, 0x9e,

    /* U+0390 "ΐ" */
    0x2f, 0x95, 0xf8, 0xf8, 0x0, 0xb4, 0x6c, 0x0,
    0x65, 0xc3, 0x2, 0x5c, 0x3a, 0xf2, 0xc5, 0xac,
    0x1, 0x57, 0x88, 0x7, 0xff, 0xfc, 0x3, 0xe0,

    /* U+0391 "Α" */
    0x0, 0xf5, 0xfd, 0x80, 0x7f, 0xc2, 0x80, 0x82,
    0x1, 0xfe, 0x70, 0x80, 0x60, 0xf, 0xf5, 0xb,
    0x85, 0x0, 0x7f, 0x11, 0xa0, 0x29, 0x20, 0x7,
    0xea, 0xf, 0xe, 0xe, 0x0, 0xfc, 0xc0, 0xa0,
    0x82, 0xa2, 0x1, 0xe4, 0x15, 0x0, 0x9c, 0x1c,
    0x3, 0xdc, 0x1c, 0x1, 0x50, 0x58, 0x7, 0x94,
    0x2f, 0xfe, 0xc0, 0x23, 0x0, 0xca, 0x6, 0xcd,
    0xc8, 0x14, 0x1, 0xb8, 0x3e, 0x67, 0xa8, 0x18,
    0x2, 0x14, 0x23, 0x0, 0xe1, 0x40, 0x60, 0x3,
    0x2, 0x80, 0x7d, 0xc1, 0x40, 0xa, 0xa, 0x0,
    0xf9, 0x44, 0xc8,

    /* U+0392 "Β" */
    0x8f, 0xff, 0x6c, 0x0, 0x71, 0x19, 0xc4, 0x47,
    0xb0, 0xd, 0x79, 0x96, 0xf1, 0xa2, 0x80, 0x7e,
    0x19, 0xc, 0x0, 0xff, 0x84, 0x3, 0xf0, 0xc8,
    0x50, 0x5, 0x79, 0x96, 0xf1, 0xd1, 0x0, 0x44,
    0x67, 0x10, 0x3, 0x40, 0x34, 0xff, 0xec, 0x47,
    0xa0, 0xf, 0xc7, 0x62, 0xa2, 0x1, 0xfc, 0xa0,
    0xa0, 0x1f, 0xcc, 0xe, 0x1, 0xf9, 0xc8, 0x4c,
    0x1, 0x79, 0x9b, 0xa0, 0x28, 0x2, 0x23, 0x3c,
    0xb, 0xa8, 0x0,

    /* U+0393 "Γ" */
    0x6f, 0xff, 0xd2, 0x0, 0x13, 0x3f, 0x78, 0x1,
    0xb3, 0x3c, 0xc0, 0x1f, 0xff, 0xf0, 0xf, 0xff,
    0x8,

    /* U+0394 "Δ" */
    0x0, 0xe9, 0xfd, 0x0, 0xff, 0x9c, 0x8, 0xc0,
    0x3f, 0x90, 0x5c, 0x24, 0x3, 0xfb, 0x82, 0x4d,
    0x40, 0x3f, 0xa, 0x98, 0xd8, 0x30, 0x7, 0xce,
    0x16, 0xc, 0x14, 0x1, 0xf5, 0x3, 0x0, 0xa1,
    0x98, 0x3, 0x88, 0xcc, 0x20, 0xd, 0xa, 0x0,
    0xea, 0xa, 0x0, 0x98, 0x1c, 0x3, 0x94, 0x1c,
    0x3, 0x28, 0xa8, 0x4, 0x64, 0x82, 0x1, 0xb8,
    0x38, 0x2, 0xa0, 0xe0, 0xe, 0x41, 0x42, 0x0,
    0x38, 0x28, 0x7, 0x9c, 0x28, 0x14, 0x43, 0x33,
    0xe4, 0x6, 0xe, 0x0, 0x19, 0xfc, 0x40, 0x28,

    /* U+0395 "Ε" */
    0x6f, 0xff, 0xf0, 0x4, 0x26, 0x7f, 0x20, 0x5,
    0x39, 0x9f, 0x58, 0x7, 0xff, 0x6e, 0x73, 0x3e,
    0x40, 0x8, 0x4c, 0xfe, 0x20, 0xa, 0x3f, 0xfe,
    0x60, 0xf, 0xff, 0x3c, 0xe6, 0x7e, 0x30, 0x0,
    0x99, 0xfe, 0x70,

    /* U+0396 "Ζ" */
    0xd, 0xff, 0xfe, 0x70, 0x43, 0x3f, 0x80, 0x2,
    0x13, 0x99, 0xeb, 0x2, 0x60, 0xf, 0x92, 0x3,
    0xc0, 0x3e, 0x1a, 0xa, 0x20, 0xf, 0xb4, 0x5d,
    0x40, 0x3e, 0x93, 0x34, 0x0, 0x7c, 0xac, 0x3a,
    0x1, 0xf1, 0x50, 0x68, 0x80, 0x7d, 0xe1, 0x6,
    0x1, 0xf4, 0x92, 0xb8, 0x7, 0xcc, 0xc2, 0xa0,
    0xf, 0x8a, 0x43, 0xc0, 0x3f, 0x40, 0xf, 0x66,
    0x7d, 0x0, 0x1, 0x33, 0xfe,

    /* U+0397 "Η" */
    0x6f, 0x80, 0xf, 0xf, 0xe8, 0x7, 0xff, 0xc9,
    0xb3, 0x3d, 0xa0, 0x18, 0x4c, 0xfe, 0x0, 0xcf,
    0xff, 0xee, 0x0, 0xff, 0xff, 0x0,

    /* U+0398 "Θ" */
    0x0, 0xc7, 0x3b, 0xfd, 0x8e, 0x1, 0xf4, 0x63,
    0x2, 0x11, 0xc7, 0x10, 0x6, 0x77, 0xd, 0xed,
    0xe7, 0xb8, 0xe0, 0x80, 0xa, 0x3, 0x10, 0x3,
    0x43, 0x8d, 0x0, 0x2c, 0x1c, 0x80, 0x3d, 0x2,
    0x84, 0x8, 0x14, 0x1, 0xf9, 0xc1, 0x0, 0x80,
    0x83, 0x33, 0x9c, 0x3c, 0x38, 0x0, 0x20, 0x3,
    0x3e, 0xe0, 0x30, 0x10, 0x0, 0x80, 0x3f, 0xfa,
    0x40, 0xc0, 0x22, 0x2, 0x0, 0xfd, 0xe1, 0xe0,
    0x80, 0xa0, 0x1f, 0x9c, 0x10, 0x2c, 0x20, 0x80,
    0x3c, 0xe2, 0x84, 0x5, 0x1, 0x88, 0x1, 0xa2,
    0x3, 0x20, 0x13, 0xc0, 0xde, 0xde, 0x7b, 0x8e,
    0x90, 0x6, 0x7c, 0x60, 0x43, 0x34, 0x71, 0x80,
    0x0,

    /* U+0399 "Ι" */
    0x2f, 0xb0, 0xf, 0xfe, 0xf0,

    /* U+039A "Κ" */
    0x8f, 0x50, 0xe, 0x1e, 0xf8, 0x0, 0xfc, 0x38,
    0x2f, 0x0, 0x1f, 0xe, 0x13, 0x40, 0x7, 0xed,
    0x26, 0x90, 0xf, 0xd8, 0x6d, 0x20, 0x1f, 0xac,
    0xda, 0x40, 0x3e, 0x3b, 0x40, 0xc0, 0xf, 0xd0,
    0x88, 0xb, 0x10, 0xf, 0x85, 0x6d, 0xc6, 0x80,
    0x3e, 0x5a, 0x8, 0x24, 0x70, 0xf, 0x78, 0x5,
    0xc1, 0x4, 0x1, 0xfc, 0x6e, 0x1e, 0x1, 0xfe,
    0x82, 0x24, 0x0, 0x7f, 0xb8, 0x1d, 0x0, 0x3f,
    0x8d, 0xc2, 0x84,

    /* U+039B "Λ" */
    0x0, 0xe7, 0xfd, 0x0, 0xff, 0xa8, 0x8, 0xc0,
    0x3f, 0x8c, 0xa0, 0x28, 0x3, 0xfa, 0x81, 0x8d,
    0xc0, 0x3f, 0x98, 0xc6, 0xc5, 0x0, 0x3e, 0x50,
    0xa0, 0x60, 0xe0, 0xf, 0xb8, 0x1c, 0x4, 0xd4,
    0x40, 0x38, 0x51, 0x2, 0x0, 0xa0, 0x70, 0xe,
    0x60, 0xe0, 0x9, 0xc2, 0x80, 0x3a, 0x81, 0x40,
    0x21, 0x43, 0x20, 0x8, 0xc9, 0x80, 0x3b, 0x42,
    0x80, 0x2a, 0xd, 0x0, 0xe7, 0x6, 0x0, 0x98,
    0x50, 0x3, 0x85, 0x5, 0x1, 0x41, 0x80, 0x3e,
    0xe0, 0xe0, 0xe0, 0xb0, 0xf, 0x94, 0x14, 0x0,

    /* U+039C "Μ" */
    0x7f, 0xf4, 0x0, 0x7d, 0x1f, 0xe2, 0x0, 0x94,
    0x3, 0xe5, 0x0, 0xe2, 0x28, 0x3, 0x8c, 0x84,
    0x3, 0x28, 0x28, 0x7, 0x58, 0xa0, 0x6, 0xd1,
    0xb0, 0xe, 0x54, 0x0, 0xf3, 0x98, 0x80, 0x44,
    0x4e, 0x0, 0xf6, 0x83, 0x80, 0x54, 0x8, 0x1,
    0xe4, 0x1a, 0x0, 0x95, 0x40, 0x1f, 0x9c, 0xc4,
    0x8, 0x9e, 0x1, 0xfb, 0x41, 0xc1, 0x41, 0x40,
    0x3f, 0x20, 0x68, 0x52, 0x80, 0x7f, 0x95, 0x8,
    0x9e, 0x1, 0xfe, 0xf0, 0xe0, 0x50, 0xf, 0xf2,
    0x81, 0xa8, 0x7, 0xff, 0x1, 0x43, 0xc0, 0x3c,

    /* U+039D "Ν" */
    0x6f, 0xd0, 0xf, 0xbf, 0x40, 0x4, 0xe0, 0x1f,
    0xf4, 0x10, 0x7, 0xf1, 0x84, 0x80, 0x7f, 0x51,
    0xa2, 0x80, 0x7f, 0x70, 0x58, 0x80, 0x7e, 0x28,
    0x1b, 0x0, 0xfe, 0x72, 0x54, 0x0, 0xfe, 0xe0,
    0x90, 0xf, 0xe3, 0x62, 0x80, 0xf, 0xe9, 0x17,
    0x30, 0xf, 0xeb, 0xf, 0x0, 0xfe, 0x55, 0x18,
    0x7, 0xfa, 0xc0, 0x3f, 0xe1, 0x90, 0x0,

    /* U+039E "Ξ" */
    0xbf, 0xff, 0xeb, 0x33, 0xff, 0xa3, 0x33, 0xfa,
    0x0, 0x3f, 0xfc, 0x39, 0xff, 0xf6, 0x0, 0x14,
    0xcf, 0xe5, 0x0, 0x4e, 0x67, 0xd2, 0x1, 0xff,
    0xd6, 0xbc, 0xcf, 0xeb, 0x43, 0x3f, 0xe4,

    /* U+039F "Ο" */
    0x0, 0xc7, 0x3b, 0xfd, 0x8e, 0x1, 0xf4, 0x63,
    0x2, 0x11, 0xc7, 0x10, 0x6, 0x77, 0xd, 0xed,
    0xe7, 0xb8, 0xe0, 0x80, 0xa, 0x7, 0xd0, 0x3,
    0x43, 0x8d, 0x0, 0x2c, 0x24, 0x40, 0x3d, 0x2,
    0x84, 0x8, 0xa, 0x1, 0xf9, 0xc1, 0x0, 0x80,
    0x80, 0x3f, 0x78, 0x70, 0x0, 0x40, 0x3f, 0x8c,
    0x4, 0x0, 0x20, 0x1f, 0xc6, 0x1, 0x10, 0x8,
    0x7, 0xef, 0xf, 0x4, 0x6, 0x0, 0xfc, 0xe0,
    0x81, 0x61, 0x4, 0x1, 0xe7, 0x14, 0x20, 0x28,
    0xc, 0x40, 0xd, 0x10, 0x19, 0x0, 0x9e, 0x6,
    0xf6, 0xf3, 0xdc, 0x74, 0x80, 0x33, 0xe3, 0x2,
    0x19, 0xa3, 0x8c, 0x0,

    /* U+03A0 "Π" */
    0x6f, 0xff, 0xf6, 0x80, 0x4, 0xcf, 0xe0, 0xc,
    0xd9, 0x9e, 0xd0, 0xf, 0xff, 0xf8, 0x7, 0xff,
    0xec,

    /* U+03A1 "Ρ" */
    0x7f, 0xff, 0x76, 0x28, 0x6, 0x23, 0x3f, 0x54,
    0x0, 0x55, 0x99, 0xb6, 0xc1, 0xc4, 0x3, 0xf2,
    0x28, 0x20, 0x7, 0xf1, 0x1, 0x0, 0x7f, 0x18,
    0x10, 0x7, 0xe6, 0x40, 0x40, 0x5, 0x66, 0x6e,
    0x90, 0xa1, 0x0, 0x11, 0x9e, 0x5, 0xc5, 0x0,
    0xa3, 0xff, 0x75, 0x18, 0x7, 0xff, 0xc8,

    /* U+03A3 "Σ" */
    0x1f, 0xff, 0xeb, 0x1, 0x0, 0x19, 0xfe, 0x0,
    0x30, 0x36, 0x67, 0xa0, 0x1, 0x28, 0xb0, 0x1,
    0xfd, 0x66, 0xee, 0x0, 0xfe, 0xd2, 0x85, 0x0,
    0xfc, 0x38, 0x34, 0x80, 0x1f, 0x85, 0x3, 0x40,
    0x3f, 0x3a, 0x9c, 0x80, 0x7c, 0x90, 0x3a, 0x1,
    0xf1, 0x50, 0x68, 0x80, 0x7d, 0xe3, 0x26, 0x1,
    0xf5, 0x93, 0x30, 0x3, 0xe1, 0x40, 0x5c, 0xcf,
    0x80, 0x31, 0x9f, 0xe1,

    /* U+03A4 "Τ" */
    0x9f, 0xff, 0xf6, 0x79, 0x9e, 0x0, 0x19, 0xe5,
    0x6c, 0xcc, 0x41, 0x99, 0xa4, 0x3, 0xff, 0xfe,
    0x1, 0xff, 0xf9,

    /* U+03A5 "Υ" */
    0x9f, 0xb0, 0xf, 0x93, 0xf4, 0x24, 0x51, 0x40,
    0x3d, 0x41, 0xc0, 0xb, 0xb, 0x0, 0xe8, 0x16,
    0x30, 0x2, 0xa8, 0x64, 0x2, 0x37, 0x29, 0x0,
    0xd6, 0x2c, 0x60, 0xf, 0x9, 0x0, 0xe1, 0x80,
    0xf0, 0x63, 0x64, 0x0, 0xf3, 0x19, 0x9e, 0x6,
    0x40, 0x3f, 0x70, 0x40, 0xd0, 0x7, 0xf1, 0x38,
    0x2a, 0x0, 0x7f, 0xb8, 0x8, 0x3, 0xff, 0xfe,
    0x0,

    /* U+03A6 "Φ" */
    0x0, 0xfb, 0x7c, 0x3, 0xff, 0x9e, 0xf9, 0xe4,
    0x1f, 0xb0, 0x20, 0x1c, 0x5b, 0x6, 0x60, 0x1,
    0x99, 0xfd, 0x0, 0x21, 0xc2, 0x8f, 0xc2, 0xc,
    0xea, 0x1b, 0x20, 0x4, 0xb, 0xb8, 0x3, 0xcb,
    0x41, 0x20, 0x7, 0x9, 0x0, 0xfc, 0xa2, 0x82,
    0x2, 0x30, 0x7, 0xf2, 0x81, 0x80, 0x4, 0x3,
    0xfc, 0xe0, 0x11, 0x1, 0x80, 0x7f, 0x18, 0x10,
    0x50, 0x78, 0x7, 0xe8, 0x6, 0x0, 0x39, 0x9b,
    0x10, 0x2, 0x13, 0x97, 0x28, 0x0, 0xb1, 0x4e,
    0xfc, 0x83, 0xb1, 0x93, 0x4, 0x3, 0x56, 0xc2,
    0x80, 0x15, 0xf2, 0xc4, 0x3, 0xc4, 0xf4, 0x41,
    0x50, 0x60, 0x1f, 0xfc, 0x80,

    /* U+03A7 "Χ" */
    0xd, 0xf5, 0x0, 0xf4, 0xfb, 0x80, 0x38, 0x2c,
    0x40, 0x32, 0xb1, 0xb8, 0x0, 0xdc, 0x6c, 0x2,
    0x1b, 0x1d, 0x0, 0xd0, 0x4a, 0xa0, 0x5, 0xd,
    0x88, 0x7, 0x70, 0x58, 0xba, 0x32, 0x80, 0x78,
    0xdc, 0x6a, 0xa, 0x40, 0x3f, 0x41, 0xa0, 0x70,
    0x7, 0xf9, 0x40, 0x2, 0x1, 0xfc, 0x8c, 0x21,
    0xc0, 0x1f, 0x86, 0x83, 0xc, 0xce, 0x1, 0xf5,
    0xc, 0x17, 0x4, 0x10, 0x7, 0x32, 0x1b, 0x81,
    0x40, 0x70, 0x6, 0x29, 0xe, 0x0, 0x9c, 0xcd,
    0x0, 0x17, 0x84, 0x90, 0x6, 0xe0, 0x73, 0x8,
    0x24, 0x60, 0xe, 0x28, 0xe, 0x0,

    /* U+03A8 "Ψ" */
    0x1f, 0xd0, 0xd, 0xde, 0x1, 0xaf, 0xc8, 0x3,
    0xff, 0xe8, 0x20, 0x40, 0x1f, 0xe6, 0x3, 0x2,
    0x2, 0x0, 0xfc, 0x24, 0x22, 0x5, 0x8, 0x0,
    0xfd, 0x20, 0xe0, 0x9, 0x15, 0xa3, 0x0, 0xc7,
    0x4e, 0x30, 0x0, 0x1c, 0x25, 0xcf, 0x10, 0xfc,
    0x51, 0xd1, 0x0, 0x8b, 0x69, 0x90, 0x0, 0x8d,
    0x5c, 0x60, 0x1e, 0x59, 0xb1, 0xb, 0x95, 0x0,
    0xff, 0xf4, 0x0,

    /* U+03A9 "Ω" */
    0x0, 0x92, 0xbb, 0xfa, 0xd0, 0x3, 0xd3, 0x6a,
    0x68, 0x49, 0x74, 0x1, 0x9d, 0x86, 0xf6, 0xf3,
    0x49, 0x64, 0x0, 0x30, 0x1a, 0x80, 0x11, 0x60,
    0x31, 0x83, 0x2, 0x18, 0x7, 0xb, 0x85, 0x6,
    0x87, 0x0, 0x7d, 0x60, 0x80, 0xc0, 0xc0, 0x1f,
    0x18, 0x18, 0x38, 0x7, 0xff, 0x4, 0x41, 0xc0,
    0x3e, 0x10, 0x20, 0xf0, 0x30, 0xf, 0x94, 0x10,
    0x14, 0x68, 0x3, 0xee, 0xa, 0x0, 0x41, 0x40,
    0x7, 0x22, 0xb9, 0x0, 0x19, 0xde, 0x0, 0x96,
    0xd6, 0x0, 0x17, 0x88, 0x11, 0x0, 0x6a, 0x6,
    0xcc, 0xa, 0x19, 0x80, 0x4, 0x2, 0x0, 0x33,
    0xc0,

    /* U+03AA "Ϊ" */
    0xfd, 0x5, 0xf7, 0x0, 0xf7, 0x60, 0x2f, 0x38,
    0x9f, 0xd8, 0x80, 0x7f, 0xff, 0xc0, 0x3f, 0xc0,

    /* U+03AB "Ϋ" */
    0x0, 0x87, 0xf0, 0x1f, 0xd4, 0x3, 0xff, 0x92,
    0x3d, 0x80, 0xfc, 0xa0, 0x1a, 0x7e, 0xc0, 0x40,
    0x21, 0x4, 0xfd, 0x9, 0x14, 0x50, 0xf, 0x50,
    0x70, 0x2, 0xc2, 0xc0, 0x3a, 0x5, 0x8c, 0x0,
    0xaa, 0x19, 0x0, 0x8d, 0xca, 0x40, 0x35, 0x8b,
    0x18, 0x3, 0xc2, 0x40, 0x38, 0x60, 0x3c, 0x18,
    0xd9, 0x0, 0x3c, 0xc6, 0x67, 0x81, 0x90, 0xf,
    0xdc, 0x10, 0x34, 0x1, 0xfc, 0x4e, 0xa, 0x80,
    0x1f, 0xee, 0x2, 0x0, 0xff, 0xff, 0x80,

    /* U+03AC "ά" */
    0x0, 0xe9, 0xf1, 0x0, 0xfc, 0x8c, 0x20, 0x1f,
    0x86, 0xc0, 0x3f, 0xb0, 0x80, 0x3c, 0x55, 0xfe,
    0xb2, 0x1f, 0xb0, 0x2c, 0x55, 0x3b, 0xb6, 0x43,
    0x42, 0x46, 0xa9, 0x18, 0x8e, 0x8, 0x28, 0x4a,
    0x1, 0x40, 0x0, 0x88, 0x8, 0x1, 0x8c, 0x10,
    0x1c, 0x4, 0x3, 0x84, 0x81, 0xc0, 0x40, 0x38,
    0x48, 0xc, 0x10, 0x3, 0x20, 0x28, 0x1, 0x9,
    0x40, 0x28, 0x1, 0x20, 0x91, 0xaa, 0x46, 0x94,
    0x3, 0x81, 0x62, 0x2b, 0xb6, 0x30, 0x78,

    /* U+03AD "έ" */
    0x0, 0xdd, 0x80, 0x1e, 0x11, 0x48, 0x7, 0x88,
    0xd4, 0x3, 0xc7, 0x80, 0x1e, 0x8e, 0xfd, 0x70,
    0xa, 0x9d, 0x54, 0x70, 0xc0, 0x5, 0x4b, 0xae,
    0xb6, 0x1, 0x7, 0x0, 0x90, 0x0, 0x2e, 0x79,
    0x4, 0x1, 0xac, 0x4d, 0xdc, 0x1, 0xe, 0x5,
    0xfa, 0x80, 0x48, 0x12, 0x80, 0x1c, 0x21, 0xa0,
    0x13, 0xa0, 0x21, 0x2d, 0xc6, 0x44, 0x0, 0x1e,
    0xaa, 0x71, 0x8c, 0x0,

    /* U+03AE "ή" */
    0x0, 0xcf, 0xe6, 0x1, 0xed, 0x33, 0x0, 0x78,
    0x60, 0x3, 0xeb, 0x40, 0xa, 0xbc, 0x6b, 0xbf,
    0x10, 0x2, 0xf1, 0x89, 0x2b, 0x30, 0x2, 0x5b,
    0x33, 0x42, 0x80, 0x12, 0x1, 0x18, 0x28, 0x0,
    0x40, 0x38, 0x40, 0x6, 0x1, 0xff, 0xe7, 0xaf,
    0x10, 0xf, 0xfe, 0xa8,

    /* U+03AF "ί" */
    0x2f, 0x87, 0x9, 0x26, 0x17, 0x90, 0xaf, 0x10,
    0xf, 0xfe, 0x90,

    /* U+03B0 "ΰ" */
    0xc, 0xe0, 0xfa, 0xdd, 0x0, 0x63, 0x9, 0x0,
    0xcc, 0xac, 0x86, 0xee, 0x0, 0x55, 0xad, 0x85,
    0x50, 0x2b, 0xc4, 0x2, 0x1f, 0xa0, 0xf, 0xff,
    0x19, 0x80, 0x78, 0x81, 0x80, 0x22, 0x2, 0xc0,
    0xf0, 0xa, 0x43, 0x11, 0x2c, 0x8c, 0x54, 0x40,
    0x5b, 0x93, 0x93, 0xd8, 0x0,

    /* U+03B1 "α" */
    0x0, 0x15, 0x7f, 0xac, 0x87, 0xec, 0xb, 0x15,
    0x4e, 0xed, 0x90, 0xd0, 0x91, 0xaa, 0x46, 0x23,
    0x82, 0xa, 0x12, 0x80, 0x50, 0x0, 0x22, 0x2,
    0x0, 0x63, 0x4, 0x7, 0x1, 0x0, 0xe1, 0x20,
    0x70, 0x10, 0xe, 0x12, 0x3, 0x4, 0x0, 0xc8,
    0xa, 0x0, 0x42, 0x50, 0xa, 0x0, 0x48, 0x24,
    0x6a, 0x91, 0xa5, 0x0, 0xe0, 0x58, 0x8a, 0xed,
    0x8c, 0x1e,

    /* U+03B2 "β" */
    0x0, 0x36, 0xff, 0x50, 0x80, 0x55, 0x22, 0xe8,
    0xb8, 0x20, 0x8a, 0xd9, 0x15, 0x42, 0x60, 0xd0,
    0xa0, 0x9, 0x43, 0x40, 0xc0, 0x80, 0x22, 0x2,
    0x1, 0x0, 0x89, 0x7c, 0x64, 0x3, 0x36, 0xd3,
    0x60, 0x80, 0x67, 0xa8, 0x59, 0x10, 0xc, 0x2a,
    0xfe, 0xb8, 0x1, 0xf0, 0xc9, 0x28, 0x0, 0xc0,
    0x31, 0x86, 0x80, 0x1c, 0x3, 0x10, 0x78, 0x2,
    0x4, 0x2, 0xa0, 0x40, 0xb, 0xdd, 0xd8, 0x6c,
    0x60, 0xf, 0x79, 0x81, 0x89, 0x0, 0x8e, 0x7b,
    0xf5, 0xc0, 0x3f, 0xfa, 0x80,

    /* U+03B3 "γ" */
    0x8f, 0x40, 0xc, 0x7f, 0x36, 0x1a, 0x1, 0xac,
    0x28, 0xc9, 0xc0, 0x33, 0x11, 0x85, 0xa, 0x0,
    0xc, 0x68, 0x0, 0xa1, 0xc0, 0xa, 0x5, 0x0,
    0x11, 0xa8, 0x1, 0xcc, 0x80, 0x2a, 0x4, 0x40,
    0xd0, 0x6, 0x70, 0xee, 0x3, 0x80, 0x61, 0x45,
    0x52, 0x8, 0x7, 0x70, 0x3, 0x80, 0x3c, 0xa0,
    0x5, 0x0, 0xf8, 0x44, 0x1, 0xff, 0xd6,

    /* U+03B4 "δ" */
    0x4, 0xff, 0xfa, 0x0, 0xc, 0x20, 0xb1, 0x1a,
    0xc0, 0x5, 0xe6, 0x86, 0xef, 0x18, 0x4, 0x38,
    0xf6, 0xe0, 0x1e, 0x2a, 0x60, 0x8b, 0x10, 0x8,
    0xb1, 0x55, 0x2e, 0x98, 0x20, 0x9, 0x18, 0xa6,
    0x8c, 0x2a, 0x1, 0x42, 0x70, 0x8, 0xd5, 0x8,
    0x80, 0x80, 0x1d, 0xa0, 0xee, 0x1, 0x0, 0xe1,
    0x3, 0x70, 0x20, 0xe, 0x10, 0x33, 0x2, 0x0,
    0x76, 0x3, 0x83, 0xb, 0x80, 0x48, 0x83, 0x20,
    0x82, 0x8b, 0x8a, 0xb1, 0xe0, 0x0, 0xe3, 0x2b,
    0xa3, 0x61, 0x0,

    /* U+03B5 "ε" */
    0x0, 0x47, 0x7e, 0xb8, 0x5, 0x4e, 0xaa, 0x38,
    0x60, 0x2, 0xa5, 0xd7, 0x5b, 0x0, 0x83, 0x80,
    0x48, 0x0, 0x17, 0x3c, 0x82, 0x0, 0xd6, 0x26,
    0xee, 0x0, 0x87, 0x2, 0xfd, 0x40, 0x24, 0x9,
    0x40, 0xe, 0x10, 0xd0, 0x9, 0xd0, 0x10, 0x96,
    0xe3, 0x22, 0x0, 0xf, 0x55, 0x38, 0xc6, 0x0,

    /* U+03B6 "ζ" */
    0x0, 0x5f, 0xff, 0x50, 0x3, 0xa2, 0xe, 0x0,
    0xf0, 0x2, 0xbb, 0x21, 0x6a, 0x80, 0x43, 0x83,
    0x84, 0x1, 0xa8, 0xbc, 0x40, 0x33, 0xa4, 0x90,
    0x6, 0x18, 0x36, 0x0, 0xe8, 0x8, 0x0, 0xf3,
    0x8a, 0x0, 0x71, 0xa, 0x0, 0x79, 0x83, 0x40,
    0x3c, 0xe1, 0xc0, 0x1e, 0x20, 0x71, 0x0, 0xe1,
    0x61, 0xfa, 0x96, 0x0, 0xa5, 0x81, 0x5a, 0x74,
    0x40, 0x13, 0xdf, 0xe7, 0x24, 0x0, 0xf6, 0x80,
    0x7d, 0x54, 0x25, 0x0, 0xc6, 0x8d, 0x80,

    /* U+03B7 "η" */
    0xaf, 0x1a, 0xef, 0xc4, 0x0, 0xbc, 0x62, 0x4a,
    0xcc, 0x0, 0x96, 0xcc, 0xd0, 0xa0, 0x4, 0x80,
    0x46, 0xa, 0x0, 0x10, 0xe, 0x10, 0x1, 0x80,
    0x7f, 0xf9, 0xeb, 0xc4, 0x3, 0xff, 0xaa,

    /* U+03B8 "θ" */
    0x0, 0x9f, 0x7f, 0xa0, 0x3, 0xa6, 0x5, 0xd5,
    0xec, 0x2, 0x36, 0x5c, 0x8b, 0x74, 0x50, 0x5,
    0x4, 0x0, 0x50, 0x1c, 0x0, 0x41, 0x20, 0xc,
    0x68, 0x0, 0x22, 0x0, 0x73, 0x0, 0x80, 0x6,
    0x23, 0x98, 0xc, 0x40, 0x9d, 0xf8, 0xc0, 0x44,
    0x9, 0xff, 0xcc, 0x2, 0x0, 0x60, 0xe, 0x30,
    0x30, 0x22, 0x0, 0x73, 0x80, 0x82, 0x1, 0x80,
    0x42, 0x48, 0x0, 0xa0, 0x80, 0xa, 0x3, 0x80,
    0x6, 0xa9, 0x91, 0x6c, 0x8a, 0x1, 0x54, 0xb,
    0xab, 0xd8, 0x0,

    /* U+03B9 "ι" */
    0xaf, 0x10, 0xf, 0xfe, 0x90,

    /* U+03BA "κ" */
    0xbf, 0x10, 0x2, 0x7f, 0x10, 0x6, 0x3b, 0x1c,
    0x20, 0x8, 0xf0, 0x70, 0x80, 0x25, 0xc1, 0xc2,
    0x0, 0xd6, 0x18, 0x40, 0x1f, 0x40, 0x7, 0xb5,
    0x15, 0xc0, 0x38, 0xe8, 0x61, 0x0, 0x38, 0x74,
    0x28, 0x40, 0x38, 0xe4, 0x74, 0x3, 0xcc, 0xa7,
    0x20,

    /* U+03BB "λ" */
    0x0, 0x27, 0xc8, 0x7, 0xc8, 0x2e, 0x1, 0xf9,
    0x85, 0x0, 0x3e, 0xb0, 0xe0, 0xf, 0x8c, 0x14,
    0x3, 0xe4, 0x0, 0x28, 0x7, 0xb8, 0x1, 0xc0,
    0x1e, 0x53, 0x32, 0x8, 0x6, 0x60, 0xba, 0x6,
    0x0, 0xd4, 0xc, 0xe1, 0x60, 0x10, 0x9a, 0x8,
    0x90, 0xc8, 0x0, 0xc1, 0xc0, 0xe, 0xa, 0x0,
    0x50, 0x28, 0x1, 0x41, 0x40, 0xc9, 0x40, 0x32,
    0x91, 0xd8, 0x70, 0x6, 0xe0, 0xa0,

    /* U+03BC "μ" */
    0xbf, 0x10, 0xd, 0xf6, 0x1, 0xff, 0xe7, 0x10,
    0xc, 0x60, 0x12, 0x80, 0x6a, 0x0, 0xa0, 0x3,
    0x3d, 0xd7, 0x1, 0x0, 0x54, 0xca, 0xad, 0x0,
    0xc9, 0xbf, 0x63, 0xb6, 0x1, 0xff, 0xcf,

    /* U+03BD "ν" */
    0x8f, 0x40, 0xc, 0x7f, 0x36, 0x1c, 0x1, 0xac,
    0x28, 0xc9, 0x0, 0x33, 0x11, 0x85, 0xa, 0x0,
    0xc, 0x54, 0x0, 0xa1, 0xc0, 0xa, 0xa, 0x0,
    0x11, 0xa8, 0x1, 0xcc, 0x80, 0x2a, 0x4, 0x40,
    0xd8, 0x6, 0x70, 0xdd, 0x3, 0x0, 0x61, 0x47,
    0x72, 0x8, 0x7, 0x70, 0x8b, 0x80, 0x3c, 0xa0,
    0x5, 0x0, 0x80,

    /* U+03BE "ξ" */
    0x0, 0x1d, 0x77, 0xf9, 0x40, 0x9, 0x88, 0x87,
    0x78, 0x1, 0xe1, 0xf5, 0x10, 0x20, 0x0, 0x80,
    0x7e, 0x81, 0xf9, 0x88, 0x8, 0x0, 0xbd, 0x19,
    0xdc, 0x40, 0x14, 0xaa, 0x5f, 0x98, 0x1, 0x9d,
    0xad, 0x0, 0x34, 0xc, 0x80, 0x71, 0x8b, 0x80,
    0x79, 0xc0, 0x40, 0x3c, 0xa0, 0x80, 0x1e, 0x14,
    0x3b, 0x30, 0xe, 0x92, 0x4c, 0xfc, 0x30, 0x1,
    0x6d, 0xba, 0x1e, 0x8, 0x4, 0x91, 0x72, 0x8,
    0x1, 0xee, 0x1, 0x0, 0xc5, 0xae, 0x48, 0x1,
    0x90, 0x1b, 0x0,

    /* U+03BF "ο" */
    0x0, 0xc, 0x77, 0xf4, 0x88, 0x4, 0x3e, 0xea,
    0xea, 0xde, 0x40, 0xb, 0x19, 0xb8, 0xba, 0x1e,
    0x0, 0x29, 0x30, 0x4, 0xa8, 0x64, 0x60, 0x80,
    0x1d, 0x80, 0xee, 0x1, 0x0, 0xe1, 0x3, 0x70,
    0x20, 0xe, 0xe0, 0x33, 0x3, 0x80, 0x72, 0x3,
    0x82, 0x13, 0x80, 0x48, 0x66, 0x20, 0xa1, 0x8c,
    0x8a, 0xb1, 0xe0, 0x0, 0xfb, 0x8b, 0xa3, 0x79,
    0x0,

    /* U+03C0 "π" */
    0xaf, 0xff, 0xfe, 0x2, 0x7b, 0xb0, 0x13, 0xbe,
    0x2, 0x77, 0x32, 0xc5, 0x83, 0xc4, 0x52, 0xd,
    0x10, 0x20, 0xf, 0xff, 0xf8, 0x7, 0xff, 0x64,

    /* U+03C1 "ρ" */
    0x0, 0x36, 0x7f, 0xac, 0xc0, 0x28, 0x91, 0x76,
    0x5c, 0x50, 0x27, 0x2d, 0x89, 0xc1, 0xa1, 0x50,
    0xb0, 0x8, 0xa4, 0x1f, 0x81, 0x40, 0x32, 0x6,
    0x18, 0x10, 0x6, 0x20, 0x11, 0x1, 0x0, 0x62,
    0x1, 0x0, 0x28, 0x6, 0x50, 0xd0, 0x5, 0x88,
    0x0, 0x60, 0x18, 0x0, 0x5f, 0x32, 0xf1, 0x91,
    0x0, 0x62, 0x33, 0xa, 0xd8, 0x2, 0x2a, 0xff,
    0x62, 0x0, 0x7f, 0xf5, 0x0,

    /* U+03C2 "ς" */
    0x0, 0x86, 0x77, 0xfd, 0xa4, 0x0, 0x5e, 0x77,
    0xcc, 0x40, 0x74, 0x7f, 0x51, 0xb, 0x0, 0x78,
    0x68, 0x80, 0x71, 0x1a, 0x88, 0x7, 0x98, 0x34,
    0x3, 0xe7, 0xe, 0x0, 0xf8, 0xc1, 0xc4, 0x3,
    0xe8, 0x1f, 0x50, 0xf, 0x3c, 0x8d, 0x7d, 0x20,
    0x6, 0x6e, 0x94, 0x5b, 0x50, 0xc, 0x2d, 0x7a,
    0x12, 0x1, 0xf3, 0x3, 0x80, 0x61, 0xbc, 0xb0,
    0xf0, 0xc, 0xa8, 0x66, 0xb4, 0x0,

    /* U+03C3 "σ" */
    0x0, 0xff, 0x8, 0x80, 0x3, 0x1d, 0xff, 0xdd,
    0xc0, 0x1c, 0x72, 0x77, 0x80, 0x5e, 0x42, 0xc9,
    0xf2, 0x22, 0x31, 0x86, 0x5, 0x18, 0x0, 0xc8,
    0x8, 0x6, 0x8, 0x1, 0xdc, 0x2, 0xe, 0x4,
    0x1, 0xf1, 0x83, 0x81, 0x0, 0x77, 0x1, 0x81,
    0x83, 0x80, 0x72, 0x3, 0x80, 0x14, 0x9c, 0x2,
    0x53, 0x31, 0x0, 0x2c, 0x62, 0xe2, 0xa8, 0x3c,
    0x1, 0xf, 0xb2, 0xba, 0x37, 0x90, 0x0,

    /* U+03C4 "τ" */
    0xaf, 0xff, 0x2f, 0xbb, 0x80, 0x9d, 0xe5, 0x89,
    0x6, 0x88, 0x10, 0x7, 0xff, 0xd0,

    /* U+03C5 "υ" */
    0xaf, 0x10, 0x8, 0x7e, 0x80, 0x3f, 0xfc, 0x66,
    0x1, 0xe2, 0x6, 0x0, 0x88, 0xb, 0x3, 0xc0,
    0x29, 0xc, 0x44, 0xb2, 0x31, 0x51, 0x1, 0x6e,
    0x4e, 0x4f, 0x60,

    /* U+03C6 "φ" */
    0x0, 0x15, 0xd8, 0x23, 0xbe, 0xc8, 0x2, 0x2c,
    0x4d, 0x27, 0x7, 0x5c, 0x20, 0x4, 0x8d, 0xb3,
    0x1, 0xa3, 0x46, 0x40, 0x50, 0xd0, 0x4, 0x3c,
    0xc, 0xc8, 0x24, 0xa, 0x1, 0xf3, 0x1, 0x38,
    0x8, 0x7, 0xf9, 0x80, 0xc0, 0x3e, 0x60, 0x22,
    0xa, 0x8, 0x7, 0x11, 0x98, 0x42, 0x43, 0x40,
    0x30, 0xf0, 0x40, 0x1, 0xd0, 0xfb, 0x81, 0x7e,
    0x70, 0x80, 0x15, 0xc0, 0x20, 0x19, 0xa9, 0xc0,
    0x39, 0xfa, 0x42, 0x35, 0x40, 0x3f, 0x18, 0x7,
    0xff, 0x54,

    /* U+03C7 "χ" */
    0x5f, 0x90, 0xc, 0x3f, 0xa0, 0xa4, 0xc2, 0x1,
    0x40, 0x40, 0x2, 0x2, 0x40, 0x2, 0xc6, 0xa0,
    0x5, 0x27, 0x10, 0x90, 0x80, 0xd, 0x1, 0x22,
    0xe6, 0x80, 0x19, 0x49, 0xa0, 0x20, 0x3, 0xd0,
    0x2c, 0x88, 0x0, 0xf2, 0x80, 0x34, 0x3, 0xe6,
    0x0, 0x58, 0x7, 0xd0, 0x52, 0x4c, 0x1, 0xce,
    0x30, 0xc3, 0x0, 0x18, 0x60, 0x94, 0x20, 0x5c,
    0x2, 0x90, 0x80, 0x3, 0xc, 0x80, 0x5, 0xc9,
    0x40, 0x29, 0x18, 0x8, 0x8, 0x0, 0xce, 0x2e,
    0x20,

    /* U+03C8 "ψ" */
    0xbf, 0x10, 0x4, 0xf9, 0x0, 0x23, 0xd0, 0x3,
    0xff, 0xea, 0x20, 0x60, 0x1f, 0x8, 0x39, 0x3,
    0x80, 0x7c, 0xa0, 0x56, 0x10, 0x20, 0x1c, 0xa6,
    0x61, 0x37, 0x2e, 0xa4, 0x9, 0xca, 0x1e, 0x0,
    0x45, 0x22, 0x8, 0x10, 0x5b, 0xc8, 0x2, 0x5b,
    0xe6, 0xd, 0xd4, 0x88, 0x7, 0xff, 0x74,

    /* U+03C9 "ω" */
    0x0, 0x7d, 0x80, 0x7c, 0xde, 0xa0, 0x7, 0xe,
    0x0, 0xf9, 0x82, 0x40, 0x16, 0xa, 0x0, 0x14,
    0x20, 0x9, 0x4c, 0x84, 0xd0, 0x2, 0x2b, 0xa0,
    0xb, 0x1, 0x8, 0x8, 0x3, 0xf8, 0x83, 0x9c,
    0x38, 0x3, 0xf9, 0x80, 0x5c, 0x3c, 0x2, 0x70,
    0xe, 0x10, 0x1, 0x1, 0x80, 0x44, 0x4, 0x1,
    0x28, 0x78, 0x9a, 0x10, 0x2, 0x85, 0x44, 0x1,
    0x40, 0x81, 0x1, 0x8f, 0x67, 0x85, 0x8f, 0x66,
    0xc4, 0x9, 0x67, 0xf, 0x65, 0x8f, 0xa, 0xf2,
    0x0,

    /* U+03CA "ϊ" */
    0x8f, 0x50, 0xee, 0x0, 0x7a, 0x39, 0x43, 0xfc,
    0x2, 0x0, 0x11, 0x0, 0x2b, 0xc4, 0x3, 0xff,
    0xe2,

    /* U+03CB "ϋ" */
    0x3, 0xf9, 0x9, 0xf3, 0x0, 0xff, 0x8f, 0xa4,
    0x27, 0x8c, 0x2, 0x10, 0x8, 0x40, 0x15, 0xe2,
    0x1, 0xf, 0xd0, 0x7, 0xff, 0x8c, 0xc0, 0x3c,
    0x40, 0xc0, 0x11, 0x1, 0x60, 0x78, 0x5, 0x21,
    0x88, 0x96, 0x46, 0x2a, 0x20, 0x2d, 0xc9, 0xc9,
    0xec, 0x0,

    /* U+03CC "ό" */
    0x0, 0xeb, 0xe0, 0xf, 0xe5, 0x60, 0xf, 0xc2,
    0x52, 0x1, 0xf8, 0x70, 0x40, 0x3c, 0x31, 0xdf,
    0xd2, 0x20, 0x10, 0xfb, 0xab, 0xab, 0x79, 0x0,
    0x2c, 0x66, 0xe2, 0xe8, 0x78, 0x0, 0xa4, 0xc0,
    0x12, 0xa1, 0x91, 0x82, 0x0, 0x76, 0x3, 0xb8,
    0x4, 0x3, 0x84, 0xd, 0xc0, 0x80, 0x3b, 0x80,
    0xcc, 0xe, 0x1, 0xc8, 0xe, 0x8, 0x4e, 0x1,
    0x21, 0x98, 0x82, 0x86, 0x32, 0x2a, 0xc7, 0x80,
    0x3, 0xee, 0x2e, 0x8d, 0xe4, 0x0,

    /* U+03CD "ύ" */
    0x0, 0xdb, 0xa0, 0xf, 0x9, 0x58, 0x7, 0x88,
    0xd8, 0x3, 0xc7, 0x80, 0x1a, 0xbc, 0x40, 0x21,
    0xfa, 0x0, 0xff, 0xf1, 0x98, 0x7, 0x88, 0x18,
    0x2, 0x20, 0x2c, 0xf, 0x0, 0xa4, 0x31, 0x12,
    0xc8, 0xc5, 0x44, 0x5, 0xb9, 0x39, 0x3d, 0x80,

    /* U+03CE "ώ" */
    0x0, 0xfb, 0x38, 0x3, 0xff, 0x82, 0x72, 0x1,
    0xff, 0xc0, 0x23, 0x60, 0xf, 0xfe, 0x1, 0x60,
    0x80, 0x7e, 0xfb, 0x0, 0xf9, 0xbd, 0x40, 0xe,
    0x1c, 0x1, 0xf3, 0x4, 0x80, 0x2c, 0x14, 0x0,
    0x28, 0x40, 0x12, 0x99, 0x9, 0xa0, 0x4, 0x57,
    0x40, 0x16, 0x2, 0x10, 0x10, 0x7, 0xf1, 0x7,
    0x38, 0x70, 0x7, 0xf3, 0x0, 0xb8, 0x78, 0x4,
    0xe0, 0x1c, 0x20, 0x2, 0x3, 0x0, 0x88, 0x8,
    0x2, 0x50, 0xf1, 0x34, 0x20, 0x5, 0xa, 0x88,
    0x2, 0x81, 0x2, 0x3, 0x1e, 0xcf, 0xb, 0x1e,
    0xcd, 0x88, 0x12, 0xce, 0x1e, 0xcb, 0x1e, 0x15,
    0xe4, 0x0,

    /* U+03D0 "ϐ" */
    0x0, 0x3e, 0xff, 0x50, 0x80, 0x57, 0x2, 0xe8,
    0xb8, 0x20, 0xa8, 0xd9, 0x15, 0x42, 0x60, 0xc0,
    0xa0, 0x9, 0x43, 0x40, 0xc0, 0x80, 0x22, 0x2,
    0x1, 0x0, 0x89, 0x7c, 0x64, 0x3, 0x36, 0xd3,
    0x60, 0x80, 0x67, 0xa8, 0x5e, 0x20, 0xc, 0x2a,
    0xfe, 0x58, 0x2, 0x1, 0xc3, 0x2, 0xa0, 0x3,
    0x0, 0xc4, 0x1a, 0x40, 0xe0, 0x18, 0x83, 0xec,
    0x24, 0x3, 0x58, 0x29, 0xb1, 0xf4, 0xcb, 0x89,
    0x88, 0x26, 0x44, 0xcc, 0x38, 0x90,

    /* U+03D1 "ϑ" */
    0x0, 0xcf, 0xbf, 0xae, 0x1, 0xea, 0x81, 0x70,
    0x88, 0x0, 0x61, 0x52, 0xc8, 0xd2, 0x71, 0x0,
    0xe6, 0x0, 0xa8, 0x1c, 0x2, 0x12, 0x45, 0x0,
    0x18, 0x70, 0x6, 0xe1, 0xae, 0xae, 0x5, 0x80,
    0x8, 0xfe, 0x9, 0x14, 0x9, 0x81, 0xa1, 0x45,
    0xf3, 0xb0, 0x1f, 0x9a, 0x5e, 0x90, 0x2, 0x60,
    0xe0, 0x7c, 0xa0, 0x30, 0xb, 0x41, 0x40, 0x4c,
    0x80, 0x80, 0x25, 0x3, 0x0, 0xb4, 0x1c, 0x0,
    0x84, 0xc0, 0x18, 0x40, 0x21, 0x90, 0x80, 0xd,
    0xa1, 0xf3, 0xe5, 0x42, 0x1, 0x9a, 0xd, 0x8a,
    0xd4, 0x2,

    /* U+03D2 "ϒ" */
    0x8e, 0xfa, 0x10, 0x9, 0x33, 0xf5, 0x39, 0x4d,
    0x70, 0x0, 0x96, 0x68, 0x2a, 0xd7, 0x90, 0x52,
    0x14, 0x19, 0x78, 0x20, 0x13, 0xa3, 0x48, 0xd1,
    0x80, 0x7d, 0x20, 0xc6, 0xa0, 0x1f, 0x88, 0xc2,
    0xc0, 0x3f, 0xcc, 0x6, 0x1, 0xff, 0xff, 0x0,
    0xff, 0xeb, 0x0,

    /* U+03D3 "ϓ" */
    0x5f, 0x59, 0xfe, 0x90, 0xc, 0x99, 0xfa, 0x78,
    0x4a, 0x28, 0x6d, 0x60, 0x4, 0xb3, 0x40, 0x20,
    0xb0, 0x8b, 0xd6, 0x46, 0xa, 0x1d, 0xbd, 0x19,
    0x60, 0xd, 0x27, 0xe, 0x34, 0x40, 0x1f, 0xef,
    0x18, 0x44, 0x0, 0x7f, 0xc6, 0x21, 0xc0, 0x1f,
    0xfc, 0x15, 0x6, 0x0, 0xff, 0xff, 0x80, 0x7f,
    0xfb, 0x80,

    /* U+03D4 "ϔ" */
    0x0, 0x9b, 0xdc, 0x33, 0xc0, 0x3f, 0xf9, 0xd,
    0xce, 0x19, 0xc0, 0x1a, 0x3b, 0xe8, 0x3, 0x2e,
    0x7e, 0xa7, 0x29, 0xae, 0x0, 0x12, 0xcd, 0x5,
    0x5a, 0xf2, 0xa, 0x42, 0x83, 0x2f, 0x4, 0x2,
    0x74, 0x69, 0x1a, 0x30, 0xf, 0xa4, 0x18, 0xd4,
    0x3, 0xf1, 0x18, 0x58, 0x7, 0xf9, 0x80, 0xc0,
    0x3f, 0xff, 0xe0, 0x1f, 0xfd, 0x60,

    /* U+03D5 "ϕ" */
    0x0, 0xe7, 0xf5, 0x0, 0xff, 0xf1, 0xc, 0xf4,
    0x5, 0x6c, 0x0, 0x61, 0xc6, 0x54, 0x5, 0x17,
    0xc0, 0xa, 0xca, 0x2f, 0x3, 0xf1, 0x8d, 0xc0,
    0xa, 0x4e, 0x1, 0xd2, 0x32, 0x6, 0x8, 0x1,
    0xf2, 0x88, 0x9c, 0x4, 0x3, 0xe1, 0x3, 0x70,
    0x10, 0xf, 0x84, 0xc, 0xc0, 0x80, 0x1f, 0x28,
    0x88, 0x18, 0x98, 0x3, 0xa0, 0x64, 0x1, 0x5,
    0x35, 0xa1, 0xf6, 0xe6, 0xe0, 0x1, 0xc6, 0x45,
    0x5, 0x53, 0xe0, 0x6, 0x19, 0xe8, 0x9, 0xe8,
    0x0, 0xff, 0x18, 0x7, 0xff, 0x4c,

    /* U+03D6 "ϖ" */
    0xaf, 0xff, 0xf7, 0x50, 0x87, 0xa8, 0x1b, 0xbf,
    0xc8, 0xba, 0xb, 0xa1, 0x31, 0x16, 0x62, 0x21,
    0x4c, 0x6c, 0x16, 0xa, 0x1, 0x54, 0x80, 0x56,
    0x1a, 0x4, 0x20, 0x1f, 0xc4, 0x2c, 0x2, 0x40,
    0x1f, 0xe3, 0x30, 0x0, 0x40, 0x30, 0x80, 0x71,
    0x98, 0xc, 0x80, 0x21, 0x2, 0x0, 0x84, 0x4c,
    0x8, 0xe, 0x0, 0x61, 0x5, 0x0, 0x48, 0x68,
    0x48, 0xc4, 0x26, 0x20, 0xf5, 0x12, 0xe4, 0xc0,
    0x38, 0x8e, 0xe8, 0x68, 0x76, 0x62, 0xe0, 0x0,

    /* U+03DA "Ϛ" */
    0x0, 0x8e, 0xbb, 0xfd, 0x8c, 0x1, 0xd1, 0x8a,
    0x68, 0x66, 0x9b, 0x0, 0xa1, 0xcb, 0x36, 0xf3,
    0x4d, 0x24, 0x9, 0xc7, 0xc, 0x2, 0x2d, 0x16,
    0x2a, 0x6, 0x10, 0xe, 0x18, 0x81, 0xa0, 0x58,
    0x7, 0xcc, 0xe2, 0x40, 0x60, 0x1f, 0xe1, 0x0,
    0xff, 0xe0, 0x8, 0x8, 0x7, 0xf9, 0x41, 0x0,
    0x3f, 0xda, 0x10, 0x1, 0xfe, 0x63, 0x2c, 0x30,
    0xf, 0xed, 0x43, 0xcc, 0x39, 0x80, 0x78, 0x6e,
    0xca, 0x71, 0x9f, 0x8c, 0x1, 0xc9, 0x5f, 0x92,
    0xc5, 0x32, 0x0, 0xf8, 0xda, 0x7c, 0x58, 0x3,
    0xff, 0x93, 0x57, 0xc2, 0xe0, 0x1f, 0xa, 0x20,
    0xa6, 0x0,

    /* U+03DC "Ϝ" */
    0x6f, 0xff, 0xd2, 0x0, 0x13, 0x3f, 0x70, 0x1,
    0xb3, 0x3c, 0xe0, 0x1f, 0xfd, 0x46, 0xcc, 0xf3,
    0x80, 0x4, 0xcf, 0xdc, 0x0, 0x7f, 0xff, 0x48,
    0x7, 0xff, 0xfc, 0x3, 0xff, 0x9a,

    /* U+03DE "Ϟ" */
    0x0, 0x9f, 0x7f, 0xa8, 0xc0, 0x36, 0xc1, 0xa1,
    0xae, 0x28, 0x2, 0x9, 0x3a, 0xf6, 0x82, 0xc0,
    0xc, 0x12, 0x1, 0x2a, 0xa, 0x80, 0x88, 0x80,
    0x31, 0x81, 0x0, 0x4, 0x3, 0x84, 0x4, 0x8,
    0x10, 0x3, 0x20, 0x28, 0x58, 0x52, 0x1, 0x51,
    0x19, 0x81, 0xa0, 0x6f, 0xf5, 0x4f, 0x40, 0x27,
    0xd6, 0x2, 0xac, 0x10, 0xc, 0x56, 0x8, 0xa0,
    0x1f, 0xff, 0xf0, 0xf, 0xfe, 0x20,

    /* U+03E0 "Ϡ" */
    0x0, 0x9b, 0x3f, 0xdb, 0x24, 0x1, 0x87, 0x24,
    0xcc, 0x86, 0xda, 0xe0, 0x15, 0x1a, 0x76, 0x5f,
    0x58, 0x43, 0x1, 0xa0, 0xd8, 0x80, 0x6, 0x18,
    0x24, 0x44, 0xf6, 0x1, 0x16, 0x5c, 0x98, 0x31,
    0x42, 0x80, 0xf, 0x21, 0xec, 0x1, 0x80, 0x19,
    0x37, 0x49, 0xa7, 0xc0, 0xc0, 0x1b, 0x70, 0x72,
    0x20, 0x60, 0x60, 0x1a, 0x47, 0xf9, 0x40, 0xc0,
    0xc0, 0x38, 0xbc, 0xc0, 0xe, 0xe, 0x1, 0xc2,
    0x40, 0x17, 0x6, 0x0, 0x7f, 0x2a, 0xb, 0x0,
    0x7e, 0x6a, 0xa, 0x0, 0xf2, 0xdf, 0x48, 0x52,
    0x0, 0x78, 0x90, 0xdb, 0x94, 0x0,

    /* U+03E2 "Ϣ" */
    0x6f, 0x80, 0x8, 0xbe, 0xc0, 0x37, 0x78, 0x7,
    0xff, 0xfc, 0x3, 0xff, 0xfa, 0x20, 0x60, 0x1c,
    0xc0, 0xe0, 0x11, 0x80, 0x18, 0x10, 0x2, 0x80,
    0x31, 0x0, 0x40, 0x0, 0xc8, 0xf2, 0xb8, 0x10,
    0x32, 0xb5, 0x84, 0x1, 0xe8, 0x48, 0xfb, 0x4a,
    0x6a, 0xd8, 0x1, 0x15, 0xf7, 0x24, 0x45, 0x5d,
    0xf6, 0x22, 0x0, 0xff, 0xe0, 0xc8, 0x20, 0x7,
    0xcd, 0x35, 0x7c, 0xc1, 0x20, 0x1f, 0x43, 0x2a,
    0x2, 0xe9, 0x0, 0x7d, 0x9d, 0xfe, 0xea, 0x20,

    /* U+03E3 "ϣ" */
    0xbf, 0x0, 0xd3, 0xe6, 0x1, 0x37, 0xa8, 0x7,
    0xff, 0xfc, 0x3, 0xff, 0x81, 0xc0, 0x1f, 0x94,
    0x3, 0x8c, 0x0, 0x40, 0x80, 0x4, 0x30, 0x40,
    0x2, 0x20, 0x1, 0xa1, 0x75, 0x76, 0x70, 0x8a,
    0xbb, 0x18, 0x1, 0x24, 0x95, 0xaa, 0x2c, 0x95,
    0xa6, 0x80, 0x26, 0xdf, 0xd5, 0x4, 0xdf, 0xd6,
    0xe0, 0x10, 0xf, 0xf8, 0x98, 0x14, 0x3, 0xc2,
    0xf1, 0x37, 0xa2, 0xe2, 0x1, 0xe1, 0x87, 0x65,
    0x4b, 0x80, 0xf, 0xdd, 0xfe, 0xeb, 0x40, 0x0,

    /* U+03E4 "Ϥ" */
    0x0, 0xff, 0xe1, 0x1e, 0x98, 0x6, 0xdf, 0x10,
    0x4c, 0x24, 0x0, 0xf8, 0x68, 0x29, 0xc0, 0x3e,
    0x61, 0x65, 0x0, 0xfd, 0x81, 0x40, 0x1f, 0xcc,
    0x4, 0x1, 0xfc, 0xe0, 0x80, 0x1f, 0xdc, 0x10,
    0x40, 0x10, 0xb9, 0x0, 0x11, 0x8b, 0x72, 0xf7,
    0xa0, 0x3, 0x4d, 0x19, 0x90, 0x1b, 0x8, 0x3,
    0x2e, 0x7f, 0xb6, 0x4c, 0x3, 0xff, 0xce,

    /* U+03E5 "ϥ" */
    0x0, 0xff, 0xe0, 0xdb, 0x80, 0x5d, 0xa0, 0x7,
    0x4f, 0x0, 0xfa, 0x46, 0x0, 0x3c, 0xc3, 0x0,
    0x1f, 0x68, 0x38, 0x7, 0xc8, 0x42, 0x1, 0xf9,
    0x80, 0x3f, 0x9c, 0x3, 0xf2, 0x1a, 0x80, 0x48,
    0x20, 0x9, 0x1a, 0xb9, 0xcb, 0x0, 0x8b, 0x15,
    0x18, 0x64, 0x40, 0x22, 0xaf, 0xf6, 0xb0, 0x7,
    0xff, 0x50,

    /* U+03E6 "Ϧ" */
    0x6f, 0x80, 0xf, 0xff, 0x8a, 0xcd, 0x4a, 0x80,
    0x72, 0xfd, 0x32, 0xb5, 0x60, 0x80, 0x44, 0xb5,
    0xdf, 0xa6, 0x6b, 0x0, 0x9e, 0x94, 0x40, 0xb4,
    0x54, 0x40, 0x3f, 0xb, 0x82, 0x0, 0x7f, 0x70,
    0x10, 0x7, 0xf0, 0x87, 0x80, 0x7f, 0x8, 0x78,
    0x7, 0xf7, 0x1, 0x0, 0x7f, 0x20, 0x3b, 0x7c,
    0x0, 0x72, 0x11, 0x90, 0x7, 0xc9, 0x41, 0x0,
    0x10, 0xbc, 0xd6, 0xd8, 0xca, 0x0, 0x43, 0xc,
    0xa0, 0xda, 0xc0, 0x1d, 0xdf, 0xed, 0x92, 0x0,
    0x80,

    /* U+03E7 "ϧ" */
    0x0, 0xf6, 0x18, 0x4, 0x77, 0xdf, 0xa6, 0x1,
    0xe, 0x32, 0x11, 0x58, 0x80, 0x22, 0x25, 0x29,
    0xd4, 0xb1, 0xe, 0xbb, 0x7b, 0x4, 0x4, 0x80,
    0x11, 0x0, 0x11, 0x82, 0x0, 0x7f, 0x8, 0x7,
    0xff, 0x15, 0x41, 0xc0, 0x3c, 0x30, 0x1c, 0x6f,
    0x13, 0x2a, 0xf2, 0x64, 0x8, 0x76, 0x62, 0x94,
    0xc8, 0x0,

    /* U+03E8 "Ϩ" */
    0x0, 0xc, 0xf7, 0xf4, 0x88, 0x6, 0xc6, 0x4,
    0x6, 0xc0, 0x9, 0xc9, 0x7a, 0xf9, 0x9, 0x80,
    0x1c, 0x12, 0x1, 0x68, 0x78, 0x3, 0x81, 0x80,
    0x2f, 0xf, 0x0, 0x30, 0x40, 0x83, 0x31, 0x18,
    0x0, 0x38, 0x7f, 0x72, 0xd6, 0x1, 0x8d, 0x85,
    0x6e, 0x40, 0x3a, 0x9d, 0x7d, 0x1, 0x5c, 0x1,
    0x2a, 0xd4, 0x20, 0x9, 0x81, 0x6, 0x9, 0x0,
    0xca, 0x6, 0x1, 0xf9, 0x40, 0xc0, 0xc1, 0xc0,
    0x26, 0x33, 0x8, 0x78, 0x46, 0xde, 0xc8, 0xf0,
    0x0, 0xf1, 0x4d, 0xd, 0xbc, 0x80,

    /* U+03E9 "ϩ" */
    0x0, 0x1d, 0xff, 0xb5, 0x80, 0x23, 0xc4, 0x67,
    0x9, 0x80, 0x7, 0x85, 0xcc, 0x69, 0x38, 0x81,
    0x92, 0x0, 0x48, 0x4, 0x2, 0x60, 0x19, 0x40,
    0x81, 0x86, 0x0, 0x12, 0x6c, 0x21, 0x6, 0xf5,
    0x6c, 0xc9, 0x0, 0xb0, 0xd5, 0x26, 0x40, 0x1a,
    0xc, 0xda, 0xc0, 0x19, 0xdc, 0xb8, 0x40, 0x1d,
    0x23, 0x40, 0x1f, 0x9, 0x80, 0x7e, 0x22, 0x18,
    0x4, 0x26, 0x0, 0x90, 0xca, 0x8a, 0xee, 0x0,
    0x13, 0x11, 0xe, 0x8d, 0xe0,

    /* U+03EA "Ϫ" */
    0x9f, 0xeb, 0x20, 0xa, 0x37, 0xf4, 0xfd, 0x54,
    0x9a, 0x41, 0x4e, 0x6c, 0xc3, 0x6a, 0xb9, 0xe,
    0x55, 0x17, 0x4d, 0x80, 0x66, 0x53, 0xa0, 0xf0,
    0xf, 0xd0, 0x0, 0x62, 0x0, 0xfc, 0x42, 0x1e,
    0x1, 0xfc, 0xc2, 0x16, 0x1, 0xfd, 0x60, 0xa4,
    0xa0, 0x1f, 0x29, 0x2c, 0x4, 0x80, 0x7d, 0x21,
    0x24, 0x86, 0x80, 0x1c, 0x86, 0x70, 0x78, 0x40,
    0x7, 0x78, 0x48, 0x1, 0x8, 0xcc, 0x1, 0x1a,
    0xa, 0x80, 0x56, 0x10, 0x1, 0x40, 0x1c, 0xce,
    0xf0, 0x42, 0x2, 0x40, 0x26, 0x6e, 0x0, 0x40,
    0x0,

    /* U+03EB "ϫ" */
    0x6e, 0xe4, 0x88, 0x5, 0x1d, 0xee, 0xaa, 0x46,
    0xc2, 0x1d, 0x75, 0x51, 0x1d, 0xd6, 0x9f, 0x51,
    0x5d, 0xa9, 0x40, 0x22, 0xa3, 0x49, 0x40, 0xf,
    0x98, 0x0, 0x40, 0x1f, 0xb8, 0x4a, 0x80, 0x3e,
    0x83, 0xae, 0x1a, 0x0, 0xe3, 0x75, 0x43, 0x75,
    0x40, 0xd, 0xc3, 0x60, 0x8, 0x2a, 0x10, 0x4,
    0x92, 0xb3, 0xbe, 0x1b, 0x4, 0x60, 0x48, 0x8c,
    0xa0, 0xaa,

    /* U+03EC "Ϭ" */
    0x0, 0xf8, 0x96, 0x5c, 0x2, 0x7c, 0xff, 0x6d,
    0x35, 0x80, 0x32, 0xc, 0xcd, 0x17, 0xb8, 0x12,
    0x69, 0xd9, 0x2e, 0x84, 0x2, 0xc0, 0xdd, 0xf8,
    0xc0, 0x12, 0x0, 0x19, 0x8a, 0x53, 0x40, 0xd,
    0x9, 0xb9, 0xaf, 0x25, 0x50, 0x10, 0x10, 0x4,
    0x30, 0x1c, 0x2, 0xe, 0x1, 0x90, 0x14, 0x3,
    0xf0, 0x80, 0x80, 0x4e, 0x1, 0xf8, 0xc0, 0x80,
    0x31, 0x1, 0x6, 0x6, 0x80, 0x6a, 0x4, 0x4,
    0x14, 0x50, 0x1, 0x30, 0x50, 0x2, 0x82, 0xb2,
    0xf4, 0x5c, 0xc0, 0x9, 0x88, 0x48, 0x75, 0x0,
    0x0,

    /* U+03ED "ϭ" */
    0x0, 0xf8, 0x49, 0x21, 0xc0, 0x3, 0x5d, 0xfe,
    0xed, 0xb6, 0xe0, 0x2f, 0x55, 0x3b, 0xc0, 0x7d,
    0x21, 0x23, 0x37, 0x11, 0x19, 0x80, 0x2, 0x84,
    0xc0, 0x19, 0x0, 0xc0, 0x81, 0x0, 0x3b, 0x81,
    0x81, 0xc0, 0x40, 0x3e, 0x30, 0x70, 0x20, 0xe,
    0xe0, 0x30, 0x30, 0x70, 0xe, 0x40, 0x70, 0x2,
    0x93, 0x80, 0x4a, 0x66, 0x20, 0x5, 0x94, 0x5c,
    0x55, 0x7, 0x80, 0x21, 0xc6, 0x57, 0x46, 0xf2,
    0x0, 0x0,

    /* U+03EE "Ϯ" */
    0x0, 0xc9, 0xf4, 0x1, 0xff, 0xcf, 0xae, 0xfb,
    0x5, 0xff, 0x69, 0xba, 0x99, 0x88, 0x4, 0xcc,
    0x5d, 0xc0, 0xdc, 0x90, 0x4c, 0xc3, 0x16, 0x28,
    0x7, 0xde, 0xcb, 0x40, 0x1f, 0x34, 0x80, 0x7f,
    0xff, 0xc0, 0x0,

    /* U+03EF "ϯ" */
    0x0, 0x92, 0x4, 0x3, 0xd8, 0xe4, 0x1, 0xff,
    0xc0, 0x2c, 0xf7, 0xc, 0xea, 0x8, 0x36, 0x30,
    0x65, 0x59, 0x8e, 0x50, 0x2a, 0x80, 0x73, 0x40,
    0x18, 0x61, 0x15, 0x80, 0x39, 0xc8, 0x3, 0xff,
    0xfe, 0x1, 0xe0,

    /* U+03F0 "ϰ" */
    0x1c, 0xfd, 0x80, 0x8, 0x7b, 0xcc, 0x59, 0x41,
    0xf4, 0x1, 0xa3, 0x26, 0x15, 0x4d, 0x42, 0x58,
    0x36, 0x60, 0x7, 0x70, 0x73, 0x9c, 0x80, 0x78,
    0x41, 0x3, 0x40, 0x3e, 0xd0, 0x3, 0x8, 0x7,
    0x89, 0x80, 0x1a, 0x1, 0xf7, 0x2, 0x0, 0x80,
    0x7a, 0x4d, 0xf8, 0x38, 0x3, 0x99, 0x87, 0xa,
    0x49, 0xb5, 0x40, 0x39, 0x1d, 0x0, 0x6b, 0x82,
    0xb0, 0x80,

    /* U+03F1 "ϱ" */
    0x0, 0x36, 0x7f, 0xac, 0xc0, 0x28, 0x91, 0x76,
    0x5c, 0x50, 0x27, 0x2d, 0x89, 0xc1, 0xa1, 0x50,
    0xb0, 0x8, 0xa4, 0x1f, 0x81, 0x40, 0x32, 0x6,
    0x18, 0x10, 0x6, 0x20, 0x11, 0x1, 0x0, 0x62,
    0x1, 0x0, 0x28, 0x6, 0x50, 0xd0, 0x5, 0x88,
    0x0, 0x60, 0x18, 0x0, 0x5f, 0x32, 0xf1, 0x91,
    0x0, 0x62, 0x33, 0xa, 0xd8, 0x4, 0x1, 0x5f,
    0xec, 0x40, 0x6, 0x84, 0x0, 0x7c, 0xe4, 0x9d,
    0x53, 0xa, 0x1, 0x6c, 0x12, 0xb3, 0xf8, 0x6,
    0x7c, 0xff, 0xac, 0x0,

    /* U+03F2 "ϲ" */
    0x0, 0xc, 0xf7, 0xec, 0x0, 0x43, 0x8c, 0xae,
    0xcf, 0x80, 0x8, 0x29, 0xb8, 0xb6, 0x35, 0x6,
    0x16, 0x0, 0xa1, 0xd8, 0x81, 0x40, 0x30, 0xc1,
    0x88, 0x10, 0x7, 0xc2, 0x4, 0x1, 0xf1, 0x2,
    0x80, 0x61, 0xfa, 0x6, 0x16, 0x0, 0xa4, 0x30,
    0x20, 0xa6, 0xa2, 0xdc, 0xd8, 0x7, 0x19, 0x1d,
    0xa3, 0x0,

    /* U+03F3 "ϳ" */
    0x0, 0x57, 0x88, 0x7, 0xd5, 0xc2, 0x1, 0x8,
    0x5, 0x5e, 0x20, 0x1f, 0xfe, 0xd6, 0x1, 0x6a,
    0x33, 0x6, 0xa9, 0xf8, 0x0,

    /* U+0401 "Ё" */
    0x0, 0xb3, 0xc0, 0xbe, 0x80, 0x3f, 0xf8, 0xd9,
    0xc0, 0x5d, 0x40, 0x13, 0x7f, 0xdd, 0xfe, 0xef,
    0xf8, 0x2, 0x13, 0x3f, 0x90, 0x2, 0x9c, 0xcf,
    0xac, 0x3, 0xff, 0xb7, 0x39, 0x9f, 0x20, 0x4,
    0x26, 0x7f, 0x10, 0x5, 0x1f, 0xff, 0x30, 0x7,
    0xff, 0x9e, 0x73, 0x3f, 0x18, 0x0, 0x4c, 0xff,
    0x38,

    /* U+0402 "Ђ" */
    0x8f, 0xff, 0xf7, 0x0, 0x76, 0xa2, 0x61, 0x3,
    0x44, 0xc0, 0x1c, 0xb7, 0x79, 0x43, 0xae, 0xea,
    0x0, 0xff, 0xf1, 0x93, 0x4d, 0x4a, 0x0, 0x7f,
    0xbf, 0x65, 0x95, 0xae, 0xc2, 0x1, 0xfd, 0x19,
    0xdc, 0xb3, 0x4a, 0x0, 0xfd, 0xee, 0x62, 0x24,
    0xd1, 0x43, 0x0, 0xff, 0xe0, 0x8b, 0x82, 0x0,
    0x7f, 0xf0, 0xb8, 0x3c, 0x3, 0xff, 0x85, 0xa1,
    0xa0, 0x1f, 0xfc, 0x14, 0x50, 0x40, 0xf, 0xf6,
    0x4d, 0xd8, 0x28, 0x40, 0x3f, 0x88, 0x59, 0xe,
    0xd4, 0x0,

    /* U+0403 "Ѓ" */
    0x0, 0x8b, 0xfc, 0xc0, 0x1e, 0x90, 0xb6, 0x0,
    0xf7, 0xea, 0x0, 0x66, 0xff, 0x5e, 0xff, 0xed,
    0x0, 0x12, 0x27, 0x9c, 0x0, 0xb7, 0x7e, 0xa0,
    0xf, 0xff, 0xf8, 0x7, 0xff, 0x84,

    /* U+0404 "Є" */
    0x0, 0xc7, 0x5d, 0xfe, 0xc5, 0x0, 0xf4, 0xe2,
    0x9a, 0x19, 0xaa, 0x80, 0x1a, 0x18, 0xf7, 0x57,
    0x9a, 0x4b, 0x20, 0x3, 0x72, 0xc2, 0x0, 0x8b,
    0x1, 0x84, 0x28, 0x20, 0x3, 0xc3, 0x54, 0x0,
    0x20, 0x20, 0x7, 0xca, 0xa1, 0x2, 0xd, 0xcc,
    0xc4, 0x1, 0xf8, 0xcf, 0x84, 0x3, 0xf7, 0xff,
    0x18, 0x7, 0x88, 0x8, 0x3, 0xe2, 0x30, 0x2,
    0x2, 0x80, 0x7d, 0x78, 0xe1, 0x41, 0x22, 0x1,
    0xc4, 0xc0, 0xc0, 0x6c, 0x3a, 0x40, 0x11, 0xf8,
    0x38, 0x80, 0x25, 0xf, 0x75, 0x7b, 0x84, 0xb0,
    0x1, 0xae, 0x90, 0xd0, 0xd2, 0xa8, 0x0,

    /* U+0405 "Ѕ" */
    0x0, 0x92, 0xfb, 0xfa, 0xd4, 0x3, 0xa2, 0xd0,
    0xc, 0x12, 0xa8, 0x1, 0x1b, 0x96, 0x76, 0x76,
    0x12, 0xb0, 0x1, 0x2, 0xc, 0x2, 0x39, 0xd,
    0x0, 0xc6, 0x1, 0xc9, 0x1c, 0x0, 0x40, 0x96,
    0x10, 0xc, 0xea, 0x0, 0x39, 0x9, 0xec, 0x94,
    0x0, 0xf3, 0x6b, 0x91, 0xb5, 0xf3, 0x80, 0x71,
    0x46, 0xf5, 0x28, 0xc4, 0x0, 0x3e, 0x15, 0xad,
    0x17, 0x10, 0xfc, 0x0, 0xf1, 0x38, 0x28, 0x11,
    0x90, 0x7, 0x88, 0x1c, 0x2c, 0x31, 0x40, 0x34,
    0x21, 0x18, 0x33, 0x6, 0xbf, 0x75, 0xee, 0x3e,
    0x1, 0x4d, 0xa8, 0x91, 0x4f, 0xe4, 0x0,

    /* U+0406 "І" */
    0x2f, 0xb0, 0xf, 0xfe, 0xf0,

    /* U+0407 "Ї" */
    0xfd, 0x5, 0xf7, 0x0, 0xf7, 0x60, 0x2f, 0x38,
    0x9f, 0xd8, 0x80, 0x7f, 0xff, 0xc0, 0x3f, 0xc0,

    /* U+0408 "Ј" */
    0x0, 0xf4, 0x7b, 0x0, 0x7f, 0xff, 0xc0, 0x3c,
    0x72, 0x60, 0x1e, 0x56, 0x50, 0x8, 0x40, 0x94,
    0x2c, 0x40, 0x5c, 0x14, 0xcc, 0x5d, 0x9c, 0x2c,
    0x21, 0xac, 0x26, 0x51, 0x20,

    /* U+0409 "Љ" */
    0x0, 0x37, 0xff, 0xf4, 0x0, 0x7f, 0xf0, 0x49,
    0x13, 0x88, 0x3, 0xff, 0x86, 0xb7, 0x7e, 0x0,
    0xff, 0xff, 0x80, 0x7f, 0xf0, 0x96, 0xee, 0xa9,
    0x61, 0x0, 0xff, 0xe1, 0x12, 0x24, 0xad, 0x3e,
    0x60, 0x1f, 0xfc, 0x17, 0xff, 0xd8, 0x83, 0xc0,
    0x1d, 0xe0, 0x1f, 0xfc, 0x3, 0xb1, 0x23, 0x0,
    0xff, 0xe3, 0xa0, 0x30, 0x0, 0x40, 0x40, 0x3f,
    0xf8, 0x4c, 0x2, 0x0, 0xe0, 0x20, 0xf, 0xfe,
    0xa, 0x18, 0x23, 0x4b, 0x2, 0x0, 0x7c, 0x91,
    0x1a, 0xec, 0x12, 0x1a, 0xc5, 0x60, 0x1f, 0x8d,
    0xdf, 0x2a, 0x5b, 0x0,

    /* U+040A "Њ" */
    0x6f, 0x80, 0xc, 0xbf, 0x20, 0x1f, 0xff, 0xf0,
    0xf, 0xfe, 0x9a, 0xdd, 0xe9, 0x4, 0xbb, 0x55,
    0x25, 0x84, 0x3, 0x12, 0x26, 0x30, 0x24, 0x42,
    0xa9, 0xa7, 0x90, 0x2, 0x7f, 0xfd, 0x40, 0xdf,
    0xfc, 0xe1, 0x40, 0x1f, 0xfc, 0x48, 0x31, 0x40,
    0xf, 0xfe, 0x22, 0x81, 0x80, 0x7f, 0xf1, 0x8,
    0x8, 0x3, 0xff, 0x86, 0xa8, 0x8, 0x1, 0xfc,
    0x97, 0x7b, 0x68, 0x20, 0x40, 0x3f, 0x89, 0x13,
    0x19, 0xa9, 0xc0,

    /* U+040B "Ћ" */
    0x8f, 0xff, 0xf8, 0x3, 0xb9, 0x13, 0x8, 0x1a,
    0x26, 0x0, 0xe6, 0xbb, 0xca, 0x1d, 0x77, 0x80,
    0x3f, 0xfc, 0x64, 0xd3, 0x52, 0xa0, 0x1f, 0xec,
    0xd9, 0x65, 0x6a, 0xc0, 0xf, 0xe3, 0x7b, 0xef,
    0xb2, 0x38, 0x0, 0xfd, 0xf0, 0x82, 0x9, 0xc0,
    0xc0, 0x1f, 0xfc, 0x23, 0x21, 0x10, 0x7, 0xff,
    0x8, 0x40, 0xc0, 0x3f, 0xf8, 0x4e, 0x2, 0x1,
    0xff, 0xe7,

    /* U+040C "Ќ" */
    0x0, 0xcf, 0xfa, 0x20, 0x1e, 0x18, 0x3c, 0x10,
    0xf, 0xaf, 0x4, 0x3, 0x37, 0xc0, 0xa0, 0x1,
    0x73, 0xdc, 0x3, 0xcb, 0x46, 0x62, 0x0, 0xf4,
    0x6, 0x61, 0x40, 0x38, 0xc9, 0x4c, 0x3, 0xe9,
    0xe, 0x0, 0xf8, 0x94, 0x90, 0x3, 0x85, 0x3c,
    0x24, 0x3, 0xcd, 0x65, 0x28, 0x1, 0xe5, 0x70,
    0x94, 0x0, 0xf1, 0x45, 0x85, 0x90, 0x7, 0xc8,
    0xe1, 0xc0, 0x1f, 0xa0, 0x8d, 0xc0, 0x3f, 0x48,
    0x40, 0x80, 0x7c, 0x8a, 0x16, 0x1, 0xfa, 0xc1,
    0x50,

    /* U+040E "Ў" */
    0x0, 0x98, 0xc0, 0x25, 0x50, 0x7, 0xb3, 0x4c,
    0x56, 0x88, 0x3, 0xd6, 0xb9, 0xd4, 0xae, 0x1,
    0xe1, 0xbe, 0xde, 0xa0, 0xd, 0x5f, 0x0, 0x1,
    0x21, 0x0, 0x4f, 0xb4, 0x3, 0x88, 0x7, 0x98,
    0x58, 0x98, 0x24, 0x3, 0x9c, 0x24, 0x1, 0x0,
    0xe2, 0x1, 0xa8, 0x18, 0x0, 0x2e, 0x10, 0x1,
    0x29, 0x38, 0x80, 0x50, 0x2c, 0x20, 0x9, 0x9,
    0x0, 0xe9, 0x8, 0x3, 0x33, 0x8, 0x7, 0x38,
    0xb1, 0x48, 0x58, 0x7, 0xd6, 0x12, 0xa8, 0x40,
    0x1f, 0x29, 0x20, 0x40, 0x7, 0xf4, 0x1, 0x98,
    0x3, 0xf8, 0xc2, 0x0, 0x3f, 0x86, 0xd, 0x0,
    0x3e, 0xeb, 0xf1, 0x80, 0xf, 0xc4, 0x81, 0x28,
    0x1, 0xe0,

    /* U+040F "Џ" */
    0x6f, 0x80, 0xf, 0xbf, 0x40, 0x3f, 0xff, 0xe0,
    0x1f, 0xff, 0xb6, 0xcc, 0xf8, 0x3, 0x9, 0x9f,
    0xc0, 0x6, 0xff, 0xcc, 0x1d, 0xff, 0x68, 0x7,
    0xff, 0x60,

    /* U+0410 "А" */
    0x0, 0xf5, 0xfd, 0x80, 0x7f, 0xc2, 0x80, 0x82,
    0x1, 0xfe, 0x70, 0x80, 0x60, 0xf, 0xf5, 0xb,
    0x85, 0x0, 0x7f, 0x11, 0xa0, 0x29, 0x20, 0x7,
    0xea, 0xf, 0xe, 0xe, 0x0, 0xfc, 0xc0, 0xa0,
    0x82, 0xa2, 0x1, 0xe4, 0x15, 0x0, 0x9c, 0x1c,
    0x3, 0xdc, 0x1c, 0x1, 0x50, 0x58, 0x7, 0x94,
    0x2f, 0xfe, 0xc0, 0x23, 0x0, 0xca, 0x6, 0xcd,
    0xc8, 0x14, 0x1, 0xb8, 0x3e, 0x67, 0xa8, 0x18,
    0x2, 0x14, 0x23, 0x0, 0xe1, 0x40, 0x60, 0x3,
    0x2, 0x80, 0x7d, 0xc1, 0x40, 0xa, 0xa, 0x0,
    0xf9, 0x44, 0xc8,

    /* U+0411 "Б" */
    0x6f, 0xff, 0xdc, 0x1, 0x89, 0x13, 0xe0, 0xc,
    0xb7, 0x7e, 0xa0, 0xf, 0xfe, 0xe3, 0x66, 0x57,
    0x4e, 0x20, 0x18, 0x4c, 0xe4, 0x58, 0xf3, 0x0,
    0x9f, 0xff, 0x62, 0x8e, 0x80, 0x7e, 0x3a, 0x11,
    0x20, 0x7, 0xf2, 0x81, 0x0, 0x7f, 0x38, 0x10,
    0x7, 0xe5, 0x30, 0x40, 0x2, 0xdd, 0xed, 0xa0,
    0x90, 0x8, 0x91, 0x31, 0xa5, 0xb0, 0x0,

    /* U+0412 "В" */
    0x8f, 0xff, 0x6c, 0x0, 0x71, 0x19, 0xc4, 0x47,
    0xb0, 0xd, 0x79, 0x96, 0xf1, 0xa2, 0x80, 0x7e,
    0x19, 0xc, 0x0, 0xff, 0x84, 0x3, 0xf0, 0xc8,
    0x50, 0x5, 0x79, 0x96, 0xf1, 0xd1, 0x0, 0x44,
    0x67, 0x10, 0x3, 0x40, 0x34, 0xff, 0xec, 0x47,
    0xa0, 0xf, 0xc7, 0x62, 0xa2, 0x1, 0xfc, 0xa0,
    0xa0, 0x1f, 0xcc, 0xe, 0x1, 0xf9, 0xc8, 0x4c,
    0x1, 0x79, 0x9b, 0xa0, 0x28, 0x2, 0x23, 0x3c,
    0xb, 0xa8, 0x0,

    /* U+0413 "Г" */
    0x6f, 0xff, 0xda, 0x0, 0x24, 0x4f, 0x38, 0x1,
    0x6e, 0xfd, 0x40, 0x1f, 0xff, 0xf0, 0xf, 0xff,
    0x8,

    /* U+0414 "Д" */
    0x0, 0x17, 0xff, 0xe9, 0x0, 0xe1, 0x44, 0xc4,
    0x1, 0xf2, 0x5d, 0xe8, 0x0, 0xff, 0xe3, 0x8,
    0x18, 0x7, 0xff, 0x0, 0x40, 0x3f, 0xcc, 0x1e,
    0x1, 0xfe, 0x30, 0x20, 0xf, 0xf0, 0x80, 0x80,
    0x7f, 0xb4, 0x14, 0x3, 0xfc, 0xe2, 0x20, 0xf,
    0xe1, 0x24, 0x0, 0xff, 0x48, 0x78, 0x7, 0xf5,
    0xb8, 0x4e, 0x67, 0x40, 0x3d, 0x20, 0x0, 0xcf,
    0xc4, 0x2, 0xe0, 0x9f, 0xff, 0xc4, 0x1, 0xff,
    0xcf, 0x8e, 0x0, 0xfe, 0xbb, 0x0,

    /* U+0415 "Е" */
    0x6f, 0xff, 0xf0, 0x4, 0x26, 0x7f, 0x20, 0x5,
    0x39, 0x9f, 0x58, 0x7, 0xff, 0x6e, 0x73, 0x3e,
    0x40, 0x8, 0x4c, 0xfe, 0x20, 0xa, 0x3f, 0xfe,
    0x60, 0xf, 0xff, 0x3c, 0xe6, 0x7e, 0x30, 0x0,
    0x99, 0xfe, 0x70,

    /* U+0416 "Ж" */
    0xcf, 0xb2, 0x0, 0xd7, 0xe4, 0x1, 0x9f, 0x7d,
    0x14, 0x93, 0x4, 0x3, 0xfa, 0x20, 0x66, 0x69,
    0xd7, 0x16, 0x0, 0xfc, 0x2e, 0x5f, 0x84, 0x0,
    0x80, 0x90, 0xf, 0xcc, 0x14, 0x20, 0x1c, 0xc2,
    0xa0, 0x1f, 0x48, 0x30, 0x7, 0xac, 0x24, 0x3,
    0xca, 0x2a, 0x20, 0x1e, 0x25, 0x39, 0x27, 0x6,
    0x5b, 0x8, 0x0, 0xfd, 0x48, 0xda, 0x61, 0x74,
    0x38, 0x40, 0x1f, 0xa5, 0xa, 0x4c, 0x21, 0x43,
    0x48, 0x3, 0xe7, 0x62, 0xc6, 0x70, 0x5a, 0x81,
    0xc0, 0xf, 0x14, 0x7, 0x8, 0x7, 0x39, 0x8c,
    0x80, 0x77, 0x3, 0x98, 0x7, 0xdc, 0xc, 0x60,
    0x13, 0x18, 0xc0, 0x7, 0xe2, 0x70, 0xe0, 0x0,
    0xc0, 0x58, 0x7, 0xfa, 0x8, 0x8e, 0x16, 0x28,
    0xa0, 0x1f, 0xf4, 0x84, 0x8,

    /* U+0417 "З" */
    0x0, 0x97, 0x3f, 0xd8, 0xc0, 0x1d, 0x54, 0x32,
    0x21, 0xcd, 0x0, 0x4a, 0xa2, 0xdd, 0xc4, 0xaa,
    0x0, 0x70, 0x71, 0x0, 0xa, 0xc3, 0xc0, 0x1a,
    0xe6, 0x1, 0xe3, 0x0, 0x34, 0x0, 0x62, 0x80,
    0xa0, 0xf, 0x56, 0x68, 0xc9, 0x80, 0x79, 0x4c,
    0x4, 0x3, 0xf7, 0xf5, 0x94, 0xc0, 0x7, 0xc2,
    0x9a, 0xe, 0x3, 0x32, 0x0, 0xe1, 0x30, 0x31,
    0x76, 0x30, 0xe, 0x20, 0x20, 0x80, 0xd3, 0x0,
    0xa4, 0x4c, 0x41, 0x94, 0x73, 0x17, 0xcc, 0x3c,
    0x1, 0x54, 0x99, 0x90, 0xdf, 0xc8, 0x0,

    /* U+0418 "И" */
    0x6f, 0x50, 0xf, 0x37, 0xe8, 0x7, 0xe1, 0x80,
    0xf, 0xf5, 0x88, 0x7, 0xf2, 0x2a, 0x8, 0x7,
    0xe9, 0x9, 0x0, 0xfd, 0x5, 0x4, 0x1, 0xf1,
    0x39, 0x38, 0x7, 0xee, 0xe, 0x0, 0xfc, 0xc6,
    0xc6, 0x1, 0xf0, 0xc0, 0xc8, 0x7, 0xeb, 0x1b,
    0x0, 0xfd, 0x8a, 0x8a, 0x1, 0xf9, 0x82, 0x80,
    0x3f, 0xd0, 0x20, 0x1f, 0xc6, 0xe0, 0x1f, 0x80,

    /* U+0419 "Й" */
    0x0, 0x9c, 0xc0, 0x25, 0x50, 0x7, 0x6e, 0x8c,
    0x56, 0x8c, 0x3, 0xad, 0x73, 0xa9, 0x98, 0x1,
    0xc3, 0x7d, 0xbd, 0x20, 0x13, 0x7a, 0x80, 0x4,
    0x84, 0x1b, 0xf4, 0x3, 0xf0, 0xc0, 0x7, 0xfa,
    0xc4, 0x3, 0xf9, 0x15, 0x4, 0x3, 0xf4, 0x84,
    0x80, 0x7e, 0x82, 0x82, 0x0, 0xf8, 0x9c, 0x9c,
    0x3, 0xf7, 0x7, 0x0, 0x7e, 0x63, 0x63, 0x0,
    0xf8, 0x60, 0x64, 0x3, 0xf5, 0x8d, 0x80, 0x7e,
    0xc5, 0x45, 0x0, 0xfc, 0xc1, 0x40, 0x1f, 0xe8,
    0x10, 0xf, 0xe3, 0x70, 0xf, 0xc0,

    /* U+041A "К" */
    0x6f, 0x80, 0xc, 0xb9, 0xee, 0x1, 0xe5, 0xa3,
    0x31, 0x0, 0x7a, 0x3, 0x30, 0xa0, 0x1c, 0x64,
    0xa6, 0x1, 0xf4, 0x87, 0x0, 0x7c, 0x4a, 0x48,
    0x1, 0xc2, 0x9e, 0x12, 0x1, 0xe6, 0xb2, 0x94,
    0x0, 0xf2, 0xb8, 0x4a, 0x0, 0x78, 0xa2, 0xc2,
    0xc8, 0x3, 0xe4, 0x70, 0xe0, 0xf, 0xd0, 0x46,
    0xe0, 0x1f, 0xa4, 0x20, 0x40, 0x3e, 0x45, 0xb,
    0x0, 0xfd, 0x60, 0xa8,

    /* U+041B "Л" */
    0x0, 0x37, 0xff, 0xf4, 0x0, 0x62, 0x44, 0xe2,
    0x0, 0xf2, 0xdd, 0xf8, 0x3, 0xff, 0xfe, 0x1,
    0xfd, 0xe0, 0x1f, 0xfc, 0xb1, 0x1, 0x0, 0xff,
    0x70, 0x10, 0x7, 0xe6, 0x96, 0x4, 0x0, 0xfd,
    0xac, 0x56, 0x1, 0xfc,

    /* U+041C "М" */
    0x7f, 0xf4, 0x0, 0x7d, 0x1f, 0xe2, 0x0, 0x94,
    0x3, 0xe5, 0x0, 0xe2, 0x28, 0x3, 0x8c, 0x84,
    0x3, 0x28, 0x28, 0x7, 0x58, 0xa0, 0x6, 0xd1,
    0xb0, 0xe, 0x54, 0x0, 0xf3, 0x98, 0x80, 0x44,
    0x4e, 0x0, 0xf6, 0x83, 0x80, 0x54, 0x8, 0x1,
    0xe4, 0x1a, 0x0, 0x95, 0x40, 0x1f, 0x9c, 0xc4,
    0x8, 0x9e, 0x1, 0xfb, 0x41, 0xc1, 0x41, 0x40,
    0x3f, 0x20, 0x68, 0x52, 0x80, 0x7f, 0x95, 0x8,
    0x9e, 0x1, 0xfe, 0xf0, 0xe0, 0x50, 0xf, 0xf2,
    0x81, 0xa8, 0x7, 0xff, 0x1, 0x43, 0xc0, 0x3c,

    /* U+041D "Н" */
    0x6f, 0x80, 0xf, 0xf, 0xe8, 0x7, 0xff, 0xc9,
    0xb3, 0x3d, 0xa0, 0x18, 0x4c, 0xfe, 0x0, 0xcf,
    0xff, 0xee, 0x0, 0xff, 0xff, 0x0,

    /* U+041E "О" */
    0x0, 0xc7, 0x3b, 0xfd, 0x8e, 0x1, 0xf4, 0x63,
    0x2, 0x11, 0xc7, 0x10, 0x6, 0x77, 0xd, 0xed,
    0xe7, 0xb8, 0xe0, 0x80, 0xa, 0x7, 0xd0, 0x3,
    0x43, 0x8d, 0x0, 0x2c, 0x24, 0x40, 0x3d, 0x2,
    0x84, 0x8, 0xa, 0x1, 0xf9, 0xc1, 0x0, 0x80,
    0x80, 0x3f, 0x78, 0x70, 0x0, 0x40, 0x3f, 0x8c,
    0x4, 0x0, 0x20, 0x1f, 0xc6, 0x1, 0x10, 0x8,
    0x7, 0xef, 0xf, 0x4, 0x6, 0x0, 0xfc, 0xe0,
    0x81, 0x61, 0x4, 0x1, 0xe7, 0x14, 0x20, 0x28,
    0xc, 0x40, 0xd, 0x10, 0x19, 0x0, 0x9e, 0x6,
    0xf6, 0xf3, 0xdc, 0x74, 0x80, 0x33, 0xe3, 0x2,
    0x19, 0xa3, 0x8c, 0x0,

    /* U+041F "П" */
    0x6f, 0xff, 0xf6, 0x80, 0x9, 0x13, 0xe0, 0xc,
    0xb7, 0x7f, 0x0, 0x7f, 0xff, 0xc0, 0x3f, 0xff,
    0x60,

    /* U+0420 "Р" */
    0x7f, 0xff, 0x76, 0x28, 0x6, 0x23, 0x3f, 0x54,
    0x0, 0x55, 0x99, 0xb6, 0xc1, 0xc4, 0x3, 0xf2,
    0x28, 0x20, 0x7, 0xf1, 0x1, 0x0, 0x7f, 0x18,
    0x10, 0x7, 0xe6, 0x40, 0x40, 0x5, 0x66, 0x6e,
    0x90, 0xa1, 0x0, 0x11, 0x9e, 0x5, 0xc5, 0x0,
    0xa3, 0xff, 0x75, 0x18, 0x7, 0xff, 0xc8,

    /* U+0421 "С" */
    0x0, 0x8e, 0xbb, 0xfd, 0x8c, 0x1, 0xd1, 0x8a,
    0x68, 0x66, 0x9b, 0x0, 0xa1, 0xcb, 0x36, 0xf3,
    0x4d, 0x24, 0x9, 0xc7, 0xc, 0x2, 0x2d, 0x16,
    0x2a, 0x6, 0x10, 0xe, 0x18, 0x81, 0xa0, 0x58,
    0x7, 0xcc, 0xe2, 0x40, 0x60, 0x1f, 0xe1, 0x0,
    0xff, 0xe0, 0x8, 0x7, 0xff, 0x0, 0x80, 0xc0,
    0x3e, 0x12, 0x4, 0x4, 0x0, 0xfa, 0x75, 0xe8,
    0x24, 0x40, 0x38, 0x58, 0x14, 0x9c, 0x70, 0xc0,
    0x22, 0xd1, 0x52, 0x8, 0x52, 0xcd, 0xbd, 0xd1,
    0xa5, 0x0, 0x55, 0x6a, 0x68, 0x47, 0x36, 0x0,

    /* U+0422 "Т" */
    0x9f, 0xff, 0xf6, 0x79, 0x9e, 0x0, 0x19, 0xe5,
    0x6c, 0xcc, 0x41, 0x99, 0xa4, 0x3, 0xff, 0xfe,
    0x1, 0xff, 0xf9,

    /* U+0423 "У" */
    0xaf, 0x80, 0xf, 0xa7, 0xda, 0x1, 0xc4, 0x3,
    0xcc, 0x2c, 0x4c, 0x12, 0x1, 0xce, 0x12, 0x0,
    0x80, 0x71, 0x0, 0xd4, 0xc, 0x0, 0x17, 0x8,
    0x0, 0x94, 0x9c, 0x40, 0x28, 0x16, 0x10, 0x4,
    0x84, 0x80, 0x74, 0x84, 0x1, 0x99, 0x84, 0x3,
    0x9c, 0x58, 0xa4, 0x2c, 0x3, 0xeb, 0x9, 0x54,
    0x20, 0xf, 0x94, 0x90, 0x20, 0x3, 0xfa, 0x0,
    0xcc, 0x1, 0xfc, 0x61, 0x0, 0x1f, 0xc3, 0x6,
    0x80, 0x1f, 0x75, 0xf8, 0xc0, 0x7, 0xe2, 0x40,
    0x94, 0x0, 0xf0,

    /* U+0424 "Ф" */
    0x0, 0xf2, 0x7c, 0x0, 0x7f, 0xf3, 0xe, 0xba,
    0xc1, 0xfa, 0xd4, 0x3, 0x9f, 0x14, 0xcc, 0x4,
    0x44, 0xaa, 0x0, 0x4b, 0x3, 0x9b, 0x0, 0xb9,
    0xc6, 0xb0, 0x0, 0x80, 0xa3, 0x0, 0xe1, 0xd0,
    0x71, 0x11, 0xa, 0x0, 0x7c, 0x2a, 0xa, 0x60,
    0x40, 0x1f, 0xc6, 0x4, 0x60, 0x40, 0x1f, 0xc4,
    0x4, 0x24, 0x28, 0x1, 0xf0, 0xa0, 0x28, 0x40,
    0x51, 0x80, 0x70, 0xe8, 0x38, 0x82, 0xc0, 0xe6,
    0xc0, 0x2e, 0x71, 0xa4, 0x0, 0x4f, 0x8a, 0x66,
    0x2, 0x22, 0x55, 0x80, 0x71, 0xd7, 0x58, 0x3f,
    0x5a, 0x80, 0x7f, 0xf1, 0x80,

    /* U+0425 "Х" */
    0xd, 0xf5, 0x0, 0xf4, 0xfb, 0x80, 0x38, 0x2c,
    0x40, 0x32, 0xb1, 0xb8, 0x0, 0xdc, 0x6c, 0x2,
    0x1b, 0x1d, 0x0, 0xd0, 0x4a, 0xa0, 0x5, 0xd,
    0x88, 0x7, 0x70, 0x58, 0xba, 0x32, 0x80, 0x78,
    0xdc, 0x6a, 0xa, 0x40, 0x3f, 0x41, 0xa0, 0x70,
    0x7, 0xf9, 0x40, 0x2, 0x1, 0xfc, 0x8c, 0x21,
    0xc0, 0x1f, 0x86, 0x83, 0xc, 0xce, 0x1, 0xf5,
    0xc, 0x17, 0x4, 0x10, 0x7, 0x32, 0x1b, 0x81,
    0x40, 0x70, 0x6, 0x29, 0xe, 0x0, 0x9c, 0xcd,
    0x0, 0x17, 0x84, 0x90, 0x6, 0xe0, 0x73, 0x8,
    0x24, 0x60, 0xe, 0x28, 0xe, 0x0,

    /* U+0426 "Ц" */
    0x7f, 0x70, 0xf, 0xf, 0xe8, 0x7, 0xff, 0xfc,
    0x3, 0xff, 0xfe, 0x1, 0xff, 0xca, 0xac, 0xcf,
    0x68, 0x16, 0x8, 0x0, 0x8c, 0xfe, 0x0, 0x19,
    0x9f, 0xff, 0xfc, 0xe0, 0x1f, 0xfe, 0x0,

    /* U+0427 "Ч" */
    0xdf, 0x10, 0xf, 0x6f, 0x88, 0x7, 0xff, 0x90,
    0x40, 0xc0, 0x3f, 0x98, 0x10, 0x3, 0xfb, 0x2,
    0xc8, 0x2, 0x16, 0x30, 0x3, 0x19, 0x6e, 0x63,
    0x7a, 0x44, 0x2, 0xc8, 0x23, 0x21, 0x7c, 0x20,
    0xc, 0xfb, 0xfd, 0x90, 0x60, 0x1f, 0xfe, 0x70,

    /* U+0428 "Ш" */
    0x6f, 0x80, 0xd, 0x7e, 0x40, 0x10, 0xfe, 0x0,
    0x7f, 0xff, 0xc0, 0x3f, 0xff, 0xe0, 0x1f, 0xfe,
    0x6, 0xcc, 0xca, 0x1d, 0x99, 0x68, 0x6, 0x13,
    0x3c, 0x20, 0x67, 0xc0, 0x0,

    /* U+0429 "Щ" */
    0x6f, 0x80, 0xd, 0x7e, 0x40, 0x10, 0xfe, 0x0,
    0x7f, 0xff, 0xc0, 0x3f, 0xff, 0xe0, 0x1f, 0xff,
    0xa6, 0xcc, 0xca, 0x1d, 0x99, 0x68, 0x1e, 0x0,
    0x42, 0x67, 0x84, 0xc, 0xf8, 0x0, 0x62, 0xdf,
    0xff, 0xfc, 0x26, 0x0, 0xff, 0xf6, 0x0,

    /* U+042A "Ъ" */
    0xff, 0xf2, 0x0, 0x7f, 0x22, 0x61, 0x0, 0xff,
    0xae, 0xf2, 0x0, 0x7f, 0xfd, 0x62, 0xed, 0x54,
    0x85, 0x0, 0xfe, 0x34, 0x42, 0xa9, 0xeb, 0x44,
    0x3, 0xeb, 0xff, 0xba, 0xc8, 0x96, 0x1, 0xff,
    0xa, 0x78, 0x28, 0x7, 0xff, 0x4, 0x80, 0x2,
    0x1, 0xff, 0xc0, 0x10, 0x0, 0x80, 0x7f, 0xf0,
    0x20, 0x10, 0x3, 0xe8, 0xbb, 0xdc, 0xc3, 0x20,
    0x1f, 0x1a, 0x26, 0x36, 0xc2, 0x0,

    /* U+042B "Ы" */
    0x6f, 0x80, 0xf, 0xf7, 0x78, 0x7, 0xff, 0xfc,
    0x3, 0xf2, 0xdd, 0xd5, 0x2c, 0x20, 0x1f, 0x89,
    0x12, 0x56, 0x9f, 0x30, 0xf, 0x9f, 0xff, 0x62,
    0x8f, 0x0, 0x7f, 0xf0, 0xe, 0x88, 0x88, 0x1,
    0xff, 0xc1, 0x70, 0x20, 0xf, 0xfe, 0xb, 0x1,
    0x0, 0x7f, 0xf0, 0x18, 0xc5, 0x0, 0x3c, 0xb7,
    0x7b, 0x64, 0x2c, 0x3, 0xe2, 0x44, 0xc6, 0xb8,
    0xa0, 0x1c,

    /* U+042C "Ь" */
    0x6f, 0x80, 0xf, 0xff, 0xda, 0xdd, 0xd5, 0x2c,
    0x20, 0x18, 0x91, 0x25, 0x69, 0xf3, 0x0, 0x9f,
    0xff, 0x62, 0x8f, 0x0, 0x7e, 0x3a, 0x22, 0x20,
    0x7, 0xf3, 0x81, 0x0, 0x7f, 0x30, 0x10, 0x7,
    0xe6, 0x31, 0x40, 0x2, 0xdd, 0xed, 0x90, 0xb0,
    0x8, 0x91, 0x31, 0xae, 0x28, 0x0,

    /* U+042D "Э" */
    0x0, 0x8e, 0xbb, 0xfb, 0x18, 0x3, 0xcb, 0x8a,
    0x68, 0x47, 0x3a, 0x20, 0x11, 0xd0, 0x56, 0xde,
    0x7b, 0x96, 0x0, 0x50, 0x12, 0xa0, 0x1a, 0x1c,
    0xa0, 0x1, 0xf0, 0xc0, 0x1e, 0x80, 0x70, 0x2,
    0x38, 0x7, 0xe4, 0x3, 0x0, 0xf5, 0x66, 0x65,
    0x6, 0x0, 0xf3, 0x99, 0xe1, 0x3, 0x0, 0xf6,
    0xff, 0xe5, 0x2, 0x1, 0x30, 0xf, 0xcc, 0xe,
    0x3d, 0x80, 0x1f, 0x9, 0x89, 0x8a, 0x3, 0x80,
    0x7a, 0xc1, 0x80, 0x10, 0x10, 0xc0, 0x1a, 0x54,
    0x64, 0x0, 0x74, 0x13, 0xd7, 0x9e, 0xc3, 0xa2,
    0x1, 0x2e, 0xb0, 0x21, 0x1c, 0x79, 0x80, 0x0,

    /* U+042E "Ю" */
    0x6f, 0x80, 0xe, 0x3a, 0xef, 0xeb, 0x50, 0xf,
    0xf9, 0xf1, 0x4d, 0x9, 0x2a, 0xc0, 0x3f, 0x9a,
    0x6, 0xf6, 0xf3, 0x91, 0x16, 0x1, 0xf0, 0xc8,
    0x52, 0x0, 0x43, 0x64, 0x8a, 0x1, 0xe7, 0x4,
    0x40, 0x7, 0xa4, 0x24, 0x3, 0xde, 0x1a, 0x1,
    0xf2, 0x1, 0x80, 0x4d, 0x98, 0x70, 0x50, 0xf,
    0xc4, 0x4, 0x0, 0x13, 0x30, 0x80, 0x80, 0x7e,
    0x10, 0xc, 0xff, 0xe5, 0x1, 0x0, 0xfc, 0x20,
    0x1f, 0x68, 0x28, 0x7, 0xe2, 0x2, 0x0, 0xe5,
    0xc, 0x0, 0xf9, 0x1, 0x0, 0x3c, 0x46, 0xa6,
    0x1, 0xe8, 0xe, 0x0, 0xfb, 0xc3, 0x50, 0x2,
    0x1b, 0x34, 0x50, 0xf, 0x8e, 0x86, 0xf6, 0xf3,
    0x91, 0x16, 0x1, 0xfc, 0xba, 0xc6, 0x84, 0x95,
    0x60, 0x10,

    /* U+042F "Я" */
    0x0, 0x9f, 0x7f, 0xfe, 0xd0, 0x5, 0xc1, 0x1a,
    0xaf, 0x0, 0x48, 0x81, 0xdc, 0xaa, 0xd6, 0x1,
    0x60, 0x31, 0x0, 0x7f, 0x8, 0x70, 0x7, 0xfb,
    0x83, 0x0, 0x3f, 0xcc, 0xb, 0x2, 0x1, 0xf8,
    0x70, 0x5f, 0xbf, 0xf7, 0x0, 0x63, 0xea, 0x10,
    0x13, 0x38, 0x3, 0x86, 0x46, 0x3b, 0x31, 0xa0,
    0x1d, 0xa6, 0xce, 0x1, 0xf9, 0xcc, 0xa4, 0x3,
    0xf1, 0x40, 0x70, 0x7, 0xf7, 0x3, 0x18, 0x7,
    0xe7, 0x32, 0x90, 0xf, 0xe0,

    /* U+0430 "а" */
    0x0, 0x14, 0xef, 0xf6, 0x28, 0x4, 0x5a, 0xc8,
    0xee, 0x3a, 0x50, 0x4, 0x6, 0x4c, 0x4d, 0x87,
    0x80, 0x3a, 0x4c, 0x2, 0x40, 0x10, 0x2, 0x30,
    0xa3, 0x4e, 0x0, 0x61, 0xbe, 0xb9, 0x75, 0x7,
    0x0, 0x6a, 0x35, 0xf7, 0x24, 0x2, 0x23, 0x49,
    0x41, 0x3, 0x0, 0xe7, 0x0, 0xd0, 0x1, 0x11,
    0x9a, 0xde, 0x39, 0x84, 0x40, 0xd, 0x65, 0x85,
    0x9d, 0x42, 0x10,

    /* U+0431 "б" */
    0x0, 0x9a, 0xfb, 0xff, 0x28, 0x2, 0xa5, 0x0,
    0x8a, 0x65, 0x6, 0x55, 0x77, 0x37, 0x69, 0x0,
    0x51, 0x50, 0x80, 0x7c, 0x6a, 0x77, 0xfe, 0xb3,
    0x0, 0xc3, 0x8c, 0xec, 0xb8, 0xa0, 0x20, 0xc7,
    0xb1, 0x3e, 0x36, 0x1, 0xa0, 0x2, 0x19, 0x16,
    0x0, 0x90, 0x3, 0x18, 0x78, 0x80, 0x80, 0x73,
    0x80, 0x42, 0x20, 0xe, 0x70, 0x10, 0x40, 0x30,
    0xd, 0xa1, 0xa1, 0xc1, 0xe0, 0x11, 0x30, 0xa8,
    0x23, 0x1e, 0xc4, 0xe8, 0x50, 0x5, 0x32, 0x7,
    0x64, 0xc4, 0x0,

    /* U+0432 "в" */
    0xbf, 0xfd, 0xd6, 0x60, 0x13, 0x3b, 0x95, 0x34,
    0x2, 0x88, 0xad, 0x85, 0x0, 0x3d, 0xc0, 0x1f,
    0x1c, 0x92, 0x0, 0x3b, 0xfd, 0x82, 0x80, 0x13,
    0xbc, 0xc2, 0xce, 0x0, 0x98, 0x84, 0xe0, 0x58,
    0x7, 0xe7, 0x0, 0x4c, 0x42, 0x70, 0x38, 0x0,
    0xef, 0x31, 0xca, 0x80,

    /* U+0433 "г" */
    0xbf, 0xfe, 0x40, 0x3, 0x3b, 0xcc, 0x0, 0x88,
    0xc4, 0x1, 0xff, 0xec,

    /* U+0434 "д" */
    0x0, 0x27, 0xff, 0xc0, 0x18, 0x41, 0x9d, 0xe1,
    0x0, 0xfa, 0x23, 0x18, 0x7, 0x18, 0x8, 0x7,
    0xf7, 0x8, 0x7, 0xf8, 0xc8, 0x3, 0xfc, 0xaa,
    0x0, 0xfe, 0x21, 0xc0, 0xf, 0xea, 0x5, 0x0,
    0xfd, 0xe, 0x51, 0x1c, 0x61, 0x0, 0xe0, 0x4e,
    0xfc, 0x20, 0xe2, 0x11, 0xff, 0xf4, 0x80, 0x7f,
    0xf3, 0xbd, 0xc0, 0x3e, 0x6f, 0x10,

    /* U+0435 "е" */
    0x0, 0xa3, 0x7f, 0xa4, 0x40, 0x36, 0xb8, 0xba,
    0x37, 0x88, 0x2, 0x9, 0xf2, 0x2a, 0xc6, 0x80,
    0xc, 0x30, 0x1, 0x22, 0x42, 0x42, 0x71, 0x1c,
    0xe0, 0xa2, 0x4, 0xef, 0xc6, 0x2, 0x20, 0x5f,
    0xff, 0x94, 0x81, 0x0, 0x39, 0x9c, 0x41, 0x86,
    0x0, 0x23, 0x99, 0x8, 0x41, 0x3e, 0x45, 0x60,
    0x50, 0x0, 0x71, 0xc5, 0xd1, 0x71, 0x0,

    /* U+0436 "ж" */
    0xa, 0xf7, 0x0, 0x1f, 0xc8, 0x0, 0xf7, 0xc0,
    0x1e, 0x90, 0x40, 0x1e, 0xf0, 0x70, 0x2, 0xd8,
    0xd8, 0x7, 0x19, 0xa6, 0x0, 0x33, 0x30, 0x3,
    0xa8, 0x50, 0x3, 0xa4, 0x20, 0x2, 0x36, 0x90,
    0xf, 0xd, 0xbe, 0x3, 0x62, 0xb8, 0x7, 0x8e,
    0xd2, 0x81, 0x61, 0x64, 0x3, 0xda, 0x56, 0xc0,
    0x6e, 0xe6, 0x50, 0xd, 0x23, 0x0, 0x1d, 0x3,
    0x60, 0x11, 0x32, 0x28, 0x7, 0xac, 0x60, 0x1,
    0xc1, 0x20, 0x1f, 0x29, 0xb9, 0x0,

    /* U+0437 "з" */
    0x0, 0x36, 0xfe, 0xb8, 0x4, 0xf2, 0x2e, 0x31,
    0x20, 0x9, 0x2c, 0x8c, 0x16, 0x0, 0x6f, 0x0,
    0x44, 0x1, 0x19, 0x80, 0x9c, 0xd8, 0x3, 0x36,
    0xc0, 0x60, 0x6, 0x7b, 0x91, 0xa2, 0x14, 0x11,
    0x23, 0x40, 0x22, 0x2e, 0xc0, 0x17, 0x1, 0xa9,
    0xae, 0x45, 0x38, 0xa8, 0x6b, 0xb, 0xa3, 0x78,
    0x0,

    /* U+0438 "и" */
    0xbf, 0x10, 0x9, 0x7f, 0x40, 0x3d, 0x60, 0x1f,
    0x40, 0x80, 0x78, 0x5d, 0x84, 0x3, 0xac, 0x60,
    0x3, 0x8d, 0x60, 0x40, 0x3b, 0x89, 0x80, 0x39,
    0x8a, 0x40, 0x3d, 0xa, 0x80, 0x1f, 0x40, 0x7,
    0xce, 0x40, 0x1c,

    /* U+0439 "й" */
    0x5, 0xf6, 0x12, 0xbf, 0x0, 0x2b, 0x4f, 0x6a,
    0xd8, 0x5, 0x3d, 0xba, 0xe4, 0x0, 0xc2, 0x44,
    0x0, 0xaf, 0xc4, 0x2, 0x5f, 0xd0, 0xf, 0x58,
    0x7, 0xd0, 0x20, 0x1e, 0x17, 0x61, 0x0, 0xeb,
    0x18, 0x0, 0xe3, 0x58, 0x10, 0xe, 0xe2, 0x60,
    0xe, 0x62, 0x90, 0xf, 0x42, 0xa0, 0x7, 0xd0,
    0x1, 0xf3, 0x90, 0x7, 0x0,

    /* U+043A "к" */
    0xbf, 0x10, 0x4, 0xfc, 0x0, 0x64, 0x65, 0xc0,
    0xd, 0xe7, 0x48, 0x1, 0x12, 0x50, 0x7, 0x40,
    0xb0, 0x6, 0xe5, 0xd0, 0xe, 0xb3, 0xd2, 0x0,
    0xcb, 0xa3, 0xe0, 0x1c, 0x30, 0x4e, 0x1, 0xce,
    0x50, 0x20, 0x1d, 0x21, 0x60,

    /* U+043B "л" */
    0x0, 0x6f, 0xff, 0xc2, 0x1, 0x9d, 0xf1, 0x0,
    0x70, 0xc4, 0x67, 0x0, 0xff, 0xf7, 0x98, 0x7,
    0xe7, 0xa1, 0x50, 0xf, 0xad, 0x4a, 0x0, 0x3e,

    /* U+043C "м" */
    0xbf, 0xf1, 0x0, 0x67, 0xff, 0x28, 0x4, 0xa0,
    0x1a, 0xc0, 0x38, 0xec, 0x2, 0x23, 0x40, 0xd,
    0x66, 0x20, 0x5, 0xd, 0x0, 0xca, 0xe, 0x0,
    0xb4, 0x30, 0xc, 0x47, 0xa0, 0x27, 0xa0, 0x1e,
    0xb4, 0x16, 0x7, 0x0, 0xf2, 0x82, 0x5a, 0x8,
    0x7, 0x88, 0x92, 0x7c, 0x1, 0xf9, 0x4c, 0x14,
    0x3, 0xf5, 0x82, 0x80, 0x70,

    /* U+043D "н" */
    0xbf, 0x10, 0xd, 0xf6, 0x1, 0xff, 0xd1, 0x98,
    0x8c, 0x1, 0x9d, 0xf8, 0x3, 0x77, 0xfe, 0x0,
    0xff, 0xed, 0x0,

    /* U+043E "о" */
    0x0, 0xc, 0x77, 0xf4, 0x88, 0x4, 0x3e, 0xea,
    0xea, 0xde, 0x40, 0xb, 0x19, 0xb8, 0xba, 0x1e,
    0x0, 0x29, 0x30, 0x4, 0xa8, 0x64, 0x60, 0x80,
    0x1d, 0x80, 0xee, 0x1, 0x0, 0xe1, 0x3, 0x70,
    0x20, 0xe, 0xe0, 0x33, 0x3, 0x80, 0x72, 0x3,
    0x82, 0x13, 0x80, 0x48, 0x66, 0x20, 0xa1, 0x8c,
    0x8a, 0xb1, 0xe0, 0x0, 0xfb, 0x8b, 0xa3, 0x79,
    0x0,

    /* U+043F "п" */
    0xaf, 0xff, 0xa0, 0x0, 0xce, 0xf2, 0x80, 0x68,
    0x8d, 0x20, 0x1f, 0xff, 0xe0,

    /* U+0440 "р" */
    0xaf, 0x1a, 0xff, 0x59, 0x0, 0x6c, 0x78, 0x74,
    0xd2, 0x0, 0x87, 0x5e, 0x2c, 0x24, 0x2, 0x90,
    0x9, 0xd, 0x4, 0x0, 0x80, 0x19, 0x1, 0x40,
    0x2, 0x1, 0xbc, 0x4, 0x3, 0xef, 0x1, 0x0,
    0x18, 0x6, 0x40, 0x50, 0x7, 0x80, 0x48, 0x6a,
    0x20, 0x2, 0xd8, 0xab, 0x1b, 0x0, 0xb5, 0x9d,
    0x17, 0xc4, 0x2, 0x2b, 0xfe, 0xa1, 0x0, 0xff,
    0xea, 0x0,

    /* U+0441 "с" */
    0x0, 0xc, 0xf7, 0xec, 0x0, 0x43, 0x8c, 0xae,
    0xcf, 0x80, 0x8, 0x29, 0xb8, 0xb6, 0x35, 0x6,
    0x16, 0x0, 0xa1, 0xd8, 0x81, 0x40, 0x30, 0xc1,
    0x88, 0x10, 0x7, 0xc2, 0x4, 0x1, 0xf1, 0x2,
    0x80, 0x61, 0xfa, 0x6, 0x16, 0x0, 0xa4, 0x30,
    0x20, 0xa6, 0xa2, 0xdc, 0xd8, 0x7, 0x19, 0x1d,
    0xa3, 0x0,

    /* U+0442 "т" */
    0xaf, 0xff, 0xb3, 0xdd, 0xca, 0x8, 0xee, 0xa5,
    0x88, 0x70, 0x64, 0x41, 0x80, 0x3f, 0xff, 0x80,

    /* U+0443 "у" */
    0x7f, 0x60, 0xc, 0x3f, 0x4a, 0x1a, 0x1, 0x98,
    0x38, 0x8d, 0x4, 0x2, 0xa1, 0x40, 0xa0, 0x60,
    0x1, 0x11, 0xc0, 0xc, 0x16, 0x0, 0xa0, 0xa0,
    0x9, 0x4c, 0x81, 0x88, 0xc0, 0x2e, 0x5, 0x31,
    0xa0, 0xc, 0x83, 0x56, 0xc, 0x1, 0xcc, 0x4a,
    0x82, 0x1, 0xd4, 0x5, 0xc0, 0x1e, 0x22, 0x2,
    0x80, 0x78, 0x49, 0x40, 0x3e, 0x90, 0xe0, 0xe,
    0xcd, 0x74, 0x40, 0x7, 0x39, 0x25, 0x0, 0x70,

    /* U+0444 "ф" */
    0x0, 0xfa, 0xbc, 0x80, 0x3f, 0xfd, 0x85, 0x7f,
    0xce, 0x0, 0x6c, 0xfe, 0x70, 0x8, 0xb5, 0x19,
    0xe1, 0x42, 0xdd, 0xc5, 0x12, 0x0, 0x80, 0xb9,
    0x95, 0x80, 0x12, 0xe3, 0xd, 0x88, 0x14, 0x90,
    0x0, 0x84, 0x1c, 0x1, 0x48, 0x51, 0x83, 0x80,
    0x67, 0x7, 0x0, 0x9c, 0xc, 0x0, 0x60, 0x18,
    0xc0, 0xc0, 0x22, 0x0, 0x8, 0x18, 0x6, 0x30,
    0x30, 0x8, 0x80, 0x4, 0xe, 0x1, 0x9c, 0x1c,
    0x2, 0x70, 0x30, 0x52, 0x40, 0x1, 0x90, 0x70,
    0x5, 0x21, 0x41, 0x63, 0x73, 0x2c, 0x0, 0x26,
    0x46, 0x9b, 0x90, 0xe, 0x23, 0x3b, 0x94, 0x2d,
    0xdc, 0x71, 0x0, 0x8, 0xaf, 0xfa, 0x0, 0xd,
    0x7f, 0xce, 0x1, 0xff, 0xe6,

    /* U+0445 "х" */
    0x3f, 0xe0, 0xd, 0xbe, 0x66, 0x61, 0x80, 0x4,
    0x13, 0x98, 0x49, 0x39, 0x1b, 0x94, 0x0, 0x5c,
    0x1d, 0xc0, 0xf0, 0xc, 0x6c, 0x65, 0x4, 0x1,
    0xda, 0x0, 0x40, 0xf, 0x48, 0x3, 0x80, 0x3a,
    0xa, 0x20, 0x50, 0x1, 0x1b, 0x93, 0xb8, 0x9c,
    0xc0, 0x1c, 0x1c, 0x0, 0xe0, 0xe0, 0x82, 0x63,
    0x0, 0x1b, 0x14, 0x0,

    /* U+0446 "ц" */
    0xbf, 0x10, 0x9, 0x3e, 0x0, 0x3f, 0xff, 0xe0,
    0x1f, 0xa6, 0x22, 0xe0, 0x45, 0x0, 0x3b, 0xe5,
    0x3, 0xfb, 0xff, 0xf8, 0x80, 0x3f, 0xfa, 0x60,

    /* U+0447 "ч" */
    0x1f, 0xa0, 0xc, 0xde, 0xa0, 0x1f, 0xfc, 0x81,
    0x1, 0x0, 0xfc, 0x2a, 0x1, 0xfa, 0x46, 0xcc,
    0xcd, 0x60, 0x13, 0xaa, 0x66, 0x24, 0xc0, 0x35,
    0x6d, 0xe7, 0x40, 0x7, 0x12, 0x18, 0x80, 0x7f,
    0xf2, 0xc0,

    /* U+0448 "ш" */
    0xaf, 0x20, 0xb, 0x78, 0x2, 0x1f, 0xa0, 0xf,
    0xff, 0xf8, 0x7, 0xff, 0x6e, 0xe2, 0x23, 0x18,
    0x8a, 0x40, 0x33, 0x3b, 0xc2, 0xe, 0xf8, 0x0,

    /* U+0449 "щ" */
    0xaf, 0x20, 0xb, 0x78, 0x2, 0x1f, 0xa0, 0xf,
    0xff, 0xf8, 0x7, 0xff, 0x92, 0xe2, 0x23, 0x18,
    0x8a, 0x41, 0xd8, 0x0, 0xce, 0xf0, 0x83, 0xbe,
    0x2, 0xba, 0xff, 0xff, 0xe0, 0x30, 0x7, 0xff,
    0x88,

    /* U+044A "ъ" */
    0xff, 0xe0, 0xf, 0x9d, 0xe2, 0x0, 0xfd, 0x11,
    0x30, 0x7, 0xff, 0x36, 0x20, 0xec, 0x40, 0x1f,
    0x3b, 0xa2, 0x76, 0x80, 0x3d, 0xff, 0x6a, 0xa9,
    0xc0, 0x3f, 0x15, 0x86, 0x0, 0x7f, 0x28, 0x8,
    0x7, 0x44, 0x55, 0x61, 0x20, 0x1c, 0xef, 0x22,
    0x30, 0xc0,

    /* U+044B "ы" */
    0xbf, 0x10, 0xf, 0xb7, 0x80, 0x3f, 0xfb, 0x53,
    0x10, 0x62, 0x0, 0xf9, 0xde, 0x9d, 0xa0, 0xf,
    0x77, 0xfb, 0x59, 0x60, 0x3, 0xf1, 0x48, 0x20,
    0x7, 0xf1, 0x83, 0x80, 0x74, 0xc4, 0x2b, 0x3,
    0xc0, 0x39, 0xde, 0x44, 0x5a, 0x0, 0x40,

    /* U+044C "ь" */
    0xbf, 0x10, 0xf, 0xfe, 0xbc, 0xc4, 0x18, 0x80,
    0x33, 0xbd, 0x3b, 0x40, 0x17, 0x7f, 0xb5, 0x96,
    0x0, 0x38, 0xa4, 0x10, 0x3, 0xc6, 0xe, 0x0,
    0x98, 0x85, 0x60, 0x78, 0x1, 0xde, 0x44, 0x5a,
    0x0,

    /* U+044D "э" */
    0x0, 0x36, 0x7f, 0x59, 0x80, 0x51, 0x22, 0xee,
    0x4c, 0x30, 0x17, 0x3d, 0x89, 0xc0, 0xe0, 0x4,
    0xf8, 0x4, 0x6c, 0x46, 0x2c, 0x60, 0xf1, 0x2,
    0x5, 0x0, 0xd0, 0xee, 0x40, 0x10, 0x10, 0x7,
    0xfd, 0x20, 0x2b, 0xcc, 0x1, 0xb0, 0x15, 0x2,
    0xc0, 0x23, 0x52, 0x31, 0x92, 0xd8, 0xac, 0xe,
    0x0, 0x35, 0xb, 0xaa, 0x61, 0x80,

    /* U+044E "ю" */
    0xbf, 0x10, 0xa, 0x37, 0xfa, 0x44, 0x3, 0xeb,
    0x71, 0x74, 0x6f, 0x10, 0xe, 0x44, 0x1e, 0x45,
    0x48, 0xc0, 0x7, 0x68, 0x40, 0x4, 0xc2, 0xc0,
    0x14, 0xc3, 0x82, 0x80, 0x65, 0x1, 0x0, 0x3b,
    0x84, 0x4, 0x3, 0x8, 0x18, 0x3, 0xbd, 0x0,
    0x40, 0x30, 0x81, 0x80, 0x63, 0x5, 0x0, 0xca,
    0x2, 0x1, 0xac, 0x3c, 0x2, 0x61, 0x60, 0xe,
    0x36, 0x4c, 0x8b, 0x91, 0x80, 0xf, 0x4c, 0xb,
    0xab, 0x78, 0x80,

    /* U+044F "я" */
    0x0, 0x36, 0xff, 0xf4, 0x3, 0xc9, 0xb3, 0xb9,
    0x40, 0x2a, 0xf, 0x98, 0x87, 0x0, 0x44, 0x41,
    0x0, 0xf8, 0x8a, 0x0, 0xfa, 0x3, 0x26, 0x21,
    0xc0, 0x12, 0xe2, 0xb3, 0xb9, 0x40, 0x39, 0x47,
    0x3e, 0xc0, 0x21, 0xd1, 0xd3, 0x0, 0xeb, 0x17,
    0x30, 0xe, 0x55, 0x14, 0x0, 0x78,

    /* U+0451 "ё" */
    0x0, 0x17, 0xd0, 0x47, 0xa0, 0x7, 0xff, 0xc,
    0xba, 0x82, 0x39, 0x0, 0x38, 0x40, 0x21, 0x0,
    0xf4, 0x6f, 0xf4, 0x88, 0x6, 0xd7, 0x17, 0x46,
    0xf1, 0x0, 0x41, 0x3e, 0x45, 0x58, 0xd0, 0x1,
    0x86, 0x0, 0x24, 0x48, 0x48, 0x4e, 0x23, 0x9c,
    0x14, 0x40, 0x9d, 0xf8, 0xc0, 0x44, 0xb, 0xff,
    0xf2, 0x90, 0x20, 0x7, 0x33, 0x88, 0x30, 0xc0,
    0x4, 0x73, 0x21, 0x8, 0x27, 0xc8, 0xac, 0xa,
    0x0, 0xe, 0x38, 0xba, 0x2e, 0x20, 0x0,

    /* U+0452 "ђ" */
    0xa, 0xf1, 0x0, 0xf7, 0xa8, 0x77, 0xf9, 0xc0,
    0x2d, 0x40, 0xbc, 0xc3, 0x0, 0x44, 0x20, 0xa6,
    0x61, 0x0, 0xf1, 0xcf, 0x7e, 0x20, 0x6, 0xc7,
    0x72, 0x9d, 0xa0, 0x4, 0x5d, 0x35, 0x21, 0xc0,
    0x14, 0x0, 0x4c, 0xc, 0x1, 0x30, 0x7, 0xf1,
    0x80, 0x70, 0x80, 0x7f, 0xf9, 0xeb, 0xc4, 0x3,
    0x84, 0x3, 0xe1, 0x7, 0x0, 0xf4, 0xe8, 0x18,
    0x7, 0xb, 0x1a, 0xc0,

    /* U+0453 "ѓ" */
    0x0, 0x47, 0xd0, 0x6, 0x62, 0xa0, 0x9, 0x4f,
    0xc0, 0x32, 0xe9, 0x0, 0x57, 0xff, 0xc8, 0x0,
    0x67, 0x79, 0x80, 0x11, 0x18, 0x80, 0x3f, 0xfd,
    0x80,

    /* U+0454 "є" */
    0x0, 0xc, 0xf7, 0xeb, 0x80, 0x43, 0xec, 0x8e,
    0xd1, 0x60, 0xb, 0x19, 0xa8, 0xb6, 0x44, 0x2,
    0x93, 0x0, 0x57, 0xc, 0x40, 0x31, 0x10, 0x93,
    0x90, 0x81, 0xbb, 0xc4, 0x1, 0x8, 0x2f, 0xfc,
    0x60, 0x20, 0x40, 0xe0, 0x18, 0xba, 0x41, 0x49,
    0x80, 0x28, 0xd, 0xb, 0x19, 0xb8, 0xc5, 0x64,
    0x1, 0xf5, 0x53, 0x8c, 0x48, 0x0,

    /* U+0455 "ѕ" */
    0x0, 0x3e, 0xff, 0x5a, 0x0, 0x53, 0x2, 0xee,
    0x5b, 0x40, 0x3, 0x26, 0x44, 0xe0, 0x78, 0x4,
    0xc2, 0x0, 0x2e, 0xb0, 0x3, 0x17, 0x63, 0x98,
    0x80, 0x53, 0x22, 0x38, 0xcd, 0x30, 0x9, 0xb7,
    0xa9, 0xb, 0x40, 0xa1, 0x0, 0x56, 0xd4, 0x48,
    0xde, 0x0, 0x33, 0x1, 0x8b, 0x1e, 0xcc, 0x69,
    0xb8, 0x84, 0xc8, 0x5d, 0xc3, 0x50, 0x0,

    /* U+0456 "і" */
    0xaf, 0x10, 0xa, 0xb8, 0x40, 0x42, 0xbc, 0x40,
    0x3f, 0xfa, 0x40,

    /* U+0457 "ї" */
    0xee, 0x2, 0x7c, 0x0, 0x7b, 0xfc, 0x9, 0xd0,
    0x22, 0x0, 0x8, 0x0, 0x7e, 0x80, 0x3f, 0xfe,
    0x40,

    /* U+0458 "ј" */
    0x0, 0x57, 0x88, 0x7, 0xd5, 0xc2, 0x1, 0x8,
    0x5, 0x5e, 0x20, 0x1f, 0xfe, 0xd6, 0x1, 0x6a,
    0x33, 0x6, 0xa9, 0xf8, 0x0,

    /* U+0459 "љ" */
    0x0, 0x6f, 0xff, 0xc2, 0x1, 0xfe, 0x77, 0xc4,
    0x1, 0xff, 0xc, 0x46, 0x70, 0xf, 0xfe, 0xbc,
    0xc4, 0x18, 0x80, 0x3f, 0xf8, 0xe, 0xf4, 0xed,
    0x0, 0x7f, 0xdd, 0xfe, 0xd6, 0x58, 0x0, 0xff,
    0xe0, 0x94, 0x82, 0x0, 0xc, 0x3, 0xfe, 0x30,
    0x77, 0x50, 0xa8, 0x7, 0xa2, 0x13, 0x78, 0x1f,
    0x6a, 0x50, 0x1, 0xe6, 0x76, 0x54, 0xb4,

    /* U+045A "њ" */
    0xbf, 0x10, 0xb, 0xb4, 0x3, 0xff, 0xd5, 0x31,
    0x10, 0x9c, 0x41, 0xd4, 0x40, 0x33, 0xbe, 0x1,
    0x77, 0x45, 0x74, 0x0, 0x5d, 0xff, 0x9, 0x7f,
    0xd8, 0x6e, 0x80, 0x1f, 0xf1, 0xc0, 0x60, 0x7,
    0xff, 0x0, 0x83, 0xc0, 0x3e, 0x36, 0x63, 0xd4,
    0x8b, 0x0, 0x7c, 0x33, 0x28, 0x45, 0xc1,

    /* U+045B "ћ" */
    0xa, 0xf1, 0x0, 0xf7, 0xa8, 0x77, 0xf9, 0xc0,
    0x2d, 0x40, 0xbc, 0xc3, 0x0, 0x44, 0x20, 0xa6,
    0x61, 0x0, 0xf1, 0xcf, 0x7e, 0x20, 0x6, 0xc7,
    0x72, 0x9d, 0xa0, 0x4, 0x5d, 0x35, 0x21, 0xc0,
    0x14, 0x0, 0x4c, 0xc, 0x1, 0x30, 0x7, 0xf1,
    0x80, 0x70, 0x80, 0x7f, 0xf9, 0x80,

    /* U+045C "ќ" */
    0x0, 0xab, 0xe0, 0x3, 0xa, 0x9c, 0x0, 0x67,
    0x3d, 0x0, 0xe6, 0xc1, 0x0, 0xaf, 0xc4, 0x1,
    0x3f, 0x0, 0x19, 0x59, 0x98, 0x1, 0xb8, 0xe5,
    0x0, 0x22, 0x4a, 0x0, 0xe8, 0x16, 0x0, 0xdc,
    0xba, 0x1, 0xd6, 0x7a, 0x40, 0x19, 0x74, 0x7c,
    0x3, 0x86, 0x9, 0xc0, 0x39, 0xca, 0x4, 0x3,
    0xa4, 0x2c,

    /* U+045E "ў" */
    0x0, 0x7d, 0x90, 0xbf, 0xa8, 0x5, 0x4b, 0xbd,
    0xc, 0xa0, 0x12, 0xf6, 0xeb, 0xe4, 0x3, 0xc4,
    0x40, 0xc, 0xfe, 0xc0, 0x18, 0x7e, 0x94, 0x34,
    0x3, 0x30, 0x71, 0x1a, 0x8, 0x5, 0x42, 0x81,
    0x40, 0xc0, 0x2, 0x23, 0x80, 0x18, 0x2c, 0x1,
    0x41, 0x40, 0x12, 0x99, 0x3, 0x11, 0x80, 0x5c,
    0xa, 0x63, 0x40, 0x19, 0x6, 0xac, 0x18, 0x3,
    0x98, 0x95, 0x4, 0x3, 0xa8, 0xb, 0x80, 0x3c,
    0x44, 0x5, 0x0, 0xf0, 0x92, 0x80, 0x7d, 0x21,
    0xc0, 0x1d, 0x9a, 0xe8, 0x80, 0xe, 0x72, 0x4a,
    0x0, 0xe0,

    /* U+045F "џ" */
    0xaf, 0x10, 0x8, 0xfe, 0x0, 0x3f, 0xff, 0xd3,
    0x11, 0x48, 0x6, 0x77, 0xca, 0x0, 0xaf, 0xf5,
    0x86, 0xff, 0xa0, 0x3, 0xff, 0x9e,

    /* U+0460 "Ѡ" */
    0x0, 0xa7, 0xd8, 0x3, 0xf6, 0xf9, 0x0, 0x64,
    0x64, 0x60, 0xf, 0xdc, 0x1c, 0x1, 0xa0, 0x20,
    0x3, 0xf8, 0xd0, 0xd0, 0x0, 0x67, 0x80, 0x3f,
    0xde, 0x1e, 0x0, 0xb0, 0xb0, 0xf, 0xf9, 0x1,
    0x0, 0x8, 0x8, 0x1, 0xff, 0xc0, 0x40, 0x40,
    0x20, 0x30, 0xc, 0x5b, 0x20, 0x1c, 0x60, 0x40,
    0x20, 0x1e, 0x12, 0x20, 0x7, 0x70, 0x70, 0x0,
    0x40, 0x3f, 0xf8, 0xc2, 0x1, 0xce, 0xe, 0x1,
    0xc2, 0x1, 0x10, 0x10, 0x6, 0x20, 0x20, 0xe,
    0xd0, 0xd0, 0x40, 0xa0, 0xd, 0x40, 0x28, 0x1,
    0x90, 0x1c, 0x28, 0x1c, 0xc0, 0xc, 0x68, 0x12,
    0x20, 0xa, 0x14, 0x20, 0x36, 0xc, 0xca, 0x4a,
    0xa0, 0xbe, 0xf9, 0x46, 0x40, 0x29, 0x91, 0x98,
    0x97, 0x5, 0xe8, 0x90, 0x17, 0x8, 0x0,

    /* U+0461 "ѡ" */
    0x0, 0x7d, 0x80, 0x7c, 0xde, 0xa0, 0x7, 0xe,
    0x0, 0xf9, 0x82, 0x40, 0x16, 0xa, 0x0, 0x14,
    0x20, 0x9, 0x4c, 0x84, 0xd0, 0x2, 0x2b, 0xa0,
    0xb, 0x1, 0x8, 0x8, 0x3, 0xf8, 0x83, 0x9c,
    0x38, 0x3, 0xf9, 0x80, 0x5c, 0x3c, 0x2, 0x70,
    0xe, 0x10, 0x1, 0x1, 0x80, 0x44, 0x4, 0x1,
    0x28, 0x78, 0x9a, 0x10, 0x2, 0x85, 0x44, 0x1,
    0x40, 0x81, 0x1, 0x8f, 0x67, 0x85, 0x8f, 0x66,
    0xc4, 0x9, 0x67, 0xf, 0x65, 0x8f, 0xa, 0xf2,
    0x0,

    /* U+0462 "Ѣ" */
    0x5, 0xf8, 0x0, 0xff, 0xe5, 0x7d, 0x3, 0xff,
    0xe0, 0xe, 0x32, 0x1, 0x33, 0x90, 0x3, 0xb2,
    0x1, 0xb3, 0x2b, 0x0, 0xff, 0xe4, 0xad, 0xdd,
    0x52, 0xc2, 0x1, 0xc4, 0x89, 0x2b, 0x4f, 0x18,
    0x6, 0x7f, 0xfd, 0x8a, 0x1a, 0x1, 0xfc, 0x74,
    0x42, 0x80, 0x1f, 0xe7, 0x2, 0x0, 0xff, 0x8,
    0x18, 0x7, 0xf2, 0xa0, 0x28, 0x4, 0xb7, 0x7b,
    0x68, 0x24, 0x3, 0x12, 0x26, 0x34, 0xb6, 0x0,

    /* U+0463 "ѣ" */
    0x0, 0x5f, 0x88, 0x7, 0xff, 0x73, 0xd0, 0x3b,
    0xfc, 0xe0, 0x1b, 0xc, 0x33, 0x26, 0x0, 0xc6,
    0xe0, 0x46, 0x61, 0x0, 0xff, 0xe3, 0x4c, 0x3b,
    0x10, 0x7, 0x9d, 0xd1, 0x3b, 0x40, 0x1d, 0xdf,
    0xed, 0x55, 0x40, 0x7, 0xc5, 0x40, 0x80, 0x1f,
    0x90, 0x1c, 0x3, 0x4c, 0x42, 0xac, 0x3c, 0x3,
    0x3b, 0xc8, 0x8b, 0x40,

    /* U+0464 "Ѥ" */
    0x2f, 0xb0, 0xe, 0x6c, 0xef, 0xea, 0x20, 0xf,
    0xe2, 0xd9, 0x32, 0x40, 0x5d, 0x50, 0xf, 0x87,
    0x9, 0xff, 0x2f, 0xa8, 0x28, 0xc0, 0x3d, 0x2,
    0xf0, 0x1, 0x96, 0x42, 0x0, 0x3c, 0xc1, 0x0,
    0x1e, 0x68, 0xf0, 0xe, 0x40, 0x40, 0xf, 0xce,
    0x80, 0x12, 0xe4, 0x82, 0xe6, 0x6a, 0x0, 0xfc,
    0x26, 0x40, 0x26, 0x79, 0xc0, 0x3f, 0x27, 0xd0,
    0x37, 0xfe, 0xd0, 0xf, 0xf3, 0x2, 0x80, 0x7e,
    0x41, 0x0, 0xe3, 0x13, 0x10, 0xf, 0xaf, 0x84,
    0x3, 0x98, 0x20, 0x3, 0xce, 0x8, 0x20, 0x1d,
    0x2, 0xd2, 0x1, 0x9a, 0x2, 0x0, 0x3e, 0xc1,
    0x6f, 0xcb, 0xe9, 0xa, 0x30, 0xf, 0x8b, 0xa0,
    0xcc, 0x80, 0xda, 0xa0, 0x0,

    /* U+0465 "ѥ" */
    0xaf, 0x10, 0x2, 0x5f, 0xfb, 0x14, 0x3, 0xcb,
    0x6d, 0x54, 0x7a, 0x70, 0xc, 0x34, 0x3a, 0xaa,
    0xb2, 0x80, 0xc, 0x81, 0x20, 0x1b, 0xa8, 0x2,
    0x89, 0xd, 0x88, 0x38, 0x1a, 0x80, 0x4c, 0x60,
    0xae, 0xe9, 0x0, 0xf7, 0x38, 0x57, 0xfb, 0x80,
    0x3e, 0xc0, 0xd0, 0xc, 0xfe, 0x80, 0x12, 0xb,
    0x90, 0x0, 0x64, 0x50, 0x3, 0x58, 0x64, 0xcb,
    0xc6, 0x80, 0x39, 0x6c, 0x99, 0x85, 0x68, 0x0,

    /* U+0466 "Ѧ" */
    0x0, 0xf5, 0xfd, 0x80, 0x7f, 0xc2, 0x80, 0x82,
    0x1, 0xfe, 0x60, 0x70, 0x60, 0xf, 0xf5, 0x4,
    0x5, 0x0, 0x7f, 0x19, 0x28, 0x29, 0x20, 0x7,
    0xea, 0xf, 0xf, 0xe, 0x0, 0xfc, 0xe0, 0xa0,
    0xa0, 0xa2, 0x1, 0xe4, 0x15, 0x0, 0x94, 0x1c,
    0x3, 0xdc, 0xb, 0xff, 0x28, 0x58, 0x7, 0xa,
    0x82, 0x10, 0x12, 0x1, 0x18, 0x6, 0x70, 0x6b,
    0xa0, 0xab, 0x60, 0xa0, 0xd, 0x41, 0xa0, 0x1d,
    0x60, 0xc0, 0x11, 0x18, 0xa0, 0x7, 0x11, 0x83,
    0x0, 0x28, 0x18, 0x3, 0xea, 0xa, 0x0, 0x28,
    0x50, 0x7, 0xcc, 0x6, 0x40,

    /* U+0467 "ѧ" */
    0x0, 0xc3, 0xfe, 0x10, 0xf, 0xd0, 0x0, 0x90,
    0xf, 0x85, 0x95, 0x4c, 0x1, 0xf3, 0x4, 0xc8,
    0x58, 0x3, 0xd2, 0x67, 0xa0, 0x3, 0x98, 0x4f,
    0xfc, 0x62, 0xa0, 0x1a, 0x5, 0xc0, 0x5c, 0xa0,
    0x2, 0x51, 0x98, 0x13, 0x8b, 0x24, 0x0, 0x40,
    0x38, 0x6, 0x61, 0xf0, 0x42, 0x60, 0xf, 0x32,
    0x1c, 0x5, 0x80, 0x7a, 0x42, 0x40,

    /* U+0468 "Ѩ" */
    0x2f, 0xb0, 0xf, 0xf, 0xf9, 0x80, 0x3f, 0xf8,
    0x6e, 0x0, 0xa0, 0xf, 0xfe, 0x1e, 0x8b, 0x19,
    0x0, 0x7f, 0xf0, 0x45, 0x11, 0xa1, 0x40, 0x1f,
    0xfc, 0x16, 0xf, 0x40, 0x60, 0xf, 0xfe, 0xd,
    0x82, 0x82, 0x8a, 0x80, 0x7f, 0xc4, 0x6a, 0x0,
    0xf0, 0xe0, 0xf, 0xf9, 0x43, 0xc0, 0xa, 0x8,
    0x20, 0x1c, 0x9f, 0xfa, 0x2, 0xbf, 0xe0, 0x4,
    0x80, 0x70, 0xa2, 0x44, 0x4, 0x80, 0x3, 0x30,
    0x30, 0x7, 0x2d, 0xdc, 0xe1, 0x36, 0x61, 0xb8,
    0x42, 0x80, 0x1f, 0x94, 0x50, 0x3, 0xa8, 0x38,
    0x3, 0xe6, 0x7, 0x0, 0xf3, 0x2, 0x88, 0x7,
    0xa8, 0x28, 0x3, 0xc2, 0x80, 0xc0, 0x1c, 0x46,
    0x46, 0x1, 0xf7, 0x85, 0x0,

    /* U+0469 "ѩ" */
    0xaf, 0x10, 0xe, 0xaf, 0x70, 0xf, 0xfe, 0x1,
    0x28, 0x48, 0x7, 0xff, 0x2, 0xc2, 0x85, 0x80,
    0x3f, 0xc2, 0xca, 0xa3, 0xb0, 0xf, 0xf4, 0x84,
    0x84, 0x92, 0x80, 0x77, 0x7f, 0xce, 0x19, 0xf4,
    0x12, 0x1, 0xcc, 0xee, 0x30, 0x64, 0x5, 0x51,
    0xa0, 0x6, 0x88, 0x88, 0x67, 0x3, 0xa8, 0x7c,
    0x3, 0xcc, 0x32, 0x1, 0xcc, 0x86, 0x1, 0xd6,
    0xe, 0x1, 0xd2, 0x12, 0x1, 0x94, 0x98, 0x3,
    0xc2, 0xaa, 0x20,

    /* U+046A "Ѫ" */
    0x1e, 0xff, 0xff, 0x20, 0xc, 0x0, 0x11, 0x38,
    0x41, 0x50, 0x0, 0xc6, 0x1b, 0x77, 0x50, 0x8a,
    0xc0, 0x37, 0x84, 0x0, 0x50, 0x16, 0x20, 0x18,
    0xd8, 0x5c, 0x9, 0x91, 0x40, 0x3d, 0x3, 0x23,
    0x21, 0x20, 0x1f, 0xc, 0xd, 0x24, 0x10, 0x7,
    0xc5, 0x60, 0x81, 0x46, 0x1, 0xe3, 0xd2, 0x30,
    0x32, 0xc4, 0x0, 0xc5, 0xa1, 0x74, 0x17, 0x81,
    0x66, 0x1, 0x70, 0xca, 0x0, 0x47, 0x41, 0xc0,
    0x4, 0x33, 0x30, 0x7, 0x2a, 0x12, 0x87, 0x5,
    0x0, 0x7d, 0xc1, 0xc0, 0xe0, 0xa0, 0x1f, 0x20,
    0x28, 0x10, 0x10, 0x7, 0xc2, 0x2, 0x0,

    /* U+046B "ѫ" */
    0xc, 0xff, 0xfd, 0x80, 0xe, 0x0, 0x3b, 0xe0,
    0x7, 0x0, 0xa, 0x43, 0xe2, 0x1c, 0x12, 0x40,
    0x13, 0x24, 0x10, 0xca, 0x30, 0x7, 0x50, 0xf5,
    0xd, 0x0, 0x7a, 0x44, 0xd0, 0x64, 0x3, 0xe,
    0xba, 0x8, 0x23, 0xe8, 0x80, 0x28, 0xa6, 0xc0,
    0x6e, 0xa, 0xc0, 0xd1, 0xc, 0x1, 0x9d, 0x14,
    0xac, 0x38, 0x3, 0xdc, 0x14, 0xa0, 0x80, 0x1e,
    0x40, 0x50,

    /* U+046C "Ѭ" */
    0x2f, 0xb0, 0x3, 0xff, 0xff, 0xb0, 0x3, 0xce,
    0x40, 0x28, 0x98, 0xc0, 0x1e, 0x1, 0xf4, 0x80,
    0x2e, 0xf8, 0x1c, 0xc0, 0x3e, 0x45, 0x17, 0x0,
    0xc, 0xc, 0x0, 0x7f, 0x58, 0x48, 0x84, 0x5,
    0x0, 0x7f, 0x86, 0x46, 0x49, 0x95, 0x0, 0x39,
    0x6e, 0xfb, 0x41, 0xf8, 0x2c, 0x3, 0xc2, 0x89,
    0xe0, 0x1, 0x84, 0x0, 0x79, 0x3f, 0xf3, 0x1,
    0x8, 0x23, 0x60, 0x7, 0xf4, 0x32, 0x69, 0x85,
    0xb1, 0xd8, 0x7, 0xc4, 0xe3, 0x40, 0x1a, 0x4d,
    0x18, 0x3, 0xd2, 0x16, 0x20, 0x1d, 0xc1, 0x0,
    0x1c, 0x28, 0xa, 0x1, 0xe2, 0x31, 0x40, 0xc,
    0xa0, 0x80, 0x1f, 0x90, 0x30, 0x3, 0x10, 0x8,
    0x7, 0xee, 0x1,

    /* U+046D "ѭ" */
    0xaf, 0x10, 0x6f, 0xff, 0xe3, 0x0, 0xe6, 0x50,
    0x47, 0x78, 0xc1, 0xcc, 0x3, 0xd6, 0x2d, 0x10,
    0x92, 0x38, 0x0, 0xf8, 0x68, 0xa4, 0x2c, 0x78,
    0x3, 0xa2, 0x36, 0xb, 0x4a, 0xc9, 0x0, 0x73,
    0x3b, 0xe1, 0x6, 0xa, 0x40, 0xe, 0xef, 0xf3,
    0x1, 0x20, 0x29, 0x5b, 0x0, 0x79, 0x18, 0xf7,
    0x3, 0xbc, 0xa4, 0x80, 0x3a, 0x3, 0x80, 0x30,
    0xc8, 0x58, 0x6, 0x23, 0x42, 0x0, 0xe4, 0x16,
    0x0, 0xc8, 0x18, 0x1, 0xf2, 0x2, 0x0,

    /* U+046E "Ѯ" */
    0x0, 0xab, 0xd0, 0xbf, 0x0, 0x3d, 0x45, 0x3c,
    0x1c, 0x1, 0xf7, 0x11, 0xc9, 0x0, 0x7c, 0x7f,
    0xe6, 0x0, 0xf9, 0xb3, 0xfd, 0x8c, 0x1, 0xd5,
    0x26, 0x44, 0x39, 0xa0, 0x9, 0x94, 0xfb, 0x76,
    0x25, 0x50, 0x2, 0x83, 0x84, 0x0, 0x50, 0x1e,
    0x0, 0xfa, 0x20, 0xc, 0x40, 0x60, 0x3, 0x50,
    0x8, 0x5a, 0x2, 0x80, 0x3d, 0xfd, 0x21, 0x26,
    0x1, 0xe5, 0x31, 0x10, 0x7, 0xea, 0xce, 0x69,
    0x80, 0xf, 0xe8, 0x17, 0x0, 0xff, 0x10, 0x18,
    0x7, 0xe1, 0x30, 0x20, 0xf, 0x86, 0x80, 0xc4,
    0x6, 0x73, 0x76, 0xe4, 0x1e, 0x0, 0x6b, 0x19,
    0x16, 0x7f, 0x20, 0x23, 0x2e, 0xff, 0xb6, 0x4,
    0x3, 0x30, 0x80, 0x7e, 0x22, 0x26, 0x55, 0x53,
    0xa, 0x1, 0x7a, 0x1a, 0xac, 0xce, 0x40, 0x0,

    /* U+046F "ѯ" */
    0x3, 0xfb, 0xb, 0xf3, 0x0, 0x1c, 0xa5, 0xa4,
    0x98, 0x4, 0xce, 0xe6, 0x60, 0x7, 0x46, 0x48,
    0x7, 0x3e, 0xfe, 0xb8, 0x5, 0x30, 0xce, 0xd1,
    0x20, 0x2, 0x6b, 0x8b, 0x26, 0x0, 0x5c, 0x81,
    0x29, 0x0, 0x73, 0x6d, 0x3, 0x0, 0x67, 0xa6,
    0xf, 0x0, 0xc2, 0xb2, 0xd2, 0x40, 0x1e, 0xf0,
    0x40, 0xf, 0x78, 0x18, 0xb, 0xcc, 0xad, 0x85,
    0x3, 0xe1, 0x98, 0xa9, 0xa2, 0xa2, 0xdf, 0xee,
    0xb3, 0x0, 0xb8, 0x3, 0xc8, 0x11, 0x32, 0x88,
    0x38, 0xd, 0x93, 0x31, 0xdd, 0x60,

    /* U+0470 "Ѱ" */
    0x1f, 0xd0, 0xd, 0xde, 0x1, 0xaf, 0xc8, 0x3,
    0xff, 0xe8, 0x20, 0x40, 0x1f, 0xe6, 0x3, 0x2,
    0x2, 0x0, 0xfc, 0x24, 0x22, 0x5, 0x8, 0x0,
    0xfd, 0x20, 0xe0, 0x9, 0x15, 0xa3, 0x0, 0xc7,
    0x4e, 0x30, 0x0, 0x1c, 0x25, 0xcf, 0x10, 0xfc,
    0x51, 0xd1, 0x0, 0x8b, 0x69, 0x90, 0x0, 0x8d,
    0x5c, 0x60, 0x1e, 0x59, 0xb1, 0xb, 0x95, 0x0,
    0xff, 0xf4, 0x0,

    /* U+0471 "ѱ" */
    0xbf, 0x10, 0x4, 0xf9, 0x0, 0x23, 0xd0, 0x3,
    0xff, 0xea, 0x20, 0x60, 0x1f, 0x8, 0x39, 0x3,
    0x80, 0x7c, 0xa0, 0x56, 0x10, 0x20, 0x1c, 0xa6,
    0x61, 0x37, 0x2e, 0xa4, 0x9, 0xca, 0x1e, 0x0,
    0x45, 0x22, 0x8, 0x10, 0x5b, 0xc8, 0x2, 0x5b,
    0xe6, 0xd, 0xd4, 0x88, 0x7, 0xff, 0x74,

    /* U+0472 "Ѳ" */
    0x0, 0xc7, 0x3b, 0xfd, 0x8e, 0x1, 0xf4, 0x63,
    0x2, 0x11, 0xc7, 0x10, 0x6, 0x77, 0x16, 0x6d,
    0xe7, 0xb8, 0xe0, 0x80, 0xa, 0x7, 0xc, 0x3,
    0x44, 0x6, 0x80, 0x16, 0x12, 0x20, 0x1e, 0x71,
    0x42, 0x4, 0x5, 0x8e, 0xc2, 0x0, 0xce, 0x8,
    0x4, 0x18, 0xe6, 0x6c, 0x20, 0xb, 0x83, 0x80,
    0x23, 0xcd, 0xb1, 0xf3, 0x19, 0x80, 0x10, 0xb,
    0x4c, 0x12, 0xcb, 0x39, 0x90, 0x2, 0x20, 0x20,
    0x9, 0x31, 0x1b, 0x88, 0x3c, 0x14, 0x14, 0x3,
    0x1d, 0xc8, 0xb8, 0x20, 0x50, 0x49, 0x0, 0x79,
    0xc5, 0x8, 0xa, 0x7, 0x10, 0x3, 0x44, 0x6,
    0x80, 0x27, 0x81, 0xbd, 0xbc, 0xf7, 0x2c, 0x10,
    0xc, 0xfa, 0xc0, 0x84, 0x71, 0xa4, 0x0,

    /* U+0473 "ѳ" */
    0x0, 0xc, 0xf7, 0xf4, 0x88, 0x4, 0x38, 0xca,
    0xea, 0xde, 0x40, 0xb, 0x28, 0xb8, 0xb9, 0x1e,
    0x0, 0x29, 0x2b, 0x0, 0x18, 0xcc, 0x46, 0x0,
    0xd9, 0x90, 0x1, 0x1, 0xdc, 0x5, 0x58, 0xce,
    0xaa, 0x3, 0x70, 0x55, 0x1d, 0x45, 0x0, 0xc,
    0xc0, 0xe0, 0x5, 0xde, 0x60, 0x70, 0x52, 0x60,
    0x1, 0x2a, 0x19, 0x5, 0x8c, 0xdc, 0x55, 0x8f,
    0x0, 0x7, 0xd9, 0x5d, 0x1b, 0xc8, 0x0,

    /* U+0474 "Ѵ" */
    0xbf, 0x50, 0xf, 0xd3, 0xcf, 0xc1, 0xe0, 0x1f,
    0x3b, 0x9, 0x28, 0xa8, 0x7, 0xd2, 0x1a, 0xa0,
    0xe0, 0xa0, 0x1c, 0x62, 0xc4, 0x0, 0xa0, 0xe0,
    0xe, 0xb0, 0xa0, 0x8, 0xc9, 0x0, 0x39, 0x44,
    0xc0, 0x35, 0x2, 0x80, 0x44, 0x46, 0x0, 0xe6,
    0xe, 0x0, 0xa8, 0x2c, 0x3, 0x85, 0x10, 0x20,
    0x5, 0x23, 0x0, 0xf7, 0x3, 0x81, 0x11, 0x40,
    0x3e, 0x50, 0xd0, 0x50, 0xa0, 0xf, 0xca, 0x83,
    0x66, 0x40, 0x1f, 0xb8, 0x24, 0xec, 0x3, 0xf9,
    0x5, 0xc1, 0x80, 0x3f, 0xcc, 0x6, 0x20, 0x1c,

    /* U+0475 "ѵ" */
    0x8f, 0x40, 0xc, 0x59, 0xd6, 0x1c, 0x1, 0xa0,
    0xdc, 0xc9, 0x0, 0x32, 0xa4, 0x85, 0xa, 0x0,
    0x14, 0x38, 0x0, 0xa1, 0xc0, 0xf, 0x5, 0x0,
    0x11, 0xa8, 0x1, 0x10, 0x1, 0xa8, 0x11, 0x3,
    0xc0, 0x19, 0xc3, 0xb4, 0x14, 0x3, 0xa, 0x21,
    0xd0, 0x3, 0xdc, 0x22, 0xe0, 0xf, 0x28, 0x1,
    0x40, 0x20,

    /* U+0476 "Ѷ" */
    0x0, 0xe, 0x69, 0x4e, 0xb0, 0x7, 0xc3, 0x25,
    0x70, 0x76, 0x1, 0xf9, 0x59, 0x81, 0x44, 0xa0,
    0x1f, 0xa7, 0xc5, 0x3d, 0x40, 0x35, 0xfa, 0x80,
    0x7e, 0x9e, 0x7e, 0xf, 0x0, 0xf9, 0xd8, 0x49,
    0x45, 0x40, 0x3e, 0x90, 0xd5, 0x7, 0x5, 0x0,
    0xe3, 0x16, 0x20, 0x5, 0x7, 0x0, 0x75, 0x85,
    0x0, 0x46, 0x48, 0x1, 0xca, 0x26, 0x1, 0xa8,
    0x14, 0x2, 0x22, 0x30, 0x7, 0x30, 0x70, 0x5,
    0x41, 0x60, 0x1c, 0x28, 0x81, 0x0, 0x29, 0x18,
    0x7, 0xb8, 0x1c, 0x8, 0x8a, 0x1, 0xf2, 0x86,
    0x82, 0x85, 0x0, 0x7e, 0x54, 0x1b, 0x32, 0x0,
    0xfd, 0xc1, 0x27, 0x60, 0x1f, 0xc8, 0x2e, 0xc,
    0x1, 0xfe, 0x60, 0x31, 0x0, 0xe0,

    /* U+0477 "ѷ" */
    0x8, 0xfa, 0x3f, 0xe0, 0xd, 0x6, 0xa5, 0x2,
    0xc0, 0x1b, 0x49, 0xdc, 0xba, 0x1, 0x87, 0x58,
    0x2a, 0xc0, 0x11, 0xe8, 0x1, 0x8b, 0x3a, 0xc3,
    0x80, 0x34, 0x1b, 0x99, 0x20, 0x6, 0x54, 0x90,
    0xa1, 0x40, 0x2, 0x87, 0x0, 0x14, 0x38, 0x1,
    0xe0, 0xa0, 0x2, 0x35, 0x0, 0x22, 0x0, 0x35,
    0x2, 0x20, 0x78, 0x3, 0x38, 0x76, 0x82, 0x80,
    0x61, 0x44, 0x3a, 0x0, 0x7b, 0x84, 0x5c, 0x1,
    0xe5, 0x0, 0x28, 0x4,

    /* U+0478 "Ѹ" */
    0x0, 0xc7, 0x3b, 0xfd, 0x8e, 0x1, 0xff, 0xc6,
    0x8c, 0x60, 0x42, 0x38, 0xe2, 0x0, 0xff, 0xe1,
    0xbb, 0x86, 0xf6, 0xf3, 0xdc, 0x70, 0x40, 0x3f,
    0xf8, 0x25, 0x3, 0xe8, 0x1, 0xa1, 0xc6, 0x80,
    0x3f, 0xf8, 0x36, 0x12, 0x20, 0x1e, 0x81, 0x42,
    0xf, 0xe0, 0xe, 0x9f, 0x20, 0x40, 0x50, 0xf,
    0xce, 0x8, 0xa, 0x26, 0x1, 0x9c, 0xc8, 0x8,
    0x8, 0x3, 0xf7, 0x87, 0x7, 0x5, 0x0, 0x4a,
    0x36, 0x1, 0x8, 0x7, 0xf1, 0x80, 0x82, 0xb,
    0x80, 0x5e, 0xc, 0x1, 0x8, 0x7, 0xf1, 0x80,
    0x66, 0x14, 0x0, 0x2a, 0x8, 0x0, 0x80, 0x40,
    0x3f, 0x78, 0x78, 0x2, 0x83, 0x81, 0x43, 0x80,
    0x24, 0x6, 0x0, 0xfc, 0xe0, 0x80, 0x2, 0x35,
    0xe, 0x5, 0x0, 0xac, 0x20, 0x80, 0x3c, 0xe2,
    0x84, 0x1, 0x50, 0x2a, 0x30, 0x6, 0x28, 0xc,
    0x40, 0xd, 0x10, 0x19, 0x0, 0xce, 0x10, 0x1a,
    0x1, 0xcf, 0x3, 0x7b, 0x79, 0xee, 0x3a, 0x40,
    0x18, 0x50, 0x85, 0x0, 0x3c, 0xf8, 0xc0, 0x86,
    0x68, 0xe3, 0x0, 0xf7, 0x3, 0x0, 0x7e, 0x39,
    0xdf, 0xf6, 0x38, 0x7, 0xed, 0xa, 0x0, 0xff,
    0xe5, 0xb, 0x19, 0x0, 0x7f, 0xf2, 0x17, 0x38,
    0x7c, 0x3, 0xff, 0x92, 0xc4, 0x32, 0x60, 0x1c,

    /* U+0479 "ѹ" */
    0x0, 0xc, 0x77, 0xf4, 0x88, 0x1, 0x7e, 0x0,
    0x3b, 0xf0, 0x7, 0xdd, 0x5d, 0x5b, 0xc8, 0x14,
    0x14, 0x3, 0x28, 0x50, 0x58, 0xcd, 0xc5, 0xd0,
    0xf0, 0x1, 0x48, 0xc0, 0x2e, 0x7, 0x5, 0x26,
    0x0, 0x95, 0xc, 0x83, 0x82, 0xc0, 0x2, 0x88,
    0x13, 0x4, 0x0, 0xec, 0x7, 0x4, 0x16, 0x0,
    0x38, 0x70, 0x38, 0x8, 0x7, 0x8, 0x18, 0x1,
    0x85, 0x3, 0x41, 0x41, 0xc0, 0x80, 0x3b, 0x80,
    0xc0, 0x14, 0x1a, 0x28, 0xc0, 0x3, 0x7, 0x0,
    0xe4, 0x7, 0x0, 0x11, 0xba, 0x5, 0x0, 0x48,
    0x4e, 0x1, 0x21, 0x98, 0x80, 0x2b, 0x18, 0x23,
    0x0, 0xa8, 0x63, 0x22, 0xac, 0x78, 0x3, 0x30,
    0x12, 0x80, 0x61, 0xf7, 0x17, 0x46, 0xf2, 0x0,
    0xc2, 0x81, 0x40, 0x1c, 0x31, 0xbf, 0xd2, 0x20,
    0x1e, 0x53, 0x20, 0xf, 0xfe, 0x2b, 0xd, 0x0,
    0x7f, 0xf1, 0x2b, 0x64, 0x98, 0x3, 0xff, 0x88,
    0x64, 0x7e, 0x1, 0xc0,

    /* U+047A "Ѻ" */
    0x0, 0xf8, 0xc8, 0x3, 0xfe, 0x5a, 0xcc, 0x41,
    0x80, 0x7c, 0x9d, 0x4a, 0x2, 0xf9, 0x40, 0x1c,
    0x96, 0x2f, 0xa0, 0xb8, 0x6b, 0x80, 0x1a, 0x82,
    0xe0, 0xbe, 0x8f, 0x10, 0xe0, 0x0, 0xe2, 0xc8,
    0x1, 0xea, 0x7, 0x0, 0x58, 0x50, 0x7, 0xc2,
    0xa0, 0xa0, 0x60, 0x60, 0x1f, 0xb4, 0x34, 0x0,
    0x20, 0x1f, 0xc4, 0x2, 0x0, 0x10, 0xf, 0xfe,
    0x8, 0x80, 0x7f, 0x88, 0x38, 0x14, 0x14, 0x3,
    0xf6, 0x1, 0x87, 0x4, 0x80, 0x7c, 0x68, 0x28,
    0xa, 0x66, 0x80, 0x2, 0x10, 0xf, 0x5, 0x80,
    0x5a, 0x2f, 0x8d, 0x72, 0xfe, 0x4c, 0xa0, 0x10,
    0xfa, 0x9c, 0x82, 0x40, 0x4c, 0x80, 0x38, 0x6b,
    0xa8, 0xe, 0xf9, 0x80, 0x20,

    /* U+047B "ѻ" */
    0x0, 0x92, 0xbe, 0xd4, 0x3, 0xaa, 0xd4, 0x12,
    0xac, 0x2, 0x75, 0x4d, 0x8d, 0x64, 0x90, 0x4,
    0x85, 0x93, 0x94, 0x8b, 0x9, 0xa, 0x80, 0x73,
    0x2, 0xb0, 0x10, 0x7, 0x70, 0x10, 0x7, 0xfc,
    0xc0, 0x40, 0x1d, 0xc0, 0x44, 0x15, 0x0, 0xe6,
    0x4, 0x9, 0xb, 0x28, 0x29, 0x16, 0x0, 0x3a,
    0xa6, 0xbe, 0xb2, 0x48, 0x5, 0x56, 0xa0, 0x95,
    0x60, 0x0,

    /* U+047C "Ѽ" */
    0x0, 0xff, 0x9b, 0x80, 0x3f, 0xf8, 0x11, 0xdd,
    0xa0, 0x40, 0x3f, 0xf8, 0x1e, 0x7d, 0xdb, 0xc0,
    0x3f, 0xf8, 0xf, 0xa0, 0x1f, 0xfd, 0x59, 0xf6,
    0x0, 0xfd, 0xbe, 0x40, 0x19, 0x19, 0x18, 0x3,
    0xf7, 0x7, 0x0, 0x68, 0x8, 0x0, 0xfe, 0x34,
    0x34, 0x0, 0x19, 0xe0, 0xf, 0xf7, 0x87, 0x80,
    0x2c, 0x2c, 0x3, 0xfe, 0x40, 0x40, 0x2, 0x2,
    0x0, 0x7f, 0xf0, 0x10, 0x10, 0x8, 0xc, 0x3,
    0x16, 0xc8, 0x7, 0x18, 0x10, 0x8, 0x7, 0x84,
    0x88, 0x1, 0xdc, 0x1c, 0x0, 0x10, 0xf, 0xfe,
    0x30, 0x80, 0x73, 0x83, 0x80, 0x70, 0x80, 0x44,
    0x4, 0x1, 0x88, 0x8, 0x3, 0xb4, 0x34, 0x10,
    0x28, 0x3, 0x50, 0xa, 0x0, 0x64, 0x7, 0xa,
    0x7, 0x30, 0x3, 0x1a, 0x4, 0x88, 0x2, 0x85,
    0x8, 0xd, 0x83, 0x32, 0x92, 0xa8, 0x2f, 0xbe,
    0x51, 0x90, 0xa, 0x64, 0x66, 0x25, 0xc1, 0x7a,
    0x24, 0x5, 0xc2, 0x0,

    /* U+047D "ѽ" */
    0x0, 0xfe, 0x8e, 0x0, 0xfd, 0x5f, 0xdd, 0x31,
    0x80, 0x7e, 0x34, 0xee, 0xda, 0x1, 0xfa, 0x6c,
    0x3, 0xff, 0x9d, 0xf6, 0x1, 0xf3, 0x7a, 0x80,
    0x1c, 0x38, 0x3, 0xe6, 0x9, 0x0, 0x58, 0x28,
    0x0, 0x50, 0x80, 0x25, 0x32, 0x13, 0x40, 0x8,
    0xae, 0x80, 0x2c, 0x4, 0x20, 0x20, 0xf, 0xe2,
    0xe, 0x70, 0xe0, 0xf, 0xe6, 0x1, 0x70, 0xf0,
    0x9, 0xc0, 0x38, 0x40, 0x4, 0x6, 0x1, 0x10,
    0x10, 0x4, 0xa1, 0xe2, 0x68, 0x40, 0xa, 0x15,
    0x10, 0x5, 0x2, 0x4, 0x6, 0x3d, 0x9e, 0x16,
    0x3d, 0x9b, 0x10, 0x25, 0x9c, 0x3d, 0x96, 0x3c,
    0x2b, 0xc8, 0x0,

    /* U+047E "Ѿ" */
    0x0, 0xf3, 0xf7, 0x78, 0x3, 0xff, 0x83, 0x5c,
    0xf9, 0xc4, 0x1, 0xff, 0xc0, 0x74, 0x9, 0x20,
    0xc0, 0xf, 0xfe, 0x84, 0xfb, 0x0, 0x7e, 0xdf,
    0x20, 0xc, 0x8c, 0x8c, 0x1, 0xfb, 0x83, 0x80,
    0x34, 0x4, 0x0, 0x7f, 0x1a, 0x1a, 0x0, 0xc,
    0xf0, 0x7, 0xfb, 0xc3, 0xc0, 0x16, 0x16, 0x1,
    0xff, 0x20, 0x20, 0x1, 0x1, 0x0, 0x3f, 0xf8,
    0x8, 0x8, 0x4, 0x6, 0x1, 0x8b, 0x64, 0x3,
    0x8c, 0x8, 0x4, 0x3, 0xc2, 0x44, 0x0, 0xee,
    0xe, 0x0, 0x8, 0x7, 0xff, 0x18, 0x40, 0x39,
    0xc1, 0xc0, 0x38, 0x40, 0x22, 0x2, 0x0, 0xc4,
    0x4, 0x1, 0xda, 0x1a, 0x8, 0x14, 0x1, 0xa8,
    0x5, 0x0, 0x32, 0x3, 0x85, 0x3, 0x98, 0x1,
    0x8d, 0x2, 0x44, 0x1, 0x42, 0x84, 0x6, 0xc1,
    0x99, 0x49, 0x54, 0x17, 0xdf, 0x28, 0xc8, 0x5,
    0x32, 0x33, 0x12, 0xe0, 0xbd, 0x12, 0x2, 0xe1,
    0x0,

    /* U+047F "ѿ" */
    0x0, 0xd3, 0xdc, 0xfe, 0xe7, 0x80, 0x7e, 0x1d,
    0xe5, 0xfe, 0x30, 0xf, 0xd0, 0x61, 0x42, 0x18,
    0x1, 0xff, 0xc9, 0xfb, 0x0, 0xf9, 0xbd, 0x40,
    0xe, 0x1c, 0x1, 0xf3, 0x4, 0x80, 0x2c, 0x14,
    0x0, 0x28, 0x40, 0x12, 0x99, 0x9, 0xa0, 0x4,
    0x57, 0x40, 0x16, 0x2, 0x10, 0x10, 0x7, 0xf1,
    0x7, 0x38, 0x70, 0x7, 0xf3, 0x0, 0xb8, 0x78,
    0x4, 0xe0, 0x1c, 0x20, 0x2, 0x3, 0x0, 0x88,
    0x8, 0x2, 0x50, 0xf1, 0x34, 0x20, 0x5, 0xa,
    0x88, 0x2, 0x81, 0x2, 0x3, 0x1e, 0xcf, 0xb,
    0x1e, 0xcd, 0x88, 0x12, 0xce, 0x1e, 0xcb, 0x1e,
    0x15, 0xe4, 0x0,

    /* U+0480 "Ҁ" */
    0x0, 0x8e, 0xb7, 0xfd, 0x8c, 0x1, 0xd1, 0x8a,
    0x8, 0x66, 0x9b, 0x0, 0x9d, 0xc5, 0x9b, 0x79,
    0xa6, 0x92, 0x5, 0x3, 0x86, 0x1, 0x16, 0x83,
    0xd, 0x3, 0x8, 0x7, 0xc, 0xb9, 0xa0, 0x58,
    0x7, 0xcd, 0x4, 0x40, 0x30, 0xf, 0xf0, 0x80,
    0x7f, 0xf0, 0x4, 0x3, 0xff, 0x80, 0x40, 0x60,
    0x1f, 0xe4, 0x4, 0x0, 0xf8, 0x4c, 0x28, 0x24,
    0x40, 0x3d, 0xf8, 0xa4, 0xe3, 0x86, 0x1, 0xd,
    0x88, 0x5, 0xa, 0x59, 0xb7, 0x9c, 0x84, 0x1,
    0xaa, 0xd4, 0xd0, 0xd2, 0xa0, 0x3, 0x92, 0xbb,
    0xfd, 0x6a, 0x1, 0xff, 0xc4,

    /* U+0481 "ҁ" */
    0x0, 0xc, 0xf7, 0xec, 0x0, 0x43, 0x8c, 0xae,
    0xcf, 0x80, 0x8, 0x29, 0xb8, 0xb6, 0x35, 0x6,
    0x16, 0x0, 0xa1, 0xd8, 0x81, 0x40, 0x30, 0xc1,
    0x88, 0x10, 0x7, 0xc2, 0x4, 0x1, 0xf1, 0x2,
    0x80, 0x7e, 0x61, 0x60, 0x9, 0x3e, 0x82, 0xa,
    0x6a, 0x2a, 0xc0, 0x21, 0xc6, 0x47, 0x78, 0x80,
    0x21, 0x9e, 0xfd, 0x80, 0xf, 0xfe, 0x40, 0x98,

    /* U+0482 "҂" */
    0x0, 0xfc, 0x9f, 0x60, 0x1c, 0xa0, 0x14, 0x4,
    0x0, 0x62, 0xae, 0x56, 0x35, 0x30, 0xc, 0x54,
    0x15, 0x21, 0x60, 0x1e, 0x5e, 0x30, 0x4, 0x80,
    0x7c, 0x26, 0x28, 0xfa, 0x60, 0x1d, 0x1, 0x17,
    0x46, 0x1, 0xc4, 0xc4, 0xc0, 0xbc, 0x71, 0x86,
    0x12, 0x10, 0x1, 0xdc, 0x79, 0x68, 0x6a, 0x1,
    0xcd, 0xc8, 0x80, 0x40, 0xf, 0x87, 0x80, 0xf,
    0x84, 0x1, 0xe8, 0xd, 0x73, 0xc0, 0xe, 0x72,
    0x72, 0x8d, 0xa0, 0xc, 0x30, 0x32, 0x0, 0x24,
    0x0, 0xc0,

    /* U+0483 "҃" */
    0x0, 0xec, 0x9e, 0xee, 0x20, 0x4, 0xf7, 0x69,

    /* U+0484 "҄" */
    0x0, 0x9b, 0xb9, 0x0, 0x3, 0xdc, 0xc5, 0xba,
    0xc7, 0x4d, 0x12, 0xca, 0x56, 0xa0, 0x4, 0xc2,

    /* U+0485 "҅" */
    0xb0, 0xf, 0x27, 0x77, 0x40, 0xf7, 0x74, 0x0,

    /* U+0486 "҆" */
    0x0, 0xe3, 0x8d, 0xee, 0xda, 0x5b, 0xdd, 0xb4,
    0x0,

    /* U+0490 "Ґ" */
    0x0, 0xe3, 0x82, 0x0, 0xe5, 0x76, 0x0, 0xff,
    0xe2, 0x37, 0xfe, 0x90, 0xc, 0x48, 0x99, 0x80,
    0xb, 0x77, 0x88, 0x3, 0xff, 0xfe, 0x1, 0xff,
    0xc9,

    /* U+0491 "ґ" */
    0x0, 0xde, 0xc0, 0x1f, 0xfc, 0xb, 0xff, 0x80,
    0x33, 0x3b, 0x94, 0x1, 0x11, 0x18, 0x7, 0xff,
    0x90,

    /* U+0492 "Ғ" */
    0x6, 0xff, 0xfd, 0xa0, 0x11, 0x22, 0x79, 0xc0,
    0x25, 0xbb, 0xf5, 0x0, 0x7f, 0xf5, 0x72, 0xc1,
    0xb3, 0x2b, 0x0, 0x8c, 0x80, 0x4c, 0xe4, 0x0,
    0xbe, 0x41, 0xff, 0xf0, 0x7, 0xff, 0xe4,

    /* U+0493 "ғ" */
    0x0, 0x5f, 0xff, 0x20, 0x6, 0x67, 0x79, 0x80,
    0x34, 0x46, 0x20, 0xf, 0xfe, 0x3f, 0xa0, 0x77,
    0xf9, 0xc0, 0x18, 0x81, 0x79, 0x86, 0x0, 0x18,
    0x1, 0x4c, 0xc2, 0x1, 0xff, 0xd0,

    /* U+0494 "Ҕ" */
    0x6f, 0xff, 0xda, 0x1, 0x89, 0x13, 0xce, 0x1,
    0x96, 0xef, 0xd4, 0x1, 0xff, 0xe9, 0x26, 0x9a,
    0x83, 0x0, 0xe7, 0xd9, 0x65, 0x7c, 0x90, 0xc,
    0x53, 0xbf, 0xeb, 0x26, 0x70, 0x9, 0x58, 0x80,
    0x9, 0xe1, 0x20, 0x1f, 0xc4, 0x82, 0x80, 0x1f,
    0xc4, 0x4, 0x1, 0xfc, 0x20, 0x1f, 0xf0, 0x81,
    0xb7, 0xc0, 0x7, 0x90, 0x1c, 0x3, 0xf3, 0x11,
    0x90, 0x6, 0xca, 0x9c, 0x90, 0xf0, 0xc, 0x20,
    0x8c, 0x69, 0x86, 0x0,

    /* U+0495 "ҕ" */
    0xaf, 0xff, 0x48, 0x4, 0xef, 0xda, 0x1, 0x4c,
    0x46, 0x40, 0xf, 0xfe, 0x1, 0xcf, 0x7e, 0x20,
    0x5, 0x8e, 0xe5, 0x3b, 0x40, 0x1, 0x74, 0xd4,
    0x87, 0x0, 0x20, 0x2, 0x60, 0x60, 0x3, 0x0,
    0x7e, 0x30, 0xe, 0x10, 0xf, 0xff, 0xd, 0x78,
    0x80, 0x70, 0x80, 0x78, 0x41, 0xc0, 0x3a, 0x74,
    0xc, 0x3, 0xb, 0x1a, 0xc0,

    /* U+0496 "Җ" */
    0xcf, 0xb2, 0x0, 0xd7, 0xe4, 0x1, 0x9f, 0x7d,
    0x14, 0x93, 0x4, 0x3, 0xfa, 0x20, 0x66, 0x69,
    0xd7, 0x16, 0x0, 0xfc, 0x2e, 0x5f, 0x84, 0x0,
    0x80, 0x90, 0xf, 0xcc, 0x14, 0x20, 0x1c, 0xc2,
    0xa0, 0x1f, 0x48, 0x30, 0x7, 0xac, 0x24, 0x3,
    0xca, 0x2a, 0x20, 0x1e, 0x25, 0x39, 0x27, 0x6,
    0x5b, 0x8, 0x0, 0xfd, 0x48, 0xda, 0x61, 0x74,
    0x38, 0x40, 0x1f, 0xa5, 0xa, 0x4c, 0x21, 0x43,
    0x48, 0x3, 0xe7, 0x62, 0xc6, 0x70, 0x5a, 0x81,
    0xc0, 0xf, 0x14, 0x7, 0x8, 0x7, 0x39, 0x8c,
    0x80, 0x77, 0x3, 0x98, 0x7, 0xdc, 0xc, 0x60,
    0x13, 0x18, 0xc0, 0x7, 0xe2, 0x70, 0xe0, 0x0,
    0xc0, 0x58, 0x7, 0xfa, 0x8, 0x8e, 0x16, 0x28,
    0xa0, 0x1f, 0xf4, 0x84, 0xd, 0x7d, 0x80, 0x75,
    0xf9, 0x0, 0x64, 0xb0, 0x70, 0xf, 0xff, 0x68,

    /* U+0497 "җ" */
    0xa, 0xf7, 0x0, 0x1f, 0xc8, 0x0, 0xf7, 0xc0,
    0x1e, 0x90, 0x40, 0x1e, 0xf0, 0x70, 0x2, 0xd8,
    0xd8, 0x7, 0x19, 0xa6, 0x0, 0x33, 0x30, 0x3,
    0xa8, 0x50, 0x3, 0xa4, 0x20, 0x2, 0x36, 0x90,
    0xf, 0xd, 0xbe, 0x3, 0x62, 0xb8, 0x7, 0x8e,
    0xd2, 0x81, 0x61, 0x60, 0x3, 0xda, 0x56, 0xc0,
    0x6e, 0xf2, 0x80, 0x69, 0x18, 0x0, 0xe8, 0x1b,
    0x0, 0x89, 0x91, 0x40, 0x3d, 0x63, 0x0, 0xe,
    0x9, 0x0, 0xf9, 0x4d, 0xc8, 0x33, 0xc8, 0x0,
    0x7f, 0x20, 0x16, 0x2, 0x0, 0x7f, 0xf8, 0x40,

    /* U+0498 "Ҙ" */
    0x0, 0x97, 0x3f, 0xd8, 0xc0, 0x1d, 0x54, 0x32,
    0x21, 0xcd, 0x80, 0x4a, 0xa2, 0xdd, 0xc4, 0x8c,
    0x0, 0xe0, 0xe2, 0x0, 0x15, 0x86, 0x0, 0x35,
    0xcc, 0x3, 0xc6, 0x0, 0x68, 0x0, 0xc5, 0x1,
    0x40, 0x1e, 0xac, 0xd0, 0xb3, 0x0, 0xf2, 0x98,
    0xe, 0x0, 0x7d, 0xfd, 0x66, 0xf4, 0x1, 0xf0,
    0xa6, 0xa, 0x88, 0xae, 0xc0, 0x1e, 0x20, 0x21,
    0x74, 0x50, 0xc, 0x26, 0x4, 0x10, 0x14, 0xe2,
    0x7, 0xa0, 0xa2, 0x9, 0x21, 0x1d, 0xf8, 0x69,
    0x40, 0x13, 0x6c, 0x10, 0xb5, 0xd8, 0x3, 0x89,
    0xc0, 0xf5, 0x0, 0x3f, 0x6b, 0xd8, 0x80, 0x7c,
    0x88, 0x60, 0x10, 0xf, 0xae, 0xc3, 0x60, 0x18,

    /* U+0499 "ҙ" */
    0x0, 0x36, 0xfe, 0xb8, 0x4, 0xf2, 0x2e, 0x31,
    0x20, 0x9, 0x2c, 0x8c, 0x16, 0x0, 0x6f, 0x0,
    0x44, 0x1, 0x19, 0x80, 0x9c, 0xe0, 0x3, 0x36,
    0xc0, 0x7, 0x9e, 0xe4, 0x60, 0xc9, 0x88, 0x51,
    0xa0, 0x15, 0xa7, 0x84, 0x1, 0xa0, 0x48, 0xc7,
    0xdb, 0xe8, 0x90, 0x4d, 0xa9, 0x2d, 0x58, 0x4,
    0x98, 0x4, 0xa0, 0x1c, 0xd6, 0xee, 0x0, 0xc4,
    0x98, 0x2, 0x1, 0xae, 0xcc, 0xec, 0x0,

    /* U+049A "Қ" */
    0x6f, 0x80, 0xc, 0xb9, 0xee, 0x1, 0xe5, 0xa3,
    0x31, 0x0, 0x7a, 0x3, 0x30, 0xa0, 0x1c, 0x64,
    0xa6, 0x1, 0xf4, 0x87, 0x0, 0x7c, 0x4a, 0x48,
    0x1, 0xc2, 0x9e, 0x12, 0x1, 0xe6, 0xb2, 0x94,
    0x0, 0xf2, 0xb8, 0x4a, 0x0, 0x78, 0xa2, 0xc2,
    0xc8, 0x3, 0xe4, 0x70, 0xe0, 0xf, 0xd0, 0x46,
    0xe0, 0x1f, 0xa4, 0x20, 0x40, 0x3e, 0x45, 0xb,
    0x0, 0xfd, 0x60, 0xa8, 0xdf, 0x0, 0x18, 0x78,
    0x34, 0x3, 0xff, 0xaa,

    /* U+049B "қ" */
    0xbf, 0x10, 0x4, 0xfc, 0x0, 0x64, 0x65, 0xc0,
    0xd, 0xe7, 0x48, 0x1, 0x12, 0x50, 0x7, 0x40,
    0xb0, 0x6, 0xe5, 0xd0, 0xe, 0xb3, 0xd2, 0x0,
    0xcb, 0xa3, 0xe0, 0x1c, 0x30, 0x4e, 0x1, 0xce,
    0x50, 0x20, 0x1d, 0x21, 0x76, 0xf1, 0x0, 0x23,
    0xa0, 0x7, 0xff, 0x30,

    /* U+049C "Ҝ" */
    0x6f, 0x80, 0xc, 0xb9, 0xee, 0x1, 0xe5, 0xa3,
    0x31, 0x0, 0x7a, 0x3, 0x30, 0xa0, 0x1c, 0x84,
    0xa6, 0x1, 0xd8, 0xbc, 0x1c, 0x1, 0xf6, 0xa9,
    0x20, 0x7, 0x85, 0xc2, 0x40, 0x3c, 0xe4, 0x12,
    0x80, 0x1e, 0x52, 0x9, 0x40, 0xf, 0x10, 0xb0,
    0x59, 0x0, 0x79, 0x35, 0xc3, 0x80, 0x3d, 0x9,
    0x4, 0x6e, 0x1, 0xfa, 0x42, 0x4, 0x3, 0xe4,
    0x50, 0xb0, 0xf, 0xd6, 0xa, 0x80,

    /* U+049D "ҝ" */
    0xbf, 0x10, 0x4, 0xfc, 0x0, 0x64, 0x65, 0xc0,
    0xd, 0xe7, 0x48, 0x0, 0x6c, 0x4a, 0x0, 0xe3,
    0x16, 0x0, 0xd0, 0x1a, 0x1, 0xcc, 0x1a, 0x40,
    0x1b, 0x88, 0x7c, 0x3, 0xb, 0xb8, 0x9c, 0x2,
    0x7a, 0x82, 0x81, 0x0, 0xe9, 0xb,

    /* U+049E "Ҟ" */
    0x6, 0xf8, 0x0, 0xcb, 0x9e, 0xe0, 0x1f, 0x2d,
    0x19, 0x8a, 0xec, 0xb, 0x6a, 0x10, 0x19, 0x85,
    0x42, 0x2, 0x4d, 0x32, 0x53, 0x0, 0x7c, 0x83,
    0xfc, 0x48, 0x70, 0x7, 0xe2, 0x52, 0x40, 0xf,
    0xa, 0x78, 0x48, 0x7, 0xcd, 0x65, 0x28, 0x1,
    0xf2, 0xb8, 0x4a, 0x0, 0x7c, 0x51, 0x61, 0x64,
    0x1, 0xf9, 0x1c, 0x38, 0x3, 0xfa, 0x8, 0xdc,
    0x3, 0xfa, 0x42, 0x4, 0x3, 0xf2, 0x28, 0x58,
    0x7, 0xf5, 0x82, 0xa0,

    /* U+049F "ҟ" */
    0x0, 0x5f, 0x88, 0x2, 0x7e, 0x0, 0x3c, 0x8c,
    0xb8, 0x1e, 0x81, 0xd3, 0xe7, 0x48, 0x18, 0x81,
    0x74, 0x94, 0x1, 0x18, 0x1, 0x64, 0x58, 0x3,
    0xdc, 0xba, 0x1, 0xf5, 0x9e, 0x90, 0x7, 0x97,
    0x47, 0xc0, 0x3e, 0x18, 0x27, 0x0, 0xf9, 0xca,
    0x4, 0x3, 0xe9, 0xb,

    /* U+04A0 "Ҡ" */
    0x8f, 0xff, 0x10, 0x6, 0x8e, 0xf1, 0xe4, 0x4c,
    0x20, 0x1d, 0x6e, 0x8, 0xd, 0x77, 0x88, 0x3,
    0x1a, 0x1f, 0x58, 0x80, 0x7f, 0xa8, 0x20, 0x3,
    0xff, 0x82, 0xc2, 0x80, 0x1f, 0xfc, 0x7, 0x9,
    0x0, 0xff, 0x99, 0x90, 0x4e, 0x1, 0xff, 0x5c,
    0x8f, 0x80, 0x7f, 0xf0, 0x21, 0x7, 0xc4, 0x3,
    0xfe, 0x5b, 0x52, 0xd0, 0xf, 0xfe, 0xd, 0x11,
    0xb8, 0x7, 0xff, 0x6, 0x42, 0x8, 0x3, 0xff,
    0x80, 0x8a, 0x12, 0x1, 0xff, 0xc1, 0xb1, 0x45,
    0x0, 0xff, 0xe0, 0xc, 0x5, 0x80,

    /* U+04A1 "ҡ" */
    0xff, 0xe0, 0xa, 0xbd, 0xdf, 0x10, 0x4, 0xaa,
    0x63, 0x88, 0x98, 0x2, 0x94, 0x94, 0x0, 0xf1,
    0x1f, 0x0, 0x7c, 0x32, 0x2a, 0x1, 0xf7, 0x26,
    0x0, 0x7e, 0xb2, 0xc2, 0x0, 0xf9, 0x3c, 0x78,
    0x3, 0xf1, 0x39, 0xb0, 0x7, 0xe8, 0x18, 0x10,
    0xf, 0xd6, 0x30,

    /* U+04A2 "Ң" */
    0x6f, 0x80, 0xf, 0xf, 0xe8, 0x7, 0xff, 0xf9,
    0xff, 0xfd, 0xc0, 0x1e, 0x13, 0x3f, 0x80, 0x3c,
    0xd9, 0x9e, 0xd0, 0xf, 0xff, 0xd9, 0x71, 0x0,
    0x7f, 0xf0, 0x4, 0x1b, 0xe0, 0x3, 0xc3, 0xee,
    0x1, 0xff, 0xe0,

    /* U+04A3 "ң" */
    0xbf, 0x10, 0xd, 0xf6, 0x1, 0xff, 0xd5, 0x98,
    0x8c, 0x1, 0xce, 0xfc, 0x1, 0xdd, 0xff, 0x80,
    0x3f, 0xfa, 0x6b, 0x20, 0x1f, 0x85, 0x2f, 0xc4,
    0x3, 0x7b, 0x0, 0x7f, 0xf4, 0xc0,

    /* U+04A4 "Ҥ" */
    0x6f, 0x80, 0xf, 0xf, 0xff, 0xa4, 0x3, 0xff,
    0x80, 0x89, 0xbc, 0x3, 0xfe, 0x2b, 0xbc, 0xc0,
    0x1f, 0xfe, 0x96, 0xcc, 0xf6, 0x80, 0x7f, 0x9,
    0x9f, 0xc0, 0x1f, 0xcf, 0xff, 0xee, 0x0, 0xff,
    0xff, 0x80, 0x7f, 0xf5, 0x80,

    /* U+04A5 "ҥ" */
    0xbf, 0x10, 0xd, 0xff, 0xc2, 0x1, 0xf8, 0x9d,
    0xe1, 0x0, 0xfc, 0xd1, 0x10, 0x7, 0xff, 0x12,
    0x62, 0x30, 0x7, 0xe7, 0x7e, 0x0, 0xfd, 0xdf,
    0xf8, 0x3, 0xff, 0xdc,

    /* U+04A6 "Ҧ" */
    0x6f, 0xff, 0xf6, 0x80, 0x62, 0x44, 0xf8, 0x3,
    0xcb, 0x77, 0xf0, 0x7, 0xff, 0xfc, 0x3, 0xff,
    0xfe, 0x1, 0xff, 0xc7, 0x38, 0x6, 0xf8, 0x0,
    0xfb, 0xf1, 0xc4, 0x3, 0xf0, 0x98, 0xd8, 0x8,
    0x7, 0xe3, 0xde, 0x66, 0x0, 0x7f, 0x17, 0x66,
    0xc8, 0x0,

    /* U+04A7 "ҧ" */
    0xaf, 0xff, 0xa0, 0x2, 0x67, 0x79, 0x40, 0x3a,
    0x23, 0x48, 0x7, 0xff, 0xfc, 0x3, 0xc8, 0xd5,
    0xe2, 0x1, 0x1f, 0xa5, 0x0, 0x71, 0x91, 0x15,
    0xc0, 0x39, 0x77, 0x45, 0xe0, 0x1c, 0xdd, 0x9c,
    0x80,

    /* U+04A8 "Ҩ" */
    0x0, 0xc7, 0x3b, 0xfd, 0x8c, 0x1, 0xf4, 0x63,
    0x1a, 0x11, 0xce, 0x90, 0x6, 0x77, 0x5, 0x75,
    0xe7, 0x29, 0x58, 0x4, 0x50, 0x18, 0xa0, 0x10,
    0xd4, 0xc8, 0x2, 0xb0, 0x53, 0x0, 0x8a, 0xfe,
    0x24, 0x40, 0x8, 0x12, 0x1, 0x16, 0x21, 0x99,
    0xb4, 0x0, 0x40, 0x60, 0x17, 0xc, 0x66, 0x99,
    0x94, 0x0, 0x20, 0x11, 0x98, 0x5c, 0x1, 0x41,
    0x80, 0x1e, 0x40, 0x60, 0x8, 0xc0, 0x22, 0x10,
    0xb, 0x83, 0x80, 0x22, 0xe, 0x4, 0x4, 0x0,
    0xfd, 0xa0, 0x81, 0x61, 0xc0, 0x1, 0x1, 0x0,
    0xa, 0x99, 0x80, 0xa1, 0x54, 0x1a, 0x1a, 0x0,
    0xa0, 0xe0, 0x9, 0xe2, 0xa4, 0x41, 0x11, 0x8b,
    0x84, 0x1, 0x9f, 0x42, 0x40, 0x6d, 0x3c, 0xc0,
    0x3c, 0x53, 0xbe, 0xa0, 0x60, 0x1f, 0xfc, 0xa,
    0x54, 0xeb, 0xb1, 0x80, 0x7f, 0x55, 0xa2, 0xa3,
    0x0,

    /* U+04A9 "ҩ" */
    0x0, 0xc, 0xf7, 0xf5, 0x10, 0x4, 0x3e, 0xc8,
    0xe8, 0xba, 0x60, 0xb, 0x1c, 0xa8, 0xac, 0x91,
    0x0, 0x2a, 0x8c, 0x6, 0xf2, 0x5c, 0xc, 0x8,
    0x1, 0x9, 0x7, 0x42, 0xe0, 0x19, 0x89, 0xe8,
    0x11, 0xc0, 0xc0, 0x41, 0xc0, 0x40, 0x6, 0x8,
    0x20, 0x1, 0xa, 0x7, 0x5, 0xc, 0x20, 0x5a,
    0x23, 0x20, 0xb1, 0x2c, 0x1, 0x51, 0xe0, 0x0,
    0xfb, 0x8, 0x0, 0xfc, 0x80, 0x21, 0x9e, 0xf1,
    0x34, 0x0, 0xfd, 0x85, 0x5f, 0xa0, 0x1e, 0x2d,
    0xb8, 0x80,

    /* U+04AA "Ҫ" */
    0x0, 0x8e, 0x77, 0xfd, 0x8c, 0x1, 0xd1, 0x8c,
    0x8, 0x66, 0x9b, 0x0, 0x9d, 0xc5, 0x9b, 0x79,
    0xa6, 0x92, 0x3, 0x1, 0x86, 0x1, 0x16, 0x83,
    0xc, 0x83, 0x88, 0x7, 0xc, 0xb9, 0xa0, 0x58,
    0x7, 0xcd, 0x4, 0x40, 0x30, 0xf, 0xf0, 0x80,
    0x7f, 0xf0, 0x4, 0x3, 0xff, 0x80, 0x40, 0x40,
    0x1f, 0x8, 0x81, 0x41, 0x40, 0x3e, 0x6e, 0x7a,
    0x9, 0x0, 0xfa, 0x41, 0xd, 0x47, 0x4, 0x2,
    0x1b, 0x14, 0x30, 0xa3, 0x37, 0x5c, 0xdf, 0x21,
    0x50, 0x5, 0x90, 0x48, 0xc8, 0x51, 0xa2, 0x1,
    0x9f, 0x70, 0x7f, 0x5c, 0x3, 0xf2, 0x80, 0x7f,
    0xf0, 0x8, 0x65, 0xa0, 0x3, 0xf2, 0x33, 0x23,
    0xc0, 0x20,

    /* U+04AB "ҫ" */
    0x0, 0xc, 0xf7, 0xec, 0x0, 0x43, 0x8c, 0xae,
    0xcf, 0x80, 0x8, 0x28, 0xb8, 0xb7, 0x35, 0x6,
    0x17, 0x0, 0xa5, 0xd8, 0x81, 0x40, 0x30, 0xc1,
    0x88, 0x10, 0x7, 0xc2, 0x6, 0x1, 0xf1, 0x2,
    0x0, 0x61, 0xfa, 0x6, 0x16, 0x0, 0xa4, 0x30,
    0x20, 0xa6, 0xa2, 0xdd, 0x18, 0x7, 0x19, 0x1d,
    0xa2, 0xc0, 0x21, 0x98, 0x3d, 0x70, 0xf, 0x70,
    0x7, 0xf7, 0x1c, 0x33, 0x80, 0x73, 0x23, 0xd8,
    0x80,

    /* U+04AC "Ҭ" */
    0x9f, 0xff, 0xf6, 0x7a, 0x26, 0x0, 0x22, 0x65,
    0x6b, 0xbc, 0x41, 0x77, 0xa4, 0x3, 0xff, 0xfe,
    0x1, 0xff, 0xe8, 0xe4, 0x0, 0xff, 0x8, 0x80,
    0x3f, 0x6d, 0x0, 0x7f, 0xf7, 0x40,

    /* U+04AD "ҭ" */
    0xaf, 0xff, 0xb3, 0xdd, 0xca, 0x8, 0xee, 0xa5,
    0x88, 0x70, 0x64, 0x41, 0x80, 0x3f, 0xfd, 0xf6,
    0xc0, 0x1f, 0x1e, 0x0, 0x72, 0x79, 0x0, 0x7f,
    0xf4, 0x80,

    /* U+04AE "Ү" */
    0x9f, 0xb0, 0xf, 0x93, 0xf4, 0x24, 0x51, 0x40,
    0x3d, 0x41, 0xc0, 0xb, 0xb, 0x0, 0xe8, 0x16,
    0x30, 0x2, 0xa8, 0x64, 0x2, 0x37, 0x29, 0x0,
    0xd6, 0x2c, 0x60, 0xf, 0x9, 0x0, 0xe1, 0x80,
    0xf0, 0x63, 0x64, 0x0, 0xf3, 0x19, 0x9e, 0x6,
    0x40, 0x3f, 0x70, 0x40, 0xd0, 0x7, 0xf1, 0x38,
    0x2a, 0x0, 0x7f, 0xb8, 0x8, 0x3, 0xff, 0xfe,
    0x0,

    /* U+04AF "ү" */
    0x8f, 0x40, 0xc, 0x7f, 0x36, 0x1a, 0x1, 0xac,
    0x28, 0xc9, 0xc0, 0x33, 0x11, 0x85, 0xa, 0x0,
    0xc, 0x68, 0x0, 0xa1, 0xc0, 0xa, 0x5, 0x0,
    0x11, 0xa8, 0x1, 0xcc, 0x80, 0x2a, 0x4, 0x40,
    0xd0, 0x6, 0x70, 0xee, 0x3, 0x80, 0x61, 0x45,
    0x52, 0x8, 0x7, 0x70, 0x3, 0x80, 0x3c, 0xa0,
    0x5, 0x0, 0xf8, 0x44, 0x1, 0xff, 0xd6,

    /* U+04B0 "Ұ" */
    0x9f, 0xb0, 0xf, 0x93, 0xf4, 0x24, 0x51, 0x40,
    0x3d, 0x41, 0xc0, 0xa, 0xb, 0x10, 0xd, 0x22,
    0xe6, 0x0, 0x45, 0x18, 0x0, 0x8d, 0x8a, 0x0,
    0x35, 0x8b, 0x18, 0x3, 0xc3, 0x80, 0x38, 0x6c,
    0x38, 0x18, 0xdc, 0xc0, 0x3c, 0xa8, 0x4f, 0x25,
    0x0, 0x1f, 0xa4, 0x20, 0x38, 0x3, 0xf8, 0xa0,
    0x14, 0xc0, 0x3f, 0xc2, 0x4, 0x1, 0xf9, 0x2e,
    0xe0, 0x5b, 0xb3, 0x0, 0x71, 0x22, 0x8, 0x9,
    0x11, 0xe0, 0x1c, 0xdf, 0xe9, 0x7, 0xff, 0x48,
    0x7, 0xff, 0x4c,

    /* U+04B1 "ұ" */
    0x8f, 0x40, 0xc, 0x7f, 0x36, 0x1a, 0x1, 0xac,
    0x28, 0xc9, 0xc0, 0x33, 0x11, 0x82, 0x8a, 0x0,
    0xc, 0x54, 0x1, 0x41, 0xa0, 0xa, 0xa, 0x0,
    0x11, 0xb8, 0x1, 0xcc, 0x80, 0x2b, 0x14, 0x40,
    0xd8, 0x6, 0x60, 0xdd, 0x3, 0x0, 0x61, 0x47,
    0x71, 0x88, 0x7, 0x68, 0x8a, 0x80, 0x3c, 0xe0,
    0x7, 0x0, 0xc7, 0xfc, 0x0, 0xef, 0x40, 0x1,
    0xe6, 0x4, 0x59, 0x84, 0x0, 0x8c, 0xc0, 0x3,
    0x30, 0x7, 0xff, 0x0,

    /* U+04B2 "Ҳ" */
    0xd, 0xf5, 0x0, 0xf4, 0xfb, 0x80, 0x38, 0x2c,
    0x40, 0x32, 0xb2, 0x38, 0x0, 0xdc, 0x6c, 0x2,
    0x1b, 0x1a, 0x0, 0xd0, 0x4a, 0xa0, 0x5, 0xd,
    0x88, 0x7, 0x70, 0x58, 0xba, 0x32, 0x80, 0x78,
    0xdc, 0x6a, 0xa, 0x40, 0x3f, 0x41, 0x20, 0x70,
    0x7, 0xf9, 0xc0, 0x2, 0x1, 0xfc, 0xaa, 0x10,
    0xe0, 0xf, 0xc3, 0x61, 0x84, 0x6e, 0x1, 0xf5,
    0xc, 0x97, 0x4, 0x10, 0x7, 0x3a, 0x21, 0x80,
    0xdc, 0x38, 0x3, 0x14, 0x5, 0x0, 0x50, 0x66,
    0x70, 0xb, 0xc2, 0x44, 0x3, 0x70, 0x41, 0x84,
    0x92, 0x30, 0x7, 0x14, 0x7, 0x4, 0xfd, 0x80,
    0x7c, 0xf0, 0x46, 0x1, 0xff, 0xde,

    /* U+04B3 "ҳ" */
    0x4f, 0xe0, 0xd, 0xbe, 0x68, 0xc3, 0x0, 0x8,
    0x27, 0x30, 0x92, 0x72, 0x37, 0x28, 0x0, 0xa4,
    0x3b, 0x81, 0xe0, 0x19, 0x18, 0xca, 0x8, 0x3,
    0xb4, 0x0, 0x80, 0x1e, 0x90, 0x7, 0x0, 0x74,
    0x14, 0x40, 0xa0, 0x2, 0x37, 0x37, 0x71, 0x39,
    0x80, 0x38, 0x3c, 0x1, 0xc1, 0xc1, 0x4, 0xc6,
    0x0, 0x36, 0x28, 0x87, 0xc8, 0x6, 0x96, 0x50,
    0xf, 0xfe, 0x90,

    /* U+04B4 "Ҵ" */
    0xaf, 0xff, 0xf5, 0x80, 0x27, 0xd4, 0x35, 0x13,
    0x0, 0x11, 0x31, 0x80, 0x79, 0xee, 0xf0, 0x85,
    0xde, 0x80, 0xf, 0xff, 0xf8, 0x7, 0xff, 0xfc,
    0x3, 0xff, 0xbf, 0x99, 0xf3, 0x84, 0x38, 0x7,
    0xc6, 0x7f, 0x8, 0x16, 0x80, 0x77, 0x7f, 0xff,
    0x80, 0x3f, 0xfd, 0x80,

    /* U+04B5 "ҵ" */
    0xaf, 0xff, 0x81, 0x3d, 0xc3, 0xdd, 0xc4, 0xe,
    0xf0, 0x7, 0x2c, 0x41, 0x82, 0x62, 0x0, 0x1f,
    0xff, 0xf0, 0xf, 0xfe, 0xc, 0xc4, 0x5c, 0x16,
    0xa0, 0x1c, 0xef, 0x94, 0xf, 0xc0, 0x2b, 0xff,
    0xf8, 0x80, 0x3f, 0xfb, 0x80,

    /* U+04B6 "Ҷ" */
    0xdf, 0x10, 0xf, 0x6f, 0x88, 0x7, 0xff, 0xa4,
    0x40, 0x80, 0x3f, 0xcc, 0x8, 0x1, 0xfe, 0xe0,
    0x86, 0x10, 0x26, 0xb2, 0x0, 0x91, 0xc2, 0x7b,
    0xf6, 0x54, 0x3, 0xa3, 0x1d, 0x5a, 0x33, 0x88,
    0x3, 0x8e, 0x2a, 0x5c, 0xc0, 0x3f, 0xfb, 0xde,
    0xa0, 0x1f, 0xf0, 0x98, 0x7, 0xf6, 0xd8, 0x7,
    0xff, 0x74,

    /* U+04B7 "ҷ" */
    0x1f, 0xa0, 0xc, 0xde, 0xa0, 0x1f, 0xfc, 0xb1,
    0x1, 0x0, 0xfe, 0x15, 0x0, 0xfe, 0x91, 0xb3,
    0x33, 0x58, 0x6, 0x75, 0x4c, 0xc4, 0x98, 0x7,
    0x56, 0xde, 0x74, 0x0, 0x78, 0x90, 0xc4, 0x3,
    0xff, 0x83, 0x2a, 0x1, 0xfc, 0x64, 0x1, 0xf3,
    0x78, 0x7, 0xff, 0x5c,

    /* U+04B8 "Ҹ" */
    0xdf, 0x10, 0xf, 0x6f, 0x88, 0x7, 0xff, 0x90,
    0x40, 0xc0, 0x3f, 0x98, 0x10, 0x7, 0xc4, 0x3,
    0xb0, 0x2c, 0x80, 0x32, 0x98, 0x1, 0x8c, 0xb7,
    0x41, 0x9f, 0x42, 0x1, 0x64, 0x11, 0x80, 0xbd,
    0x90, 0x6, 0x7d, 0xe0, 0xd8, 0x40, 0xf, 0xfe,
    0x38, 0xa0, 0x80, 0x7f, 0xac, 0x3, 0xff, 0x8c,

    /* U+04B9 "ҹ" */
    0x1f, 0xa0, 0xc, 0xde, 0xa0, 0x1f, 0xfc, 0x81,
    0x1, 0x7, 0xb0, 0xe, 0x24, 0x10, 0xf, 0xac,
    0x33, 0xd, 0x30, 0x1, 0x33, 0x92, 0x13, 0x98,
    0x6, 0x8f, 0x74, 0xeb, 0x0, 0xf7, 0x80, 0x7f,
    0x16, 0x0, 0x7e, 0x57, 0x0, 0xc0,

    /* U+04BA "Һ" */
    0x6f, 0x80, 0xf, 0xff, 0x82, 0xd6, 0xff, 0xb1,
    0x40, 0x33, 0xd2, 0x82, 0x11, 0xd3, 0x80, 0x47,
    0x5f, 0xb7, 0xb4, 0x10, 0x20, 0x4, 0x50, 0xc,
    0xa8, 0xe, 0x1, 0xfd, 0x81, 0xc0, 0x1f, 0xc4,
    0x1, 0xff, 0xe6,

    /* U+04BB "һ" */
    0xaf, 0x10, 0xf, 0xfe, 0xb9, 0xcf, 0x7e, 0x28,
    0x5, 0x8e, 0x88, 0x3a, 0x40, 0x1, 0x7d, 0x5c,
    0x87, 0x0, 0x20, 0x40, 0xc, 0xc, 0x0, 0x60,
    0xf, 0xc6, 0x1, 0xc2, 0x1, 0xff, 0xe1,

    /* U+04BC "Ҽ" */
    0x0, 0xf2, 0x5f, 0x7f, 0x5a, 0x0, 0x7e, 0xab,
    0x42, 0x42, 0x4b, 0x80, 0xf, 0x4a, 0xa7, 0x65,
    0xe6, 0x93, 0xb0, 0x10, 0x0, 0xd8, 0xac, 0x40,
    0x22, 0xc0, 0x80, 0xec, 0xa, 0xb, 0x0, 0xf0,
    0xb0, 0xa0, 0x80, 0x10, 0x10, 0x3, 0xec, 0xc,
    0x43, 0xe2, 0xe, 0xcc, 0xfa, 0x40, 0x65, 0xc8,
    0x0, 0x67, 0xfc, 0x6, 0x11, 0x82, 0x1f, 0xff,
    0xea, 0x0, 0x88, 0xc, 0x3, 0xe1, 0x30, 0xc,
    0x81, 0x60, 0x1f, 0x4e, 0x40, 0x5, 0x20, 0xe2,
    0x1, 0xc2, 0xc1, 0x40, 0x10, 0xb8, 0x61, 0x80,
    0x45, 0xa2, 0xc4, 0x1, 0xa1, 0x8b, 0x36, 0xf7,
    0x46, 0x92, 0x1, 0xe9, 0xb5, 0x34, 0x23, 0xab,
    0x0, 0x0,

    /* U+04BD "ҽ" */
    0x0, 0xe7, 0xdf, 0xea, 0x20, 0x1, 0x88, 0x2,
    0xa0, 0x1d, 0xcb, 0xa6, 0x1f, 0x0, 0xab, 0x6c,
    0x4e, 0x87, 0x0, 0x98, 0x70, 0x58, 0x4, 0x4c,
    0x46, 0x8b, 0x68, 0x13, 0x11, 0x88, 0x16, 0x5d,
    0x80, 0xe, 0xfc, 0x80, 0x21, 0x1a, 0x5, 0xff,
    0xf3, 0x80, 0x44, 0x41, 0x0, 0xca, 0xe4, 0x1,
    0x50, 0x58, 0x4, 0x37, 0x6, 0x1, 0x39, 0xae,
    0xcc, 0xbc, 0x64, 0x40, 0x36, 0x40, 0x33, 0xad,
    0xb0, 0x0,

    /* U+04BE "Ҿ" */
    0x0, 0xf2, 0xdf, 0x7f, 0x5a, 0x0, 0x7e, 0xba,
    0x42, 0x42, 0x4b, 0x90, 0xf, 0x52, 0x23, 0xb2,
    0xf3, 0x4d, 0x9c, 0xc, 0x81, 0x14, 0xac, 0x40,
    0x22, 0xd0, 0x80, 0xf9, 0xe, 0xb, 0x0, 0xf0,
    0xb8, 0x28, 0x31, 0x38, 0x20, 0x7, 0xda, 0x1b,
    0x65, 0xa4, 0x1b, 0xff, 0xf5, 0x1, 0x3d, 0xb8,
    0x0, 0xcf, 0xfc, 0x40, 0x90, 0x21, 0xb9, 0x9f,
    0xd0, 0x1, 0x28, 0x28, 0x7, 0xc4, 0xa2, 0x1,
    0x60, 0x68, 0x7, 0xd7, 0x52, 0x1, 0x30, 0x30,
    0x80, 0x70, 0xb8, 0x50, 0x4, 0x2e, 0x18, 0x40,
    0x10, 0xe8, 0xa9, 0x0, 0x68, 0x52, 0xdb, 0x9a,
    0xe3, 0x35, 0x0, 0x7a, 0xa8, 0x68, 0xca, 0x51,
    0x80, 0x1f, 0x97, 0x2c, 0x7f, 0x5c, 0x3, 0xfe,
    0x20, 0xf, 0xfe, 0x19, 0x8c, 0xb4, 0x0, 0x7f,
    0xca, 0xcc, 0xbf, 0x0, 0x80,

    /* U+04BF "ҿ" */
    0x0, 0xe7, 0xdf, 0xea, 0x20, 0x1, 0x88, 0x2,
    0xa0, 0x1d, 0xcb, 0xa6, 0x1f, 0x0, 0xab, 0x6c,
    0x4e, 0x87, 0x0, 0x98, 0x70, 0x58, 0x4, 0x4c,
    0x46, 0x8b, 0x68, 0x13, 0x11, 0x88, 0x16, 0x5d,
    0x80, 0xe, 0xfc, 0x80, 0x21, 0x1a, 0x5, 0xff,
    0xf3, 0x80, 0x44, 0x41, 0x0, 0xc8, 0xe4, 0x1,
    0x50, 0x40, 0x4, 0x35, 0x6, 0x1, 0x39, 0x36,
    0x3b, 0xbc, 0x60, 0x40, 0x36, 0x31, 0x44, 0x16,
    0xdc, 0x3, 0x86, 0x79, 0x26, 0xd0, 0x3, 0xf9,
    0x80, 0x3f, 0xf8, 0x3, 0xc, 0xe8, 0x1, 0xfb,
    0xce, 0x71, 0x80,

    /* U+04C0 "Ӏ" */
    0x2f, 0xb0, 0xf, 0xfe, 0xf0,

    /* U+04C1 "Ӂ" */
    0x0, 0xe1, 0x81, 0x0, 0x9c, 0x80, 0x3f, 0xe1,
    0x6b, 0x11, 0x4c, 0x0, 0x7f, 0xf0, 0x69, 0xfb,
    0x8d, 0x44, 0x1, 0xff, 0xc0, 0x4d, 0xdb, 0xd4,
    0x3, 0xec, 0xfb, 0x20, 0xd, 0x3a, 0x40, 0x19,
    0xf7, 0xd1, 0x49, 0x30, 0x40, 0x3f, 0xa2, 0x6,
    0x66, 0x9d, 0x71, 0x60, 0xf, 0xc2, 0xe5, 0xf8,
    0x40, 0x8, 0x9, 0x0, 0xfc, 0xc1, 0x42, 0x1,
    0xcc, 0x2a, 0x1, 0xf4, 0x83, 0x0, 0x7a, 0xc2,
    0x40, 0x3c, 0xa2, 0xa2, 0x1, 0xe2, 0x53, 0x92,
    0x70, 0x65, 0xb0, 0x80, 0xf, 0xd4, 0x8d, 0xa6,
    0x17, 0x43, 0x84, 0x1, 0xfa, 0x50, 0xa4, 0xc2,
    0x14, 0x34, 0x80, 0x3e, 0x76, 0x2c, 0x67, 0x5,
    0xa8, 0x1c, 0x0, 0xf1, 0x40, 0x70, 0x80, 0x73,
    0x98, 0xc8, 0x7, 0x70, 0x39, 0x80, 0x7d, 0xc0,
    0xc6, 0x1, 0x31, 0x8c, 0x0, 0x7e, 0x27, 0xe,
    0x0, 0xc, 0x5, 0x80, 0x7f, 0xa0, 0x88, 0xe1,
    0x62, 0x8a, 0x1, 0xff, 0x48, 0x40, 0x80,

    /* U+04C2 "ӂ" */
    0x0, 0xd1, 0xea, 0x27, 0xb8, 0x1, 0xfa, 0x52,
    0xbb, 0x3, 0xc0, 0x3f, 0xd, 0xf6, 0x6e, 0x8c,
    0x3, 0xfc, 0x26, 0x40, 0x1f, 0x57, 0xb8, 0x0,
    0xfe, 0x40, 0x7, 0xbe, 0x0, 0xf4, 0x82, 0x0,
    0xf7, 0x83, 0x80, 0x16, 0xc6, 0xc0, 0x38, 0xcd,
    0x30, 0x1, 0x99, 0x80, 0x1d, 0x42, 0x80, 0x1d,
    0x21, 0x0, 0x11, 0xb4, 0x80, 0x78, 0x6d, 0xf0,
    0x1b, 0x15, 0xc0, 0x3c, 0x76, 0x94, 0xb, 0xb,
    0x20, 0x1e, 0xd2, 0xb6, 0x3, 0x77, 0x32, 0x80,
    0x69, 0x18, 0x0, 0xe8, 0x1b, 0x0, 0x89, 0x91,
    0x40, 0x3d, 0x63, 0x0, 0xe, 0x9, 0x0, 0xf9,
    0x4d, 0xc8,

    /* U+04C3 "Ӄ" */
    0x6f, 0x80, 0xc, 0xb9, 0xee, 0x1, 0xe5, 0xa3,
    0x31, 0x0, 0x7a, 0x3, 0x30, 0xa0, 0x1c, 0x64,
    0xa6, 0x1, 0xf4, 0x87, 0x0, 0x7c, 0x4a, 0x48,
    0x1, 0xc2, 0x9e, 0x12, 0x1, 0xe6, 0xb2, 0x94,
    0x0, 0xf2, 0xb8, 0x4a, 0x0, 0x78, 0xa2, 0xc2,
    0xc8, 0x3, 0xe4, 0x70, 0xf0, 0xf, 0xd0, 0x44,
    0x70, 0xf, 0xd2, 0x10, 0x40, 0x1f, 0x22, 0x84,
    0x80, 0x7e, 0xb0, 0x45, 0x6f, 0x80, 0xc, 0x3e,
    0xb8, 0x1, 0xe3, 0x23, 0x41, 0x0, 0xf5, 0xee,
    0x5, 0x0, 0x7a, 0x3b, 0x3c, 0x80,

    /* U+04C4 "ӄ" */
    0xbf, 0x10, 0x4, 0xfc, 0x0, 0x65, 0x66, 0x58,
    0x6, 0xe3, 0x93, 0x0, 0x89, 0x28, 0x3, 0xa0,
    0x58, 0x3, 0x72, 0xe8, 0x7, 0x59, 0xe9, 0x0,
    0x65, 0xd1, 0xf0, 0xe, 0x18, 0x27, 0x0, 0xe7,
    0x28, 0x10, 0xe, 0x90, 0x8b, 0xf1, 0x0, 0x25,
    0x38, 0x4, 0x46, 0x5c, 0x60, 0x13, 0x66, 0xa5,
    0x80, 0x49, 0xf9, 0xcc,

    /* U+04C7 "Ӈ" */
    0x6f, 0x80, 0xf, 0xf, 0xe8, 0x7, 0xff, 0xf9,
    0xb3, 0x3d, 0xa0, 0x1e, 0x13, 0x3f, 0x80, 0x3c,
    0xff, 0xfe, 0xe0, 0xf, 0xff, 0xf8, 0x7, 0xf8,
    0xe0, 0x1b, 0xe0, 0x3, 0xc3, 0xf8, 0xe2, 0x1,
    0xf8, 0x4c, 0x6c, 0x4, 0x3, 0xf1, 0xef, 0x33,
    0x0, 0x3f, 0x8b, 0xb3, 0x64, 0x0,

    /* U+04C8 "ӈ" */
    0xbf, 0x10, 0xd, 0xf6, 0x1, 0xff, 0xd5, 0x98,
    0x8c, 0x1, 0xce, 0xfc, 0x1, 0xdd, 0xff, 0x80,
    0x3f, 0xfb, 0xac, 0xf7, 0xe2, 0x1, 0xbe, 0x60,
    0x3, 0x88, 0xcb, 0xc4, 0x3, 0x87, 0x35, 0x24,
    0x3, 0x8f, 0xf3, 0x5c,

    /* U+04CB "Ӌ" */
    0xdf, 0x10, 0xf, 0x6f, 0x88, 0x7, 0xff, 0x90,
    0x40, 0x80, 0x3f, 0x98, 0x10, 0x3, 0xfb, 0x82,
    0x18, 0x40, 0x9a, 0xc8, 0x0, 0x8e, 0x13, 0xdf,
    0xb2, 0xa0, 0x1a, 0x31, 0xd5, 0xa3, 0x38, 0x80,
    0x31, 0xc5, 0x4b, 0x98, 0x7, 0xff, 0x5c, 0x78,
    0x80, 0x3f, 0xc2, 0x1, 0xff, 0xc0, 0x6f, 0x10,
    0xf, 0xfe, 0xc0,

    /* U+04CC "ӌ" */
    0x1f, 0xa0, 0xc, 0xde, 0xa0, 0x1f, 0xfc, 0x81,
    0x1, 0x0, 0xfc, 0x2a, 0x1, 0xfa, 0x46, 0xcc,
    0xcd, 0x60, 0x13, 0xaa, 0x66, 0x24, 0xc0, 0x35,
    0x6d, 0xe7, 0x40, 0x7, 0x12, 0x18, 0x80, 0x7f,
    0x2d, 0x0, 0x7e, 0xc3, 0x0, 0xfe, 0x1f, 0x50,
    0xf, 0xfe, 0x90,

    /* U+04D0 "Ӑ" */
    0x0, 0xce, 0x60, 0x13, 0x20, 0x7, 0xec, 0xe3,
    0x15, 0x91, 0x0, 0xfd, 0x43, 0x9d, 0x4c, 0xa0,
    0x1f, 0x87, 0x3b, 0x7a, 0x40, 0x3f, 0xea, 0xda,
    0x0, 0xff, 0x85, 0x1, 0x4, 0x3, 0xfc, 0xc1,
    0x0, 0xc0, 0x1f, 0xea, 0x17, 0x1a, 0x0, 0xfe,
    0x32, 0x70, 0x72, 0x40, 0xf, 0xd4, 0x1a, 0x1a,
    0x1c, 0x1, 0xf9, 0xc5, 0x1, 0x5, 0x44, 0x3,
    0xc8, 0x2e, 0x1, 0x38, 0x38, 0x7, 0xb8, 0x34,
    0x2, 0xa0, 0xb0, 0xe, 0x15, 0xb, 0xff, 0xb0,
    0x8, 0xc0, 0x33, 0x81, 0xb3, 0x71, 0x85, 0x0,
    0x6a, 0xf, 0x99, 0xee, 0x6, 0x0, 0x88, 0xc8,
    0xc0, 0x38, 0x8c, 0x18, 0x1, 0x40, 0xa0, 0x1f,
    0x50, 0x50, 0x1, 0x42, 0x80, 0x3e, 0x60, 0x32,

    /* U+04D1 "ӑ" */
    0x0, 0x5f, 0x18, 0xa7, 0x48, 0x6, 0x93, 0xce,
    0xb2, 0x80, 0xc, 0x5b, 0xd9, 0xd8, 0x20, 0x1e,
    0x13, 0x10, 0xf, 0x14, 0xef, 0xf6, 0x28, 0x4,
    0x5a, 0xc8, 0xee, 0x3a, 0x50, 0x4, 0x6, 0x4c,
    0x4d, 0x87, 0x80, 0x3a, 0x4c, 0x2, 0x40, 0x10,
    0x2, 0x30, 0xa3, 0x4e, 0x0, 0x61, 0xbe, 0xb9,
    0x75, 0x7, 0x0, 0x6a, 0x35, 0xf7, 0x24, 0x2,
    0x23, 0x49, 0x41, 0x3, 0x0, 0xe7, 0x0, 0xd0,
    0x1, 0x11, 0x9a, 0xde, 0x39, 0x84, 0x40, 0xd,
    0x65, 0x85, 0x9d, 0x42, 0x10,

    /* U+04D2 "Ӓ" */
    0x0, 0xc9, 0xf0, 0x15, 0xe4, 0x1, 0xff, 0xcb,
    0x4e, 0x80, 0xae, 0x20, 0xf, 0xe1, 0xbf, 0xb1,
    0x0, 0xff, 0xa, 0x2, 0x8, 0x7, 0xf9, 0xc2,
    0x1, 0x80, 0x3f, 0xd4, 0x2e, 0x14, 0x1, 0xfc,
    0x46, 0x80, 0xa4, 0x80, 0x1f, 0xa8, 0x3c, 0x38,
    0x38, 0x3, 0xf3, 0x2, 0x82, 0xa, 0x88, 0x7,
    0x90, 0x54, 0x2, 0x70, 0x70, 0xf, 0x70, 0x70,
    0x5, 0x41, 0x60, 0x1e, 0x50, 0xbf, 0xfb, 0x0,
    0x8c, 0x3, 0x28, 0x1b, 0x37, 0x20, 0x50, 0x6,
    0xe0, 0xf9, 0x9e, 0xa0, 0x60, 0x8, 0x50, 0x8c,
    0x3, 0x85, 0x1, 0x80, 0xc, 0xa, 0x1, 0xf7,
    0x5, 0x0, 0x28, 0x28, 0x3, 0xe5, 0x13, 0x20,

    /* U+04D3 "ӓ" */
    0x0, 0x27, 0xc0, 0x57, 0x90, 0x7, 0xff, 0xd,
    0x3a, 0x2, 0xb8, 0x80, 0x38, 0x40, 0x21, 0x0,
    0xe2, 0x9d, 0xfe, 0xc5, 0x0, 0x8b, 0x59, 0x1d,
    0xc7, 0x4a, 0x0, 0x80, 0xc9, 0x89, 0xb0, 0xf0,
    0x7, 0x49, 0x80, 0x48, 0x2, 0x0, 0x46, 0x14,
    0x69, 0xc0, 0xc, 0x37, 0xd7, 0x2e, 0xa0, 0xe0,
    0xd, 0x46, 0xbe, 0xe4, 0x80, 0x44, 0x69, 0x28,
    0x20, 0x60, 0x1c, 0xe0, 0x1a, 0x0, 0x22, 0x33,
    0x5b, 0xc7, 0x30, 0x88, 0x1, 0xac, 0xb0, 0xb3,
    0xa8, 0x42,

    /* U+04D4 "Ӕ" */
    0x0, 0xf2, 0xff, 0xff, 0xd4, 0x1, 0xe9, 0x3,
    0x20, 0x23, 0x3f, 0x68, 0x7, 0x19, 0xd9, 0x41,
    0x59, 0x9e, 0x70, 0xe, 0x80, 0x90, 0xf, 0xfe,
    0x19, 0x21, 0x28, 0x7, 0xff, 0xe, 0x2, 0xc0,
    0x3f, 0xf8, 0x62, 0xa2, 0xc0, 0x1a, 0xae, 0xfc,
    0x20, 0x14, 0x83, 0x0, 0x71, 0x22, 0x78, 0xc0,
    0x27, 0x9, 0x0, 0xe8, 0xff, 0xf1, 0x0, 0x1c,
    0x1, 0xdf, 0xf4, 0x0, 0x7f, 0xd2, 0x6, 0x7c,
    0x40, 0x1f, 0xe6, 0x15, 0xcc, 0xea, 0x0, 0xff,
    0x58, 0x48, 0x7, 0xff, 0xd, 0x48, 0xcc, 0x1,
    0xf5, 0x66, 0x7a, 0xa4, 0x20, 0x3, 0xf1, 0x19,
    0xf9, 0x0,

    /* U+04D5 "ӕ" */
    0x0, 0x15, 0x77, 0xf5, 0x98, 0xcf, 0x7e, 0xb8,
    0x4, 0x7a, 0x8e, 0xe4, 0x46, 0x61, 0x91, 0xda,
    0x2c, 0x1, 0x1, 0x93, 0x15, 0x0, 0x57, 0x51,
    0x6e, 0x8a, 0x1d, 0x44, 0x1, 0x18, 0x22, 0x0,
    0x28, 0xe, 0x5, 0x50, 0x1b, 0x4c, 0x81, 0xe2,
    0x38, 0x54, 0x6, 0xbf, 0x25, 0xd8, 0xd, 0xdf,
    0x84, 0x41, 0x8a, 0xf9, 0xfd, 0xe0, 0xff, 0xff,
    0x19, 0x2c, 0x18, 0x0, 0x80, 0x80, 0x3a, 0x5c,
    0x0, 0xc0, 0x10, 0xd8, 0x29, 0x80, 0x4e, 0xde,
    0x67, 0x64, 0x57, 0x5, 0x8e, 0x5c, 0x5c, 0x14,
    0x86, 0xa9, 0x3b, 0xa3, 0x53, 0xd9, 0x5d, 0x9f,
    0x4,

    /* U+04D6 "Ӗ" */
    0x0, 0x1b, 0x80, 0x43, 0x2, 0x1, 0x86, 0x20,
    0x25, 0x4c, 0x20, 0x18, 0xa5, 0xbb, 0x57, 0x40,
    0x3c, 0xdd, 0xba, 0xe3, 0x0, 0x9b, 0xff, 0x6e,
    0xbf, 0xf0, 0x4, 0x48, 0x9f, 0x80, 0x2a, 0xbb,
    0xfc, 0x1, 0xff, 0xdb, 0xac, 0xcf, 0x90, 0x2,
    0x23, 0x3f, 0x88, 0x2, 0x8f, 0xff, 0x98, 0x3,
    0xff, 0xcf, 0x59, 0x9f, 0x8c, 0x0, 0x46, 0x7f,
    0x9c,

    /* U+04D7 "ӗ" */
    0x0, 0x4f, 0x20, 0x9e, 0xd8, 0x6, 0x82, 0xbe,
    0xc0, 0x90, 0xc, 0x39, 0xd9, 0xda, 0x40, 0x1e,
    0x13, 0x10, 0xf, 0xa3, 0x7f, 0xa4, 0x40, 0x36,
    0xb8, 0xba, 0x37, 0x88, 0x2, 0x9, 0xf2, 0x2a,
    0xc6, 0x80, 0xc, 0x30, 0x1, 0x22, 0x42, 0x42,
    0x71, 0x1c, 0xe0, 0xa2, 0x4, 0xef, 0xc6, 0x2,
    0x20, 0x5f, 0xff, 0x94, 0x81, 0x0, 0x39, 0x9c,
    0x41, 0x86, 0x0, 0x23, 0x99, 0x8, 0x41, 0x3e,
    0x45, 0x60, 0x50, 0x0, 0x71, 0xc5, 0xd1, 0x71,
    0x0,

    /* U+04D8 "Ә" */
    0x0, 0x86, 0x37, 0xfd, 0x8e, 0x1, 0xe3, 0xf7,
    0x33, 0x21, 0xc7, 0x18, 0x4, 0x3a, 0x2f, 0xd9,
    0x7f, 0x3, 0xa2, 0x0, 0x81, 0x68, 0x0, 0xce,
    0xe1, 0x80, 0x3, 0x84, 0x0, 0x7a, 0x5, 0x80,
    0x1f, 0x62, 0x1, 0xf2, 0x2, 0x0, 0xa0, 0x7,
    0xed, 0x2, 0x1f, 0xff, 0xf4, 0x0, 0x88, 0x0,
    0x67, 0xf8, 0x80, 0x21, 0x16, 0x67, 0xe4, 0x2,
    0x5, 0x12, 0x0, 0xf9, 0x1, 0xc3, 0x82, 0xc0,
    0x3c, 0xa4, 0x84, 0xa, 0x6d, 0x0, 0x19, 0x68,
    0x24, 0x2, 0xe2, 0x7e, 0xbb, 0x75, 0x5, 0x90,
    0x4, 0x5b, 0x6, 0x88, 0x37, 0xe4, 0x0, 0x0,

    /* U+04D9 "ә" */
    0x0, 0x15, 0x6f, 0xf4, 0x88, 0x4, 0x58, 0xae,
    0xe5, 0x6f, 0x10, 0x7, 0xd, 0xd4, 0x5c, 0x8d,
    0x0, 0x2e, 0x10, 0x2, 0x62, 0x41, 0x7, 0x70,
    0x7, 0x20, 0x29, 0xff, 0xfc, 0xc0, 0x22, 0x2,
    0x77, 0xe2, 0x1, 0x20, 0x4, 0x47, 0x8, 0x28,
    0x31, 0x30, 0x4, 0xc6, 0xa2, 0x10, 0x53, 0x71,
    0x72, 0x56, 0x0, 0x1c, 0x65, 0x75, 0x6c, 0x10,

    /* U+04DA "Ӛ" */
    0x0, 0xe1, 0x0, 0x8, 0x7, 0xf6, 0x70, 0x17,
    0x50, 0x7, 0xff, 0x2b, 0x3c, 0xb, 0xe8, 0x3,
    0xe1, 0x8d, 0xff, 0x63, 0x80, 0x78, 0xfd, 0xcc,
    0xc8, 0x71, 0xc6, 0x1, 0xe, 0x8b, 0xf6, 0x5f,
    0xc0, 0xe8, 0x80, 0x20, 0x5a, 0x0, 0x33, 0xb8,
    0x60, 0x0, 0xe1, 0x0, 0x1e, 0x81, 0x60, 0x7,
    0xd8, 0x80, 0x7c, 0x80, 0x80, 0x28, 0x1, 0xfb,
    0x40, 0x87, 0xff, 0xfd, 0x0, 0x22, 0x0, 0x19,
    0xfe, 0x20, 0x8, 0x45, 0x99, 0xf9, 0x0, 0x81,
    0x44, 0x80, 0x3e, 0x40, 0x70, 0xe0, 0xb0, 0xf,
    0x29, 0x21, 0x2, 0x9b, 0x40, 0x6, 0x5a, 0x9,
    0x0, 0xb8, 0x9f, 0xae, 0xdd, 0x41, 0x64, 0x1,
    0x16, 0xc1, 0xa2, 0xd, 0xf9, 0x0, 0x0,

    /* U+04DB "ӛ" */
    0x0, 0x2f, 0xb8, 0x5f, 0x88, 0x7, 0xff, 0xd,
    0x79, 0xc2, 0xf8, 0x40, 0x38, 0x40, 0x21, 0x0,
    0xe2, 0xad, 0xfe, 0x91, 0x0, 0x8b, 0x15, 0xdc,
    0xad, 0xe2, 0x0, 0xe1, 0xba, 0x8b, 0x91, 0xa0,
    0x5, 0xc2, 0x0, 0x4c, 0x48, 0x20, 0xee, 0x0,
    0xe4, 0x5, 0x3f, 0xff, 0x98, 0x4, 0x40, 0x4e,
    0xfc, 0x40, 0x24, 0x0, 0x88, 0xe1, 0x5, 0x6,
    0x26, 0x0, 0x98, 0xd4, 0x42, 0xa, 0x6e, 0x2e,
    0x4a, 0xc0, 0x3, 0x8c, 0xae, 0xad, 0x82, 0x0,

    /* U+04DC "Ӝ" */
    0x0, 0xf4, 0x7a, 0x7, 0x70, 0x3, 0xff, 0xa9,
    0x1c, 0x81, 0xfe, 0x0, 0xfb, 0x3e, 0xc8, 0x2,
    0x1b, 0xf3, 0x10, 0x9, 0xf7, 0xd1, 0x49, 0x30,
    0x40, 0x3f, 0xa2, 0x6, 0x66, 0x9d, 0x71, 0x60,
    0xf, 0xc2, 0xe5, 0xf8, 0x40, 0x8, 0x9, 0x0,
    0xfc, 0xc1, 0x42, 0x1, 0xcc, 0x2a, 0x1, 0xf4,
    0x83, 0x0, 0x7a, 0xc2, 0x40, 0x3c, 0xa2, 0xa2,
    0x1, 0xe2, 0x53, 0x92, 0x70, 0x65, 0xb0, 0x80,
    0xf, 0xd4, 0x8d, 0xa6, 0x17, 0x43, 0x84, 0x1,
    0xfa, 0x50, 0xa4, 0xc2, 0x14, 0x34, 0x80, 0x3e,
    0x76, 0x2c, 0x67, 0x5, 0xa8, 0x1c, 0x0, 0xf1,
    0x40, 0x70, 0x80, 0x73, 0x98, 0xc8, 0x7, 0x70,
    0x39, 0x80, 0x7d, 0xc0, 0xc6, 0x1, 0x31, 0x8c,
    0x0, 0x7e, 0x27, 0xe, 0x0, 0xc, 0x5, 0x80,
    0x7f, 0xa0, 0x88, 0xe1, 0x62, 0x8a, 0x1, 0xff,
    0x48, 0x40, 0x80,

    /* U+04DD "ӝ" */
    0x0, 0xc3, 0xf6, 0xf, 0xea, 0x1, 0xff, 0xcb,
    0x1e, 0xb0, 0x7e, 0x50, 0xf, 0xe1, 0x0, 0x84,
    0x3, 0xd5, 0xee, 0x0, 0x3f, 0x90, 0x1, 0xef,
    0x80, 0x3d, 0x20, 0x80, 0x3d, 0xe0, 0xe0, 0x5,
    0xb1, 0xb0, 0xe, 0x33, 0x4c, 0x0, 0x66, 0x60,
    0x7, 0x50, 0xa0, 0x7, 0x48, 0x40, 0x4, 0x6d,
    0x20, 0x1e, 0x1b, 0x7c, 0x6, 0xc5, 0x70, 0xf,
    0x1d, 0xa5, 0x2, 0xc2, 0xc8, 0x7, 0xb4, 0xad,
    0x80, 0xdd, 0xcc, 0xa0, 0x1a, 0x46, 0x0, 0x3a,
    0x6, 0xc0, 0x22, 0x64, 0x50, 0xf, 0x58, 0xc0,
    0x3, 0x82, 0x40, 0x3e, 0x53, 0x72,

    /* U+04DE "Ӟ" */
    0x0, 0xc2, 0x0, 0x10, 0xf, 0xb3, 0x80, 0xba,
    0x80, 0x3f, 0xf8, 0xd9, 0xe0, 0x5f, 0x40, 0x1e,
    0x5c, 0xff, 0x63, 0x0, 0x75, 0x50, 0xc8, 0x87,
    0x34, 0x1, 0x2a, 0x8b, 0x77, 0x12, 0xa8, 0x1,
    0xc1, 0xc4, 0x0, 0x2b, 0xf, 0x0, 0x6b, 0x98,
    0x7, 0x8c, 0x0, 0xd0, 0x1, 0x8a, 0x2, 0x80,
    0x3d, 0x59, 0xa3, 0x26, 0x1, 0xe5, 0x30, 0x10,
    0xf, 0xdf, 0xd6, 0x53, 0x0, 0x1f, 0xa, 0x68,
    0x38, 0xc, 0xc8, 0x3, 0x84, 0xc0, 0xc5, 0xd8,
    0xc0, 0x38, 0x80, 0x82, 0x3, 0x4c, 0x2, 0x91,
    0x31, 0x6, 0x51, 0xcc, 0x5f, 0x30, 0xf0, 0x5,
    0x52, 0x66, 0x43, 0x7f, 0x20,

    /* U+04DF "ӟ" */
    0x4, 0xf9, 0xa, 0xf2, 0x0, 0xff, 0x93, 0xa4,
    0x2b, 0x88, 0x2, 0x10, 0x8, 0x40, 0x33, 0x6f,
    0xeb, 0x80, 0x4f, 0x22, 0xe3, 0x12, 0x0, 0x92,
    0xc8, 0xc1, 0x60, 0x6, 0xf0, 0x4, 0x40, 0x11,
    0x98, 0x9, 0xcd, 0x80, 0x33, 0x6c, 0x6, 0x0,
    0x67, 0xb9, 0x1a, 0x21, 0x41, 0x12, 0x34, 0x2,
    0x22, 0xec, 0x1, 0x70, 0x1a, 0x9a, 0xe4, 0x53,
    0x8a, 0x86, 0xb0, 0xba, 0x37, 0x80,

    /* U+04E0 "Ӡ" */
    0x7, 0xff, 0xfd, 0x40, 0x2, 0x44, 0xe2, 0x0,
    0x78, 0x1, 0x6e, 0xf7, 0x19, 0x62, 0x80, 0x7a,
    0x69, 0x34, 0xc0, 0x38, 0xb5, 0x9e, 0x80, 0x3e,
    0x62, 0x7, 0xe9, 0x0, 0xf2, 0xd4, 0xb0, 0x36,
    0x88, 0x6, 0x15, 0x69, 0xe4, 0x2b, 0x0, 0xfe,
    0xa0, 0x50, 0xf, 0xe1, 0x30, 0x31, 0xdc, 0x0,
    0xfe, 0x10, 0x34, 0x0, 0xc2, 0x60, 0x61, 0x1,
    0x46, 0x1, 0x58, 0x28, 0x1, 0x58, 0x73, 0x6f,
    0x94, 0xac, 0x2, 0x9a, 0x32, 0x43, 0x7c, 0x10,

    /* U+04E1 "ӡ" */
    0x1f, 0xff, 0x94, 0x5, 0xdf, 0x30, 0x1, 0xc0,
    0x11, 0x14, 0xa8, 0xe1, 0x0, 0x61, 0xd2, 0xd3,
    0x0, 0xc3, 0x85, 0x86, 0x1, 0xd8, 0x48, 0xc0,
    0x1f, 0xa, 0xdf, 0x20, 0x6, 0xde, 0xe4, 0xd,
    0x98, 0x7, 0xb, 0xd8, 0x78, 0x7, 0xc8, 0x66,
    0x0, 0xfc, 0xe0, 0x25, 0x4, 0x1, 0x98, 0x5,
    0x9e, 0x40, 0x24, 0x24, 0x4, 0x4b, 0x22, 0xac,
    0x64, 0x1, 0x6e, 0x2e, 0x8b, 0x84, 0x0,

    /* U+04E2 "Ӣ" */
    0x0, 0x9a, 0x23, 0x88, 0x3, 0xb5, 0xdf, 0xc0,
    0x1d, 0x7f, 0xfc, 0xa0, 0x6, 0xf5, 0x0, 0xf3,
    0x7e, 0x80, 0x7e, 0x18, 0x0, 0xff, 0x58, 0x80,
    0x7f, 0x22, 0xa0, 0x80, 0x7e, 0x90, 0x90, 0xf,
    0xd0, 0x50, 0x40, 0x1f, 0x13, 0x93, 0x80, 0x7e,
    0xe0, 0xe0, 0xf, 0xcc, 0x6c, 0x60, 0x1f, 0xc,
    0xc, 0x80, 0x7e, 0xb1, 0xb0, 0xf, 0xd8, 0xa8,
    0xa0, 0x1f, 0x98, 0x28, 0x3, 0xfd, 0x2, 0x1,
    0xfc, 0x6e, 0x1, 0xf8,

    /* U+04E3 "ӣ" */
    0x6, 0xff, 0xeb, 0x0, 0x2b, 0xbf, 0x70, 0x0,
    0xe2, 0x39, 0x40, 0x3f, 0xd7, 0xe2, 0x1, 0x2f,
    0xe8, 0x7, 0xac, 0x3, 0xe8, 0x10, 0xf, 0xb,
    0xb0, 0x80, 0x75, 0x8c, 0x0, 0x71, 0xac, 0x8,
    0x7, 0x71, 0x30, 0x7, 0x31, 0x48, 0x7, 0xa1,
    0x50, 0x3, 0xe8, 0x0, 0xf9, 0xc8, 0x3, 0x80,

    /* U+04E4 "Ӥ" */
    0x0, 0x9f, 0xd4, 0x37, 0xc0, 0x3f, 0xf8, 0xcf,
    0xca, 0x19, 0xc0, 0x13, 0x7a, 0x80, 0x80, 0x4,
    0x4d, 0xfa, 0x1, 0xf8, 0x60, 0x3, 0xfd, 0x62,
    0x1, 0xfc, 0x8a, 0x82, 0x1, 0xfa, 0x42, 0x40,
    0x3f, 0x41, 0x41, 0x0, 0x7c, 0x4e, 0x4e, 0x1,
    0xfb, 0x83, 0x80, 0x3f, 0x31, 0xb1, 0x80, 0x7c,
    0x30, 0x32, 0x1, 0xfa, 0xc6, 0xc0, 0x3f, 0x62,
    0xa2, 0x80, 0x7e, 0x60, 0xa0, 0xf, 0xf4, 0x8,
    0x7, 0xf1, 0xb8, 0x7, 0xe0,

    /* U+04E5 "ӥ" */
    0x3, 0xf9, 0x9, 0xf3, 0x0, 0xff, 0x8f, 0xa4,
    0x27, 0x8c, 0x2, 0x10, 0x8, 0x40, 0x17, 0xe2,
    0x1, 0x2f, 0xe8, 0x7, 0xac, 0x3, 0xe8, 0x10,
    0xf, 0xb, 0xb0, 0x80, 0x75, 0x8c, 0x0, 0x71,
    0xac, 0x8, 0x7, 0x71, 0x30, 0x7, 0x31, 0x48,
    0x7, 0xa1, 0x50, 0x3, 0xe8, 0x0, 0xf9, 0xc8,
    0x3, 0x80,

    /* U+04E6 "Ӧ" */
    0x0, 0xe1, 0x10, 0x0, 0x40, 0x3f, 0xdd, 0xe0,
    0xbc, 0xe0, 0x1f, 0xfc, 0xcf, 0xe0, 0x5f, 0x70,
    0xf, 0xc7, 0x3b, 0xfd, 0x8e, 0x1, 0xf4, 0x63,
    0x2, 0x11, 0xc7, 0x10, 0x6, 0x77, 0xd, 0xed,
    0xe7, 0xb8, 0xe0, 0x80, 0xa, 0x7, 0xd0, 0x3,
    0x43, 0x8d, 0x0, 0x2c, 0x24, 0x40, 0x3d, 0x2,
    0x84, 0x8, 0xa, 0x1, 0xf9, 0xc1, 0x0, 0x80,
    0x80, 0x3f, 0x78, 0x70, 0x0, 0x40, 0x3f, 0x8c,
    0x4, 0x0, 0x20, 0x1f, 0xc6, 0x1, 0x10, 0x8,
    0x7, 0xef, 0xf, 0x4, 0x6, 0x0, 0xfc, 0xe0,
    0x81, 0x61, 0x4, 0x1, 0xe7, 0x14, 0x20, 0x28,
    0xc, 0x40, 0xd, 0x10, 0x19, 0x0, 0x9e, 0x6,
    0xf6, 0xf3, 0xdc, 0x74, 0x80, 0x33, 0xe3, 0x2,
    0x19, 0xa3, 0x8c, 0x0,

    /* U+04E7 "ӧ" */
    0x0, 0x27, 0xc0, 0x57, 0x90, 0x7, 0xff, 0xd,
    0x3a, 0x2, 0xb8, 0x80, 0x38, 0x40, 0x21, 0x0,
    0xe1, 0x8e, 0xfe, 0x91, 0x0, 0x87, 0xdd, 0x5d,
    0x5b, 0xc8, 0x1, 0x63, 0x37, 0x17, 0x43, 0xc0,
    0x5, 0x26, 0x0, 0x95, 0xc, 0x8c, 0x10, 0x3,
    0xb0, 0x1d, 0xc0, 0x20, 0x1c, 0x20, 0x6e, 0x4,
    0x1, 0xdc, 0x6, 0x60, 0x70, 0xe, 0x40, 0x70,
    0x42, 0x70, 0x9, 0xc, 0xc4, 0x14, 0x31, 0x91,
    0x56, 0x3c, 0x0, 0x1f, 0x71, 0x74, 0x6f, 0x20,

    /* U+04E8 "Ө" */
    0x0, 0xc7, 0x3b, 0xfd, 0x8e, 0x1, 0xf4, 0x63,
    0x2, 0x11, 0xc7, 0x10, 0x6, 0x77, 0x1e, 0x6d,
    0xe7, 0xc0, 0xe0, 0x80, 0xa, 0xb, 0x4c, 0x3,
    0x3c, 0x8d, 0x0, 0x2c, 0x2c, 0x40, 0x3c, 0xc4,
    0x84, 0x8, 0xe, 0x1, 0xf9, 0x41, 0x0, 0x83,
    0x73, 0x3f, 0x28, 0x70, 0x4, 0x67, 0xfc, 0x40,
    0x20, 0x17, 0xff, 0xf4, 0x0, 0x44, 0x6, 0x1,
    0xfb, 0x43, 0xc1, 0x42, 0xc0, 0x3f, 0x28, 0x20,
    0x50, 0x39, 0x0, 0x7a, 0x41, 0x8, 0xa, 0x3,
    0x10, 0x3, 0x4b, 0xd, 0x0, 0x4f, 0x3, 0x7b,
    0x79, 0xec, 0x58, 0x20, 0x19, 0xf5, 0x81, 0x8,
    0xe3, 0x48, 0x0,

    /* U+04E9 "ө" */
    0x0, 0xc, 0xf7, 0xf4, 0x88, 0x4, 0x38, 0xca,
    0xe8, 0xde, 0x40, 0xb, 0x2a, 0xb8, 0xab, 0x1e,
    0x0, 0x29, 0xa8, 0x4, 0x8a, 0x64, 0x60, 0x8,
    0x8e, 0x10, 0x77, 0x1, 0xbb, 0xf2, 0x1, 0xb8,
    0x2f, 0xff, 0x38, 0x19, 0x81, 0x0, 0x39, 0x41,
    0xc1, 0x46, 0x0, 0x26, 0x23, 0x20, 0xb1, 0x7c,
    0x8b, 0x91, 0xe0, 0x0, 0xfb, 0x13, 0xab, 0x79,
    0x0,

    /* U+04EA "Ӫ" */
    0x0, 0xe1, 0x0, 0x84, 0x3, 0xfd, 0xd8, 0xd,
    0xcc, 0x1, 0xff, 0xcc, 0xfc, 0x6, 0xf6, 0x0,
    0xfc, 0x73, 0xbf, 0xd8, 0xe0, 0x1f, 0x46, 0x30,
    0x21, 0x1c, 0x71, 0x0, 0x67, 0x71, 0xe6, 0xde,
    0x7c, 0xe, 0x8, 0x0, 0xa0, 0xb4, 0xc0, 0x33,
    0xc8, 0xd0, 0x2, 0xc2, 0xc4, 0x3, 0xcc, 0x48,
    0x40, 0x80, 0xe0, 0x1f, 0x94, 0x10, 0x8, 0x37,
    0x33, 0xf2, 0x87, 0x0, 0x46, 0x7f, 0xc4, 0x2,
    0x1, 0x7f, 0xff, 0x40, 0x4, 0x40, 0x60, 0x1f,
    0xb4, 0x3c, 0x14, 0x2c, 0x3, 0xf2, 0x82, 0x5,
    0x3, 0x90, 0x7, 0xa4, 0x10, 0x80, 0xa0, 0x31,
    0x0, 0x34, 0xb0, 0xd0, 0x4, 0xf0, 0x37, 0xb7,
    0x9e, 0xc5, 0x82, 0x1, 0x9f, 0x58, 0x10, 0x8e,
    0x34, 0x80, 0x0,

    /* U+04EB "ӫ" */
    0x0, 0x27, 0xc0, 0x57, 0x90, 0x7, 0xff, 0xd,
    0x3a, 0x2, 0xb8, 0x80, 0x38, 0x40, 0x21, 0x0,
    0xe1, 0x9e, 0xfe, 0x91, 0x0, 0x87, 0x19, 0x5d,
    0x1b, 0xc8, 0x1, 0x65, 0x57, 0x15, 0x63, 0xc0,
    0x5, 0x35, 0x0, 0x91, 0x4c, 0x8c, 0x1, 0x11,
    0xc2, 0xe, 0xe0, 0x37, 0x7e, 0x40, 0x37, 0x5,
    0xff, 0xe7, 0x3, 0x30, 0x20, 0x7, 0x28, 0x38,
    0x28, 0xc0, 0x4, 0xc4, 0x64, 0x16, 0x2f, 0x91,
    0x72, 0x3c, 0x0, 0x1f, 0x62, 0x75, 0x6f, 0x20,

    /* U+04EE "Ӯ" */
    0x0, 0x92, 0x23, 0x90, 0x3, 0xd8, 0xef, 0xda,
    0x1, 0xe8, 0xff, 0xe9, 0x0, 0xab, 0xe0, 0x3,
    0xe9, 0xf6, 0x80, 0x71, 0x0, 0xf3, 0xb, 0x13,
    0x4, 0x80, 0x73, 0x84, 0x80, 0x20, 0x1c, 0x40,
    0x35, 0x3, 0x0, 0x5, 0xc2, 0x0, 0x25, 0x27,
    0x10, 0xa, 0x5, 0x84, 0x1, 0x21, 0x20, 0x1d,
    0x21, 0x0, 0x66, 0x61, 0x0, 0xe7, 0x16, 0x29,
    0xb, 0x0, 0xfa, 0xc2, 0x55, 0x8, 0x3, 0xe5,
    0x24, 0x8, 0x0, 0xfe, 0x80, 0x33, 0x0, 0x7f,
    0x18, 0x40, 0x7, 0xf0, 0xc1, 0xa0, 0x7, 0xdd,
    0x7e, 0x30, 0x1, 0xf8, 0x90, 0x25, 0x0, 0x3c,

    /* U+04EF "ӯ" */
    0x0, 0x77, 0xff, 0x18, 0x5, 0x2e, 0xfc, 0x40,
    0x13, 0xc4, 0x70, 0x80, 0x7f, 0xcf, 0xec, 0x1,
    0x87, 0xe9, 0x43, 0x40, 0x33, 0x7, 0x11, 0xa0,
    0x80, 0x54, 0x28, 0x14, 0xc, 0x0, 0x22, 0x38,
    0x1, 0x82, 0xc0, 0x14, 0x14, 0x1, 0x29, 0x90,
    0x31, 0x18, 0x5, 0xc0, 0xa6, 0x34, 0x1, 0x90,
    0x6a, 0xc1, 0x80, 0x39, 0x89, 0x50, 0x40, 0x3a,
    0x80, 0xb8, 0x3, 0xc4, 0x40, 0x50, 0xf, 0x9,
    0x28, 0x7, 0xd2, 0x1c, 0x1, 0xd9, 0xae, 0x88,
    0x0, 0xe7, 0x24, 0xa0, 0xe,

    /* U+04F0 "Ӱ" */
    0x0, 0xc2, 0x1, 0x8, 0x7, 0xc3, 0xd6, 0xf,
    0xca, 0x1, 0xff, 0xc7, 0x1f, 0xb0, 0x7f, 0x50,
    0xa, 0xbe, 0x0, 0x3e, 0x9f, 0x68, 0x7, 0x10,
    0xf, 0x30, 0xb1, 0x30, 0x48, 0x7, 0x38, 0x48,
    0x2, 0x1, 0xc4, 0x3, 0x50, 0x30, 0x0, 0x5c,
    0x20, 0x2, 0x52, 0x71, 0x0, 0xa0, 0x58, 0x40,
    0x12, 0x12, 0x1, 0xd2, 0x10, 0x6, 0x66, 0x10,
    0xe, 0x71, 0x62, 0x90, 0xb0, 0xf, 0xac, 0x25,
    0x50, 0x80, 0x3e, 0x52, 0x40, 0x80, 0xf, 0xe8,
    0x3, 0x30, 0x7, 0xf1, 0x84, 0x0, 0x7f, 0xc,
    0x1a, 0x0, 0x7d, 0xd7, 0xe3, 0x0, 0x1f, 0x89,
    0x2, 0x50, 0x3, 0xc0,

    /* U+04F1 "ӱ" */
    0x0, 0x4f, 0x98, 0x7e, 0x80, 0x7f, 0xf0, 0xa7,
    0x8c, 0x3b, 0x0, 0x38, 0x40, 0x2, 0x20, 0x3,
    0xfb, 0x0, 0x61, 0xfa, 0x50, 0xd0, 0xc, 0xc1,
    0xc4, 0x68, 0x20, 0x15, 0xa, 0x5, 0x3, 0x0,
    0x8, 0x8e, 0x0, 0x60, 0xb0, 0x5, 0x5, 0x0,
    0x4a, 0x64, 0xc, 0x46, 0x1, 0x70, 0x29, 0x8d,
    0x0, 0x64, 0x1a, 0xb0, 0x60, 0xe, 0x62, 0x54,
    0x10, 0xe, 0xa0, 0x2e, 0x0, 0xf1, 0x10, 0x14,
    0x3, 0xc2, 0x4a, 0x1, 0xf4, 0x87, 0x0, 0x76,
    0x6b, 0xa2, 0x0, 0x39, 0xc9, 0x28, 0x3, 0x80,

    /* U+04F2 "Ӳ" */
    0x0, 0xcb, 0xb4, 0x3b, 0x82, 0x1, 0xe8, 0x28,
    0x92, 0x91, 0x0, 0xe4, 0x2a, 0x26, 0x62, 0x80,
    0x79, 0x3d, 0x43, 0xa4, 0x3, 0x57, 0xc0, 0x7,
    0xd3, 0xed, 0x0, 0xe2, 0x1, 0xe6, 0x16, 0x26,
    0x9, 0x0, 0xe7, 0x9, 0x0, 0x40, 0x38, 0x80,
    0x6a, 0x6, 0x0, 0xb, 0x84, 0x0, 0x4a, 0x4e,
    0x20, 0x14, 0xb, 0x8, 0x2, 0x42, 0x40, 0x3a,
    0x42, 0x0, 0xcc, 0xc2, 0x1, 0xce, 0x2c, 0x52,
    0x16, 0x1, 0xf5, 0x84, 0xaa, 0x10, 0x7, 0xca,
    0x48, 0x10, 0x1, 0xfd, 0x0, 0x66, 0x0, 0xfe,
    0x30, 0x80, 0xf, 0xe1, 0x83, 0x40, 0xf, 0xba,
    0xfc, 0x60, 0x3, 0xf1, 0x20, 0x4a, 0x0, 0x78,

    /* U+04F3 "ӳ" */
    0x0, 0xb3, 0xd9, 0xfe, 0x80, 0x23, 0x32, 0xb4,
    0x95, 0x0, 0x56, 0x74, 0x87, 0xc0, 0x1a, 0x30,
    0x13, 0x4c, 0x0, 0xfe, 0xc0, 0x18, 0x7e, 0x94,
    0x34, 0x3, 0x30, 0x71, 0x1a, 0x8, 0x5, 0x42,
    0x81, 0x40, 0xc0, 0x2, 0x23, 0x80, 0x18, 0x2c,
    0x1, 0x41, 0x40, 0x12, 0x99, 0x3, 0x11, 0x80,
    0x5c, 0xa, 0x63, 0x40, 0x19, 0x6, 0xac, 0x18,
    0x3, 0x98, 0x95, 0x4, 0x3, 0xa8, 0xb, 0x80,
    0x3c, 0x44, 0x5, 0x0, 0xf0, 0x92, 0x80, 0x7d,
    0x21, 0xc0, 0x1d, 0x9a, 0xe8, 0x80, 0xe, 0x72,
    0x4a, 0x0, 0xe0,

    /* U+04F4 "Ӵ" */
    0x0, 0x1f, 0xd0, 0x4f, 0x98, 0x7, 0xff, 0x14,
    0xfa, 0x82, 0x78, 0xc0, 0x2d, 0xf1, 0x10, 0x4,
    0x21, 0xbe, 0x20, 0x1f, 0xfe, 0x41, 0x3, 0x0,
    0xfe, 0x60, 0x40, 0xf, 0xec, 0xb, 0x20, 0x8,
    0x58, 0xc0, 0xc, 0x65, 0xb9, 0x8d, 0xe9, 0x10,
    0xb, 0x20, 0x8c, 0x85, 0xf0, 0x80, 0x33, 0xef,
    0xf6, 0x41, 0x80, 0x7f, 0xf9, 0xc0,

    /* U+04F5 "ӵ" */
    0x0, 0x47, 0xa0, 0x77, 0x0, 0x3f, 0xf8, 0x51,
    0xc8, 0x1f, 0xe0, 0xe, 0x10, 0x0, 0x88, 0x0,
    0x3f, 0x40, 0x19, 0xbd, 0x40, 0x3f, 0xf9, 0x2,
    0x2, 0x1, 0xf8, 0x54, 0x3, 0xf4, 0x8d, 0x99,
    0x9a, 0xc0, 0x27, 0x54, 0xcc, 0x49, 0x80, 0x6a,
    0xdb, 0xce, 0x80, 0xe, 0x24, 0x31, 0x0, 0xff,
    0xe5, 0x80,

    /* U+04F8 "Ӹ" */
    0x0, 0xee, 0xf0, 0x4f, 0x80, 0xf, 0xfe, 0x77,
    0xf0, 0x27, 0x40, 0x7, 0x37, 0xc0, 0x0, 0x44,
    0x0, 0x10, 0xb, 0xbc, 0x3, 0xff, 0xfe, 0x1,
    0xf9, 0x6e, 0xea, 0x96, 0x10, 0xf, 0xc4, 0x89,
    0x2b, 0x4f, 0x98, 0x7, 0xcf, 0xff, 0xb1, 0x47,
    0x80, 0x3f, 0xf8, 0x7, 0x44, 0x44, 0x0, 0xff,
    0xe0, 0xb8, 0x10, 0x7, 0xff, 0x5, 0x80, 0x80,
    0x3f, 0xf8, 0xc, 0x62, 0x80, 0x1e, 0x5b, 0xbd,
    0xb2, 0x16, 0x1, 0xf1, 0x22, 0x63, 0x5c, 0x50,
    0xe,

    /* U+04F9 "ӹ" */
    0x0, 0xa3, 0xd0, 0x3b, 0x80, 0x1f, 0xfc, 0x68,
    0xe4, 0xf, 0xf0, 0x7, 0xc2, 0x0, 0x11, 0x0,
    0x57, 0xe2, 0x1, 0xf6, 0xf0, 0x7, 0xff, 0x6a,
    0x62, 0xc, 0x40, 0x1f, 0x3b, 0xd3, 0xb4, 0x1,
    0xee, 0xff, 0x6b, 0x2c, 0x0, 0x7e, 0x29, 0x4,
    0x0, 0xfe, 0x30, 0x70, 0xe, 0x98, 0x85, 0x60,
    0x78, 0x7, 0x3b, 0xc8, 0x8b, 0x40, 0x8,

    /* U+060C "،" */
    0x3, 0x80, 0xdc, 0x20, 0x41, 0x16, 0x0, 0x40,

    /* U+061B "؛" */
    0x3, 0x80, 0xdc, 0x20, 0x41, 0x16, 0x0, 0x47,
    0xf8, 0x1, 0xe3, 0xfc, 0x0, 0x80,

    /* U+061F "؟" */
    0x0, 0x15, 0x77, 0xf5, 0x10, 0x4, 0x7a, 0xa9,
    0x8, 0xba, 0x40, 0xe, 0xa, 0xa3, 0xd5, 0x3,
    0x80, 0x4, 0x45, 0x0, 0x94, 0x8c, 0x40, 0x3f,
    0x67, 0x8, 0x39, 0x40, 0x6, 0x11, 0x0, 0x21,
    0x5e, 0x80, 0x3f, 0x53, 0x2c, 0x80, 0x7e, 0x94,
    0x62, 0x0, 0xfd, 0xc0, 0x80, 0x1f, 0x9d, 0x94,
    0x3, 0xf1, 0x49, 0x80, 0x7e, 0x7f, 0x90, 0xf,
    0xfe, 0x18,

    /* U+0621 "ء" */
    0x1, 0x9c, 0xda, 0x30, 0x1, 0x7b, 0x19, 0x2e,
    0x18, 0x58, 0xbf, 0x7c, 0x84, 0x1, 0x4, 0x8,
    0x36, 0x50, 0x10, 0x10, 0x4, 0x62, 0x10, 0x3e,
    0x60, 0x6d, 0x6c, 0xc7, 0x2c, 0xfc, 0x94, 0x39,
    0x60, 0x0, 0xac, 0x6a, 0xdd, 0xb3, 0xfa, 0x9c,
    0x80,

    /* U+0622 "آ" */
    0x0, 0xf8, 0x6e, 0xca, 0xa, 0x47, 0xf6, 0x79,
    0xe4, 0x44, 0x6, 0xca, 0x0, 0x9b, 0xd0, 0x3,
    0xff, 0xfe, 0x1, 0xff, 0xc8, 0x4a, 0x50, 0x0,

    /* U+0623 "أ" */
    0xa, 0xc4, 0x1, 0xd6, 0x1, 0xa4, 0xa, 0xb6,
    0x6, 0xf4, 0x0, 0xff, 0xf4, 0xa5, 0x28,

    /* U+0624 "ؤ" */
    0x0, 0xf5, 0x61, 0x0, 0x7e, 0x23, 0xd3, 0x0,
    0xfc, 0x49, 0x8c, 0x1, 0xfd, 0x38, 0xe0, 0x1f,
    0xc8, 0x20, 0x1f, 0xfc, 0x91, 0xad, 0xa1, 0x0,
    0xfb, 0x14, 0x97, 0x40, 0x3c, 0xc4, 0xdc, 0xa6,
    0xc0, 0x1d, 0x81, 0x3, 0x61, 0x40, 0x1f, 0xc2,
    0x66, 0x0, 0xed, 0xa, 0x20, 0x60, 0x20, 0xc,
    0xe6, 0x9b, 0xea, 0x1, 0xf6, 0x39, 0x10, 0x0,
    0x40, 0x1e, 0x8d, 0xc0, 0x40, 0xf, 0xeb, 0x8,
    0x0, 0xfd, 0x2a, 0xe6, 0x1, 0xc2, 0xda, 0xc9,
    0x0, 0x17, 0x73, 0xfa, 0x4a, 0x2c, 0x2, 0x10,
    0x10, 0x37, 0xe7, 0x0, 0xc0,

    /* U+0625 "إ" */
    0x6, 0xf4, 0x0, 0xff, 0xf4, 0xd8, 0x10, 0x37,
    0xb8, 0x3, 0x64, 0x23, 0x20,

    /* U+0626 "ئ" */
    0x3, 0xda, 0x0, 0x86, 0x77, 0x52, 0x20, 0x4,
    0x98, 0x0, 0xb1, 0x88, 0x8d, 0xe2, 0x9, 0x7c,
    0x60, 0xc4, 0xff, 0xce, 0x28, 0x5, 0xb8, 0x61,
    0xc1, 0x60, 0x31, 0xea, 0x2, 0x40, 0x15, 0x86,
    0xb0, 0x7, 0x31, 0x0, 0x47, 0x87, 0x3a, 0x80,
    0x2, 0x9a, 0x0, 0xc7, 0xb2, 0x76, 0xe0, 0xe1,
    0xc0, 0x1e, 0x6f, 0x38, 0x21, 0x1, 0x0, 0xf8,
    0x68, 0x1d, 0x6, 0x18, 0x40, 0x31, 0x34, 0x2,
    0x5, 0xc, 0xf7, 0xf7, 0x3f, 0x64, 0x68, 0x41,
    0x3e, 0xc, 0x47, 0x1b, 0xf2, 0x80,

    /* U+0627 "ا" */
    0x6f, 0x40, 0xf, 0xfe, 0xda, 0x52, 0x80,

    /* U+0628 "ب" */
    0x7a, 0x10, 0xf, 0xc9, 0x3, 0x8a, 0x20, 0x1f,
    0xb5, 0xcc, 0x0, 0x20, 0x1f, 0x13, 0x81, 0x60,
    0x6a, 0x0, 0x63, 0x8d, 0x17, 0x7, 0x43, 0xbf,
    0xee, 0x7e, 0x38, 0x3c, 0x0, 0x2e, 0x94, 0x47,
    0x1b, 0xec, 0x0, 0x65, 0xae, 0xff, 0x76, 0x41,
    0x0, 0x7e, 0x4b, 0x40, 0xf, 0xf8, 0x50, 0x80,
    0x3c,

    /* U+0629 "ة" */
    0x0, 0x8, 0x80, 0x80, 0x3a, 0xa8, 0x3a, 0xa0,
    0x1a, 0x20, 0x34, 0x80, 0x18, 0xcc, 0xa, 0x20,
    0x1f, 0xfc, 0x25, 0x80, 0xf, 0x5d, 0x36, 0x90,
    0x5, 0x89, 0x7e, 0x18, 0x20, 0xa7, 0x28, 0x3e,
    0x36, 0x1e, 0xc, 0x0, 0x23, 0x40, 0x10, 0xe,
    0x71, 0x2, 0x8, 0x0, 0x22, 0x8, 0x2c, 0x1f,
    0xfd, 0x61, 0x60, 0x5a, 0x80, 0x3, 0xa6, 0x0,

    /* U+062A "ت" */
    0x0, 0xe1, 0x0, 0x8, 0x7, 0xf1, 0x72, 0xc7,
    0x80, 0x7f, 0x15, 0xa5, 0x50, 0x3, 0xfc, 0x82,
    0x48, 0x1, 0xc6, 0xa0, 0x1f, 0xc2, 0x41, 0x34,
    0x20, 0x1f, 0xa7, 0x48, 0x40, 0x40, 0x3f, 0x18,
    0x0, 0x40, 0x80, 0x3e, 0x54, 0x12, 0xf0, 0xf5,
    0x0, 0xc7, 0x54, 0xb, 0x5, 0x62, 0xaf, 0xef,
    0xf6, 0x28, 0x4a, 0x80, 0x26, 0xd4, 0x84, 0x4,
    0xe3, 0x98, 0x0,

    /* U+062B "ث" */
    0x0, 0xf0, 0x88, 0x3, 0xff, 0x81, 0x90, 0x1,
    0xff, 0xc, 0xd0, 0x80, 0x7f, 0x17, 0xd, 0xf8,
    0x7, 0xf1, 0x5a, 0x55, 0x0, 0x3f, 0xc8, 0x24,
    0x80, 0x1c, 0x6a, 0x1, 0xfc, 0x24, 0x13, 0x42,
    0x1, 0xfa, 0x74, 0x84, 0x4, 0x3, 0xf1, 0x80,
    0x4, 0x8, 0x3, 0xe5, 0x41, 0x2f, 0xf, 0x50,
    0xc, 0x75, 0x40, 0xb0, 0x56, 0x2a, 0xfe, 0xff,
    0x62, 0x84, 0xa8, 0x2, 0x6d, 0x48, 0x40, 0x4e,
    0x39, 0x80, 0x0,

    /* U+062C "ج" */
    0x9d, 0xd5, 0x28, 0x7, 0x8c, 0x88, 0xb5, 0xaa,
    0x1, 0xaf, 0xbf, 0xad, 0x6f, 0x8, 0x0, 0x22,
    0x1, 0x5f, 0x53, 0x50, 0xe, 0x9e, 0x87, 0x85,
    0x0, 0x87, 0x59, 0x9d, 0x8e, 0x40, 0x16, 0x16,
    0x48, 0x80, 0x73, 0x94, 0x98, 0x7, 0xd6, 0x2c,
    0xd, 0x84, 0x1, 0x88, 0x80, 0xf, 0x30, 0xf,
    0x8, 0x2, 0x7c, 0x80, 0x32, 0x12, 0x0, 0x7e,
    0x90, 0xb8, 0x10, 0x8, 0xdc, 0xe, 0x81, 0xfb,
    0xfe, 0xc8, 0x20, 0x5d, 0x62, 0x0, 0xa, 0x41,
    0x80,

    /* U+062D "ح" */
    0x9d, 0xd5, 0x28, 0x7, 0x8c, 0x88, 0xb5, 0xaa,
    0x1, 0xaf, 0xbf, 0xad, 0x6e, 0xc4, 0x0, 0x11,
    0x0, 0xaf, 0x2a, 0x28, 0x7, 0x47, 0x4b, 0xb9,
    0x40, 0x21, 0xd7, 0x6d, 0xc8, 0x20, 0xb, 0xa,
    0xe4, 0x80, 0x39, 0xca, 0x50, 0x3, 0xeb, 0x6,
    0x0, 0xfc, 0x46, 0x1, 0xfe, 0x10, 0xf, 0xe4,
    0x24, 0x0, 0xfd, 0x21, 0x70, 0x20, 0x11, 0xb0,
    0x1d, 0x3, 0xf7, 0xfd, 0x92, 0x40, 0xba, 0xc4,
    0x0, 0x14, 0x83,

    /* U+062E "خ" */
    0x0, 0x92, 0xcc, 0x3, 0xf1, 0x23, 0x0, 0x7e,
    0x6f, 0x50, 0xe, 0x9d, 0xd5, 0x28, 0x7, 0x8c,
    0x88, 0xb5, 0xaa, 0x1, 0xaf, 0xbf, 0xad, 0x6e,
    0xc4, 0x0, 0x11, 0x0, 0xaf, 0x2a, 0x28, 0x7,
    0x47, 0x4b, 0xb9, 0x40, 0x21, 0xd7, 0x6d, 0xc8,
    0x20, 0xb, 0xa, 0xe4, 0x80, 0x39, 0xca, 0x50,
    0x3, 0xeb, 0x6, 0x0, 0xfc, 0x46, 0x1, 0xfe,
    0x10, 0xf, 0xe4, 0x24, 0x0, 0xfd, 0x21, 0x70,
    0x20, 0x11, 0xb0, 0x1d, 0x3, 0xf7, 0xfd, 0x92,
    0x40, 0xba, 0xc4, 0x0, 0x14, 0x83,

    /* U+062F "د" */
    0x0, 0x14, 0x28, 0x7, 0x11, 0x29, 0x0, 0x3a,
    0x8a, 0x84, 0x3, 0xbc, 0x6c, 0x3, 0x89, 0xd4,
    0x80, 0x3b, 0x81, 0xc0, 0x21, 0x58, 0x4, 0x3e,
    0xfe, 0xa1, 0x91, 0x1, 0x2, 0x6d, 0x60,

    /* U+0630 "ذ" */
    0x0, 0x3d, 0x80, 0x7b, 0x50, 0x40, 0x3a, 0xbc,
    0x40, 0x3f, 0xf8, 0x27, 0xb6, 0x1, 0xc7, 0x69,
    0x0, 0x1c, 0xca, 0xe6, 0x1, 0xd6, 0x3e, 0x1,
    0xc2, 0xc6, 0x60, 0xe, 0xe0, 0x70, 0x8, 0x5a,
    0x1, 0x4f, 0xbf, 0xa4, 0x68, 0x40, 0x40, 0xdb,
    0x54, 0x0,

    /* U+0631 "ر" */
    0x0, 0xf2, 0xfd, 0x0, 0x7c, 0xa0, 0x80, 0x1f,
    0x90, 0x40, 0x3f, 0x10, 0x8, 0x7, 0xc6, 0x1,
    0xfc, 0xe2, 0x20, 0xf, 0x29, 0x38, 0x7, 0x9a,
    0x86, 0x0, 0xb2, 0xf3, 0xe4, 0x74, 0x41, 0xcd,
    0x8, 0xe3, 0x8c, 0x0,

    /* U+0632 "ز" */
    0x0, 0xf4, 0x58, 0x7, 0xe3, 0x41, 0x0, 0xfa,
    0xfc, 0x40, 0x3f, 0x8, 0x7, 0xe5, 0xea, 0x0,
    0xf9, 0x45, 0x0, 0x3f, 0x28, 0x80, 0x7e, 0x20,
    0x10, 0xf, 0x8c, 0x3, 0xf9, 0xc4, 0x40, 0x1e,
    0x52, 0x70, 0xf, 0x35, 0xc, 0x1, 0x65, 0xe7,
    0xc8, 0xe8, 0x83, 0x9a, 0x11, 0xc7, 0x18, 0x0,

    /* U+0633 "س" */
    0x0, 0xff, 0xe4, 0x37, 0xa8, 0x7, 0xfc, 0xae,
    0x0, 0x38, 0x20, 0xf, 0xfe, 0x27, 0x40, 0x1,
    0x5d, 0x80, 0x30, 0x80, 0x7f, 0xf0, 0xc4, 0x4,
    0x0, 0x20, 0xe1, 0x6e, 0x1, 0xfe, 0x40, 0xc0,
    0xe0, 0x5, 0x1, 0x2, 0x68, 0x7, 0xfa, 0xfd,
    0x1, 0x3f, 0xc4, 0xa2, 0x40, 0x40, 0x1f, 0x9c,
    0xc, 0x12, 0xd0, 0x0, 0xb6, 0x2, 0x1, 0xfe,
    0x32, 0xcf, 0xb4, 0xbf, 0xf5, 0x8, 0x10, 0x20,
    0x7, 0xd0, 0x8, 0x1, 0xfe, 0x15, 0x3b, 0x41,
    0x0, 0x1c, 0xb8, 0x40, 0x7, 0xfd, 0x66, 0x97,
    0xdf, 0xec, 0x61, 0xb1, 0x0, 0xff, 0x87, 0x29,
    0x48, 0x49, 0x23, 0xd0, 0x3, 0xfe,

    /* U+0634 "ش" */
    0x0, 0xff, 0xe1, 0x88, 0x80, 0x3f, 0xf9, 0x3b,
    0x60, 0x1f, 0xfc, 0x82, 0x8e, 0x10, 0xf, 0xfe,
    0x30, 0xe8, 0x9f, 0x0, 0x7f, 0xf1, 0x86, 0x91,
    0x6c, 0x3, 0xff, 0x8e, 0xa2, 0x48, 0x1, 0xff,
    0xcd, 0x6f, 0x40, 0xf, 0xfa, 0x2c, 0x0, 0x96,
    0x60, 0x18, 0x40, 0x3f, 0xe3, 0x40, 0x1, 0x23,
    0x80, 0x61, 0x0, 0xff, 0xe1, 0x88, 0x8, 0x0,
    0x41, 0xc3, 0x1c, 0x3, 0xfc, 0x81, 0x81, 0xc0,
    0xa, 0x2, 0x3, 0xd0, 0xf, 0xf5, 0xfa, 0x2,
    0x7f, 0x89, 0x44, 0x80, 0x80, 0x3f, 0x38, 0x18,
    0x25, 0xa0, 0x1, 0x6c, 0x4, 0x3, 0xfc, 0x65,
    0x9f, 0x69, 0x7f, 0xea, 0x10, 0x20, 0x40, 0xf,
    0xa0, 0x10, 0x3, 0xfc, 0x2a, 0x76, 0x82, 0x0,
    0x3a, 0x70, 0x80, 0xf, 0xfa, 0xcd, 0x2f, 0xbf,
    0xd8, 0xa3, 0x62, 0x1, 0xff, 0xe, 0x52, 0x90,
    0x92, 0x47, 0xa0, 0x7, 0xfc,

    /* U+0635 "ص" */
    0x0, 0xff, 0xe3, 0xc, 0x6e, 0x30, 0x7, 0xff,
    0x1c, 0xbd, 0xc8, 0xe6, 0x40, 0x1f, 0xfc, 0x52,
    0xc1, 0x8f, 0xc2, 0x63, 0x0, 0xff, 0xe1, 0x8f,
    0x8e, 0x38, 0x1c, 0x85, 0x80, 0x7f, 0xf0, 0xe8,
    0xac, 0xc0, 0x26, 0x0, 0xff, 0xe0, 0xac, 0x83,
    0x24, 0x20, 0x6, 0xa0, 0xe0, 0xc8, 0x0, 0xfd,
    0x2d, 0x12, 0x8e, 0x0, 0x15, 0xb7, 0x26, 0x13,
    0x20, 0xf, 0xce, 0xe, 0xb, 0xdc, 0xfe, 0xa4,
    0x3f, 0x3, 0x2, 0x0, 0xfc, 0xe0, 0x60, 0x23,
    0x1, 0x2d, 0x61, 0x0, 0x80, 0x7f, 0x8c, 0xb3,
    0xff, 0xb6, 0x94, 0x2, 0x20, 0x40, 0xf, 0xa0,
    0x10, 0x3, 0xff, 0x80, 0x2a, 0x76, 0x82, 0x0,
    0x3a, 0x70, 0x80, 0xf, 0xfe, 0xd, 0x9a, 0x5f,
    0x7f, 0xb1, 0x46, 0xc4, 0x3, 0xff, 0x82, 0x39,
    0x4a, 0x42, 0x49, 0x1e, 0x80, 0x1f, 0xfc, 0x10,

    /* U+0636 "ض" */
    0x0, 0xff, 0xe0, 0xbe, 0x8, 0x7, 0xff, 0x2b,
    0x4c, 0x3, 0xff, 0x97, 0x5e, 0x20, 0x1, 0x8d,
    0xc6, 0x0, 0xff, 0xe3, 0x97, 0xb9, 0x1c, 0xc8,
    0x3, 0xff, 0x8a, 0x58, 0x31, 0xf8, 0x4c, 0x60,
    0x1f, 0xfc, 0x31, 0xf1, 0xc7, 0x3, 0x90, 0xb0,
    0xf, 0xfe, 0x1d, 0x15, 0x98, 0x4, 0xc0, 0x1f,
    0xfc, 0x15, 0x90, 0x64, 0x84, 0x0, 0xd4, 0x1c,
    0x19, 0x0, 0x1f, 0xa5, 0xa2, 0x51, 0xc0, 0x2,
    0xb6, 0xe4, 0xc2, 0x64, 0x1, 0xf9, 0xc1, 0xc1,
    0x7b, 0x9f, 0xd4, 0x87, 0xe0, 0x60, 0x40, 0x1f,
    0x9c, 0xc, 0x4, 0x60, 0x25, 0xac, 0x20, 0x10,
    0xf, 0xf1, 0x96, 0x7f, 0xf6, 0xd2, 0x80, 0x44,
    0x8, 0x1, 0xf4, 0x2, 0x0, 0x7f, 0xf0, 0x5,
    0x4e, 0xd0, 0x40, 0x7, 0x4e, 0x10, 0x1, 0xff,
    0xc1, 0xb3, 0x4b, 0xef, 0xf6, 0x28, 0xd8, 0x80,
    0x7f, 0xf0, 0x47, 0x29, 0x48, 0x49, 0x23, 0xd0,
    0x3, 0xff, 0x82,

    /* U+0637 "ط" */
    0x0, 0xc, 0x18, 0x7, 0xff, 0x0, 0x9d, 0x0,
    0x3f, 0xfe, 0x63, 0x1b, 0x8e, 0x1, 0xfc, 0x58,
    0xe4, 0x71, 0x40, 0x1f, 0x16, 0x14, 0x76, 0x12,
    0xa0, 0x7, 0xbc, 0x6d, 0xc4, 0xe4, 0x30, 0x3,
    0xa8, 0xa9, 0x0, 0x25, 0x1, 0x0, 0xd4, 0xb0,
    0xa0, 0x1a, 0x43, 0xc0, 0x31, 0x1b, 0x80, 0x5,
    0x69, 0xc5, 0xef, 0xb4, 0x0, 0x7d, 0xcf, 0xea,
    0x52, 0xc1, 0x61, 0x10, 0x4, 0x22, 0x2, 0x5a,
    0xd2, 0x0,

    /* U+0638 "ظ" */
    0x0, 0xc, 0x18, 0x7, 0xff, 0x0, 0x9d, 0x0,
    0x3f, 0xf8, 0x87, 0x6a, 0x1, 0xff, 0xc0, 0x74,
    0x20, 0xf, 0xfe, 0x2, 0x7b, 0x80, 0x7f, 0xf0,
    0x86, 0x37, 0x1c, 0x3, 0xf8, 0xb1, 0xc8, 0xe2,
    0x80, 0x3e, 0x2c, 0x28, 0xec, 0x25, 0x40, 0xf,
    0x78, 0xdb, 0x89, 0xc8, 0x60, 0x7, 0x51, 0x52,
    0x0, 0x4a, 0x2, 0x1, 0xa9, 0x61, 0x40, 0x34,
    0x87, 0x80, 0x62, 0x37, 0x0, 0xa, 0xd3, 0x8b,
    0xdf, 0x68, 0x0, 0xfb, 0x9f, 0xd4, 0xa5, 0x82,
    0xc2, 0x20, 0x8, 0x44, 0x4, 0xb5, 0xa4, 0x0,

    /* U+0639 "ع" */
    0x0, 0x26, 0x7f, 0x51, 0x0, 0x63, 0xb3, 0x1,
    0x5c, 0x0, 0xd0, 0x15, 0xfe, 0x72, 0x30, 0x9,
    0x89, 0x40, 0x11, 0x86, 0x1, 0x39, 0x18, 0x7,
    0xeb, 0x2c, 0x78, 0xbe, 0x20, 0x8, 0x50, 0x21,
    0xd5, 0x42, 0x0, 0x1d, 0x65, 0xbe, 0xe5, 0x98,
    0x2, 0x4a, 0x69, 0x4, 0x3, 0x94, 0x58, 0x3,
    0xf1, 0x90, 0x7, 0xf2, 0x99, 0x80, 0x3f, 0x70,
    0x6b, 0x88, 0x4, 0x4c, 0xb, 0x3, 0x1d, 0xff,
    0x6c, 0x90, 0x3e, 0x29, 0x0, 0x5, 0x1c, 0xc0,

    /* U+063A "غ" */
    0x0, 0xa3, 0xcc, 0x3, 0xf7, 0x20, 0x80, 0x7e,
    0x6b, 0x20, 0xf, 0xfe, 0x8a, 0x67, 0xf5, 0x10,
    0x6, 0x3b, 0x30, 0x15, 0xc0, 0xd, 0x1, 0x5f,
    0xe7, 0x23, 0x0, 0x98, 0x94, 0x1, 0x18, 0x60,
    0x13, 0x91, 0x80, 0x7e, 0xb2, 0xc8, 0x9b, 0xe2,
    0x0, 0xce, 0xe, 0xcc, 0x51, 0x0, 0xe, 0x2b,
    0x5f, 0xed, 0x98, 0x2, 0x4a, 0x64, 0x80, 0x1e,
    0x51, 0x60, 0xf, 0xc6, 0x60, 0xf, 0xe5, 0x24,
    0x0, 0xfd, 0xe1, 0x70, 0x60, 0x1, 0x47, 0x4,
    0x90, 0x7c, 0xff, 0x75, 0xc1, 0x3, 0x6b, 0x98,
    0x91, 0xac, 0x98,

    /* U+0640 "ـ" */
    0xe, 0xee, 0x80, 0x11, 0xf0,

    /* U+0641 "ف" */
    0x0, 0xff, 0x8a, 0xd4, 0x3, 0xff, 0x84, 0x29,
    0xa0, 0x1f, 0xfc, 0x23, 0xf8, 0x0, 0xff, 0xf2,
    0x26, 0xfd, 0x0, 0x7f, 0xf0, 0xa, 0xc8, 0x16,
    0xc0, 0x3f, 0xe8, 0xb, 0xf4, 0x42, 0x80, 0x7f,
    0x98, 0x50, 0x24, 0x3e, 0x3c, 0x80, 0x3e, 0x61,
    0x50, 0x21, 0x72, 0x2, 0x0, 0xfb, 0x82, 0xbf,
    0xc2, 0x62, 0x1, 0xfc, 0x96, 0x60, 0x20, 0x42,
    0x8, 0x1, 0xf9, 0x33, 0xd0, 0x2b, 0x82, 0xdc,
    0x80, 0x38, 0x4d, 0xf5, 0x4d, 0x92, 0x2, 0x37,
    0xfb, 0x9f, 0xee, 0xc8, 0x26, 0xc0, 0x3, 0xeb,
    0x18, 0x8c, 0x2, 0x6d, 0x5d, 0x20, 0x0,

    /* U+0642 "ق" */
    0x0, 0xfe, 0x10, 0x1, 0x0, 0x7f, 0xdc, 0xeb,
    0xa2, 0x1, 0xfe, 0xb5, 0x4a, 0x10, 0xf, 0xf2,
    0x10, 0xa8, 0x7, 0xff, 0x39, 0x73, 0x58, 0x3,
    0xfc, 0x94, 0x65, 0x2c, 0x1, 0xfd, 0x21, 0x5c,
    0x52, 0x20, 0x1f, 0x88, 0xd4, 0x6c, 0x1c, 0x3,
    0xe1, 0x0, 0xcc, 0x1e, 0x1, 0xf0, 0x91, 0xb8,
    0x8, 0x88, 0x3, 0xf4, 0x84, 0x7f, 0x8, 0x3,
    0xdc, 0x3, 0x93, 0x14, 0x88, 0x4, 0x60, 0x1f,
    0x8e, 0xb6, 0xc3, 0x1c, 0x4, 0x3, 0xf1, 0x41,
    0x2b, 0x86, 0x0, 0x7c, 0x78, 0x32, 0x6, 0x4b,
    0x2, 0x1, 0x25, 0x60, 0xca, 0x0, 0x24, 0x1f,
    0xbf, 0xbe, 0xd4, 0x6d, 0x80, 0x24, 0xd6, 0x20,
    0x12, 0x59, 0xe4, 0x0, 0x80,

    /* U+0643 "ك" */
    0x0, 0xff, 0xbb, 0x0, 0x3f, 0xfa, 0x63, 0x28,
    0x1, 0xfe, 0x9f, 0x40, 0xf, 0xf4, 0xf4, 0x0,
    0x7f, 0x86, 0x90, 0x3, 0x8c, 0x80, 0x5, 0x71,
    0xc0, 0x1d, 0x3a, 0x0, 0x2b, 0xa2, 0x0, 0x85,
    0xc4, 0x3, 0xf8, 0xc0, 0x84, 0x4, 0x3, 0xe8,
    0xd, 0xc0, 0xd4, 0x0, 0xc9, 0x88, 0x68, 0xc8,
    0x77, 0xfd, 0xcf, 0xb3, 0x36, 0x80, 0x2e, 0x4c,
    0x47, 0x25, 0x60, 0x80,

    /* U+0644 "ل" */
    0x0, 0xff, 0x6f, 0x0, 0x7f, 0xff, 0xc0, 0x3f,
    0xfc, 0x25, 0xca, 0x1, 0xf1, 0x99, 0x84, 0xc0,
    0x3c, 0x22, 0x60, 0x7, 0x0, 0x7a, 0x43, 0x14,
    0x1d, 0x44, 0x4, 0xe9, 0xc5, 0x86, 0x2, 0xbb,
    0xfb, 0x14, 0x74, 0x41, 0xed, 0x48, 0x49, 0x23,
    0xcc, 0x0,

    /* U+0645 "م" */
    0x0, 0xc5, 0x9f, 0x84, 0x1, 0x87, 0xc, 0xf,
    0x0, 0x34, 0x8c, 0x7b, 0x8a, 0x80, 0x4c, 0x4e,
    0x16, 0x4, 0x0, 0x31, 0x60, 0x5, 0x0, 0x82,
    0xe8, 0x27, 0xf9, 0x85, 0x99, 0x43, 0xa, 0x22,
    0x5f, 0xd, 0xe, 0x7a, 0xee, 0x50, 0x83, 0x8,
    0x80, 0x3f, 0x18, 0x7, 0xff, 0x42, 0xec, 0x1,
    0xf8,

    /* U+0646 "ن" */
    0x0, 0xea, 0x90, 0xf, 0xf2, 0x20, 0x3, 0xfd,
    0xda, 0x1, 0xff, 0xc5, 0x8c, 0x0, 0xf8, 0xb1,
    0x48, 0xc0, 0x3e, 0x13, 0xd1, 0x0, 0xfc, 0x20,
    0x20, 0x1f, 0xf0, 0x90, 0x20, 0x7, 0x94, 0x3a,
    0xc2, 0x98, 0x40, 0x2, 0xf0, 0x2e, 0x52, 0x33,
    0xdf, 0xee, 0x80, 0xa1, 0x6, 0xc5, 0x20, 0x1,
    0x37, 0x20, 0x0,

    /* U+0647 "ه" */
    0x0, 0x96, 0x0, 0x3d, 0x74, 0xfa, 0x40, 0x16,
    0x24, 0xe1, 0xe0, 0x82, 0x9b, 0xb1, 0xe8, 0xd8,
    0x78, 0x48, 0x0, 0xcc, 0x80, 0x20, 0x20, 0x13,
    0x88, 0x10, 0x38, 0x1, 0x10, 0x41, 0x61, 0x1f,
    0xeb, 0xb, 0x2, 0xd4, 0x0, 0x1d, 0x30, 0x0,

    /* U+0648 "و" */
    0x0, 0xe1, 0xad, 0xa1, 0x0, 0xfb, 0x14, 0x97,
    0x40, 0x3c, 0xc4, 0xdc, 0xa6, 0xc0, 0x1d, 0x81,
    0x3, 0x61, 0x40, 0x1f, 0xc2, 0x66, 0x0, 0xed,
    0xa, 0x20, 0x60, 0x20, 0xc, 0xe6, 0x9b, 0xea,
    0x1, 0xf6, 0x39, 0x10, 0x0, 0x40, 0x1e, 0x8d,
    0xc0, 0x40, 0xf, 0xeb, 0x8, 0x0, 0xfd, 0x2a,
    0xe6, 0x1, 0xc2, 0xda, 0xc9, 0x0, 0x17, 0x73,
    0xfa, 0x4a, 0x2c, 0x2, 0x10, 0x10, 0x37, 0xe7,
    0x0, 0xc0,

    /* U+0649 "ى" */
    0x0, 0xf8, 0x67, 0x75, 0x22, 0x1, 0xfb, 0x18,
    0x88, 0xde, 0x20, 0x1e, 0x62, 0x7f, 0xe7, 0x14,
    0x0, 0xf7, 0x5, 0x80, 0xc7, 0xa8, 0x7, 0xac,
    0x35, 0x80, 0x39, 0x88, 0x2, 0x3c, 0x39, 0xd4,
    0x0, 0x14, 0xd0, 0x6, 0x3d, 0x93, 0xb7, 0x7,
    0xe, 0x0, 0xf3, 0x79, 0xc1, 0x8, 0x8, 0x7,
    0xc3, 0x40, 0xe8, 0x30, 0xc2, 0x1, 0x89, 0xa0,
    0x10, 0x28, 0x67, 0xbf, 0xb9, 0xfb, 0x23, 0x42,
    0x9, 0xf0, 0x62, 0x38, 0xdf, 0x94, 0x0,

    /* U+064A "ي" */
    0x0, 0xf8, 0x67, 0x75, 0x22, 0x1, 0xfb, 0x18,
    0x88, 0xde, 0x20, 0x1e, 0x62, 0x7f, 0xe7, 0x14,
    0x0, 0xf7, 0x5, 0x80, 0xc7, 0xa8, 0x7, 0xac,
    0x35, 0x80, 0x39, 0x88, 0x2, 0x3c, 0x39, 0xd4,
    0x0, 0x14, 0xd0, 0x6, 0x3d, 0x93, 0xb7, 0x7,
    0xe, 0x0, 0xf3, 0x79, 0xc1, 0x8, 0x8, 0x7,
    0xc3, 0x40, 0xe8, 0x30, 0xc2, 0x1, 0x89, 0xa0,
    0x10, 0x28, 0x67, 0xbf, 0xb9, 0xfb, 0x23, 0x42,
    0x9, 0xf0, 0x62, 0x38, 0xdf, 0x94, 0x2, 0x17,
    0xce, 0xdf, 0xf6, 0xc0, 0x80, 0x7c, 0x7a, 0x91,
    0xe0, 0x1f, 0xc7, 0x6b, 0x74, 0x1, 0x80,

    /* U+064B "ً" */
    0x2, 0x47, 0xaa, 0xa7, 0x6, 0x6e, 0x74, 0x6b,
    0xa1, 0x3, 0x76, 0x97, 0x64, 0x10, 0x0,

    /* U+064C "ٌ" */
    0x0, 0x26, 0x48, 0x30, 0x46, 0x1, 0xd0, 0x34,
    0xa9, 0x0, 0x25, 0xc6, 0x2, 0xed, 0x9b, 0x39,
    0x70, 0x40, 0x0,

    /* U+064D "ٍ" */
    0x0, 0xc6, 0x8f, 0x5b, 0xa9, 0x23, 0x9e, 0x82,
    0xef, 0xe8, 0xdd, 0x55, 0xed, 0xc2, 0x90,

    /* U+064E "َ" */
    0x0, 0xe1, 0x36, 0x9c, 0xd8, 0x40, 0xdd, 0xa5,
    0xd9, 0x4, 0x0,

    /* U+064F "ُ" */
    0x0, 0x26, 0x48, 0x5, 0x18, 0x6, 0x0, 0x49,
    0x52, 0x22, 0x7a, 0xaa, 0x28, 0xd3, 0x26, 0x50,
    0xe6, 0x1, 0x0,

    /* U+0650 "ِ" */
    0x0, 0xc6, 0x8f, 0x5b, 0xa9, 0x23, 0x8d, 0xd5,
    0x30,

    /* U+0651 "ّ" */
    0x0, 0xe7, 0x70, 0x2b, 0x85, 0xd8, 0x37, 0x84,
    0x27, 0x8, 0x76, 0x17, 0x2a, 0x31, 0x0,

    /* U+0652 "ْ" */
    0x3c, 0xc2, 0x7, 0xf6, 0xc8, 0x7, 0xbf, 0xb6,
    0x40, 0xf3, 0x8, 0x0,

    /* U+0660 "٠" */
    0x0, 0xf1, 0x74, 0x0, 0x3c, 0x5e, 0xc4, 0x40,
    0x9, 0x1c, 0x9a, 0x20,

    /* U+0661 "١" */
    0x0, 0x20, 0x5, 0x96, 0x20, 0x9, 0x6, 0x0,
    0x28, 0xd0, 0x4, 0xe4, 0x40, 0x6, 0x2, 0x0,
    0x1c, 0x38, 0x0, 0x60, 0x20, 0x18, 0xc0, 0x3f,
    0xf8, 0x60,

    /* U+0662 "٢" */
    0x2, 0x40, 0xc, 0xce, 0x3, 0x97, 0x2, 0x7,
    0x38, 0x3, 0x40, 0xfd, 0xf8, 0x1e, 0x0, 0x44,
    0x0, 0x47, 0x68, 0x1, 0x40, 0x27, 0xe2, 0x0,
    0x63, 0x24, 0x0, 0xfc, 0x80, 0x40, 0x1f, 0x8,
    0x8, 0x7, 0xde, 0xe, 0x1, 0xff, 0xd6,

    /* U+0663 "٣" */
    0x1, 0x30, 0x4, 0x10, 0x39, 0x87, 0x70, 0x9,
    0xdc, 0x10, 0xc0, 0xe5, 0x9c, 0x17, 0x60, 0x70,
    0x90, 0x33, 0x8, 0x91, 0x4, 0x2, 0xc1, 0x1d,
    0xb7, 0x60, 0xa, 0xc3, 0x80, 0x90, 0x3, 0x10,
    0xa0, 0x7, 0xe4, 0x20, 0xf, 0xc4, 0x4, 0x1,
    0xf7, 0x80, 0x80, 0x7f, 0x38, 0x7, 0xff, 0x8,

    /* U+0664 "٤" */
    0x0, 0xc2, 0xea, 0x1, 0x1d, 0xf4, 0x10, 0x1,
    0xb1, 0x11, 0x4e, 0x3, 0x25, 0xb6, 0xa0, 0x3,
    0x3, 0x70, 0xc, 0x52, 0x35, 0x60, 0x19, 0xb4,
    0x10, 0x80, 0x26, 0xc1, 0xa2, 0x0, 0x34, 0xa7,
    0xa8, 0x5, 0xa1, 0x2, 0x0, 0x22, 0x60, 0x6f,
    0xf7, 0xec, 0x3c, 0x98, 0x8c, 0x98,

    /* U+0665 "٥" */
    0x0, 0x93, 0x68, 0x40, 0x31, 0xd9, 0x2e, 0x80,
    0x6f, 0x1d, 0x83, 0x50, 0x1, 0x9a, 0x49, 0xca,
    0x0, 0x14, 0xa, 0x0, 0x52, 0x20, 0x20, 0x90,
    0x3, 0x1, 0x40, 0x94, 0x2, 0x60, 0xe1, 0x1,
    0x0, 0x88, 0xc, 0x40, 0x38, 0x40, 0x22, 0x54,
    0x0, 0x40, 0x68, 0x58, 0x5f, 0xf9, 0x85, 0x81,
    0xa8, 0x80, 0xb, 0x82,

    /* U+0666 "٦" */
    0x6e, 0xef, 0x20, 0x0, 0x47, 0xe0, 0x6f, 0xfd,
    0x20, 0x1f, 0xfe, 0x92, 0x2, 0x0, 0xf2, 0x86,
    0x80, 0x78, 0x4d, 0x44, 0x3, 0xd0, 0x16,

    /* U+0667 "٧" */
    0x48, 0x20, 0xc, 0xb0, 0x0, 0x75, 0x0, 0xd6,
    0xc0, 0x81, 0x60, 0x11, 0xb, 0x80, 0x14, 0xc4,
    0x0, 0xa1, 0xa0, 0xf, 0x4, 0x0, 0x60, 0xa0,
    0x1, 0x43, 0xc0, 0x8, 0x80, 0xc, 0x88, 0x5,
    0xf, 0x0, 0xda, 0x27, 0x80, 0xa0, 0x19, 0xc2,
    0xdd, 0x0, 0x38, 0x4d, 0x87, 0x40, 0x3d, 0x62,
    0xe, 0x1, 0xe5, 0x3, 0x10, 0x8,

    /* U+0668 "٨" */
    0x0, 0xd0, 0xa0, 0x1f, 0x2b, 0xd8, 0x7, 0xde,
    0x2, 0x80, 0x1e, 0x44, 0x6, 0x80, 0x72, 0xf,
    0x22, 0x0, 0x3b, 0x41, 0x30, 0x88, 0x1, 0x9c,
    0xc5, 0x41, 0x40, 0x23, 0x14, 0x2, 0x1b, 0x0,
    0xac, 0x2c, 0x0, 0xe6, 0x20, 0x4, 0x13, 0x0,
    0x60, 0x38, 0x9, 0xa0, 0x4, 0xa1, 0xa0, 0xe1,
    0xe0, 0x19, 0x10, 0x0,

    /* U+0669 "٩" */
    0x0, 0x2e, 0x6b, 0x80, 0x72, 0x51, 0x94, 0x40,
    0x3, 0x48, 0x66, 0x8b, 0x88, 0x0, 0x49, 0x4c,
    0x98, 0x1c, 0x3, 0xeb, 0xf, 0x0, 0x8, 0x95,
    0x40, 0x11, 0x80, 0x56, 0x15, 0xf8, 0x1, 0xcb,
    0x68, 0x46, 0x1, 0xe4, 0xbd, 0xc0, 0x60, 0xf,
    0xc4, 0x60, 0x1f, 0x94, 0x18, 0x3, 0xe9, 0x18,
    0x10,

    /* U+066A "٪" */
    0x0, 0x20, 0x7, 0xb, 0x88, 0x4d, 0xb0, 0x6,
    0xae, 0x10, 0xb5, 0x60, 0x9, 0xda, 0x40, 0x5,
    0x40, 0x11, 0xc7, 0x0, 0x7e, 0xe8, 0x30, 0xf,
    0xa4, 0x5c, 0x3, 0xe5, 0x6d, 0x0, 0xf8, 0x6e,
    0x84, 0x3, 0xea, 0x45, 0x0, 0xf9, 0xda, 0x80,
    0x22, 0x0, 0x8e, 0x38, 0x2, 0x5d, 0x70, 0x7,
    0x39, 0x80, 0x42, 0x4a, 0x0, 0xd8, 0x0, 0xc9,
    0xa4, 0x0,

    /* U+066B "٫" */
    0x0, 0xaf, 0xc0, 0x31, 0x80, 0x80, 0x48, 0x2,
    0x2b, 0xd3, 0x60, 0x24, 0x37, 0x90,

    /* U+066C "٬" */
    0x3, 0x80, 0xdc, 0x20, 0x41, 0x16, 0x0, 0x40,

    /* U+066D "٭" */
    0x0, 0x89, 0x4, 0x3, 0xc9, 0x66, 0x1, 0x9c,
    0x14, 0x8, 0x5c, 0x1a, 0x35, 0x85, 0x7e, 0x9,
    0xb5, 0x73, 0xb9, 0x1c, 0x42, 0xa8, 0x48, 0xba,
    0xe0, 0x90, 0x93, 0x5e, 0x12, 0x2b, 0x90, 0xc2,
    0x2b, 0xc1, 0x3, 0x2, 0x2, 0x3, 0x0,

    /* U+0670 "ٰ" */
    0x22, 0x2a, 0x80, 0x3c, 0xee,

    /* U+0671 "ٱ" */
    0x0, 0x9b, 0x24, 0x2, 0x61, 0xd5, 0x2, 0xab,
    0xe9, 0xe0, 0x28, 0xf9, 0x82, 0x0, 0x12, 0x7a,
    0x0, 0x7f, 0xff, 0xc0, 0x3f, 0xf9, 0x9, 0x4a,
    0x0,

    /* U+0672 "ٲ" */
    0x0, 0x36, 0x28, 0x3, 0x71, 0x80, 0x5, 0xa,
    0xaa, 0x21, 0x6, 0xab, 0x96, 0x30, 0x6f, 0x40,
    0xf, 0xff, 0xba, 0x52, 0x80,

    /* U+0673 "ٳ" */
    0x0, 0x9b, 0xd0, 0x3, 0xff, 0xfe, 0x1, 0xe4,
    0xa5, 0x0, 0x89, 0x44, 0x2, 0xab, 0x30, 0x8,
    0x60, 0x0, 0xf4, 0x34, 0xc0, 0x75, 0x49, 0x50,

    /* U+0674 "ٴ" */
    0x9, 0xc4, 0x2, 0xc6, 0x0, 0x5d, 0x7, 0xcc,
    0x2, 0x10, 0x0,

    /* U+0675 "ٵ" */
    0x0, 0xd5, 0x66, 0xde, 0x80, 0x30, 0x20, 0x1d,
    0x4e, 0x1, 0xae, 0x54, 0x3, 0xff, 0xfe, 0x0,
    0x4a, 0x50, 0xc,

    /* U+0676 "ٶ" */
    0x0, 0xff, 0x9b, 0x1c, 0x3, 0xff, 0x81, 0x9c,
    0xa0, 0x1f, 0xfc, 0xd, 0xeb, 0x0, 0xf0, 0xd6,
    0xd0, 0x83, 0xe4, 0x80, 0x7b, 0x14, 0x97, 0x40,
    0x3f, 0x98, 0x9b, 0x94, 0xd8, 0x3, 0xf6, 0x4,
    0xd, 0x85, 0x0, 0x7f, 0xf0, 0x4, 0xcc, 0x1,
    0xfb, 0x42, 0x88, 0x18, 0x8, 0x3, 0xe7, 0x34,
    0xdf, 0x50, 0xf, 0xf6, 0x39, 0x10, 0x0, 0x40,
    0x1f, 0xd1, 0xb8, 0x8, 0x1, 0xff, 0xc0, 0xb0,
    0x80, 0xf, 0xfa, 0x55, 0xcc, 0x3, 0xf0, 0xb6,
    0xb2, 0x40, 0x7, 0xbb, 0x9f, 0xd2, 0x51, 0x60,
    0x1e, 0x10, 0x10, 0x37, 0xe7, 0x0, 0xf8,

    /* U+0677 "ٷ" */
    0x0, 0xe5, 0xca, 0x0, 0xff, 0xe0, 0x4e, 0x19,
    0x80, 0x3f, 0xe8, 0x82, 0xb8, 0x1, 0xb1, 0xc0,
    0x34, 0xcb, 0x76, 0x70, 0x6, 0x72, 0x80, 0x69,
    0x99, 0x44, 0xc0, 0x1b, 0xd6, 0x1, 0xe1, 0xad,
    0xa1, 0x7, 0xc9, 0x0, 0xf6, 0x29, 0x2e, 0x80,
    0x7f, 0x31, 0x37, 0x29, 0xb0, 0x7, 0xec, 0x8,
    0x1b, 0xa, 0x0, 0xff, 0xe0, 0x9, 0x98, 0x3,
    0xf6, 0x85, 0x10, 0x30, 0x10, 0x7, 0xce, 0x69,
    0xbe, 0xa0, 0x1f, 0xec, 0x72, 0x20, 0x0, 0x80,
    0x3f, 0xa3, 0x70, 0x10, 0x3, 0xff, 0x81, 0x61,
    0x0, 0x1f, 0xf4, 0xab, 0x98, 0x7, 0xe1, 0x6d,
    0x64, 0x80, 0xf, 0x77, 0x3f, 0xa4, 0xa2, 0xc0,
    0x3c, 0x20, 0x20, 0x6f, 0xce, 0x1, 0xf0,

    /* U+0678 "ٸ" */
    0x0, 0xff, 0xe0, 0xd, 0xd8, 0x40, 0x3f, 0xf8,
    0x4, 0x49, 0x0, 0xff, 0xe0, 0x91, 0x2d, 0x40,
    0x3e, 0x19, 0xdd, 0x48, 0x5c, 0xa0, 0x7, 0xd8,
    0xc4, 0x46, 0xf1, 0x0, 0xfc, 0xc4, 0xff, 0xce,
    0x28, 0x1, 0xfb, 0x82, 0xc0, 0x63, 0xd4, 0x3,
    0xf5, 0x86, 0xb0, 0x7, 0xcc, 0x40, 0x11, 0xe1,
    0xce, 0xa0, 0x6, 0x29, 0xa0, 0xc, 0x7b, 0x27,
    0x6e, 0x1, 0x38, 0x70, 0x7, 0x9b, 0xce, 0x8,
    0x0, 0x20, 0x20, 0x1f, 0xd, 0x3, 0x80, 0x10,
    0x61, 0x84, 0x3, 0x13, 0x40, 0x20, 0x5, 0x43,
    0x3d, 0xfd, 0xcf, 0xd9, 0x1a, 0x10, 0x9, 0x3e,
    0xc, 0x47, 0x1b, 0xf2, 0x80, 0x40,

    /* U+0679 "ٹ" */
    0x0, 0xe4, 0x10, 0xf, 0xfe, 0x6, 0x10, 0x7,
    0xff, 0x5, 0xee, 0x0, 0x3f, 0xe8, 0xa4, 0x0,
    0xff, 0x20, 0xed, 0x0, 0x7f, 0xb3, 0x71, 0x80,
    0x3f, 0xf8, 0xf3, 0xe2, 0x1, 0xf9, 0xb0, 0x48,
    0x4, 0x3, 0xf6, 0x19, 0x80, 0x2, 0x1, 0xf1,
    0xa8, 0x96, 0x86, 0x20, 0x6, 0x39, 0xc0, 0x90,
    0x65, 0x2b, 0xfe, 0xff, 0x63, 0x4, 0x38, 0x2,
    0xad, 0x48, 0x40, 0x4d, 0xf5, 0xc0, 0x0,

    /* U+067A "ٺ" */
    0x0, 0xf0, 0x88, 0x3, 0xff, 0x81, 0x54, 0x0,
    0xff, 0xe0, 0x7f, 0x80, 0x3f, 0xf8, 0x1f, 0xe0,
    0xf, 0xfe, 0x4, 0x40, 0x3, 0xff, 0x80, 0x66,
    0x0, 0xf1, 0xa8, 0x7, 0xf0, 0x90, 0x4d, 0x8,
    0x7, 0xe9, 0xd2, 0x10, 0x10, 0xf, 0xc6, 0x0,
    0x10, 0x20, 0xf, 0x95, 0x4, 0xbc, 0x3d, 0x40,
    0x31, 0xd5, 0x2, 0xc1, 0x58, 0xab, 0xfb, 0xfd,
    0x8a, 0x12, 0xa0, 0x9, 0xb5, 0x21, 0x1, 0x38,
    0xe6, 0x0, 0x0,

    /* U+067B "ٻ" */
    0x35, 0x0, 0xfe, 0x13, 0x9, 0xa0, 0xf, 0xe9,
    0xc2, 0x10, 0xf, 0xf1, 0x81, 0x88, 0x18, 0x7,
    0xcc, 0x84, 0x3c, 0x1a, 0xc4, 0x0, 0x25, 0xc9,
    0x9, 0x4, 0x81, 0x9d, 0xff, 0x6d, 0x18, 0xda,
    0x0, 0x1f, 0x5c, 0xc8, 0x49, 0x67, 0x90, 0x3,
    0x14, 0x66, 0xfe, 0x53, 0x0, 0x7f, 0xb6, 0x80,
    0x3f, 0xf8, 0x13, 0xe0, 0x1f, 0xfc, 0x9, 0xf0,
    0xf, 0xfe, 0x7, 0xc0, 0x7, 0x80,

    /* U+067C "ټ" */
    0x0, 0xe1, 0x0, 0x8, 0x7, 0xf1, 0x72, 0xc7,
    0x80, 0x7f, 0x15, 0xa5, 0x50, 0x3, 0xfc, 0x82,
    0x48, 0x1, 0xc8, 0xc0, 0x1f, 0xc2, 0x61, 0xd2,
    0x1, 0xfd, 0x38, 0x42, 0x1, 0xfe, 0x30, 0x0,
    0x81, 0x80, 0x7c, 0xc8, 0x44, 0xe0, 0xd6, 0x20,
    0x1, 0x2e, 0x48, 0x48, 0x23, 0x8c, 0xef, 0xfb,
    0x68, 0xc6, 0x90, 0x1, 0x18, 0xc8, 0x22, 0x5,
    0x9e, 0x50, 0xc, 0x73, 0x69, 0xed, 0x2c, 0x1,
    0xfd, 0x34, 0x6, 0x1, 0xc0,

    /* U+067D "ٽ" */
    0x0, 0xe1, 0x0, 0x8, 0x7, 0xf1, 0x72, 0xc7,
    0x80, 0x7f, 0x15, 0xb5, 0xd0, 0x7, 0xf9, 0x3a,
    0x90, 0x3, 0xfe, 0x9a, 0x0, 0xff, 0xe0, 0x21,
    0x80, 0x78, 0xd4, 0x3, 0xf8, 0x48, 0x26, 0x84,
    0x3, 0xf4, 0xe9, 0x8, 0x8, 0x7, 0xe3, 0x0,
    0x8, 0x10, 0x7, 0xca, 0x82, 0x5e, 0x1e, 0xa0,
    0x18, 0xea, 0x81, 0x60, 0xac, 0x55, 0xfd, 0xfe,
    0xc5, 0x9, 0x50, 0x4, 0xda, 0x90, 0x80, 0x9c,
    0x73, 0x0, 0x0,

    /* U+067E "پ" */
    0x35, 0x0, 0xfe, 0x13, 0x9, 0xa0, 0xf, 0xe9,
    0xc2, 0x10, 0xf, 0xf1, 0x81, 0x88, 0x18, 0x7,
    0xcc, 0x84, 0x3c, 0x1a, 0xc4, 0x0, 0x25, 0xc9,
    0x9, 0x4, 0x81, 0x9d, 0xff, 0x6d, 0x18, 0xda,
    0x0, 0x1f, 0x5c, 0xc8, 0x49, 0x67, 0x90, 0x3,
    0x14, 0x67, 0xf6, 0x5b, 0x0, 0x7e, 0x2d, 0x59,
    0xf0, 0xf, 0xe2, 0xa6, 0xba, 0x0, 0xff, 0x2f,
    0x52, 0x0, 0x7f, 0xd3, 0x40, 0x1e,

    /* U+067F "ٿ" */
    0x0, 0xe1, 0x1c, 0x1, 0xfe, 0xe9, 0xc8, 0x0,
    0xff, 0x4d, 0xc6, 0x80, 0x7f, 0xa6, 0xe3, 0x40,
    0x3f, 0xd7, 0x5d, 0x60, 0x1f, 0xe4, 0x23, 0x20,
    0xe, 0x35, 0x0, 0xfe, 0x12, 0x9, 0xa1, 0x0,
    0xfd, 0x3a, 0x42, 0x2, 0x1, 0xf8, 0xc0, 0x2,
    0x4, 0x1, 0xf2, 0xa0, 0x97, 0x87, 0xa8, 0x6,
    0x3a, 0xa0, 0x58, 0x2b, 0x15, 0x7f, 0x7f, 0xb1,
    0x42, 0x54, 0x1, 0x36, 0xa4, 0x20, 0x27, 0x1c,
    0xc0, 0x0,

    /* U+0680 "ڀ" */
    0x45, 0x0, 0xfe, 0x13, 0xe, 0xa0, 0xf, 0xe9,
    0xc2, 0x10, 0xf, 0xf1, 0x81, 0x88, 0x18, 0x7,
    0xcc, 0x84, 0x3c, 0x1a, 0xc4, 0x0, 0x25, 0xc9,
    0x9, 0x4, 0x81, 0x9d, 0xff, 0x6d, 0x18, 0xda,
    0x0, 0x1f, 0x5d, 0x8, 0xa4, 0x9e, 0x40, 0xc,
    0x51, 0x79, 0x84, 0x66, 0x0, 0x7f, 0x45, 0xec,
    0x0, 0x7f, 0xa2, 0xf6, 0x0, 0x3f, 0xd5, 0x4b,
    0x90, 0xf, 0xf4, 0x40, 0x90, 0x3, 0x80,

    /* U+0681 "ځ" */
    0x0, 0xe3, 0xca, 0x0, 0xfc, 0xb5, 0x2, 0x1,
    0xf2, 0xed, 0x98, 0x2, 0x77, 0x54, 0xa7, 0x72,
    0x40, 0x3, 0x22, 0x2d, 0x6a, 0x80, 0x6b, 0xef,
    0xeb, 0x5b, 0xb1, 0x0, 0x4, 0x40, 0x2b, 0xca,
    0x8a, 0x1, 0xd1, 0xd2, 0xee, 0x50, 0x8, 0x75,
    0xdb, 0x72, 0x8, 0x2, 0xc2, 0xb9, 0x20, 0xe,
    0x72, 0x94, 0x0, 0xfa, 0xc1, 0x80, 0x3f, 0x11,
    0x80, 0x7f, 0x84, 0x3, 0xf9, 0x9, 0x0, 0x3f,
    0x48, 0x5c, 0x8, 0x4, 0x6c, 0x7, 0x40, 0xfd,
    0xff, 0x64, 0x90, 0x2e, 0xb1, 0x0, 0x5, 0x20,
    0xc0,

    /* U+0682 "ڂ" */
    0x0, 0xc9, 0xe4, 0x1, 0xf9, 0x60, 0xc0, 0x3f,
    0xa, 0x88, 0x7, 0xe4, 0xd2, 0x0, 0xfc, 0xb4,
    0x40, 0x1a, 0x77, 0x54, 0x8a, 0x1, 0xc6, 0x44,
    0x5a, 0xd5, 0x0, 0xd7, 0xdf, 0xd6, 0xb7, 0x62,
    0x0, 0x8, 0x80, 0x57, 0x95, 0x14, 0x3, 0xa3,
    0xa5, 0xdc, 0xa0, 0x10, 0xeb, 0xb6, 0xe4, 0x10,
    0x5, 0x85, 0x72, 0x40, 0x1c, 0xe5, 0x28, 0x1,
    0xf5, 0x8b, 0x0, 0x7e, 0x22, 0x0, 0x7f, 0x84,
    0x3, 0xf9, 0x9, 0x40, 0x3f, 0x40, 0x54, 0x98,
    0x0, 0x92, 0x0, 0xac, 0x5b, 0x3f, 0xdb, 0x6e,
    0x40, 0x9f, 0x6, 0x24, 0x6b, 0x26,

    /* U+0683 "ڃ" */
    0x9d, 0xd5, 0x28, 0x7, 0x8c, 0x88, 0xb5, 0xaa,
    0x1, 0xaf, 0xbf, 0xad, 0x2a, 0xc8, 0x0, 0x22,
    0x1, 0x4f, 0x44, 0x28, 0x7, 0x47, 0xcb, 0x31,
    0x0, 0x21, 0xc7, 0x5c, 0xd9, 0x30, 0xb, 0x4e,
    0xa8, 0x60, 0x1c, 0xc7, 0x2a, 0x1, 0xf5, 0x3,
    0x1, 0xb0, 0x31, 0x80, 0x8, 0xc0, 0x15, 0x1,
    0x36, 0x1, 0x8, 0x2, 0x78, 0x3e, 0x0, 0x8,
    0x48, 0x1, 0xfa, 0x42, 0xe0, 0x40, 0x23, 0x60,
    0x3a, 0x7, 0xef, 0xfb, 0x24, 0x81, 0x75, 0x88,
    0x0, 0x28, 0xe6,

    /* U+0684 "ڄ" */
    0xaf, 0xec, 0x71, 0x0, 0xe3, 0x0, 0x1c, 0x74,
    0x0, 0x69, 0xfe, 0xfe, 0xa3, 0xe4, 0x0, 0xf3,
    0xca, 0x9, 0x0, 0x64, 0xe8, 0x4c, 0xf6, 0x0,
    0x9a, 0xdf, 0xa4, 0x80, 0x31, 0xcb, 0x48, 0x7c,
    0x80, 0x69, 0x8, 0x0, 0x55, 0x0, 0x32, 0x18,
    0x80, 0x10, 0x80, 0x38, 0x40, 0x2e, 0x80, 0xc,
    0xa4, 0x60, 0x8, 0xb0, 0xd, 0xe1, 0x8e, 0x2c,
    0x60, 0x4a, 0x9, 0x21, 0x1d, 0xff, 0x6d, 0x10,
    0x36, 0xb1, 0x0, 0x5, 0x1c, 0xc0,

    /* U+0685 "څ" */
    0x0, 0xec, 0xa0, 0xf, 0xc5, 0x5e, 0x20, 0x1e,
    0x1d, 0x32, 0xe0, 0xf, 0xd, 0x22, 0xd8, 0x7,
    0xca, 0x24, 0x80, 0x15, 0x7f, 0x63, 0x88, 0x7,
    0x18, 0x0, 0xe3, 0x9c, 0x3, 0x4f, 0xf7, 0xec,
    0xde, 0x98, 0x7, 0x9b, 0x4, 0x90, 0x3, 0x1e,
    0x5b, 0x55, 0xb8, 0x4, 0xb8, 0x19, 0x87, 0x40,
    0x8, 0xa9, 0x30, 0xc0, 0x3d, 0x1, 0x20, 0x1f,
    0x90, 0x88, 0x1, 0xfc, 0x20, 0x1f, 0xc4, 0x66,
    0x0, 0xfd, 0x1, 0xae, 0x20, 0x11, 0x28, 0x24,
    0xc, 0x77, 0xfd, 0xb4, 0x40, 0xf8, 0xc4, 0x0,
    0x14, 0x73,

    /* U+0686 "چ" */
    0x9d, 0xd5, 0x28, 0x7, 0x8c, 0x88, 0xb5, 0xa8,
    0x1, 0xaf, 0xbf, 0xad, 0xee, 0x84, 0x0, 0x22,
    0x1, 0x4e, 0x55, 0x30, 0x7, 0x37, 0x5a, 0x91,
    0x0, 0x35, 0xc9, 0xcf, 0x6a, 0x80, 0x58, 0x8f,
    0xac, 0x20, 0x19, 0x8d, 0xe0, 0x3, 0xea, 0x8,
    0x7, 0x23, 0x60, 0x8, 0x8c, 0x6, 0x1d, 0x24,
    0x3, 0x8, 0xf, 0xce, 0xf8, 0x4, 0x84, 0x80,
    0x9, 0xe0, 0xd, 0x1, 0x72, 0x6a, 0x82, 0x8e,
    0x5, 0x60, 0xd9, 0xfe, 0xeb, 0x82, 0x4, 0xe7,
    0x31, 0x23, 0x59, 0x30,

    /* U+0687 "ڇ" */
    0xaf, 0xec, 0x71, 0x0, 0xe3, 0x0, 0x1c, 0x74,
    0x0, 0x69, 0xfe, 0xfe, 0xa3, 0xe4, 0x0, 0xf3,
    0xca, 0x9, 0x0, 0x64, 0xe8, 0x4c, 0xf6, 0x0,
    0x9a, 0xdf, 0xa0, 0x84, 0x2, 0x39, 0x69, 0x0,
    0x6d, 0x0, 0x52, 0x10, 0xa, 0x9f, 0x0, 0x12,
    0x18, 0x84, 0x69, 0x98, 0x3, 0x8, 0x6, 0xcb,
    0x0, 0x94, 0x8c, 0x23, 0x67, 0xc0, 0x2f, 0xc,
    0x74, 0x42, 0xa1, 0x28, 0x24, 0x84, 0x77, 0xfd,
    0xb4, 0x40, 0xda, 0xc4, 0x0, 0x14, 0x73,

    /* U+0688 "ڈ" */
    0x0, 0x58, 0x7, 0xe7, 0xc2, 0x0, 0xca, 0x32,
    0xa0, 0x12, 0x5, 0x73, 0x0, 0x49, 0xd9, 0x62,
    0x1, 0xff, 0xc0, 0x3e, 0xc0, 0xe, 0x38, 0x39,
    0x0, 0xe6, 0x56, 0x30, 0xe, 0xa1, 0xe0, 0xf,
    0x49, 0x18, 0x7, 0x8, 0x38, 0x4, 0x2d, 0x0,
    0xa7, 0xdf, 0xd2, 0x34, 0x20, 0x20, 0x6d, 0xaa,
    0x0,

    /* U+0689 "ډ" */
    0x0, 0x14, 0x28, 0x7, 0x11, 0x29, 0x0, 0x3a,
    0x8a, 0x84, 0x3, 0xbc, 0x60, 0x3, 0x89, 0xd8,
    0x40, 0x3b, 0x81, 0x0, 0x21, 0x58, 0x7, 0x3e,
    0xfe, 0xa1, 0x62, 0x1, 0x0, 0x9a, 0x40, 0xff,
    0x93, 0x48, 0x3, 0x9, 0xcf, 0x80, 0x0,

    /* U+068A "ڊ" */
    0x0, 0x14, 0x28, 0x7, 0x11, 0x29, 0x0, 0x3a,
    0x8a, 0x84, 0x3, 0xbc, 0x6c, 0x3, 0x89, 0xd4,
    0x80, 0x3b, 0x81, 0xc0, 0x21, 0x58, 0x4, 0x3e,
    0xfe, 0xa1, 0x91, 0x1, 0x2, 0x6d, 0x60, 0x3f,
    0xf6, 0xc9, 0x0, 0x78, 0xad, 0x80, 0x38, 0x53,
    0x80,

    /* U+068B "ڋ" */
    0x0, 0x58, 0x7, 0xe7, 0xc2, 0x0, 0xca, 0x32,
    0xa0, 0x12, 0x5, 0x73, 0x0, 0x49, 0xd9, 0x62,
    0x1, 0xff, 0xc0, 0x3e, 0xc0, 0xe, 0x38, 0x39,
    0x0, 0xe6, 0x56, 0x30, 0xe, 0xa1, 0xe0, 0xf,
    0x49, 0x18, 0x7, 0x8, 0x38, 0x4, 0x2d, 0x0,
    0xa7, 0xdf, 0xd2, 0x34, 0x20, 0x20, 0x6d, 0xaa,
    0x7, 0xfe, 0xc9, 0x20, 0xf, 0x15, 0xb0, 0x7,
    0xa, 0x70, 0x0,

    /* U+068C "ڌ" */
    0x1, 0x10, 0x10, 0x6, 0xc8, 0x3d, 0x30, 0xa,
    0x68, 0xa8, 0x80, 0x24, 0x31, 0x51, 0x0, 0xc5,
    0x2e, 0x1, 0xc4, 0x10, 0xa0, 0x1d, 0x27, 0x44,
    0x1, 0xda, 0x12, 0x1, 0xc2, 0xe8, 0x40, 0x1d,
    0xc0, 0xe0, 0x10, 0xac, 0x2, 0x1f, 0x7f, 0x50,
    0xc8, 0x80, 0x81, 0x36, 0xb0, 0x0,

    /* U+068D "ڍ" */
    0x0, 0x14, 0x28, 0x7, 0x11, 0x29, 0x0, 0x3a,
    0x8a, 0x84, 0x3, 0xbc, 0x6c, 0x3, 0x89, 0xd4,
    0x80, 0x3b, 0x81, 0xc0, 0x21, 0x58, 0x4, 0x3e,
    0xfe, 0xa1, 0x91, 0x1, 0x2, 0x6d, 0x60, 0x3f,
    0xf6, 0x49, 0x88, 0x4, 0xfc, 0x19, 0x60, 0x12,
    0xd8, 0x74, 0x0,

    /* U+068E "ڎ" */
    0x0, 0x3f, 0x80, 0x70, 0x9c, 0x10, 0x6, 0xaf,
    0x6d, 0x50, 0xa, 0x20, 0x34, 0x80, 0x11, 0x98,
    0x14, 0x40, 0x31, 0x4b, 0x80, 0x71, 0x4, 0x28,
    0x7, 0x49, 0xd1, 0x0, 0x76, 0x84, 0x80, 0x70,
    0xba, 0x10, 0x7, 0x70, 0x38, 0x4, 0x2b, 0x0,
    0x87, 0xdf, 0xd4, 0x32, 0x20, 0x20, 0x4d, 0xac,
    0x0,

    /* U+068F "ڏ" */
    0xb, 0xb0, 0xfa, 0x80, 0x5d, 0xc3, 0x87, 0x0,
    0x94, 0xb5, 0xc8, 0x3, 0x2d, 0x0, 0x78, 0x94,
    0x3, 0xc5, 0x2e, 0x1, 0xc4, 0x10, 0xa0, 0x1d,
    0x27, 0x44, 0x1, 0xda, 0x12, 0x1, 0xc2, 0xe8,
    0x40, 0x1d, 0xc0, 0xe0, 0x10, 0xac, 0x2, 0x1f,
    0x7f, 0x50, 0xc8, 0x80, 0x81, 0x36, 0xb0, 0x0,

    /* U+0690 "ڐ" */
    0x0, 0xc4, 0x1, 0xe6, 0xd1, 0x0, 0x9f, 0xd2,
    0x4, 0x2, 0x37, 0x48, 0x10, 0x8, 0xdd, 0xd4,
    0x20, 0x12, 0xd8, 0xa8, 0x6, 0x24, 0x0, 0xf8,
    0xa5, 0xc0, 0x38, 0x82, 0x14, 0x3, 0xa4, 0xe8,
    0x80, 0x3b, 0x42, 0x40, 0x38, 0x5d, 0x8, 0x3,
    0xb8, 0x1c, 0x2, 0x15, 0x80, 0x43, 0xef, 0xea,
    0x19, 0x10, 0x10, 0x26, 0xd6, 0x0,

    /* U+0691 "ڑ" */
    0x0, 0xe5, 0x60, 0xf, 0xf5, 0x50, 0x3, 0xeb,
    0x80, 0x20, 0xe, 0xc0, 0xe2, 0x20, 0x7, 0x4e,
    0xe4, 0x0, 0x7c, 0x26, 0x20, 0x1f, 0x2e, 0x58,
    0x7, 0xc8, 0x28, 0x1, 0xf9, 0x44, 0x3, 0xf1,
    0x0, 0x80, 0x7c, 0x60, 0x1f, 0xce, 0x22, 0x0,
    0xf2, 0x93, 0x0, 0x79, 0xa8, 0x64, 0xb, 0x2f,
    0x3e, 0x4b, 0x4, 0x1c, 0xd0, 0x8e, 0x34, 0x80,
    0x0,

    /* U+0692 "ڒ" */
    0x0, 0xe3, 0x23, 0x20, 0xf, 0x14, 0x40, 0xc0,
    0x3c, 0x26, 0x61, 0x0, 0xfa, 0x60, 0x3, 0xff,
    0x8c, 0xbf, 0x40, 0x1f, 0x28, 0x20, 0x7, 0xe4,
    0x10, 0xf, 0xc4, 0x2, 0x1, 0xf1, 0x80, 0x7f,
    0x38, 0x88, 0x3, 0xca, 0x4e, 0x1, 0xe6, 0xa1,
    0x80, 0x2c, 0xbc, 0xf9, 0x1d, 0x10, 0x73, 0x42,
    0x38, 0xe3, 0x0, 0x0,

    /* U+0693 "ړ" */
    0x0, 0xf0, 0x90, 0x80, 0x7c, 0xbb, 0x60, 0x1f,
    0x20, 0xa0, 0x7, 0xe5, 0x10, 0xf, 0xc4, 0x2,
    0x1, 0xf1, 0x80, 0x7f, 0x38, 0x88, 0x3, 0xca,
    0x4e, 0x1, 0xe6, 0xa1, 0x80, 0x2c, 0xbc, 0xf9,
    0x2, 0x20, 0x39, 0xa1, 0x1a, 0xbf, 0xd0, 0x2f,
    0xfb, 0xb2, 0x86, 0x2c, 0x0,

    /* U+0694 "ڔ" */
    0x0, 0xf2, 0xfd, 0x0, 0x7c, 0xa0, 0x80, 0x1f,
    0x90, 0x40, 0x3f, 0x10, 0x8, 0x7, 0xc6, 0x1,
    0xfc, 0xe2, 0x20, 0xf, 0x29, 0x38, 0x7, 0x9a,
    0x86, 0x0, 0xb2, 0xf3, 0xe4, 0x74, 0x41, 0xcd,
    0x8, 0xe3, 0x86, 0xd9, 0x7f, 0xdd, 0x8e, 0x0,
    0x4f,

    /* U+0695 "ڕ" */
    0x0, 0xf2, 0xfd, 0x0, 0x7e, 0x50, 0x40, 0xf,
    0xe4, 0x10, 0xf, 0xe2, 0x1, 0x0, 0xfc, 0x60,
    0x1f, 0xe7, 0x11, 0x0, 0x7c, 0xa4, 0xe0, 0x1f,
    0x35, 0xc, 0x0, 0xb, 0x2f, 0x3e, 0x47, 0x48,
    0xd, 0xcd, 0x8, 0xe3, 0x8e, 0x15, 0x6f, 0xf7,
    0x63, 0x80, 0x3e, 0x18,

    /* U+0696 "ږ" */
    0x0, 0xf2, 0xfd, 0x0, 0x7c, 0xa0, 0x80, 0x1f,
    0x90, 0x40, 0x3f, 0x10, 0x8, 0x4, 0x96, 0x60,
    0x60, 0x1c, 0x48, 0xc0, 0xe2, 0x20, 0x9, 0xbd,
    0x54, 0x4e, 0x1, 0xe6, 0xa1, 0x80, 0x2c, 0xbc,
    0xf9, 0x1d, 0x10, 0x73, 0x42, 0x38, 0xe1, 0xb6,
    0x5f, 0xf7, 0x63, 0x80, 0x13, 0xc0,

    /* U+0697 "ڗ" */
    0x0, 0xe1, 0x10, 0x10, 0x7, 0xb2, 0xf, 0x4c,
    0x3, 0xa6, 0xca, 0x88, 0x3, 0x90, 0x85, 0x44,
    0x3, 0xcb, 0xb0, 0x1, 0xf2, 0x12, 0x80, 0x7c,
    0x28, 0x40, 0x1f, 0x88, 0x4, 0x3, 0xff, 0x8a,
    0x82, 0x20, 0xf, 0x21, 0x38, 0x7, 0x9a, 0xc6,
    0x0, 0xb2, 0xf3, 0xe4, 0x74, 0x41, 0xcd, 0x8,
    0xe3, 0x8c, 0x0,

    /* U+0698 "ژ" */
    0x0, 0xf0, 0x88, 0x3, 0xf4, 0x78, 0x7, 0xc3,
    0xb4, 0x40, 0x1e, 0xcd, 0x7d, 0x30, 0xe, 0x9b,
    0x2a, 0x20, 0xe, 0x42, 0x15, 0x10, 0xf, 0x2e,
    0xc0, 0x7, 0xc8, 0x4a, 0x1, 0xf0, 0xa1, 0x0,
    0x7e, 0x20, 0x10, 0xf, 0xfe, 0x2a, 0x8, 0x80,
    0x3c, 0x84, 0xe0, 0x1e, 0x6b, 0x18, 0x2, 0xcb,
    0xcf, 0x91, 0xd1, 0x7, 0x34, 0x23, 0x8e, 0x30,
    0x0,

    /* U+0699 "ڙ" */
    0x0, 0xf8, 0x44, 0x1, 0xe1, 0x16, 0xd0, 0x7,
    0xb6, 0x65, 0xe0, 0x1e, 0xd9, 0x97, 0x80, 0x7b,
    0x23, 0xe0, 0x3, 0xd3, 0x66, 0x60, 0xf, 0x21,
    0x0, 0x7f, 0x2e, 0xc0, 0x7, 0xc8, 0x4a, 0x1,
    0xf0, 0xa1, 0x0, 0x7e, 0x20, 0x10, 0xf, 0xfe,
    0x2a, 0x8, 0x80, 0x3c, 0x84, 0xe0, 0x1e, 0x6b,
    0x18, 0x2, 0xcb, 0xcf, 0x91, 0xd1, 0x7, 0x34,
    0x23, 0x8e, 0x30, 0x0,

    /* U+069A "ښ" */
    0x0, 0xff, 0xe1, 0xf6, 0x80, 0x7f, 0xf2, 0x51,
    0x0, 0x1f, 0xfc, 0x9a, 0x90, 0xf, 0xfe, 0x72,
    0x51, 0x80, 0x7f, 0xca, 0xe0, 0x3, 0x82, 0x0,
    0x12, 0xb0, 0x7, 0xfd, 0xd0, 0x0, 0x57, 0x60,
    0xf, 0xfe, 0x40, 0x80, 0x80, 0x4, 0x4, 0x2d,
    0xc0, 0x3f, 0xc8, 0x18, 0x1c, 0x0, 0xb0, 0x50,
    0x4d, 0x0, 0xff, 0x5f, 0xa0, 0x27, 0xf8, 0xd0,
    0x48, 0x8, 0x3, 0xf3, 0x81, 0x82, 0x5a, 0x0,
    0x12, 0x80, 0x40, 0x3f, 0xc6, 0x59, 0xf6, 0x97,
    0xfe, 0xb1, 0x2, 0x4, 0x0, 0xfa, 0x1, 0x0,
    0x25, 0xb3, 0x0, 0xc2, 0xa7, 0x68, 0x20, 0x3,
    0x97, 0x8, 0x0, 0x89, 0x1c, 0x3, 0xac, 0xd2,
    0xfb, 0xfd, 0x8c, 0x36, 0x20, 0x13, 0xfa, 0x0,
    0x70, 0xe5, 0x29, 0x9, 0x24, 0x7a, 0x0, 0x7f,
    0xc0,

    /* U+069B "ڛ" */
    0x0, 0xff, 0xe4, 0x37, 0xa8, 0x7, 0xfc, 0xae,
    0x0, 0x38, 0x20, 0xf, 0xfe, 0x27, 0x40, 0x1,
    0x5d, 0x80, 0x30, 0x80, 0x7f, 0xf0, 0xc4, 0x4,
    0x0, 0x20, 0xe1, 0x6e, 0x1, 0xfe, 0x40, 0xc0,
    0xe0, 0x5, 0x1, 0x2, 0x68, 0x7, 0xfa, 0xfd,
    0x1, 0x3f, 0xc4, 0xa2, 0x40, 0x40, 0x1f, 0x9c,
    0xc, 0x12, 0xd0, 0x0, 0xb6, 0x2, 0x1, 0xfe,
    0x32, 0xcf, 0xb4, 0xbf, 0xf5, 0x8, 0x10, 0x20,
    0x7, 0xd0, 0x8, 0x0, 0x11, 0x0, 0x80, 0x61,
    0x53, 0xb4, 0x10, 0x1, 0xcb, 0x84, 0x0, 0x23,
    0x3, 0x9c, 0x3, 0x59, 0xa5, 0xf7, 0xfb, 0x18,
    0x6c, 0x40, 0x17, 0x25, 0x6a, 0x1, 0x87, 0x29,
    0x48, 0x49, 0x23, 0xd0, 0x2, 0x20, 0xd6, 0x20,
    0xf, 0x2d, 0x6f, 0x6d, 0xb8, 0x80, 0x72, 0xd1,
    0x0, 0x60,

    /* U+069C "ڜ" */
    0x0, 0xff, 0xe1, 0x88, 0x80, 0x3f, 0xf9, 0x35,
    0xa0, 0x1f, 0xfc, 0x82, 0xf8, 0x20, 0xf, 0xfe,
    0x3e, 0x99, 0x68, 0x80, 0x7f, 0xf1, 0xa9, 0x5e,
    0x84, 0x3, 0xff, 0x8c, 0xa4, 0x2a, 0x1, 0xff,
    0xcd, 0x6f, 0x50, 0xf, 0xfa, 0x2c, 0x0, 0xb8,
    0x60, 0x1f, 0xfc, 0x43, 0x40, 0x1, 0x99, 0xc0,
    0x30, 0x80, 0x7f, 0xf0, 0xc4, 0x4, 0x0, 0x20,
    0xe1, 0x8e, 0x1, 0xfe, 0x40, 0xc0, 0xe0, 0x5,
    0x1, 0x1, 0xe8, 0x7, 0xfa, 0xfd, 0x1, 0x3f,
    0xc4, 0xa2, 0x40, 0x40, 0x1f, 0x9c, 0xc, 0x12,
    0xd0, 0x0, 0xb6, 0x2, 0x1, 0xfe, 0x32, 0xcf,
    0xb4, 0xbf, 0xf5, 0x8, 0x10, 0x20, 0x7, 0xd0,
    0x8, 0x0, 0x11, 0x0, 0x80, 0x61, 0x53, 0xb4,
    0x10, 0x1, 0xd3, 0x84, 0x0, 0x23, 0x3, 0x9c,
    0x3, 0x59, 0xa5, 0xf7, 0xfb, 0x14, 0x6c, 0x40,
    0x17, 0x25, 0x6a, 0x1, 0x87, 0x29, 0x48, 0x49,
    0x23, 0xd0, 0x2, 0x20, 0xd6, 0x20, 0xf, 0x2d,
    0x6f, 0x6d, 0xb8, 0x80, 0x72, 0xd1, 0x0, 0x60,

    /* U+069D "ڝ" */
    0x0, 0xff, 0xe3, 0xc, 0x6e, 0x30, 0x7, 0xff,
    0x1c, 0xbd, 0xc8, 0xe6, 0x40, 0x1f, 0xfc, 0x52,
    0xc1, 0x8f, 0xc2, 0x63, 0x0, 0xff, 0xe1, 0x8f,
    0x8e, 0x38, 0x1c, 0x85, 0x80, 0x7f, 0xf0, 0xe8,
    0xac, 0xc0, 0x26, 0x0, 0xff, 0xe0, 0xac, 0x83,
    0x24, 0x20, 0x6, 0xa0, 0xe0, 0xc8, 0x0, 0xfd,
    0x2d, 0x12, 0x8e, 0x0, 0x15, 0xb7, 0x26, 0x13,
    0x20, 0xf, 0xce, 0xe, 0xb, 0xdc, 0xfe, 0xa4,
    0x3f, 0x3, 0x2, 0x0, 0xfc, 0xe0, 0x60, 0x23,
    0x1, 0x2d, 0x61, 0x0, 0x80, 0x7f, 0x8c, 0xb3,
    0xff, 0xb6, 0x94, 0x2, 0x20, 0x40, 0xf, 0xa0,
    0x10, 0x0, 0x40, 0x22, 0x0, 0xf0, 0xa9, 0xda,
    0x8, 0x0, 0xe9, 0xc2, 0x1, 0x34, 0xaf, 0x40,
    0x3e, 0xb3, 0x4b, 0xef, 0xf6, 0x28, 0xd8, 0x82,
    0xd1, 0x4f, 0x80, 0x7c, 0x39, 0x4a, 0x42, 0x49,
    0x1e, 0x80, 0x1, 0x50, 0x33, 0x0, 0x78,

    /* U+069E "ڞ" */
    0x0, 0xff, 0xe1, 0x10, 0x7, 0xff, 0x2d, 0xb4,
    0x3, 0xff, 0x94, 0x2b, 0x44, 0x1, 0xff, 0xc9,
    0xa8, 0x4d, 0x50, 0xf, 0xfe, 0x45, 0x50, 0x75,
    0x40, 0x63, 0x71, 0x80, 0x3f, 0xf8, 0x42, 0x20,
    0x20, 0x2f, 0x72, 0x39, 0x90, 0x7, 0xff, 0x14,
    0xb0, 0x63, 0xf0, 0x98, 0xc0, 0x3f, 0xf8, 0x63,
    0xe3, 0x8e, 0x7, 0x21, 0x60, 0x1f, 0xfc, 0x3a,
    0x2b, 0x30, 0x9, 0x80, 0x3f, 0xf8, 0x2b, 0x20,
    0xc9, 0x8, 0x1, 0xa8, 0x38, 0x32, 0x0, 0x3f,
    0x4b, 0x44, 0xa3, 0x80, 0x5, 0x6d, 0xc9, 0x84,
    0xc8, 0x3, 0xf3, 0x83, 0x82, 0xf7, 0x3f, 0xa9,
    0xf, 0xc0, 0xc0, 0x80, 0x3f, 0x38, 0x18, 0x8,
    0xc0, 0x4b, 0x58, 0x40, 0x20, 0x1f, 0xe3, 0x2c,
    0xff, 0xed, 0xa5, 0x0, 0x88, 0x10, 0x3, 0xe8,
    0x4, 0x0, 0xff, 0xe0, 0xa, 0x9d, 0xa0, 0x80,
    0xe, 0x9c, 0x20, 0x3, 0xff, 0x83, 0x66, 0x97,
    0xdf, 0xec, 0x51, 0xb1, 0x0, 0xff, 0xe0, 0x8e,
    0x52, 0x90, 0x92, 0x47, 0xa0, 0x7, 0xff, 0x4,

    /* U+069F "ڟ" */
    0x0, 0xc, 0x18, 0x0, 0x80, 0x3f, 0x89, 0xd0,
    0x1, 0xac, 0x1, 0xff, 0xc0, 0x2a, 0x51, 0x0,
    0xff, 0x2e, 0xbc, 0x68, 0x7, 0xf9, 0x28, 0xa3,
    0xc0, 0x3f, 0xc2, 0xa0, 0x57, 0xb8, 0xe0, 0x1f,
    0xc5, 0x8e, 0x47, 0x14, 0x1, 0xf1, 0x61, 0x47,
    0x61, 0x2a, 0x0, 0x7b, 0xc6, 0xdc, 0x4e, 0x43,
    0x0, 0x3a, 0x8a, 0x90, 0x2, 0x50, 0x10, 0xd,
    0x4b, 0xa, 0x1, 0xa4, 0x3c, 0x3, 0x11, 0xb8,
    0x0, 0x56, 0x9c, 0x5e, 0xfb, 0x40, 0x7, 0xdc,
    0xfe, 0xa5, 0x2c, 0x16, 0x11, 0x0, 0x42, 0x20,
    0x25, 0xad, 0x20,

    /* U+06A0 "ڠ" */
    0x0, 0xc4, 0x1, 0xfc, 0xba, 0x20, 0x1f, 0xb,
    0x51, 0x80, 0x7d, 0x7e, 0xba, 0xc0, 0x1e, 0x9f,
    0xa, 0x40, 0xf, 0x19, 0x81, 0x48, 0x3, 0xc9,
    0x9f, 0xd4, 0x40, 0x18, 0xec, 0xc0, 0x57, 0x0,
    0x34, 0x5, 0x7f, 0x9c, 0x8c, 0x2, 0x62, 0x50,
    0x4, 0x61, 0x80, 0x4e, 0x46, 0x1, 0xfa, 0xcb,
    0x1e, 0x2f, 0x88, 0x2, 0x14, 0x8, 0x75, 0x50,
    0x80, 0x7, 0x59, 0x6f, 0xb9, 0x66, 0x0, 0x92,
    0x9a, 0x41, 0x0, 0xe5, 0x16, 0x0, 0xfc, 0x64,
    0x1, 0xfc, 0xa6, 0x60, 0xf, 0xdc, 0x1a, 0xe2,
    0x1, 0x13, 0x2, 0xc0, 0xc7, 0x7f, 0xdb, 0x24,
    0xf, 0x8a, 0x40, 0x1, 0x47, 0x30,

    /* U+06A1 "ڡ" */
    0x0, 0xff, 0x93, 0x7e, 0x80, 0x3f, 0xf8, 0x5,
    0x64, 0xb, 0x60, 0x1f, 0xf4, 0x5, 0xfa, 0x21,
    0x40, 0x3f, 0xcc, 0x28, 0x12, 0x1f, 0x1e, 0x40,
    0x1f, 0x30, 0xa8, 0x10, 0xb9, 0x1, 0x0, 0x7d,
    0xc1, 0x5f, 0xe1, 0x31, 0x0, 0xfe, 0x4b, 0x30,
    0x10, 0x21, 0x4, 0x0, 0xfc, 0x99, 0xe8, 0x15,
    0xc1, 0x6e, 0x40, 0x1c, 0x26, 0xfa, 0xa6, 0xc9,
    0x1, 0x1b, 0xfd, 0xcf, 0xf7, 0x64, 0x13, 0x60,
    0x1, 0xf5, 0x8c, 0x46, 0x1, 0x36, 0xae, 0x90,
    0x0,

    /* U+06A2 "ڢ" */
    0x0, 0xff, 0x93, 0x7e, 0x80, 0x3f, 0xf8, 0x5,
    0x64, 0xb, 0x60, 0x1f, 0xf4, 0x5, 0xfa, 0x21,
    0x40, 0x3f, 0xcc, 0x28, 0x12, 0x1f, 0x1e, 0x40,
    0x1f, 0x30, 0xa8, 0x10, 0xb9, 0x1, 0x0, 0x7d,
    0xc1, 0x5f, 0xe1, 0x31, 0x0, 0xfe, 0x4b, 0x30,
    0x10, 0x21, 0x4, 0x0, 0xfc, 0x99, 0xe8, 0x15,
    0xc1, 0x6e, 0x40, 0x1c, 0x26, 0xfa, 0xa6, 0xc9,
    0x1, 0x1b, 0xfd, 0xcf, 0xf7, 0x64, 0x13, 0x60,
    0x1, 0xf5, 0x8c, 0x46, 0x1, 0x36, 0xae, 0x90,
    0xc, 0x53, 0x9d, 0xff, 0x76, 0x4a, 0x88, 0x7,
    0xff, 0x10, 0xbe, 0x40, 0x3f, 0xf8, 0x69, 0xe0,

    /* U+06A3 "ڣ" */
    0x0, 0xff, 0x8a, 0xd4, 0x3, 0xff, 0x84, 0xc8,
    0x40, 0x1f, 0xfc, 0x24, 0xf7, 0x0, 0xff, 0xf2,
    0x26, 0xfd, 0x0, 0x7f, 0xf0, 0xa, 0xc8, 0x16,
    0xc0, 0x3f, 0xe8, 0xb, 0xf4, 0x42, 0x80, 0x7f,
    0x98, 0x50, 0x24, 0x3e, 0x3c, 0x80, 0x3e, 0x61,
    0x50, 0x21, 0x72, 0x2, 0x0, 0xfb, 0x82, 0xbf,
    0xc2, 0x62, 0x1, 0xfc, 0x96, 0x60, 0x20, 0x42,
    0x8, 0x1, 0xf9, 0x33, 0xd0, 0x2b, 0x82, 0xdc,
    0x80, 0x38, 0x4d, 0xf5, 0x4d, 0x92, 0x2, 0x37,
    0xfb, 0x9f, 0xee, 0xc8, 0x26, 0xc0, 0x3, 0xeb,
    0x18, 0x8c, 0x2, 0x6d, 0x5d, 0x20, 0x18, 0xa7,
    0x3b, 0xfe, 0xec, 0x95, 0x10, 0xf, 0xfe, 0x21,
    0x7c, 0x80, 0x7f, 0xf0, 0xd3, 0xc0,

    /* U+06A4 "ڤ" */
    0x0, 0xff, 0xe0, 0x10, 0x7, 0xff, 0xc, 0x75,
    0x40, 0x3f, 0xf8, 0x47, 0x4c, 0x20, 0x1f, 0xfc,
    0x6, 0xd5, 0xfb, 0x0, 0xff, 0xe0, 0x3d, 0x7,
    0xc8, 0x7, 0xff, 0x0, 0x54, 0xc, 0xc0, 0x1f,
    0xfd, 0x24, 0xdf, 0xa0, 0xf, 0xfe, 0x1, 0x59,
    0x2, 0xd8, 0x7, 0xfd, 0x1, 0x7e, 0x88, 0x50,
    0xf, 0xf3, 0xa, 0x4, 0x87, 0xc7, 0x90, 0x7,
    0xcc, 0x2a, 0x4, 0x2e, 0x40, 0x40, 0x1f, 0x70,
    0x57, 0xf8, 0x4c, 0x40, 0x3f, 0x92, 0xcc, 0x4,
    0x8, 0x41, 0x0, 0x3f, 0x26, 0x7a, 0x5, 0x70,
    0x5b, 0x90, 0x7, 0x9, 0xbe, 0xa9, 0xb2, 0x40,
    0x46, 0xff, 0x73, 0xfd, 0xd9, 0x4, 0xd8, 0x0,
    0x7d, 0x63, 0x11, 0x80, 0x4d, 0xab, 0xa4, 0x0,

    /* U+06A5 "ڥ" */
    0x0, 0xff, 0x93, 0x7e, 0x80, 0x3f, 0xf8, 0x5,
    0x64, 0xb, 0x60, 0x1f, 0xf4, 0x5, 0xfa, 0x21,
    0x40, 0x3f, 0xcc, 0x28, 0x12, 0x1f, 0x1e, 0x40,
    0x1f, 0x30, 0xa8, 0x10, 0xb9, 0x1, 0x0, 0x7d,
    0xc1, 0x5f, 0xe1, 0x31, 0x0, 0xfe, 0x4b, 0x30,
    0x10, 0x21, 0x4, 0x0, 0xfc, 0x99, 0xe8, 0x15,
    0xc1, 0x6e, 0x40, 0x1c, 0x26, 0xfa, 0xa6, 0xc9,
    0x1, 0x1b, 0xfd, 0xcf, 0xf7, 0x64, 0x13, 0x60,
    0x1, 0xf5, 0x8c, 0x46, 0x1, 0x36, 0xae, 0x90,
    0xc, 0x53, 0x9d, 0xff, 0x76, 0x4a, 0x98, 0x8,
    0x80, 0x3f, 0xf8, 0xb, 0xa5, 0x5a, 0x1, 0xff,
    0xc0, 0x4a, 0xf, 0xf0, 0x7, 0xff, 0x0, 0x57,
    0x48, 0xc0, 0x3f, 0xf8, 0x54, 0x80,

    /* U+06A6 "ڦ" */
    0x0, 0xff, 0xe0, 0x90, 0x7, 0xff, 0x8, 0x83,
    0x5c, 0x3, 0xff, 0x80, 0x38, 0x90, 0x80, 0x1f,
    0xfc, 0x1, 0xc4, 0x84, 0x0, 0xff, 0xe0, 0xe,
    0xad, 0x28, 0x7, 0xff, 0x0, 0x69, 0x14, 0x80,
    0x3f, 0xf8, 0x2a, 0x20, 0x1f, 0xfd, 0x44, 0xdf,
    0xa0, 0xf, 0xfe, 0x1, 0x59, 0x2, 0xd8, 0x7,
    0xfd, 0x1, 0x7e, 0x88, 0x50, 0xf, 0xf3, 0xa,
    0x4, 0x87, 0xc7, 0x90, 0x7, 0xcc, 0x2a, 0x4,
    0x2e, 0x40, 0x40, 0x1f, 0x70, 0x57, 0xf8, 0x4c,
    0x40, 0x3f, 0x92, 0xcc, 0x4, 0x8, 0x41, 0x0,
    0x3f, 0x26, 0x7a, 0x5, 0x70, 0x5b, 0x90, 0x7,
    0x9, 0xbe, 0xa9, 0xb2, 0x40, 0x46, 0xff, 0x73,
    0xfd, 0xd9, 0x4, 0xd8, 0x0, 0x7d, 0x63, 0x11,
    0x80, 0x4d, 0xab, 0xa4, 0x0,

    /* U+06A7 "ڧ" */
    0x0, 0xff, 0x7e, 0x0, 0x7f, 0xf0, 0x51, 0x40,
    0x3f, 0xf8, 0x37, 0x20, 0x1f, 0xfc, 0xf5, 0xcd,
    0x60, 0xf, 0xf2, 0x51, 0x94, 0xb0, 0x7, 0xf4,
    0x85, 0x71, 0x48, 0x80, 0x7e, 0x23, 0x51, 0xb0,
    0x70, 0xf, 0x84, 0x3, 0x30, 0x78, 0x7, 0xc2,
    0x46, 0xe0, 0x22, 0x20, 0xf, 0xd2, 0x11, 0xfc,
    0x20, 0xf, 0x70, 0xe, 0x4c, 0x52, 0x20, 0x11,
    0x80, 0x7e, 0x3a, 0xdb, 0xc, 0x70, 0x10, 0xf,
    0xc5, 0x4, 0xae, 0x18, 0x1, 0xf1, 0xe0, 0xc8,
    0x19, 0x2c, 0x8, 0x4, 0x95, 0x83, 0x28, 0x0,
    0x90, 0x7e, 0xfe, 0xfb, 0x51, 0xb6, 0x0, 0x93,
    0x58, 0x80, 0x49, 0x67, 0x90, 0x2,

    /* U+06A8 "ڨ" */
    0x0, 0xff, 0x8, 0x80, 0x3f, 0xf8, 0x3b, 0x60,
    0x1f, 0xfc, 0x2, 0x8e, 0x10, 0xf, 0xf0, 0xe8,
    0x9f, 0x0, 0x7f, 0x86, 0x91, 0x6c, 0x3, 0xfe,
    0x51, 0x24, 0x0, 0xff, 0xe7, 0x2e, 0x6b, 0x0,
    0x7f, 0x92, 0x8c, 0xa5, 0x80, 0x3f, 0xa4, 0x2b,
    0x8a, 0x44, 0x3, 0xf1, 0x1a, 0x8d, 0x83, 0x80,
    0x7c, 0x20, 0x19, 0x83, 0xc0, 0x3e, 0x12, 0x37,
    0x1, 0x11, 0x0, 0x7e, 0x90, 0x8f, 0xe1, 0x0,
    0x7b, 0x80, 0x72, 0x62, 0x91, 0x0, 0x8c, 0x3,
    0xf1, 0xd6, 0xd8, 0x63, 0x80, 0x80, 0x7e, 0x28,
    0x25, 0x70, 0xc0, 0xf, 0x8f, 0x6, 0x40, 0xc9,
    0x60, 0x40, 0x24, 0xac, 0x19, 0x40, 0x4, 0x83,
    0xf7, 0xf7, 0xda, 0x8d, 0xb0, 0x4, 0x9a, 0xc4,
    0x2, 0x4b, 0x3c, 0x80, 0x10,

    /* U+06A9 "ک" */
    0x0, 0xff, 0xe1, 0x88, 0x7, 0xff, 0x0, 0x5f,
    0xa4, 0x3, 0xfc, 0x75, 0xd0, 0x1a, 0x1, 0xf8,
    0xf3, 0xa, 0x75, 0xca, 0x1, 0xf1, 0x61, 0xb6,
    0xe2, 0x80, 0x7f, 0x28, 0x54, 0x90, 0x7, 0xfc,
    0x81, 0xe0, 0x1f, 0xfc, 0x13, 0x75, 0x70, 0xf,
    0xfe, 0xc, 0x24, 0x20, 0x6, 0x8a, 0x0, 0xfa,
    0xca, 0xc8, 0x2, 0x35, 0x0, 0xfd, 0xc1, 0x0,
    0x1c, 0x20, 0x1f, 0x18, 0xb8, 0x5, 0x81, 0xa6,
    0x1, 0xe6, 0x16, 0x0, 0x9c, 0xcd, 0x9f, 0xdd,
    0xbe, 0x43, 0xc0, 0x36, 0x49, 0x88, 0xf9, 0x31,
    0x0, 0x20,

    /* U+06AA "ڪ" */
    0x0, 0xff, 0x8, 0x7, 0xff, 0x11, 0x76, 0x40,
    0x3f, 0xf8, 0x4d, 0xb4, 0x5a, 0x1, 0xff, 0xc0,
    0x4d, 0x93, 0x8f, 0x50, 0xf, 0xf9, 0x2c, 0xe7,
    0x9c, 0x3, 0xff, 0x83, 0x81, 0x4c, 0x1, 0xff,
    0xc3, 0xa1, 0xba, 0x73, 0x0, 0xff, 0xe0, 0x97,
    0xb2, 0x46, 0x7e, 0x42, 0x88, 0x7, 0xf0, 0xcf,
    0x6d, 0x30, 0x3d, 0x77, 0x29, 0x40, 0x11, 0x40,
    0x1c, 0x4b, 0x39, 0xf7, 0xa, 0xaa, 0xd2, 0x35,
    0x0, 0xff, 0x23, 0xdf, 0xc1, 0x48, 0x0, 0x40,
    0x3f, 0xf8, 0x2e, 0x4b, 0x81, 0xa6, 0x1, 0xff,
    0xc0, 0x52, 0x23, 0x99, 0xb3, 0xfb, 0xbf, 0xdf,
    0x41, 0x1, 0x92, 0x62, 0x3f, 0xfc, 0x5, 0xc4,

    /* U+06AB "ګ" */
    0x0, 0xff, 0xe1, 0x12, 0x0, 0x7f, 0xf0, 0x12,
    0xf7, 0x0, 0x3f, 0xcd, 0xb6, 0x88, 0xb0, 0xf,
    0xcb, 0xd2, 0x4a, 0x76, 0x60, 0x1f, 0x1d, 0x4,
    0x9d, 0x30, 0x80, 0x7e, 0x40, 0xa6, 0xfb, 0xd1,
    0x0, 0xfc, 0xa1, 0x0, 0x76, 0xe0, 0x1f, 0xc5,
    0x7, 0x20, 0x1f, 0xfc, 0x17, 0x56, 0x60, 0x6,
    0x9c, 0x0, 0xfa, 0x8e, 0x48, 0x2, 0x23, 0x0,
    0xfd, 0xc1, 0x0, 0x1c, 0x20, 0x1f, 0x10, 0xb8,
    0x5, 0x81, 0xa6, 0x1, 0xe6, 0x16, 0x0, 0x9c,
    0xcd, 0x9f, 0xdd, 0xbe, 0x43, 0xc0, 0x36, 0x49,
    0x88, 0xf9, 0x71, 0x0, 0x20,

    /* U+06AC "ڬ" */
    0x0, 0xf2, 0x7b, 0x80, 0x7f, 0x9d, 0x8, 0x1,
    0xd8, 0x1, 0xe3, 0xb5, 0x0, 0xff, 0xe5, 0xd,
    0x20, 0x7, 0xfa, 0x71, 0x0, 0x3f, 0xd3, 0xd0,
    0x1, 0xfe, 0x1a, 0x40, 0xe, 0x32, 0x0, 0x15,
    0xc7, 0x0, 0x74, 0xe8, 0x0, 0xae, 0x88, 0x2,
    0x17, 0x10, 0xf, 0xe3, 0x2, 0x10, 0x10, 0xf,
    0xa0, 0x37, 0x3, 0x50, 0x3, 0x26, 0x21, 0xa3,
    0x21, 0xdf, 0xf7, 0x3e, 0xcc, 0xda, 0x0, 0xb9,
    0x31, 0x1c, 0x95, 0x82, 0x0,

    /* U+06AD "ڭ" */
    0x0, 0xf1, 0x0, 0x7f, 0xcb, 0xa4, 0x1, 0xfc,
    0x2d, 0x40, 0x1f, 0xeb, 0xe5, 0xd7, 0x0, 0xfd,
    0x32, 0xb, 0x50, 0x7, 0x60, 0x6, 0x34, 0x4,
    0x20, 0xf, 0xfe, 0x51, 0xe2, 0x0, 0x7f, 0xae,
    0x90, 0x3, 0xfd, 0x1, 0x40, 0x1f, 0xf2, 0x8,
    0x7, 0x19, 0x0, 0xa, 0xed, 0x20, 0x1d, 0x3a,
    0x0, 0x2b, 0x92, 0x0, 0x85, 0xc4, 0x3, 0xf8,
    0xc0, 0x84, 0x4, 0x3, 0xe8, 0xd, 0xc0, 0xd4,
    0x0, 0xc9, 0x88, 0x68, 0xc8, 0x77, 0xfd, 0xcf,
    0xb3, 0x36, 0x80, 0x2e, 0x4c, 0x47, 0x25, 0x60,
    0x80,

    /* U+06AE "ڮ" */
    0x0, 0xff, 0xbb, 0x0, 0x3f, 0xfa, 0x63, 0x28,
    0x1, 0xfe, 0x9f, 0x40, 0xf, 0xf4, 0xf4, 0x0,
    0x7f, 0x86, 0x90, 0x3, 0x8c, 0x80, 0x5, 0x71,
    0xc0, 0x1d, 0x3a, 0x0, 0x2b, 0xa2, 0x0, 0x85,
    0xc4, 0x3, 0xf8, 0xc0, 0x84, 0x4, 0x3, 0xe8,
    0xd, 0xc0, 0xd4, 0x0, 0xc9, 0x88, 0x68, 0xc8,
    0x77, 0xfd, 0xcf, 0xb3, 0x36, 0x80, 0x2e, 0x4c,
    0x47, 0x25, 0x60, 0x80, 0x4d, 0x9f, 0xdf, 0xeb,
    0x50, 0xf, 0xaf, 0x3, 0x9c, 0x3, 0xf4, 0xc8,
    0xa9, 0x40, 0x3f, 0x18, 0xeb, 0x90, 0x7, 0xf2,
    0x51, 0x0, 0x70,

    /* U+06AF "گ" */
    0x0, 0xff, 0xe1, 0x33, 0x0, 0x3f, 0xe2, 0x9b,
    0x34, 0x0, 0xfe, 0x5b, 0xb6, 0xe5, 0xd0, 0x7,
    0xe9, 0x2f, 0x3b, 0x80, 0xd0, 0xf, 0xd5, 0x76,
    0x53, 0xae, 0x50, 0xf, 0x8b, 0xd, 0xb7, 0x14,
    0x3, 0xf9, 0x42, 0xa4, 0x80, 0x3f, 0xe4, 0xf,
    0x0, 0xff, 0xe0, 0x9b, 0xab, 0x80, 0x7f, 0xf0,
    0x61, 0x21, 0x0, 0x34, 0x50, 0x7, 0xd6, 0x56,
    0x40, 0x11, 0xa8, 0x7, 0xee, 0x8, 0x0, 0xe1,
    0x0, 0xf8, 0xc5, 0xc0, 0x2c, 0xd, 0x30, 0xf,
    0x30, 0xb0, 0x4, 0xe6, 0x6c, 0xfe, 0xed, 0xf2,
    0x1e, 0x1, 0xb2, 0x4c, 0x47, 0xc9, 0x88, 0x1,
    0x0,

    /* U+06B0 "ڰ" */
    0x0, 0xff, 0xe8, 0x9d, 0x30, 0x7, 0xfc, 0xd7,
    0x6e, 0x20, 0xf, 0xc5, 0x16, 0x7e, 0x77, 0x80,
    0x1f, 0x96, 0xf6, 0x2d, 0x11, 0x60, 0x1f, 0x8b,
    0x64, 0x94, 0xec, 0xc0, 0x3e, 0x3a, 0x9, 0x3a,
    0x61, 0x0, 0xfc, 0x81, 0x4d, 0xf7, 0xa2, 0x1,
    0xf9, 0x42, 0x0, 0xed, 0xc0, 0x3f, 0x8a, 0xe,
    0x40, 0x3f, 0xf8, 0x2e, 0xac, 0xc0, 0xd, 0x38,
    0x1, 0xf5, 0x1c, 0x90, 0x4, 0x46, 0x1, 0xfb,
    0x82, 0x0, 0x38, 0x40, 0x3e, 0x21, 0x70, 0xb,
    0x3, 0x4c, 0x3, 0xcc, 0x2c, 0x1, 0x39, 0x9b,
    0x3f, 0xbb, 0x7c, 0x87, 0x80, 0x6c, 0x93, 0x11,
    0xf2, 0xe2, 0x0, 0x40,

    /* U+06B1 "ڱ" */
    0x0, 0xfe, 0x10, 0x11, 0x0, 0x7f, 0xcd, 0xc3,
    0xb4, 0x1, 0xff, 0x3d, 0x8f, 0xc0, 0x22, 0x80,
    0x7e, 0x14, 0x2, 0x4b, 0x37, 0x0, 0xfe, 0x3a,
    0xb2, 0xdb, 0xa0, 0xf, 0xd3, 0x7c, 0x57, 0x27,
    0xc0, 0x1f, 0xac, 0xad, 0xce, 0x79, 0x80, 0x3e,
    0x2d, 0x55, 0x66, 0xb0, 0x80, 0x7e, 0x50, 0xaa,
    0x18, 0x7, 0xfc, 0x81, 0xe0, 0x1f, 0xfc, 0x13,
    0x65, 0x60, 0xf, 0xfe, 0xc, 0xa4, 0xa0, 0x6,
    0x8a, 0x0, 0xfa, 0x8a, 0x84, 0x2, 0x35, 0x0,
    0xf8, 0x78, 0x60, 0x3, 0x84, 0x3, 0xe3, 0x14,
    0x0, 0xb0, 0x34, 0xc0, 0x3c, 0xc2, 0xc0, 0x13,
    0x99, 0xb3, 0xfb, 0xb7, 0xc8, 0x78, 0x6, 0xc8,
    0x31, 0x1f, 0x26, 0x20, 0x4,

    /* U+06B2 "ڲ" */
    0x0, 0xff, 0xe1, 0x33, 0x0, 0x3f, 0xe2, 0x9b,
    0x34, 0x0, 0xfe, 0x5b, 0xb6, 0xe5, 0xd0, 0x7,
    0xe9, 0x2f, 0x3b, 0x80, 0xd0, 0xf, 0xd5, 0x76,
    0x53, 0xae, 0x50, 0xf, 0x8b, 0xd, 0xb7, 0x14,
    0x3, 0xf9, 0x42, 0xa4, 0x80, 0x3f, 0xe4, 0xf,
    0x0, 0xff, 0xe0, 0x9b, 0xab, 0x80, 0x7f, 0xf0,
    0x61, 0x21, 0x0, 0x34, 0x50, 0x7, 0xd6, 0x56,
    0x40, 0x11, 0xa8, 0x7, 0xee, 0x8, 0x0, 0xe1,
    0x0, 0xf8, 0xc5, 0xc0, 0x2c, 0xd, 0x30, 0xf,
    0x30, 0xb0, 0x4, 0xe6, 0x6c, 0xfe, 0xed, 0xf2,
    0x1e, 0x1, 0xb2, 0x4c, 0x47, 0xc9, 0x88, 0x1,
    0xcd, 0x9d, 0xff, 0xba, 0xcc, 0x3, 0xf8, 0x44,
    0x4, 0x1, 0xff, 0xc0, 0xf9, 0x4d, 0x20, 0xf,
    0xfa, 0xa8, 0xb4, 0x40, 0x1e,

    /* U+06B3 "ڳ" */
    0x0, 0xff, 0xe1, 0x33, 0x0, 0x3f, 0xe2, 0x9b,
    0x34, 0x0, 0xfe, 0x5b, 0xb6, 0xe5, 0xd0, 0x7,
    0xe9, 0x2f, 0x3b, 0x80, 0xd0, 0xf, 0xd5, 0x76,
    0x53, 0xae, 0x50, 0xf, 0x8b, 0xd, 0xb7, 0x14,
    0x3, 0xf9, 0x42, 0xa4, 0x80, 0x3f, 0xe4, 0xf,
    0x0, 0xff, 0xe0, 0x9b, 0xab, 0x80, 0x7f, 0xf0,
    0x61, 0x21, 0x0, 0x34, 0x50, 0x7, 0xd6, 0x56,
    0x40, 0x11, 0xa8, 0x7, 0xee, 0x8, 0x0, 0xe1,
    0x0, 0xf8, 0xc5, 0xc0, 0x2c, 0xd, 0x30, 0xf,
    0x30, 0xb0, 0x4, 0xe6, 0x6c, 0xfe, 0xed, 0xf2,
    0x1e, 0x1, 0xb2, 0x4c, 0x47, 0xc9, 0x88, 0x1,
    0xcd, 0x9d, 0xff, 0xba, 0xcc, 0x3, 0xfe, 0x20,
    0xf, 0xfe, 0x13, 0x68, 0x7, 0xff, 0x9, 0x20,
    0x3, 0xff, 0x84, 0x90, 0x1, 0xff, 0xc2, 0x4a,
    0x0, 0xfc,

    /* U+06B4 "ڴ" */
    0x0, 0xfc, 0x40, 0x1f, 0xfc, 0x3d, 0x70, 0xf,
    0xfe, 0x9, 0x52, 0x8, 0x7, 0xfc, 0x9a, 0xf3,
    0xa0, 0x1f, 0xf2, 0xd1, 0x4f, 0x80, 0x12, 0xd8,
    0x3, 0xc2, 0xa0, 0x64, 0xf6, 0x7e, 0x40, 0x1f,
    0x8a, 0x68, 0xba, 0xed, 0x80, 0x1f, 0x96, 0xb2,
    0xe8, 0xd2, 0xc0, 0x3f, 0xe, 0xc0, 0x3e, 0xd9,
    0x80, 0x7c, 0x92, 0x75, 0xd0, 0x40, 0x1f, 0xc4,
    0x12, 0xa0, 0x1f, 0xfc, 0x4, 0x8, 0x0, 0xff,
    0xe0, 0x94, 0x1c, 0x80, 0x7f, 0xf0, 0x5d, 0x59,
    0x80, 0x1a, 0x70, 0x3, 0xea, 0x39, 0x20, 0x8,
    0x8c, 0x3, 0xf7, 0x4, 0x0, 0x70, 0x80, 0x7c,
    0x42, 0xe0, 0x16, 0x6, 0x98, 0x7, 0x98, 0x58,
    0x2, 0x73, 0x36, 0x7f, 0x76, 0xf9, 0xf, 0x0,
    0xd9, 0x26, 0x23, 0xe5, 0xc4, 0x0, 0x80,

    /* U+06B5 "ڵ" */
    0x0, 0xfe, 0x41, 0x41, 0x0, 0xfe, 0x79, 0xf1,
    0x0, 0xfe, 0x33, 0x68, 0x7, 0xfd, 0x6c, 0x1,
    0xff, 0xcc, 0xde, 0x0, 0xff, 0xff, 0x80, 0x7f,
    0xfb, 0xb, 0x94, 0x3, 0xe3, 0x30, 0x30, 0x98,
    0x7, 0x84, 0x4c, 0x1, 0x70, 0x7, 0xa4, 0x30,
    0x14, 0x1d, 0x44, 0x4, 0xe9, 0xc5, 0x80, 0x60,
    0x2b, 0xbf, 0xb1, 0x47, 0x44, 0x0, 0xf6, 0xa4,
    0x24, 0x91, 0xe6, 0x0,

    /* U+06B6 "ڶ" */
    0x0, 0xff, 0x7e, 0x0, 0x7f, 0x91, 0x0, 0x1f,
    0xeb, 0x80, 0xf, 0xfe, 0x56, 0xf0, 0x7, 0xff,
    0xfc, 0x3, 0xff, 0xc2, 0x5c, 0xa0, 0x1f, 0x19,
    0x98, 0x4c, 0x3, 0xc2, 0x26, 0x0, 0x70, 0x7,
    0xa4, 0x31, 0x41, 0xd4, 0x40, 0x4e, 0x9c, 0x58,
    0x60, 0x2b, 0xbf, 0xb1, 0x47, 0x44, 0x1e, 0xd4,
    0x84, 0x92, 0x3c, 0xc0,

    /* U+06B7 "ڷ" */
    0x0, 0xff, 0x8, 0x80, 0x3f, 0xec, 0xb0, 0xf,
    0xf1, 0x4f, 0x8, 0x7, 0xe2, 0xd1, 0xce, 0x0,
    0xfc, 0x54, 0x95, 0x60, 0x1f, 0xca, 0x24, 0x80,
    0x1f, 0xfc, 0xbd, 0xe0, 0xf, 0xff, 0xf8, 0x7,
    0xff, 0xb0, 0xb9, 0x40, 0x3e, 0x33, 0x3, 0x9,
    0x80, 0x78, 0x44, 0xc0, 0x17, 0x0, 0x7a, 0x43,
    0x1, 0x41, 0xd4, 0x40, 0x4e, 0x9c, 0x58, 0x6,
    0x2, 0xbb, 0xfb, 0x14, 0x74, 0x40, 0xf, 0x6a,
    0x42, 0x49, 0x1e, 0x60, 0x0,

    /* U+06BA "ں" */
    0x69, 0x0, 0xf8, 0xa9, 0x31, 0x80, 0x3e, 0x15,
    0x31, 0x0, 0xfc, 0x21, 0xe0, 0x1f, 0xf0, 0x90,
    0x20, 0x7, 0x90, 0x3e, 0x82, 0x98, 0x40, 0x2,
    0xf2, 0xe, 0x72, 0x33, 0xdf, 0xee, 0x80, 0xb1,
    0x6, 0xc5, 0x10, 0x1, 0x36, 0xa0, 0x0,

    /* U+06BB "ڻ" */
    0x0, 0xcc, 0x80, 0x1f, 0xf0, 0xdc, 0x80, 0x7f,
    0x4c, 0x88, 0x3, 0xf6, 0x8f, 0x60, 0x7, 0xeb,
    0xdc, 0x70, 0xf, 0xfe, 0x24, 0x70, 0x80, 0x78,
    0xf9, 0x88, 0x44, 0x1, 0xf0, 0xf0, 0x80, 0x7e,
    0x10, 0x10, 0xf, 0xf8, 0x4c, 0x10, 0x3, 0xca,
    0x1d, 0x41, 0x4c, 0x20, 0x1, 0x88, 0xb, 0x15,
    0xc, 0xf7, 0xfb, 0x9c, 0x74, 0x0, 0xba, 0xc4,
    0x0, 0x27, 0xf3, 0x0,

    /* U+06BC "ڼ" */
    0x0, 0xee, 0xd0, 0xf, 0xf2, 0xa0, 0x7, 0xfa,
    0xe4, 0x3, 0x84, 0x3, 0xfe, 0x8f, 0x10, 0xf,
    0x1f, 0xb1, 0x80, 0x80, 0x7e, 0xe1, 0x0, 0xfc,
    0x20, 0x20, 0x1f, 0xf0, 0x98, 0x28, 0x7, 0xa8,
    0x36, 0x82, 0xa0, 0x80, 0x4e, 0x5c, 0x54, 0xac,
    0x1f, 0x7f, 0xb1, 0x8b, 0x0, 0x9, 0xce, 0x60,
    0x3, 0x9d, 0x20, 0x8, 0x63, 0xdf, 0x15, 0x80,
    0x3e, 0x32, 0x8b, 0x0, 0xc0,

    /* U+06BD "ڽ" */
    0x0, 0xe1, 0x10, 0x7, 0xfb, 0xa4, 0x3, 0xf8,
    0xaa, 0xc4, 0x3, 0xe4, 0xd6, 0xac, 0x0, 0xf9,
    0x68, 0xaa, 0x40, 0x3e, 0x15, 0x13, 0x40, 0xc,
    0xd2, 0x1, 0xf0, 0xca, 0x63, 0x0, 0x7c, 0x4c,
    0x62, 0x1, 0xf8, 0x43, 0xc0, 0x3f, 0xe1, 0x20,
    0x40, 0xf, 0x20, 0x7d, 0x5, 0x30, 0x80, 0x5,
    0xe4, 0x1c, 0xe4, 0x67, 0xbf, 0xdd, 0x1, 0x62,
    0xd, 0x8a, 0x20, 0x2, 0x6d, 0x40,

    /* U+06BE "ھ" */
    0x0, 0x3f, 0x7f, 0xbb, 0x1c, 0x40, 0x38, 0xc4,
    0x4, 0x47, 0x1c, 0xe0, 0x19, 0x3b, 0xfb, 0xf6,
    0x6, 0x20, 0x1, 0x84, 0x2, 0x27, 0xf2, 0x73,
    0x0, 0xa3, 0x7e, 0xc8, 0x7, 0x82, 0x40, 0x12,
    0xe4, 0x9, 0x82, 0x6, 0x2e, 0x0, 0x63, 0xef,
    0x71, 0x70, 0xe, 0x10, 0x51, 0xb, 0x1, 0x2,
    0x17, 0x1, 0x36, 0x60, 0xf8, 0x29, 0x78, 0x48,
    0x3, 0x86, 0x78, 0xc3, 0xf4, 0xa8, 0xcd, 0x98,
    0x10, 0x21, 0x3, 0x5d, 0x50, 0x13, 0x33, 0xee,
    0xbb, 0xfa, 0x88, 0x0, 0x5d, 0xb0, 0x40, 0x1f,
    0x80,

    /* U+06C0 "ۀ" */
    0x0, 0x26, 0x58, 0x7, 0x8a, 0xa8, 0x1, 0xe5,
    0x8a, 0x20, 0xe, 0x3e, 0xb2, 0x0, 0xff, 0xe1,
    0xac, 0x0, 0x7a, 0xe9, 0xf4, 0x80, 0x2c, 0x47,
    0xb3, 0xc1, 0x5, 0x36, 0x84, 0xa1, 0xb0, 0xf0,
    0x80, 0x2, 0x1a, 0x0, 0x80, 0x80, 0x4e, 0x20,
    0x40, 0xe0, 0x4, 0x41, 0x5, 0x84, 0x7f, 0xac,
    0x2c, 0xb, 0x50, 0x0, 0x74, 0xc0,

    /* U+06C1 "ہ" */
    0x0, 0x4f, 0x4a, 0x8, 0x7, 0x23, 0x3, 0x5f,
    0x7f, 0x70, 0x89, 0x43, 0xf8, 0xc6, 0x23, 0xa4,
    0x60, 0x4e, 0x73, 0xbf, 0xc7, 0x70, 0xc0, 0x1f,
    0x80,

    /* U+06C2 "ۂ" */
    0x2, 0xca, 0x0, 0xfc, 0x93, 0x0, 0x1f, 0x92,
    0xb9, 0x0, 0x3e, 0x3d, 0xc4, 0x0, 0xf8, 0x48,
    0x3, 0xfc, 0x24, 0x1, 0xfd, 0x5b, 0x6c, 0x40,
    0x1c, 0xc8, 0x29, 0x3b, 0xfe, 0xe2, 0x24, 0x8f,
    0xe3, 0x18, 0x80, 0x8a, 0x42, 0x4, 0xe7, 0x3b,
    0xfc, 0x77, 0xc, 0x1, 0xf8,

    /* U+06C3 "ۃ" */
    0x1, 0x0, 0x8, 0x7, 0xdc, 0xeb, 0xc2, 0x1,
    0xeb, 0x54, 0xb1, 0x0, 0xf2, 0x10, 0xa0, 0x7,
    0xe1, 0x20, 0xf, 0xea, 0xdb, 0x62, 0x0, 0xe6,
    0x41, 0x49, 0xdf, 0xf7, 0x11, 0x24, 0x7f, 0x18,
    0xc4, 0x4, 0x52, 0x10, 0x27, 0x39, 0xdf, 0xe3,
    0xb8, 0x60, 0xf, 0xc0,

    /* U+06C4 "ۄ" */
    0x0, 0xe1, 0xad, 0xa1, 0x0, 0xfb, 0x14, 0x97,
    0x40, 0x3c, 0xc4, 0xdc, 0xa6, 0xc0, 0x1d, 0x81,
    0x3, 0x61, 0x40, 0x1f, 0xc2, 0x66, 0x0, 0xed,
    0xb, 0x0, 0x28, 0x10, 0x6, 0x72, 0x5f, 0xe6,
    0x0, 0xfb, 0x18, 0x44, 0x0, 0x20, 0xe, 0x19,
    0xef, 0x4, 0x0, 0xe1, 0xa8, 0x9, 0x8, 0x0,
    0xe8, 0xe0, 0xb6, 0x73, 0x0, 0xef, 0x86, 0x44,
    0x40, 0x5, 0xdc, 0xf9, 0x31, 0x8b, 0x0, 0x84,
    0x4, 0xd, 0xf9, 0xc0, 0x30,

    /* U+06C5 "ۅ" */
    0x0, 0xe1, 0xad, 0xa1, 0x0, 0xfb, 0x14, 0x97,
    0x40, 0x3c, 0xc4, 0xdc, 0xa6, 0xc0, 0x1d, 0x81,
    0x3, 0x61, 0x60, 0x1f, 0xc2, 0x64, 0x1, 0xda,
    0x14, 0x40, 0xc0, 0x40, 0x19, 0xcd, 0x37, 0xd4,
    0x3, 0xec, 0x72, 0x20, 0x0, 0x80, 0x3d, 0x1b,
    0xe0, 0xa0, 0x1c, 0xb9, 0x98, 0x24, 0x3, 0x97,
    0x34, 0x6, 0xc, 0x0, 0x20, 0x3, 0x8e, 0x36,
    0x70, 0xb, 0xfe, 0xc7, 0x1a, 0x90, 0x8, 0x4c,
    0x49, 0x27, 0x94, 0x3, 0x0,

    /* U+06C6 "ۆ" */
    0x0, 0xf5, 0x94, 0x80, 0x7f, 0x1c, 0xd8, 0x7,
    0xf4, 0x99, 0x0, 0x7f, 0xc, 0x0, 0x7f, 0xf2,
    0x4f, 0x3f, 0x8, 0x3, 0xc3, 0x86, 0x7, 0x82,
    0x1, 0xd2, 0x13, 0xee, 0x32, 0x1, 0xc4, 0xc,
    0x10, 0x2c, 0x1, 0xc6, 0x10, 0x0, 0x71, 0x10,
    0x6, 0xb1, 0x7f, 0xe6, 0x3, 0x0, 0xc5, 0xec,
    0x22, 0x0, 0x18, 0x7, 0xc, 0xf7, 0x81, 0x8,
    0x7, 0xe9, 0xb, 0x0, 0xfd, 0x2c, 0x8c, 0x1,
    0xc2, 0xda, 0xc7, 0x60, 0x17, 0x76, 0x92, 0x7c,
    0x0, 0x84, 0x4, 0x46, 0xfb, 0x0, 0x18,

    /* U+06C7 "ۇ" */
    0x0, 0xf5, 0x62, 0x0, 0x7e, 0x5d, 0xd7, 0x80,
    0x7e, 0x5f, 0x91, 0x10, 0x7, 0x25, 0x4f, 0xcc,
    0x0, 0x79, 0x2a, 0x5c, 0x48, 0x40, 0x3e, 0x1a,
    0xda, 0x10, 0xf, 0xb1, 0x49, 0x74, 0x3, 0xcc,
    0x4d, 0xca, 0x6c, 0x1, 0xd8, 0x10, 0x36, 0x14,
    0x1, 0xfc, 0x26, 0x60, 0xe, 0xd0, 0xa2, 0x6,
    0x2, 0x0, 0xce, 0x69, 0xbe, 0xa0, 0x1f, 0x63,
    0x91, 0x0, 0x4, 0x1, 0xe8, 0xdc, 0x4, 0x0,
    0xfe, 0xb0, 0x80, 0xf, 0xd2, 0xae, 0x60, 0x1c,
    0x2d, 0xac, 0x90, 0x1, 0x77, 0x3f, 0xa4, 0xa2,
    0xc0, 0x21, 0x1, 0x3, 0x7e, 0x70, 0xc,

    /* U+06C8 "ۈ" */
    0x0, 0xf0, 0xe8, 0x7, 0xff, 0x88, 0x78, 0x3,
    0xfe, 0x30, 0xf, 0xe1, 0xad, 0xa1, 0x0, 0xfb,
    0x14, 0x97, 0x40, 0x3c, 0xc4, 0xdc, 0xa6, 0xc0,
    0x1d, 0x81, 0x3, 0x61, 0x40, 0x1f, 0xc2, 0x66,
    0x0, 0xed, 0xa, 0x20, 0x60, 0x20, 0xc, 0xe6,
    0x9b, 0xea, 0x1, 0xf6, 0x39, 0x10, 0x0, 0x40,
    0x1e, 0x8d, 0xc0, 0x40, 0xf, 0xeb, 0x8, 0x0,
    0xfd, 0x2a, 0xe6, 0x1, 0xc2, 0xda, 0xc9, 0x0,
    0x17, 0x73, 0xfa, 0x4a, 0x2c, 0x2, 0x10, 0x10,
    0x37, 0xe7, 0x0, 0xc0,

    /* U+06C9 "ۉ" */
    0x0, 0xf2, 0x68, 0x7, 0xfb, 0xa9, 0x40, 0x3f,
    0xb5, 0x88, 0x3, 0xf9, 0xc5, 0xc0, 0x3f, 0xf9,
    0x7, 0x9f, 0x62, 0x1, 0xe1, 0xc3, 0x4, 0xc0,
    0xf, 0x48, 0x4f, 0xb9, 0x38, 0x7, 0x10, 0x30,
    0x40, 0xd0, 0x7, 0x18, 0x40, 0x1, 0xc8, 0x3,
    0xac, 0x5f, 0xf9, 0x80, 0x80, 0x31, 0x7b, 0x8,
    0x80, 0x3f, 0xc, 0xf7, 0x88, 0x10, 0x7, 0xe6,
    0x15, 0x0, 0xfc, 0x52, 0x12, 0x1, 0xf1, 0xe0,
    0x41, 0x80, 0x4, 0x0, 0x73, 0x82, 0xce, 0x1,
    0x7f, 0xd8, 0xc3, 0x52, 0x1, 0x9, 0x89, 0x24,
    0xf2, 0x80, 0x60,

    /* U+06CA "ۊ" */
    0x0, 0xe1, 0x10, 0x8, 0x7, 0xe8, 0xf0, 0xe7,
    0x0, 0xfa, 0xe8, 0x2d, 0x40, 0x3e, 0x24, 0x4,
    0x20, 0xf, 0x86, 0xb6, 0x84, 0x3, 0xec, 0x52,
    0x5d, 0x0, 0xf3, 0x13, 0x72, 0x9b, 0x0, 0x76,
    0x4, 0xd, 0x85, 0x0, 0x7f, 0x9, 0x98, 0x3,
    0xb4, 0x28, 0x81, 0x80, 0x80, 0x33, 0x9a, 0x6f,
    0xa8, 0x7, 0xd8, 0xe4, 0x40, 0x1, 0x0, 0x7a,
    0x37, 0x1, 0x0, 0x3f, 0xac, 0x20, 0x3, 0xf4,
    0xab, 0x98, 0x7, 0xb, 0x6b, 0x24, 0x0, 0x5d,
    0xcf, 0xe9, 0x28, 0xb0, 0x8, 0x40, 0x40, 0xdf,
    0x9c, 0x3, 0x0,

    /* U+06CB "ۋ" */
    0x0, 0xf8, 0x80, 0x3f, 0xc9, 0xa4, 0x1, 0xf8,
    0x5e, 0x80, 0x3f, 0xa3, 0x57, 0x5c, 0x3, 0xeb,
    0xa0, 0xb5, 0x0, 0xf8, 0x90, 0x10, 0x80, 0x3e,
    0x1a, 0xda, 0x10, 0xf, 0xb1, 0x49, 0x74, 0x3,
    0xcc, 0x4d, 0xca, 0x6c, 0x1, 0xd8, 0x10, 0x36,
    0x14, 0x1, 0xfc, 0x26, 0x60, 0xe, 0xd0, 0xa2,
    0x6, 0x2, 0x0, 0xce, 0x69, 0xbe, 0xa0, 0x1f,
    0x63, 0x91, 0x0, 0x4, 0x1, 0xe8, 0xdc, 0x4,
    0x0, 0xfe, 0xb0, 0x80, 0xf, 0xd2, 0xae, 0x60,
    0x1c, 0x2d, 0xac, 0x90, 0x1, 0x77, 0x3f, 0xa4,
    0xa2, 0xc0, 0x21, 0x1, 0x3, 0x7e, 0x70, 0xc,

    /* U+06CC "ی" */
    0x0, 0xf8, 0x67, 0x75, 0x22, 0x1, 0xfb, 0x18,
    0x88, 0xde, 0x20, 0x1e, 0x62, 0x7f, 0xe7, 0x14,
    0x0, 0xf7, 0x5, 0x80, 0xc7, 0xa8, 0x7, 0xac,
    0x35, 0x80, 0x39, 0x88, 0x2, 0x3c, 0x39, 0xd4,
    0x0, 0x14, 0xd0, 0x6, 0x3d, 0x93, 0xb7, 0x7,
    0xe, 0x0, 0xf3, 0x79, 0xc1, 0x8, 0x8, 0x7,
    0xc3, 0x40, 0xe8, 0x30, 0xc2, 0x1, 0x89, 0xa0,
    0x10, 0x28, 0x67, 0xbf, 0xb9, 0xfb, 0x23, 0x42,
    0x9, 0xf0, 0x62, 0x38, 0xdf, 0x94, 0x0,

    /* U+06CD "ۍ" */
    0x0, 0xff, 0x9f, 0x36, 0x8c, 0x3, 0xfe, 0xa8,
    0x32, 0x5c, 0x30, 0xf, 0xe3, 0x55, 0x77, 0xc8,
    0x50, 0x7, 0xf3, 0x6, 0x8, 0x37, 0xc8, 0x7,
    0xf2, 0x8c, 0xc0, 0x7, 0x8d, 0x5c, 0xc0, 0x37,
    0xa3, 0xf3, 0x0, 0x7, 0x63, 0x62, 0x0, 0x18,
    0x6e, 0xc7, 0x34, 0x3, 0xb7, 0x40, 0x40, 0x1e,
    0x4d, 0x65, 0x50, 0x4, 0x60, 0x60, 0x1f, 0xa8,
    0x34, 0x2, 0x13, 0x58, 0x20, 0xc, 0x2b, 0xc1,
    0x80, 0x1b, 0x89, 0xf7, 0xfb, 0x9f, 0xd4, 0x50,
    0x80, 0x18, 0xb6, 0x50, 0x47, 0x1b, 0xeb, 0x80,

    /* U+06CE "ێ" */
    0x0, 0xac, 0xe4, 0x3, 0xfe, 0xde, 0x80, 0xf,
    0xf9, 0xb0, 0x40, 0x67, 0x75, 0x22, 0x1, 0xc2,
    0x0, 0xc6, 0x22, 0x37, 0x88, 0x7, 0x98, 0x9f,
    0xf9, 0xc5, 0x0, 0x3d, 0xc1, 0x60, 0x31, 0xea,
    0x1, 0xeb, 0xd, 0x60, 0xe, 0x62, 0x0, 0x8f,
    0xe, 0x75, 0x0, 0x5, 0x34, 0x1, 0x8f, 0x64,
    0xed, 0xc1, 0xc3, 0x80, 0x3c, 0xde, 0x70, 0x42,
    0x2, 0x1, 0xf0, 0xd0, 0x3a, 0xc, 0x30, 0x80,
    0x62, 0x68, 0x4, 0xa, 0x19, 0xef, 0xee, 0x7e,
    0xc8, 0xd0, 0x82, 0x7c, 0x18, 0x8e, 0x37, 0xe5,
    0x0,

    /* U+06D0 "ې" */
    0x0, 0xf8, 0x6b, 0xb9, 0x64, 0x1, 0xf0, 0xfa,
    0x88, 0x93, 0x4, 0x3, 0xd2, 0x33, 0xfe, 0x80,
    0x40, 0xf, 0xc6, 0x0, 0x7e, 0x50, 0x62, 0x0,
    0xa4, 0xeb, 0x18, 0x2, 0x29, 0xa0, 0x8, 0x72,
    0x9e, 0x79, 0x41, 0xc3, 0x40, 0x39, 0x6f, 0x4a,
    0x88, 0x43, 0x40, 0x3e, 0x2a, 0x7, 0x41, 0x78,
    0x30, 0x8, 0x4e, 0x24, 0x10, 0x34, 0x5f, 0x3f,
    0xee, 0xc7, 0x1b, 0x10, 0x3e, 0x95, 0x21, 0x11,
    0x2c, 0xfa, 0x0, 0x66, 0xad, 0xff, 0x6d, 0x30,
    0x80, 0x7e, 0xdb, 0x0, 0xff, 0xe0, 0x4f, 0x0,
    0x7f, 0xf0, 0x27, 0x80, 0x3f, 0xf8, 0x1f, 0x20,
    0x1e,

    /* U+06D1 "ۑ" */
    0x0, 0xf8, 0x67, 0x75, 0x24, 0x1, 0xf0, 0xfb,
    0x11, 0x1b, 0x4, 0x3, 0xcc, 0x2f, 0xfc, 0xe2,
    0x80, 0x1e, 0xf0, 0xc0, 0x18, 0xf5, 0x5, 0x10,
    0xa, 0x4a, 0xec, 0xa0, 0x11, 0x54, 0x80, 0x43,
    0xb4, 0xf5, 0xca, 0xe, 0x1a, 0x1, 0xcb, 0x9a,
    0x54, 0x42, 0x4, 0x1, 0xf1, 0x50, 0x3a, 0xc,
    0x40, 0xc0, 0x21, 0x38, 0x90, 0x40, 0xd1, 0x7c,
    0xff, 0xbb, 0x1c, 0x6c, 0x40, 0xfa, 0x54, 0x84,
    0x44, 0xb3, 0xe8, 0x1, 0x9a, 0xbf, 0xb9, 0x94,
    0xc2, 0x1, 0xe1, 0xd5, 0x7e, 0x0, 0xfe, 0x1a,
    0x64, 0xb0, 0xf, 0xf2, 0xfc, 0xa0, 0x7, 0xfd,
    0xf2, 0x1, 0xe0,

    /* U+06D2 "ے" */
    0x0, 0xf9, 0x20, 0x40, 0x3f, 0xd8, 0xe6, 0x1,
    0xfe, 0x40, 0x20, 0xf, 0xe9, 0x36, 0x0, 0xfc,
    0xba, 0xc7, 0x20, 0x1e, 0x5d, 0xa3, 0x8c, 0x0,
    0xf4, 0xd0, 0x4f, 0x38, 0x7, 0x95, 0x99, 0xac,
    0x1, 0xfb, 0x42, 0x80, 0x3f, 0xd8, 0x19, 0xdd,
    0xfd, 0x29, 0x4, 0x23, 0xfc, 0x40,

    /* U+06D3 "ۓ" */
    0x4, 0xc9, 0x0, 0xff, 0x6f, 0x58, 0x4, 0xda,
    0x40, 0x1b, 0x75, 0xc4, 0x0, 0xf2, 0x30, 0xc,
    0xdb, 0x84, 0x0, 0x71, 0x10, 0x6, 0x22, 0x0,
    0xb, 0x6, 0x40, 0x3e, 0x18, 0xd3, 0x67, 0x0,
    0xf4, 0x73, 0x95, 0xc8, 0x7, 0xad, 0xce, 0xf5,
    0x0, 0x3c, 0xc8, 0xd8, 0x80, 0x1f, 0xb8, 0x28,
    0x3, 0xfd, 0x81, 0x9d, 0xdf, 0xd2, 0x92, 0x42,
    0x3f, 0xc4,

    /* U+06D4 "۔" */
    0x5, 0xee, 0xca, 0x12, 0x23, 0x94,

    /* U+06D5 "ە" */
    0x0, 0x96, 0x0, 0x3d, 0x74, 0xfa, 0x40, 0x16,
    0x24, 0xe1, 0xe0, 0x82, 0x9b, 0xb1, 0xe8, 0xd8,
    0x78, 0x48, 0x0, 0xcc, 0x80, 0x20, 0x20, 0x13,
    0x88, 0x10, 0x38, 0x1, 0x10, 0x41, 0x61, 0x1f,
    0xeb, 0xb, 0x2, 0xd4, 0x0, 0x1d, 0x30, 0x0,

    /* U+06D6 "ۖ" */
    0x0, 0xff, 0xe3, 0xe0, 0x7, 0xff, 0x88, 0xaf,
    0x54, 0x3, 0xe1, 0x1b, 0xa3, 0x20, 0x3, 0x88,
    0x6d, 0x2f, 0x4d, 0x4, 0x17, 0x3b, 0x8b, 0xed,
    0x9, 0xfb, 0x9a, 0xbf, 0xbd, 0xcb, 0xec, 0xde,
    0xe6, 0xc8, 0xb3, 0xff, 0x74, 0xc0, 0x1f, 0x0,

    /* U+06D7 "ۗ" */
    0x0, 0xea, 0x0, 0x2a, 0x80, 0x3c, 0xc0, 0x33,
    0xe0, 0x1f, 0xa6, 0x46, 0xa0, 0x1f, 0x8f, 0x74,
    0x1, 0xf4, 0xd5, 0x80, 0x78, 0x84, 0x5e, 0x74,
    0xb, 0x9d, 0xc5, 0xfd, 0x9e, 0x25, 0xfd, 0xee,
    0x5f, 0x6d, 0x10, 0x33, 0xff, 0x74, 0xc0, 0x18,

    /* U+06D8 "ۘ" */
    0x0, 0x27, 0x61, 0x0, 0x2a, 0x16, 0x1, 0x8d,
    0xb8, 0x12, 0x43, 0xe6, 0x49, 0xdb, 0xdc, 0x30,

    /* U+06D9 "ۙ" */
    0x0, 0xc2, 0x72, 0x60, 0x4, 0x8c, 0xf0, 0xc,
    0xa0, 0x80, 0x1a, 0x24, 0x3, 0x23, 0x30, 0x4,
    0x1, 0x31, 0x84, 0x0, 0x25, 0x6a, 0x1f, 0xf3,
    0x59, 0xe, 0xf6, 0xa0, 0x0,

    /* U+06DA "ۚ" */
    0x2e, 0xd9, 0x10, 0x1, 0x6f, 0x65, 0x30, 0x0,
    0xc7, 0xd8, 0x40, 0x9, 0xfe, 0xd7, 0x0, 0x57,
    0x28, 0x4, 0x84, 0x72, 0xa0, 0x7, 0x10, 0x85,
    0x0, 0x18, 0x40, 0x0, 0x8c, 0x3c, 0xfb, 0xf6,
    0x40, 0xaf, 0xf7, 0xe8,

    /* U+06DB "ۛ" */
    0x0, 0xa4, 0x80, 0x3a, 0x48, 0x3, 0xff, 0x88,
    0xca, 0x1, 0xac,

    /* U+06DC "ۜ" */
    0x0, 0xff, 0xe0, 0x42, 0x80, 0x78, 0xe8, 0x21,
    0x0, 0x80, 0x8c, 0x3, 0x90, 0x13, 0x1, 0x85,
    0x68, 0x3, 0x87, 0xc5, 0xfc, 0x13, 0xc4, 0x3,
    0x2a, 0xbb, 0x7f, 0xb0, 0x31, 0x90, 0x0, 0x91,
    0xc2, 0x0, 0x10, 0x2, 0x4d, 0x7f, 0xaa, 0x10,
    0x3, 0xe7, 0xee, 0xcc, 0x1, 0xf0,

    /* U+06DD "۝" */
    0x0, 0xc2, 0xd0, 0xc8, 0x1, 0xf8, 0xa4, 0x38,
    0x9, 0x88, 0x3, 0xcf, 0x8c, 0xd8, 0xd8, 0x3,
    0x10, 0x2a, 0x0, 0x65, 0x40, 0x20, 0x0, 0x80,
    0x7f, 0x98, 0xc, 0x40, 0x3f, 0xc2, 0xe, 0x60,
    0x1f, 0xfc, 0x7, 0x20, 0xf, 0xf1, 0x81, 0xa0,
    0x7, 0xff, 0x8, 0x40, 0x3f, 0x9, 0x0, 0x1e,
    0x1d, 0xcc, 0xd9, 0xd1, 0x50, 0x2, 0x9f, 0xe6,
    0x69, 0xf8, 0xd0, 0x3, 0xa2, 0x99, 0xa7, 0x87,
    0x0, 0x80,

    /* U+06DE "۞" */
    0x0, 0xff, 0xe6, 0x1c, 0x18, 0x7, 0xff, 0x4,
    0xda, 0x18, 0xc0, 0x3f, 0x2b, 0x32, 0x28, 0xd8,
    0xea, 0x19, 0x8a, 0x1, 0x8d, 0x93, 0xa5, 0x9a,
    0x9d, 0x56, 0x30, 0xe, 0x24, 0x60, 0xe, 0x56,
    0x20, 0xe, 0x14, 0x60, 0xf, 0x95, 0x4, 0x2,
    0x1c, 0x60, 0x9, 0x59, 0x40, 0x26, 0xd2, 0x1,
    0x6d, 0x0, 0x95, 0xd9, 0x14, 0x2, 0xc5, 0x29,
    0x70, 0xc, 0x64, 0x2, 0x60, 0x19, 0xea, 0x5c,
    0x3, 0x19, 0x0, 0x98, 0x6, 0x69, 0x16, 0xd0,
    0x9, 0x5d, 0x51, 0x40, 0x2c, 0x71, 0x1, 0xc7,
    0x0, 0x95, 0x60, 0x9, 0xb4, 0x40, 0x21, 0x56,
    0x0, 0xf9, 0x90, 0x40, 0x38, 0x91, 0x80, 0x39,
    0x54, 0x40, 0x1c, 0x4c, 0x9d, 0x2c, 0xd4, 0xea,
    0xb1, 0x80, 0x64, 0x66, 0x45, 0x1b, 0x1d, 0x43,
    0x31, 0x40, 0x3f, 0x1b, 0x43, 0x18, 0x7, 0xff,
    0x4, 0xe0, 0xc0, 0x3e,

    /* U+06DF "۟" */
    0x5, 0x30, 0x5a, 0xc1, 0x61, 0x31,

    /* U+06E0 "۠" */
    0x0, 0xec, 0x90, 0x21, 0x30, 0x2d, 0xa0,

    /* U+06E1 "ۡ" */
    0x4, 0xec, 0x81, 0x0, 0x97, 0x7f, 0xdb, 0x2,
    0x2, 0x66, 0x7a, 0x5d, 0x0, 0x14, 0x76, 0x4e,
    0x87, 0xe8, 0xe5, 0x20, 0x86, 0xfc, 0x90, 0x4,

    /* U+06E2 "ۢ" */
    0x0, 0xa7, 0xa0, 0x2, 0x44, 0x6b, 0x18, 0x3,
    0xe8, 0xcc, 0x0, 0xc5, 0x8f, 0x63, 0x41, 0xef,
    0xeb, 0x1, 0x60, 0x0, 0x80, 0x7f, 0x2d, 0x0,
    0x70,

    /* U+06E3 "ۣ" */
    0x0, 0xff, 0xe0, 0x42, 0x80, 0x78, 0xe8, 0x21,
    0x0, 0x80, 0x8c, 0x3, 0x90, 0x13, 0x1, 0x85,
    0x68, 0x3, 0x87, 0xc5, 0xfc, 0x13, 0xc4, 0x3,
    0x2a, 0xbb, 0x7f, 0xb0, 0x31, 0x90, 0x0, 0x91,
    0xc2, 0x0, 0x10, 0x2, 0x4d, 0x7f, 0xaa, 0x10,
    0x3, 0xe7, 0xee, 0xcc, 0x1, 0xf0,

    /* U+06E4 "ۤ" */
    0x6, 0x76, 0x0,

    /* U+06E5 "ۥ" */
    0x0, 0x16, 0x69, 0x80, 0x50, 0xb1, 0xa0, 0x1b,
    0x94, 0x8c, 0x1, 0x15, 0xe6, 0xc0, 0x2, 0xdd,
    0x3, 0x0, 0x6b, 0x33, 0x0, 0xe, 0x9f, 0x82,
    0xff, 0x3, 0xc8, 0x2b, 0x7e, 0x84, 0x0,

    /* U+06E6 "ۦ" */
    0x0, 0xed, 0x0, 0xf9, 0x44, 0x3, 0x8a, 0xa3,
    0x80, 0x34, 0xf7, 0xe9, 0x0, 0x46, 0x98, 0xa0,
    0x1c, 0x41, 0xff, 0xe1, 0x16, 0xef, 0xc2,

    /* U+06E7 "ۧ" */
    0x0, 0xed, 0x0, 0xf9, 0x44, 0x3, 0x8a, 0xa3,
    0x80, 0x34, 0xf7, 0xe9, 0x0, 0x46, 0x98, 0xa0,
    0x1c, 0x41, 0xff, 0xe1, 0x16, 0xef, 0xc2,

    /* U+06E8 "ۨ" */
    0x0, 0x96, 0x80, 0x3c, 0xb6, 0x1, 0xb, 0x80,
    0x4, 0x11, 0x7, 0x40, 0x1b, 0x30, 0x20, 0x1f,
    0x19, 0x98, 0x0, 0x6d, 0x61, 0xb5, 0xfe, 0xd8,
    0x30, 0x3c, 0xee, 0x98, 0x0,

    /* U+06E9 "۩" */
    0x0, 0xc2, 0x40, 0x1f, 0xa, 0xb9, 0x0, 0x70,
    0xa8, 0x1, 0xc8, 0x2, 0x15, 0x10, 0x70, 0x62,
    0x0, 0x28, 0x89, 0x9, 0xc1, 0x88, 0x0, 0x20,
    0x20, 0xc0, 0x2, 0x4, 0x7, 0x22, 0x38, 0x20,
    0x4, 0xe0, 0x19, 0xc0, 0x3f, 0xfd, 0x86, 0x40,
    0x22, 0x0, 0x30, 0x3b, 0x34, 0x28, 0x40,

    /* U+06EA "۪" */
    0xa, 0xb3, 0x31, 0x45, 0x18, 0xc5, 0x80,

    /* U+06EB "۫" */
    0xa, 0xb3, 0x31, 0x45, 0x18, 0xc5, 0x80,

    /* U+06EC "۬" */
    0xb, 0xd3, 0x32, 0x15, 0x19, 0x87, 0x40,

    /* U+06ED "ۭ" */
    0x0, 0xa7, 0xa0, 0x2, 0x44, 0x6b, 0x18, 0x3,
    0xe8, 0x8c, 0x1, 0x8b, 0x1c, 0xc6, 0x83, 0xdf,
    0xd6, 0x2, 0xc0, 0x1, 0x0, 0xfe, 0x5a, 0x0,
    0xe0,

    /* U+06F0 "۰" */
    0x0, 0xf1, 0x74, 0x0, 0x3c, 0x5e, 0xc4, 0x40,
    0x9, 0x1c, 0x9a, 0x20,

    /* U+06F1 "۱" */
    0x0, 0x20, 0x5, 0x96, 0x20, 0x9, 0x6, 0x0,
    0x28, 0xd0, 0x4, 0xe4, 0x40, 0x6, 0x2, 0x0,
    0x1c, 0x38, 0x0, 0x60, 0x20, 0x18, 0xc0, 0x3f,
    0xf8, 0x60,

    /* U+06F2 "۲" */
    0x2, 0x40, 0xc, 0xce, 0x3, 0x97, 0x2, 0x7,
    0x38, 0x3, 0x40, 0xfd, 0xf8, 0x1e, 0x0, 0x44,
    0x0, 0x47, 0x68, 0x1, 0x40, 0x27, 0xe2, 0x0,
    0x63, 0x24, 0x0, 0xfc, 0x80, 0x40, 0x1f, 0x8,
    0x8, 0x7, 0xde, 0xe, 0x1, 0xff, 0xd6,

    /* U+06F3 "۳" */
    0x1, 0x30, 0x4, 0x10, 0x39, 0x87, 0x70, 0x9,
    0xdc, 0x10, 0xc0, 0xe5, 0x9c, 0x17, 0x60, 0x70,
    0x90, 0x33, 0x8, 0x91, 0x4, 0x2, 0xc1, 0x1d,
    0xb7, 0x60, 0xa, 0xc3, 0x80, 0x90, 0x3, 0x10,
    0xa0, 0x7, 0xe4, 0x20, 0xf, 0xc4, 0x4, 0x1,
    0xf7, 0x80, 0x80, 0x7f, 0x38, 0x7, 0xff, 0x8,

    /* U+06F4 "۴" */
    0x0, 0xc3, 0x7f, 0x0, 0x11, 0x18, 0x33, 0x32,
    0x80, 0x3, 0x98, 0x73, 0x7, 0xbf, 0x31, 0xb0,
    0x8b, 0x3b, 0x64, 0x30, 0x54, 0x0, 0x9, 0x3d,
    0x80, 0x50, 0x9, 0xfb, 0x0, 0x18, 0xc9, 0x0,
    0x3f, 0x20, 0x10, 0x7, 0xc2, 0x2, 0x1, 0xf7,
    0x83, 0x80, 0x7f, 0xf5, 0x80,

    /* U+06F5 "۵" */
    0x0, 0x8f, 0x24, 0x3, 0x87, 0x4d, 0xa4, 0x3,
    0x58, 0xe3, 0x31, 0x0, 0x4, 0xae, 0x72, 0x30,
    0x0, 0xb0, 0x90, 0x4, 0x99, 0x81, 0xd0, 0x40,
    0xa, 0x16, 0x63, 0x80, 0x11, 0xa, 0x30, 0x8,
    0x6, 0x22, 0x0, 0xc, 0x8, 0x41, 0xc4, 0x41,
    0xa3, 0xb6, 0xa, 0x48, 0x2f, 0xc0, 0xbe, 0x2a,
    0x1a, 0x40, 0xc6, 0xb, 0x0,

    /* U+06F6 "۶" */
    0x0, 0x26, 0x6d, 0xa8, 0x0, 0xec, 0xc9, 0x30,
    0x1, 0x1, 0x5f, 0x92, 0x0, 0x52, 0x50, 0x30,
    0x9, 0x48, 0x40, 0x3a, 0x3, 0xe6, 0xa4, 0x0,
    0x7a, 0xac, 0xa2, 0x1, 0x32, 0xe, 0x40, 0x0,
    0x68, 0x7c, 0xc0, 0x29, 0x1b, 0x10, 0xc, 0xc4,
    0xa0, 0x1c, 0x2e, 0x1, 0xc0,

    /* U+06F7 "۷" */
    0x48, 0x20, 0xc, 0xb0, 0x0, 0x75, 0x0, 0xd6,
    0xc0, 0x81, 0x60, 0x11, 0xb, 0x80, 0x14, 0xc4,
    0x0, 0xa1, 0xa0, 0xf, 0x4, 0x0, 0x60, 0xa0,
    0x1, 0x43, 0xc0, 0x8, 0x80, 0xc, 0x88, 0x5,
    0xf, 0x0, 0xda, 0x27, 0x80, 0xa0, 0x19, 0xc2,
    0xdd, 0x0, 0x38, 0x4d, 0x87, 0x40, 0x3d, 0x62,
    0xe, 0x1, 0xe5, 0x3, 0x10, 0x8,

    /* U+06F8 "۸" */
    0x0, 0xd0, 0xa0, 0x1f, 0x2b, 0xd8, 0x7, 0xde,
    0x2, 0x80, 0x1e, 0x44, 0x6, 0x80, 0x72, 0xf,
    0x22, 0x0, 0x3b, 0x41, 0x30, 0x88, 0x1, 0x9c,
    0xc5, 0x41, 0x40, 0x23, 0x14, 0x2, 0x1b, 0x0,
    0xac, 0x2c, 0x0, 0xe6, 0x20, 0x4, 0x13, 0x0,
    0x60, 0x38, 0x9, 0xa0, 0x4, 0xa1, 0xa0, 0xe1,
    0xe0, 0x19, 0x10, 0x0,

    /* U+06F9 "۹" */
    0x0, 0x2e, 0x6b, 0x80, 0x72, 0x51, 0x94, 0x40,
    0x3, 0x48, 0x66, 0x8b, 0x88, 0x0, 0x49, 0x4c,
    0x98, 0x1c, 0x3, 0xeb, 0xf, 0x0, 0x8, 0x95,
    0x40, 0x11, 0x80, 0x56, 0x15, 0xf8, 0x1, 0xcb,
    0x68, 0x46, 0x1, 0xe4, 0xbd, 0xc0, 0x60, 0xf,
    0xc4, 0x60, 0x1f, 0x94, 0x18, 0x3, 0xe9, 0x18,
    0x10,

    /* U+2013 "–" */
    0x2, 0x2f, 0xf0, 0x16, 0xef, 0xf8, 0x89, 0x55,
    0xfe, 0x20,

    /* U+2014 "—" */
    0x2, 0x2f, 0xfe, 0x40, 0x16, 0xef, 0xff, 0x20,
    0x89, 0x55, 0xff, 0xc8, 0x20,

    /* U+2018 "‘" */
    0x9, 0x16, 0x31, 0xcf, 0x1, 0xa2, 0x0, 0x80,

    /* U+2019 "’" */
    0xbf, 0x20, 0xa, 0x88, 0xc8, 0x6, 0xf8, 0x0,

    /* U+201C "“" */
    0x3, 0x80, 0x28, 0xe, 0xb0, 0xeb, 0x13, 0x20,
    0x22, 0x18, 0xe8, 0x8b, 0x40, 0x3c,

    /* U+201D "”" */
    0x2f, 0xc1, 0xfc, 0x0, 0xf1, 0x53, 0x8d, 0xb8,
    0x66, 0x3, 0xc, 0x41, 0xc0, 0x60,

    /* U+2022 "•" */
    0x0, 0x8, 0x0, 0xb7, 0xb4, 0xb8, 0x80, 0xb8,
    0xc0, 0x22, 0x40, 0x9, 0x69, 0x1, 0x28,

    /* U+2026 "…" */
    0x1, 0x0, 0xe1, 0x10, 0x7, 0x8, 0x57, 0x28,
    0x6, 0xee, 0x0, 0x65, 0xea, 0x0, 0xff, 0xe2,
    0x0,

    /* U+20AC "€" */
    0x0, 0xe4, 0xae, 0xfe, 0xb5, 0x0, 0x86, 0xec,
    0xa6, 0x84, 0x9e, 0x1, 0x6a, 0x23, 0x75, 0x79,
    0xd2, 0x0, 0x63, 0x35, 0x90, 0x4, 0x26, 0x3,
    0xa1, 0x22, 0x3c, 0x0, 0x1e, 0x40, 0xae, 0xee,
    0xa0, 0x5, 0x80, 0x2e, 0xfd, 0x0, 0x2a, 0x0,
    0x55, 0xf1, 0x0, 0xf0, 0x3, 0xbb, 0xc4, 0x0,
    0xb3, 0x8, 0xbb, 0xe2, 0x1, 0x4b, 0xf, 0x44,
    0xe0, 0xc, 0xc0, 0xc2, 0x1, 0xf8, 0x5c, 0x70,
    0xc0, 0x21, 0x30, 0xa, 0x18, 0xb3, 0x6f, 0x39,
    0x40, 0x34, 0xda, 0x9a, 0x12, 0x28,

    /* U+2103 "℃" */
    0x0, 0x1b, 0xa0, 0x7, 0x8d, 0xe2, 0xa, 0x1,
    0xcf, 0xbd, 0x32, 0x0, 0x8b, 0x31, 0xe, 0xea,
    0xe5, 0x0, 0xa3, 0x27, 0x1c, 0x80, 0xf4, 0xdb,
    0x3b, 0x60, 0x69, 0x40, 0x40, 0x80, 0x4c, 0x43,
    0x42, 0xa4, 0xc4, 0x9e, 0xc2, 0xc0, 0x52, 0x4e,
    0x0, 0xd8, 0x55, 0x40, 0x1c, 0x88, 0x33, 0x5,
    0x1f, 0x1f, 0x86, 0x87, 0x0, 0x7d, 0x7a, 0x60,
    0x35, 0xb6, 0x40, 0xa0, 0xa0, 0x1f, 0xfc, 0x51,
    0x1, 0x0, 0xff, 0xe2, 0x88, 0x7, 0xff, 0x1c,
    0xc0, 0x80, 0x3f, 0xf8, 0xa8, 0x8, 0x1, 0xf3,
    0x73, 0x0, 0x7d, 0x41, 0x60, 0x1f, 0x58, 0x90,
    0x7, 0xc6, 0xa5, 0x40, 0x1d, 0x44, 0x68, 0x1,
    0xfa, 0x8d, 0x7a, 0x62, 0x79, 0x4b, 0x40, 0x3f,
    0xd9, 0x6, 0xce, 0xc0, 0xfa, 0x20, 0x1f, 0xf3,
    0xef, 0xf7, 0x50, 0x1, 0x0,

    /* U+2109 "℉" */
    0x0, 0x9, 0x88, 0x4, 0x23, 0xfc, 0x0, 0x4f,
    0xee, 0x30, 0xf, 0x77, 0xf4, 0x85, 0x53, 0x75,
    0x22, 0x0, 0x16, 0x6f, 0xb0, 0x44, 0x80, 0x45,
    0x0, 0xe, 0x67, 0xe5, 0x13, 0x92, 0x73, 0x30,
    0x7, 0xff, 0x3, 0x4f, 0xf3, 0x0, 0x1f, 0xfc,
    0x11, 0xad, 0xb2, 0x0, 0xff, 0xe4, 0x97, 0xff,
    0xa0, 0x3, 0xfe, 0x55, 0xf6, 0x80, 0x7f, 0x8a,
    0xab, 0xca, 0x1, 0xff, 0xff, 0x0, 0xff, 0xe5,
    0x8e, 0x78, 0x7, 0xe0,

    /* U+2122 "™" */
    0x11, 0xf0, 0x0, 0x40, 0x30, 0x88, 0x3b, 0xbd,
    0x13, 0xd0, 0x1, 0x67, 0x1f, 0x72, 0x7, 0xb9,
    0x0, 0x4a, 0x0, 0x20, 0x8, 0x46, 0x1, 0x10,
    0x1, 0xc, 0x81, 0x54, 0x1, 0xff, 0x3a, 0x85,
    0xe0, 0x7, 0xfd, 0xb6, 0x26, 0x80, 0x1f, 0xf2,
    0x14, 0xa8, 0x7, 0xff, 0x5, 0x1f, 0xc0, 0x38,
    0xc8, 0x2, 0x11, 0x7, 0x92, 0x1, 0x0,

    /* U+2190 "←" */
    0x0, 0xc6, 0x40, 0x1f, 0xf1, 0x71, 0x0, 0x7f,
    0x97, 0x60, 0x3, 0xfd, 0xb4, 0x11, 0xbb, 0xf9,
    0xc3, 0xd4, 0x27, 0xff, 0xf3, 0x1, 0x54, 0xc1,
    0x17, 0xe1, 0x0, 0x9a, 0xcc, 0x3, 0xf0,

    /* U+2191 "↑" */
    0x0, 0x88, 0x3, 0x8f, 0x0, 0x3b, 0xc6, 0x0,
    0x29, 0x20, 0x74, 0x8, 0x3d, 0x2c, 0x85, 0x9a,
    0x10, 0x3c, 0x41, 0x0, 0xe1, 0x0, 0xff, 0xf2,
    0x80,

    /* U+2192 "→" */
    0x0, 0xfe, 0x50, 0xf, 0xfe, 0x9, 0x48, 0x7,
    0xff, 0x1, 0xd2, 0xc4, 0x7, 0x77, 0xf8, 0xd3,
    0x98, 0x7f, 0xff, 0x94, 0x65, 0x80, 0x8b, 0xf3,
    0x33, 0xd8, 0x3, 0xfd, 0x98, 0x10, 0x0,

    /* U+2193 "↓" */
    0x0, 0x8c, 0x3, 0x8b, 0x80, 0x3f, 0xfd, 0x6,
    0x1, 0x84, 0x97, 0x5c, 0x1b, 0x5, 0xa2, 0x8a,
    0x3c, 0xc1, 0x58, 0x2c, 0x80, 0x28, 0x35, 0x0,
    0x0,

    /* U+2260 "≠" */
    0x0, 0xff, 0xe1, 0x27, 0x98, 0x7, 0xc4, 0x4,
    0x1, 0x77, 0xfd, 0x21, 0xdf, 0xe8, 0x66, 0xc2,
    0x26, 0x6b, 0x62, 0x66, 0x37, 0x99, 0x94, 0x3,
    0x17, 0x0, 0x6a, 0xbb, 0x82, 0xef, 0x32, 0x26,
    0x3, 0x44, 0xbb, 0x9f, 0xe8, 0xf, 0xfd, 0x0,
    0x17, 0x10, 0x7, 0x0,

    /* U+2264 "≤" */
    0x0, 0xf8, 0x5d, 0xc0, 0x1c, 0x75, 0xd0, 0x1,
    0x9b, 0x30, 0xaa, 0xc7, 0x28, 0xe9, 0x18, 0xea,
    0x30, 0xc7, 0x5b, 0xd7, 0x10, 0x8, 0xc1, 0x70,
    0x40, 0x3b, 0x6d, 0x5f, 0xa9, 0x0, 0x32, 0x5e,
    0xb2, 0xde, 0xb0, 0x6, 0x29, 0xf8, 0x9, 0x80,
    0xf, 0x3e, 0xde, 0xd5, 0xdf, 0xde, 0x68, 0x9f,
    0xdc,

    /* U+2265 "≥" */
    0xa5, 0x0, 0xfc, 0xf5, 0xce, 0x20, 0x1d, 0xb2,
    0x51, 0xd4, 0x60, 0x19, 0xb3, 0xc, 0xb9, 0x86,
    0x0, 0xc7, 0x3f, 0x23, 0x30, 0x1, 0xc9, 0x84,
    0x1e, 0x1, 0x36, 0xda, 0xb6, 0xb9, 0x4f, 0xc8,
    0x4f, 0xc9, 0x6, 0x32, 0x5e, 0xb0, 0x6, 0x9d,
    0xb4, 0x0, 0xf6, 0xcd, 0xdf, 0xcc, 0x89, 0xfd,
    0xc0,

    /* U+FE70 "ﹰ" */
    0x2, 0x47, 0xaa, 0xa7, 0x6, 0x6e, 0x74, 0x6b,
    0xa1, 0x3, 0x76, 0x97, 0x64, 0x10, 0x0,

    /* U+FE71 "ﹱ" */
    0x0, 0x12, 0x3d, 0x50, 0x2a, 0x70, 0x66, 0xc2,
    0x74, 0x6b, 0xa0, 0x10, 0x37, 0x69, 0x7, 0x64,
    0x10, 0xf, 0xff, 0xf8, 0x7, 0xff, 0x3, 0xbb,
    0xc0, 0x23, 0xe0,

    /* U+FE72 "ﹲ" */
    0x0, 0x26, 0x48, 0x30, 0x46, 0x1, 0xd0, 0x34,
    0xa9, 0x0, 0x25, 0xc6, 0x2, 0xed, 0x9b, 0x39,
    0x70, 0x40, 0x0,

    /* U+FE74 "ﹴ" */
    0x0, 0xc6, 0x8f, 0x5b, 0xa9, 0x23, 0x9e, 0x82,
    0xef, 0xe8, 0xdd, 0x55, 0xed, 0xc2, 0x90,

    /* U+FE76 "ﹶ" */
    0x0, 0xe1, 0x36, 0x9c, 0xd8, 0x40, 0xdd, 0xa5,
    0xd9, 0x4, 0x0,

    /* U+FE77 "ﹷ" */
    0x0, 0xf0, 0x81, 0xb4, 0xe6, 0xc0, 0x20, 0x6e,
    0xd2, 0xe, 0xc8, 0x20, 0x1f, 0xff, 0xf0, 0xf,
    0xfe, 0x7, 0x77, 0x80, 0x47, 0xc0,

    /* U+FE78 "ﹸ" */
    0x0, 0x26, 0x48, 0x5, 0x18, 0x6, 0x0, 0x49,
    0x52, 0x22, 0x7a, 0xaa, 0x28, 0xd3, 0x26, 0x50,
    0xe6, 0x1, 0x0,

    /* U+FE79 "ﹹ" */
    0x0, 0x93, 0x28, 0x3, 0xa3, 0x9, 0x0, 0x35,
    0x4a, 0x30, 0x1, 0x17, 0xce, 0xe8, 0x0, 0x41,
    0x14, 0xf0, 0x0, 0x65, 0x10, 0xf, 0xff, 0xf8,
    0x7, 0xff, 0x3b, 0xbb, 0xc0, 0x1, 0x1f, 0x80,

    /* U+FE7A "ﹺ" */
    0x0, 0xc6, 0x8f, 0x5b, 0xa9, 0x23, 0x8d, 0xd5,
    0x30,

    /* U+FE7B "ﹻ" */
    0xe, 0xee, 0xd0, 0x11, 0xe2, 0xf, 0xff, 0x0,
    0x71, 0xa0, 0x3d, 0x6e, 0xa4, 0x80, 0xe3, 0x75,
    0x4c,

    /* U+FE7C "ﹼ" */
    0x0, 0xe7, 0x70, 0x2b, 0x85, 0xd8, 0x37, 0x84,
    0x27, 0x8, 0x76, 0x17, 0x2a, 0x31, 0x0,

    /* U+FE7D "ﹽ" */
    0x0, 0x88, 0xc1, 0x80, 0x18, 0xf, 0x41, 0x40,
    0x1b, 0x47, 0x24, 0x1, 0x19, 0xf1, 0x8a, 0x0,
    0x4c, 0x70, 0xf, 0xff, 0xf8, 0x7, 0xff, 0x3b,
    0xbb, 0xc4, 0x2, 0x3e, 0x0,

    /* U+FE7E "ﹾ" */
    0x6c, 0x70, 0xac, 0xb0, 0xab, 0xa0,

    /* U+FE7F "ﹿ" */
    0x6, 0xc7, 0x0, 0x56, 0x58, 0x2, 0xae, 0x80,
    0xd, 0x6c, 0x1, 0xff, 0xf2, 0xee, 0x84, 0x4,
    0x60,

    /* U+FE80 "ﺀ" */
    0x1, 0x9c, 0xda, 0x30, 0x1, 0x7b, 0x19, 0x2e,
    0x18, 0x58, 0xbf, 0x7c, 0x84, 0x1, 0x4, 0x8,
    0x36, 0x50, 0x10, 0x10, 0x4, 0x62, 0x10, 0x3e,
    0x60, 0x6d, 0x6c, 0xc7, 0x2c, 0xfc, 0x94, 0x39,
    0x60, 0x0, 0xac, 0x6a, 0xdd, 0xb3, 0xfa, 0x9c,
    0x80,

    /* U+FE81 "ﺁ" */
    0x1b, 0xb3, 0x2, 0x91, 0xf5, 0x86, 0x79, 0x11,
    0x41, 0xb2, 0x80, 0x26, 0xf4, 0x0, 0xff, 0xff,
    0x80, 0x7f, 0xf2, 0x12, 0x94, 0x0,

    /* U+FE82 "ﺂ" */
    0x1b, 0xb2, 0x82, 0x91, 0xfd, 0x9e, 0x79, 0x11,
    0x1, 0xb2, 0x80, 0x26, 0xf4, 0x0, 0xff, 0xfc,
    0x88, 0x6, 0x20, 0xf0, 0xc, 0x80, 0xbe, 0xe0,
    0x16, 0x18, 0x0,

    /* U+FE83 "ﺃ" */
    0xa, 0xc4, 0x1, 0xd6, 0x1, 0xa4, 0xa, 0xb6,
    0x6, 0xf4, 0x0, 0xff, 0xf4, 0xa5, 0x28,

    /* U+FE84 "ﺄ" */
    0x9, 0xc4, 0x0, 0x8b, 0x18, 0x3, 0x65, 0x0,
    0x5b, 0x12, 0x1, 0x32, 0x8, 0x4, 0xde, 0x80,
    0x1f, 0xfe, 0xf1, 0x0, 0x88, 0x3c, 0x2, 0x40,
    0x5f, 0x70, 0x6, 0x18, 0x0,

    /* U+FE85 "ﺅ" */
    0x0, 0xf5, 0x61, 0x80, 0x7e, 0x10, 0xc2, 0x0,
    0xfc, 0x2f, 0xac, 0x1, 0xfd, 0x38, 0xe0, 0x1f,
    0xc8, 0x20, 0x1f, 0xfc, 0x91, 0xad, 0xa1, 0x0,
    0xfb, 0x14, 0x97, 0x40, 0x3c, 0xc4, 0xdc, 0xa6,
    0xc0, 0x1d, 0x81, 0x3, 0x61, 0x40, 0x1f, 0xc2,
    0x66, 0x0, 0xed, 0xa, 0x20, 0x60, 0x20, 0xc,
    0xe6, 0x9b, 0xea, 0x1, 0xf6, 0x39, 0x10, 0x0,
    0x40, 0x1e, 0x8d, 0xc0, 0x40, 0xf, 0xeb, 0x8,
    0x0, 0xfd, 0x2a, 0xe6, 0x1, 0xc2, 0xda, 0xc9,
    0x0, 0x17, 0x73, 0xfa, 0x4a, 0x2c, 0x2, 0x10,
    0x10, 0x37, 0xe7, 0x0, 0xc0,

    /* U+FE86 "ﺆ" */
    0x0, 0xe2, 0xcb, 0x0, 0xff, 0x3d, 0xc8, 0x80,
    0x7f, 0x3e, 0x59, 0x80, 0x7f, 0x15, 0xc9, 0x0,
    0x7f, 0xf2, 0x8e, 0xf5, 0xc0, 0x3f, 0x16, 0x21,
    0x44, 0x0, 0x3e, 0x80, 0x9e, 0x37, 0x20, 0xf,
    0x21, 0x30, 0xc0, 0x50, 0x7, 0x84, 0x40, 0x4,
    0x3, 0x0, 0xf2, 0x1b, 0x0, 0x9, 0x80, 0x3d,
    0x1, 0x3f, 0xc4, 0x4e, 0x40, 0xc, 0x7a, 0x80,
    0x20, 0x1, 0x10, 0x7, 0x15, 0xfb, 0x4, 0x7a,
    0x80, 0x70, 0xa5, 0xb1, 0x38, 0x5, 0xfd, 0xcf,
    0xeb, 0x44, 0x60, 0x4, 0x23, 0xc6, 0xf9, 0x62,
    0x1, 0x0,

    /* U+FE87 "ﺇ" */
    0x6, 0xf4, 0x0, 0xff, 0xf4, 0xa5, 0x28, 0x12,
    0x88, 0x55, 0x98, 0xf, 0xb8, 0xe, 0x88, 0x54,
    0xa8,

    /* U+FE88 "ﺈ" */
    0x6, 0xf4, 0x0, 0xff, 0xf7, 0x88, 0x4, 0x41,
    0xe0, 0x12, 0x2, 0xfb, 0x80, 0x30, 0xc0, 0x31,
    0xe7, 0xb8, 0x4e, 0x20, 0x4, 0x58, 0xc0, 0x1a,
    0x54, 0x2, 0xdd, 0x30, 0x4, 0xc8, 0x20, 0x0,

    /* U+FE89 "ﺉ" */
    0x3, 0xca, 0x0, 0x86, 0x77, 0x52, 0x20, 0x4,
    0x88, 0x0, 0x58, 0xc4, 0x46, 0xc1, 0x4, 0xbe,
    0x30, 0x62, 0x7f, 0xe7, 0x27, 0x2, 0xdc, 0x30,
    0xe0, 0xb0, 0x18, 0xf6, 0x1, 0x20, 0xa, 0xc3,
    0x58, 0x3, 0x98, 0x80, 0x23, 0xc3, 0x9d, 0x40,
    0x1, 0x4d, 0x0, 0x63, 0xd9, 0x3b, 0x70, 0x70,
    0xe0, 0xf, 0x37, 0x9c, 0x10, 0x80, 0x80, 0x7c,
    0x34, 0xe, 0x83, 0xc, 0x20, 0x18, 0x9a, 0x1,
    0x2, 0x86, 0x7b, 0xfb, 0x9f, 0xb2, 0x34, 0x20,
    0x9f, 0x6, 0x23, 0x8d, 0xf9, 0x40,

    /* U+FE8A "ﺊ" */
    0x1, 0xbb, 0x8, 0x7, 0xff, 0x0, 0xca, 0xc,
    0x3, 0xff, 0x80, 0x41, 0x62, 0x1, 0xff, 0xc1,
    0x98, 0x30, 0xf, 0xa7, 0x60, 0x40, 0x40, 0x3f,
    0x9d, 0x89, 0xf0, 0x7a, 0x0, 0x3f, 0xd7, 0x22,
    0xa1, 0xe0, 0x1f, 0x98, 0x7d, 0xb0, 0x3, 0xfe,
    0x16, 0x42, 0x4, 0x18, 0x61, 0x0, 0xc2, 0x92,
    0xe4, 0x40, 0x5, 0x4, 0xf7, 0xf7, 0x3f, 0xad,
    0x97, 0x0, 0x24, 0xe8, 0x31, 0x1c, 0x6f, 0xb4,
    0x20, 0x0,

    /* U+FE8B "ﺋ" */
    0x0, 0x36, 0x38, 0x5, 0xba, 0x50, 0xb, 0x3e,
    0x0, 0x27, 0xea, 0x0, 0xff, 0x33, 0x0, 0x35,
    0xc0, 0x7, 0x18, 0x4, 0x64, 0x20, 0xe, 0xc0,
    0xb0, 0x0, 0x93, 0xb8, 0x0,

    /* U+FE8C "ﺌ" */
    0x0, 0x56, 0x18, 0x0, 0x43, 0x4, 0x0, 0x2d,
    0xb4, 0x1, 0x46, 0x40, 0x4, 0x82, 0x1, 0xfe,
    0x6e, 0x40, 0xc, 0x20, 0x18, 0x40, 0x40, 0x2b,
    0xf, 0x0, 0x79, 0x82, 0xe8, 0xa, 0x51, 0x80,

    /* U+FE8D "ﺍ" */
    0x6f, 0x40, 0xf, 0xfe, 0xda, 0x52, 0x80,

    /* U+FE8E "ﺎ" */
    0x6f, 0x40, 0xf, 0xff, 0x28, 0x80, 0x8, 0x3c,
    0x0, 0x80, 0xbe, 0xe1, 0x86, 0x0,

    /* U+FE8F "ﺏ" */
    0x7a, 0x10, 0xf, 0xc9, 0x3, 0x8a, 0x20, 0x1f,
    0xb5, 0xcc, 0x0, 0x20, 0x1f, 0x13, 0x81, 0x60,
    0x6a, 0x0, 0x63, 0x8d, 0x17, 0x7, 0x43, 0xbf,
    0xee, 0x7e, 0x38, 0x3c, 0x0, 0x2e, 0x94, 0x47,
    0x1b, 0xec, 0x0, 0x65, 0xae, 0xff, 0x76, 0x41,
    0x0, 0x7e, 0x4b, 0x40, 0xf, 0xf8, 0x50, 0x80,
    0x3c,

    /* U+FE90 "ﺐ" */
    0x22, 0x0, 0x7f, 0xf0, 0x63, 0x44, 0x3, 0xf4,
    0x79, 0x0, 0x80, 0x80, 0x7e, 0x20, 0x10, 0x10,
    0x20, 0xf, 0x91, 0x42, 0x83, 0xc3, 0xd0, 0x3,
    0x1d, 0x58, 0x89, 0xad, 0x58, 0xaf, 0xfb, 0xfd,
    0x8a, 0x3b, 0x86, 0xe1, 0x36, 0xa4, 0x20, 0x29,
    0x1c, 0x65, 0x98, 0x0, 0x25, 0x6f, 0xfb, 0xad,
    0xc0, 0x3f, 0xd7, 0xe0, 0x1f, 0xfc, 0x13, 0x40,
    0xf, 0xc0,

    /* U+FE91 "ﺑ" */
    0x0, 0x99, 0xc0, 0x2b, 0x90, 0xc, 0x60, 0x3,
    0x21, 0xe, 0xc0, 0xb0, 0x12, 0x77, 0x7, 0xec,
    0x0, 0x4f, 0xe8, 0x0, 0x24, 0x70,

    /* U+FE92 "ﺒ" */
    0x0, 0x1c, 0x10, 0x4, 0xae, 0xc0, 0x10, 0x80,
    0x80, 0x56, 0x1e, 0x0, 0xf3, 0x5, 0xd0, 0x14,
    0xa3, 0x0, 0x75, 0xae, 0x68, 0x1, 0xfd, 0x0,
    0x22, 0x47, 0x0,

    /* U+FE93 "ﺓ" */
    0x0, 0x8, 0x80, 0x80, 0x3a, 0xa8, 0x3a, 0xa0,
    0x1a, 0x20, 0x34, 0x80, 0x18, 0xcc, 0xa, 0x20,
    0x1f, 0xfc, 0x25, 0x80, 0xf, 0x5d, 0x36, 0x90,
    0x5, 0x89, 0x7e, 0x18, 0x20, 0xa7, 0x28, 0x3e,
    0x36, 0x1e, 0xc, 0x0, 0x23, 0x40, 0x10, 0xe,
    0x71, 0x2, 0x8, 0x0, 0x22, 0x8, 0x2c, 0x1f,
    0xfd, 0x61, 0x60, 0x5a, 0x80, 0x3, 0xa6, 0x0,

    /* U+FE94 "ﺔ" */
    0x0, 0x10, 0x8, 0x80, 0x31, 0xe9, 0xc6, 0x0,
    0x62, 0xa2, 0xa9, 0x0, 0xc2, 0xa2, 0x68, 0x1,
    0xf2, 0x48, 0x80, 0x73, 0xcb, 0x28, 0x4, 0x9d,
    0x2c, 0x4, 0x0, 0x3b, 0x2f, 0x90, 0xe0, 0x4,
    0x87, 0x89, 0x81, 0x0, 0x4, 0x18, 0x6c, 0x1c,
    0x1, 0x81, 0x5c, 0xa2, 0x48, 0xf, 0x6, 0x6a,
    0xa0, 0x5c, 0x3, 0xe6, 0x15, 0x24, 0x80,

    /* U+FE95 "ﺕ" */
    0x0, 0xe1, 0x0, 0x8, 0x7, 0xf1, 0x72, 0xc7,
    0x80, 0x7f, 0x15, 0xa5, 0x50, 0x3, 0xfc, 0x82,
    0x48, 0x1, 0xc6, 0xa0, 0x1f, 0xc2, 0x41, 0x34,
    0x20, 0x1f, 0xa7, 0x48, 0x40, 0x40, 0x3f, 0x18,
    0x0, 0x40, 0x80, 0x3e, 0x54, 0x12, 0xf0, 0xf5,
    0x0, 0xc7, 0x54, 0xb, 0x5, 0x62, 0xaf, 0xef,
    0xf6, 0x28, 0x4a, 0x80, 0x26, 0xd4, 0x84, 0x4,
    0xe3, 0x98, 0x0,

    /* U+FE96 "ﺖ" */
    0x0, 0xc2, 0x0, 0x10, 0xf, 0xfb, 0x9d, 0xb8,
    0x40, 0x3f, 0xd6, 0xaf, 0x62, 0x1, 0xfe, 0x42,
    0x14, 0x0, 0xf8, 0xd4, 0x3, 0xf8, 0x48, 0x1,
    0x34, 0x20, 0x1f, 0xa7, 0x48, 0x4, 0x4, 0x3,
    0xf1, 0x80, 0x80, 0x81, 0x0, 0x7c, 0xa8, 0x14,
    0x1e, 0x1e, 0xa0, 0x18, 0xea, 0x82, 0x26, 0xb5,
    0x62, 0xaf, 0xef, 0xf6, 0x28, 0xee, 0x1b, 0x84,
    0xda, 0x90, 0x80, 0xa4, 0x71, 0x96, 0x60,

    /* U+FE97 "ﺗ" */
    0x1, 0x10, 0x10, 0x2, 0xa8, 0x3a, 0xa1, 0x10,
    0x1a, 0x40, 0x33, 0x2, 0x88, 0x7, 0xf6, 0x60,
    0x3, 0x8, 0x80, 0x31, 0x80, 0x63, 0x16, 0x0,
    0x76, 0x6, 0x80, 0x4, 0xa1, 0x80,

    /* U+FE98 "ﺘ" */
    0x1, 0x10, 0x8, 0x2, 0x30, 0x39, 0xc2, 0xe4,
    0x2d, 0x40, 0x90, 0x10, 0x80, 0x3f, 0x37, 0x20,
    0x6, 0x10, 0xc, 0x20, 0x20, 0x15, 0x87, 0x80,
    0x3c, 0xc1, 0x74, 0x5, 0x28, 0xc0,

    /* U+FE99 "ﺙ" */
    0x0, 0xf0, 0x88, 0x3, 0xff, 0x81, 0x90, 0x1,
    0xff, 0xc, 0xd0, 0x80, 0x7f, 0x17, 0xd, 0xf8,
    0x7, 0xf1, 0x5a, 0x55, 0x0, 0x3f, 0xc8, 0x24,
    0x80, 0x1c, 0x6a, 0x1, 0xfc, 0x24, 0x13, 0x42,
    0x1, 0xfa, 0x74, 0x84, 0x4, 0x3, 0xf1, 0x80,
    0x4, 0x8, 0x3, 0xe5, 0x41, 0x2f, 0xf, 0x50,
    0xc, 0x75, 0x40, 0xb0, 0x56, 0x2a, 0xfe, 0xff,
    0x62, 0x84, 0xa8, 0x2, 0x6d, 0x48, 0x40, 0x4e,
    0x39, 0x80, 0x0,

    /* U+FE9A "ﺚ" */
    0x0, 0xe1, 0x10, 0x7, 0xff, 0x6, 0xb4, 0x3,
    0xff, 0x80, 0x3f, 0x2, 0x1, 0xff, 0x71, 0x97,
    0x8, 0x7, 0xfa, 0xd5, 0xec, 0x40, 0x3f, 0xc8,
    0x42, 0x80, 0x1f, 0x1a, 0x80, 0x7f, 0x9, 0x0,
    0x26, 0x84, 0x3, 0xf4, 0xe9, 0x0, 0x80, 0x80,
    0x7e, 0x30, 0x10, 0x10, 0x20, 0xf, 0x95, 0x2,
    0x83, 0xc3, 0xd4, 0x3, 0x1d, 0x50, 0x44, 0xd6,
    0xac, 0x55, 0xfd, 0xfe, 0xc5, 0x1d, 0xc3, 0x70,
    0x9b, 0x52, 0x10, 0x14, 0x8e, 0x32, 0xcc, 0x0,

    /* U+FE9B "ﺛ" */
    0x0, 0x88, 0x3, 0x36, 0x80, 0x42, 0xb4, 0x40,
    0xa, 0x84, 0xd5, 0x8, 0x80, 0xd2, 0x1, 0x98,
    0x14, 0x40, 0x3f, 0xb3, 0x0, 0x18, 0x44, 0x1,
    0x8c, 0x3, 0x18, 0xb0, 0x3, 0xb0, 0x34, 0x0,
    0x25, 0xc, 0x0,

    /* U+FE9C "ﺜ" */
    0x0, 0x88, 0x3, 0x26, 0x90, 0x0, 0x5e, 0x80,
    0x28, 0xe5, 0xd7, 0xb, 0x90, 0xb5, 0x2, 0x40,
    0x42, 0x0, 0xfc, 0xdc, 0x80, 0x18, 0x40, 0x30,
    0x80, 0x80, 0x56, 0x1e, 0x0, 0xf3, 0x5, 0xd0,
    0x14, 0xa3, 0x0,

    /* U+FE9D "ﺝ" */
    0x9d, 0xd5, 0x28, 0x7, 0x8c, 0x88, 0xb5, 0xaa,
    0x1, 0xaf, 0xbf, 0xad, 0x6f, 0x8, 0x0, 0x22,
    0x1, 0x5f, 0x53, 0x50, 0xe, 0x9e, 0x87, 0x85,
    0x0, 0x87, 0x59, 0x9d, 0x8e, 0x40, 0x16, 0x16,
    0x48, 0x80, 0x73, 0x94, 0x98, 0x7, 0xd6, 0x2c,
    0xd, 0x84, 0x1, 0x88, 0x80, 0xf, 0x30, 0xf,
    0x8, 0x2, 0x7c, 0x80, 0x32, 0x12, 0x0, 0x7e,
    0x90, 0xb8, 0x10, 0x8, 0xdc, 0xe, 0x81, 0xfb,
    0xfe, 0xc8, 0x20, 0x5d, 0x62, 0x0, 0xa, 0x41,
    0x80,

    /* U+FE9E "ﺞ" */
    0x9f, 0xec, 0x71, 0x0, 0xff, 0x1c, 0x73, 0x80,
    0x7a, 0x7f, 0xbf, 0x66, 0xb4, 0xc0, 0x3f, 0xf,
    0x81, 0x58, 0x7, 0x8b, 0x30, 0xc4, 0xb2, 0x1,
    0xc9, 0xa5, 0x3e, 0xab, 0x0, 0x62, 0xb2, 0xf6,
    0xa, 0x3b, 0x81, 0x0, 0x58, 0x70, 0x80, 0x58,
    0x6f, 0xdc, 0x24, 0x13, 0x9, 0xf2, 0xc, 0x82,
    0x11, 0x19, 0x80, 0x1e, 0x60, 0x13, 0xef, 0x9a,
    0x91, 0x83, 0x61, 0x0, 0x7b, 0xc3, 0x5c, 0x40,
    0x22, 0x50, 0x9, 0x24, 0x63, 0xbf, 0xed, 0xa2,
    0x0, 0x9b, 0x58, 0x80, 0x2, 0x8e, 0x60, 0x0,

    /* U+FE9F "ﺟ" */
    0x0, 0x5e, 0xe4, 0xa0, 0x7, 0xe6, 0x23, 0x6b,
    0xd5, 0x0, 0xf6, 0x7f, 0x64, 0xd, 0x6a, 0x0,
    0x61, 0x1, 0x37, 0xcd, 0x4b, 0xb1, 0x0, 0x7e,
    0x45, 0x4, 0x70, 0xe, 0x18, 0xe9, 0x26, 0xa4,
    0x0, 0x8e, 0x79, 0xce, 0x7a, 0x54, 0x43, 0xbf,
    0x18, 0xab, 0x58, 0x3, 0x84, 0x49, 0x5a, 0xa0,
    0x1f, 0x7f, 0x5a, 0x80, 0x23, 0xcc, 0x3, 0xfd,
    0xc6, 0x20, 0x10,

    /* U+FEA0 "ﺠ" */
    0x0, 0x6f, 0xf5, 0x28, 0x7, 0xfc, 0x2b, 0x5c,
    0xe0, 0x1f, 0x6f, 0xfb, 0xa9, 0x63, 0x94, 0x3,
    0xf0, 0xad, 0xf3, 0x56, 0x10, 0x7, 0xe1, 0x65,
    0x3, 0x70, 0xf, 0xc, 0x74, 0x13, 0x52, 0x0,
    0x63, 0x9e, 0x72, 0x80, 0x40, 0x10, 0x7, 0x7e,
    0x31, 0x56, 0xbe, 0x5, 0x7d, 0x80, 0x89, 0x6f,
    0x54, 0x0, 0x7a, 0xe2, 0xe1, 0xfd, 0x48, 0x1,
    0xe8, 0xec, 0x0, 0xf1, 0x7d, 0x0, 0x7f, 0xc6,
    0x9a, 0x1, 0xc0,

    /* U+FEA1 "ﺡ" */
    0x9d, 0xd5, 0x28, 0x7, 0x8c, 0x88, 0xb5, 0xaa,
    0x1, 0xaf, 0xbf, 0xad, 0x6e, 0xc4, 0x0, 0x11,
    0x0, 0xaf, 0x2a, 0x28, 0x7, 0x47, 0x4b, 0xb9,
    0x40, 0x21, 0xd7, 0x6d, 0xc8, 0x20, 0xb, 0xa,
    0xe4, 0x80, 0x39, 0xca, 0x50, 0x3, 0xeb, 0x6,
    0x0, 0xfc, 0x46, 0x1, 0xfe, 0x10, 0xf, 0xe4,
    0x24, 0x0, 0xfd, 0x21, 0x70, 0x20, 0x11, 0xb0,
    0x1d, 0x3, 0xf7, 0xfd, 0x92, 0x40, 0xba, 0xc4,
    0x0, 0x14, 0x83,

    /* U+FEA2 "ﺢ" */
    0x9f, 0xec, 0x71, 0x0, 0xff, 0x1c, 0x73, 0x80,
    0x7a, 0x7f, 0xbf, 0x66, 0xb4, 0xc0, 0x3f, 0xf,
    0x81, 0x58, 0x7, 0x8b, 0x30, 0xc4, 0xb2, 0x1,
    0xc9, 0xa5, 0x3e, 0xab, 0x0, 0x62, 0xb2, 0xf6,
    0xa, 0x3b, 0x81, 0x0, 0x58, 0x70, 0x80, 0x58,
    0x6f, 0xdc, 0x24, 0x13, 0x0, 0xec, 0x82, 0x11,
    0x19, 0x80, 0x3e, 0x7d, 0xf3, 0x52, 0x30, 0xf,
    0xf7, 0x86, 0xb8, 0x80, 0x44, 0xa0, 0x12, 0x48,
    0xc7, 0x7f, 0xdb, 0x44, 0x1, 0x36, 0xb1, 0x0,
    0x5, 0x1c, 0xc0, 0x0,

    /* U+FEA3 "ﺣ" */
    0x0, 0x6f, 0xf5, 0x28, 0x7, 0xf8, 0x56, 0xb9,
    0xc0, 0x3d, 0xbf, 0xee, 0xa5, 0x8e, 0x50, 0xf,
    0x85, 0x6f, 0x9a, 0xb0, 0x80, 0x3e, 0x16, 0x50,
    0x37, 0x0, 0xe1, 0x8e, 0x83, 0x6a, 0x40, 0x8,
    0xe7, 0x9c, 0xab, 0xa5, 0x44, 0x3b, 0xf1, 0x8a,
    0xb5, 0x40, 0x38, 0x44, 0xb7, 0xaa, 0x1, 0xe0,

    /* U+FEA4 "ﺤ" */
    0x0, 0x6f, 0xf5, 0x28, 0x7, 0xfc, 0x2b, 0x5c,
    0xe0, 0x1f, 0x6f, 0xfb, 0xa9, 0x63, 0x94, 0x3,
    0xf0, 0xad, 0xf3, 0x56, 0x10, 0x7, 0xe1, 0x65,
    0x3, 0x70, 0xf, 0xc, 0x74, 0x13, 0x52, 0x0,
    0x63, 0x9e, 0x72, 0x80, 0x40, 0x10, 0x7, 0x7e,
    0x31, 0x56, 0xbe, 0x5, 0x7d, 0x80, 0x89, 0x6f,
    0x54, 0x0, 0x7a, 0xe2, 0xe0,

    /* U+FEA5 "ﺥ" */
    0x0, 0x92, 0xcc, 0x3, 0xf1, 0x23, 0x0, 0x7e,
    0x6f, 0x50, 0xe, 0x9d, 0xd5, 0x28, 0x7, 0x8c,
    0x88, 0xb5, 0xaa, 0x1, 0xaf, 0xbf, 0xad, 0x6e,
    0xc4, 0x0, 0x11, 0x0, 0xaf, 0x2a, 0x28, 0x7,
    0x47, 0x4b, 0xb9, 0x40, 0x21, 0xd7, 0x6d, 0xc8,
    0x20, 0xb, 0xa, 0xe4, 0x80, 0x39, 0xca, 0x50,
    0x3, 0xeb, 0x6, 0x0, 0xfc, 0x46, 0x1, 0xfe,
    0x10, 0xf, 0xe4, 0x24, 0x0, 0xfd, 0x21, 0x70,
    0x20, 0x11, 0xb0, 0x1d, 0x3, 0xf7, 0xfd, 0x92,
    0x40, 0xba, 0xc4, 0x0, 0x14, 0x83,

    /* U+FEA6 "ﺦ" */
    0x0, 0xcf, 0x60, 0x1f, 0xf6, 0xa0, 0x80, 0x7f,
    0xab, 0xc4, 0x3, 0xff, 0x8f, 0x3f, 0xd8, 0xe2,
    0x1, 0xfe, 0x38, 0xe7, 0x0, 0xf4, 0xff, 0x7e,
    0xcd, 0x69, 0x80, 0x7e, 0x1f, 0x2, 0xb0, 0xf,
    0x16, 0x61, 0x89, 0x64, 0x3, 0x93, 0x4a, 0x7d,
    0x56, 0x0, 0xc5, 0x65, 0xec, 0x14, 0x77, 0x2,
    0x0, 0xb0, 0xe1, 0x0, 0xb0, 0xdf, 0xb8, 0x48,
    0x26, 0x1, 0xd9, 0x4, 0x22, 0x33, 0x0, 0x7c,
    0xfb, 0xe6, 0xa4, 0x60, 0x1f, 0xef, 0xd, 0x71,
    0x0, 0x89, 0x40, 0x24, 0x91, 0x8e, 0xff, 0xb6,
    0x88, 0x2, 0x6d, 0x62, 0x0, 0xa, 0x39, 0x80,
    0x0,

    /* U+FEA7 "ﺧ" */
    0x0, 0xfa, 0xbc, 0x40, 0x3f, 0xda, 0x62, 0x1,
    0xfe, 0x7c, 0x0, 0xf6, 0xff, 0x52, 0x80, 0x7f,
    0x85, 0x6b, 0x9c, 0x3, 0xdb, 0xfe, 0xea, 0x58,
    0xe5, 0x0, 0xf8, 0x56, 0xf9, 0xab, 0x8, 0x3,
    0xe1, 0x65, 0x3, 0x70, 0xe, 0x18, 0xe8, 0x36,
    0xa4, 0x0, 0x8e, 0x79, 0xca, 0xba, 0x54, 0x43,
    0xbf, 0x18, 0xab, 0x54, 0x3, 0x84, 0x4b, 0x7a,
    0xa0, 0x1e,

    /* U+FEA8 "ﺨ" */
    0x0, 0xfa, 0xfc, 0x40, 0x3f, 0xe3, 0x41, 0x0,
    0xff, 0xa2, 0xc0, 0x3e, 0xdf, 0xea, 0x50, 0xf,
    0xf8, 0x56, 0xb9, 0xc0, 0x3e, 0xdf, 0xf7, 0x52,
    0xc7, 0x28, 0x7, 0xe1, 0x5b, 0xe6, 0xac, 0x20,
    0xf, 0xc2, 0xca, 0x6, 0xe0, 0x1e, 0x18, 0xe8,
    0x26, 0xa4, 0x0, 0xc7, 0x3c, 0xe5, 0x0, 0x80,
    0x20, 0xe, 0xfc, 0x62, 0xad, 0x7c, 0xa, 0xfb,
    0x1, 0x12, 0xde, 0xa8, 0x0, 0xf5, 0xc5, 0xc0,

    /* U+FEA9 "ﺩ" */
    0x0, 0x14, 0x28, 0x7, 0x11, 0x29, 0x0, 0x3a,
    0x8a, 0x84, 0x3, 0xbc, 0x6c, 0x3, 0x89, 0xd4,
    0x80, 0x3b, 0x81, 0xc0, 0x21, 0x58, 0x4, 0x3e,
    0xfe, 0xa1, 0x91, 0x1, 0x2, 0x6d, 0x60,

    /* U+FEAA "ﺪ" */
    0x0, 0x86, 0x18, 0x3, 0xe1, 0x49, 0x10, 0xf,
    0xa0, 0x24, 0x3, 0xe4, 0x36, 0x0, 0xfd, 0x62,
    0x60, 0x1f, 0x8, 0x58, 0x7, 0xa, 0xc0, 0x30,
    0x81, 0xf7, 0xf5, 0x9, 0xf, 0x10, 0x8, 0x8d,
    0xb7, 0x14, 0x40,

    /* U+FEAB "ﺫ" */
    0x0, 0x3d, 0x80, 0x7b, 0x50, 0x40, 0x3a, 0xbc,
    0x40, 0x3f, 0xf8, 0x27, 0xb6, 0x1, 0xc7, 0x69,
    0x0, 0x1c, 0xca, 0xe6, 0x1, 0xd6, 0x3e, 0x1,
    0xc2, 0xc6, 0x60, 0xe, 0xe0, 0x70, 0x8, 0x5a,
    0x1, 0x4f, 0xbf, 0xa4, 0x68, 0x40, 0x40, 0xdb,
    0x54, 0x0,

    /* U+FEAC "ﺬ" */
    0x0, 0x97, 0xd8, 0x3, 0xe1, 0x32, 0x0, 0xf9,
    0x31, 0x0, 0x3f, 0xf8, 0xa3, 0x50, 0x1, 0xf0,
    0x89, 0xc8, 0x3, 0xe8, 0xb, 0x0, 0xf8, 0xd1,
    0xc0, 0x3f, 0x60, 0x98, 0x7, 0xc2, 0x16, 0x1,
    0xc2, 0xd0, 0xc, 0x20, 0x7d, 0xfd, 0x22, 0x43,
    0xc4, 0x2, 0x23, 0x6d, 0xc5, 0x10,

    /* U+FEAD "ﺭ" */
    0x0, 0xf2, 0xfd, 0x0, 0x7c, 0xa0, 0x80, 0x1f,
    0x90, 0x40, 0x3f, 0x10, 0x8, 0x7, 0xc6, 0x1,
    0xfc, 0xe2, 0x20, 0xf, 0x29, 0x38, 0x7, 0x9a,
    0x86, 0x0, 0xb2, 0xf3, 0xe4, 0x74, 0x41, 0xcd,
    0x8, 0xe3, 0x8c, 0x0,

    /* U+FEAE "ﺮ" */
    0x0, 0xfb, 0xb8, 0x1, 0xfc, 0xa2, 0x1, 0xfc,
    0x40, 0xc0, 0x1f, 0x8c, 0x26, 0xc0, 0x3e, 0x70,
    0x30, 0xf, 0x94, 0x97, 0x2c, 0x3, 0x9a, 0x82,
    0x0, 0x5, 0x97, 0x9f, 0x23, 0x64, 0x0, 0x73,
    0x42, 0x38, 0xf4, 0x0, 0x80,

    /* U+FEAF "ﺯ" */
    0x0, 0xf4, 0x58, 0x7, 0xe3, 0x41, 0x0, 0xfa,
    0xfc, 0x40, 0x3f, 0x8, 0x7, 0xe5, 0xea, 0x0,
    0xf9, 0x45, 0x0, 0x3f, 0x28, 0x80, 0x7e, 0x20,
    0x10, 0xf, 0x8c, 0x3, 0xf9, 0xc4, 0x40, 0x1e,
    0x52, 0x70, 0xf, 0x35, 0xc, 0x1, 0x65, 0xe7,
    0xc8, 0xe8, 0x83, 0x9a, 0x11, 0xc7, 0x18, 0x0,

    /* U+FEB0 "ﺰ" */
    0x0, 0xf2, 0x7c, 0x0, 0x7e, 0x64, 0xd0, 0xf,
    0xc5, 0x6a, 0x1, 0xff, 0xc8, 0xa9, 0x0, 0xfe,
    0x16, 0x0, 0xfe, 0x20, 0x50, 0xf, 0xf5, 0x58,
    0x7, 0xca, 0x6, 0x1, 0xf2, 0x1a, 0xe5, 0x80,
    0x72, 0xd8, 0x40, 0x0, 0xb2, 0xf3, 0xe8, 0x6c,
    0x80, 0xe, 0x68, 0x47, 0x1e, 0x80, 0x10,

    /* U+FEB1 "ﺱ" */
    0x0, 0xff, 0xe4, 0x37, 0xa8, 0x7, 0xfc, 0xae,
    0x0, 0x38, 0x20, 0xf, 0xfe, 0x27, 0x40, 0x1,
    0x5d, 0x80, 0x30, 0x80, 0x7f, 0xf0, 0xc4, 0x4,
    0x0, 0x20, 0xe1, 0x6e, 0x1, 0xfe, 0x40, 0xc0,
    0xe0, 0x5, 0x1, 0x2, 0x68, 0x7, 0xfa, 0xfd,
    0x1, 0x3f, 0xc4, 0xa2, 0x40, 0x40, 0x1f, 0x9c,
    0xc, 0x12, 0xd0, 0x0, 0xb6, 0x2, 0x1, 0xfe,
    0x32, 0xcf, 0xb4, 0xbf, 0xf5, 0x8, 0x10, 0x20,
    0x7, 0xd0, 0x8, 0x1, 0xfe, 0x15, 0x3b, 0x41,
    0x0, 0x1c, 0xb8, 0x40, 0x7, 0xfd, 0x66, 0x97,
    0xdf, 0xec, 0x61, 0xb1, 0x0, 0xff, 0x87, 0x29,
    0x48, 0x49, 0x23, 0xd0, 0x3, 0xfe,

    /* U+FEB2 "ﺲ" */
    0x0, 0xff, 0xe4, 0x37, 0xa8, 0x7, 0xff, 0x1,
    0x5c, 0x0, 0x70, 0x40, 0x1f, 0xfc, 0x5e, 0x80,
    0x2, 0xbb, 0x0, 0x7f, 0xf2, 0x44, 0x4, 0x0,
    0x20, 0x60, 0xb, 0x70, 0xf, 0xf2, 0x6, 0x7,
    0x0, 0x28, 0x34, 0x0, 0x9a, 0x1, 0xfe, 0xbf,
    0x40, 0x4f, 0xf1, 0x2, 0x69, 0x1, 0x0, 0x7e,
    0x70, 0x30, 0x4b, 0x40, 0x15, 0xb4, 0x1, 0x0,
    0xff, 0x19, 0x67, 0xda, 0x5f, 0xf5, 0x25, 0xe9,
    0x2, 0x0, 0x7d, 0x0, 0x80, 0x1f, 0xf0, 0xa9,
    0xda, 0x8, 0x0, 0xe5, 0xc2, 0x0, 0x3f, 0xf8,
    0x16, 0x69, 0x7d, 0xfe, 0xc6, 0x1b, 0x10, 0xf,
    0xfe, 0x0, 0xe5, 0x29, 0x9, 0x24, 0x7a, 0x0,
    0x7f, 0xf0, 0x0,

    /* U+FEB3 "ﺳ" */
    0x0, 0xff, 0xe0, 0xf6, 0x80, 0x43, 0x6, 0x0,
    0x76, 0x0, 0xfc, 0x4e, 0x80, 0x9, 0xa0, 0xc,
    0x20, 0x13, 0x87, 0x80, 0x4, 0x40, 0x10, 0xb8,
    0x5, 0xa0, 0x80, 0x60, 0x48, 0xa, 0x4, 0x1d,
    0xec, 0x7, 0xf8, 0x0, 0xbf, 0xa0, 0xb0, 0x10,
    0x3b, 0x51, 0x14, 0x40, 0x80, 0xa8, 0x80,

    /* U+FEB4 "ﺴ" */
    0x0, 0xff, 0xe0, 0xf6, 0x80, 0x70, 0xc1, 0x80,
    0x1d, 0x80, 0x3f, 0xc4, 0xe8, 0x0, 0x9a, 0x0,
    0xff, 0x38, 0x78, 0x0, 0x44, 0x1, 0x9, 0x80,
    0x76, 0x82, 0x1, 0x81, 0x20, 0x28, 0xa, 0x0,
    0x3b, 0xd8, 0xf, 0xf0, 0x1, 0x7f, 0x40, 0xb,
    0x60, 0x10, 0x3b, 0x51, 0x14, 0x40, 0x80, 0xa6,
    0x8, 0x0,

    /* U+FEB5 "ﺵ" */
    0x0, 0xff, 0xe1, 0x88, 0x80, 0x3f, 0xf9, 0x3b,
    0x60, 0x1f, 0xfc, 0x82, 0x8e, 0x10, 0xf, 0xfe,
    0x30, 0xe8, 0x9f, 0x0, 0x7f, 0xf1, 0x86, 0x91,
    0x6c, 0x3, 0xff, 0x8e, 0xa2, 0x48, 0x1, 0xff,
    0xcd, 0x6f, 0x40, 0xf, 0xfa, 0x2c, 0x0, 0x96,
    0x60, 0x18, 0x40, 0x3f, 0xe3, 0x40, 0x1, 0x23,
    0x80, 0x61, 0x0, 0xff, 0xe1, 0x88, 0x8, 0x0,
    0x41, 0xc3, 0x1c, 0x3, 0xfc, 0x81, 0x81, 0xc0,
    0xa, 0x2, 0x3, 0xd0, 0xf, 0xf5, 0xfa, 0x2,
    0x7f, 0x89, 0x44, 0x80, 0x80, 0x3f, 0x38, 0x18,
    0x25, 0xa0, 0x1, 0x6c, 0x4, 0x3, 0xfc, 0x65,
    0x9f, 0x69, 0x7f, 0xea, 0x10, 0x20, 0x40, 0xf,
    0xa0, 0x10, 0x3, 0xfc, 0x2a, 0x76, 0x82, 0x0,
    0x3a, 0x70, 0x80, 0xf, 0xfa, 0xcd, 0x2f, 0xbf,
    0xd8, 0xa3, 0x62, 0x1, 0xff, 0xe, 0x52, 0x90,
    0x92, 0x47, 0xa0, 0x7, 0xfc,

    /* U+FEB6 "ﺶ" */
    0x0, 0xff, 0xe1, 0x88, 0x80, 0x3f, 0xf9, 0x5b,
    0x40, 0x1f, 0xfc, 0x92, 0x8f, 0x20, 0xf, 0xfe,
    0x38, 0xe9, 0x1e, 0x80, 0x7f, 0xf1, 0xc6, 0x9d,
    0x68, 0x3, 0xff, 0x90, 0xa2, 0x4a, 0x1, 0xff,
    0xce, 0x6f, 0x40, 0xf, 0xfe, 0x4, 0x58, 0x1,
    0x2c, 0xc0, 0x30, 0x80, 0x7f, 0xf0, 0xd, 0x0,
    0x4, 0x8e, 0x1, 0xff, 0xc9, 0x10, 0x10, 0x0,
    0x81, 0x80, 0x31, 0xc0, 0x3f, 0xc8, 0x18, 0x1c,
    0x0, 0xa0, 0xd0, 0x1, 0xe8, 0x7, 0xfa, 0xfd,
    0x1, 0x3f, 0xc4, 0x9, 0xa4, 0x4, 0x1, 0xf9,
    0xc0, 0xc1, 0x2d, 0x0, 0x56, 0xd0, 0x4, 0x3,
    0xfc, 0x65, 0x9f, 0x69, 0x7f, 0xd4, 0x97, 0xa4,
    0x8, 0x1, 0xf4, 0x2, 0x0, 0x7f, 0xc2, 0xa7,
    0x68, 0x20, 0x3, 0xa7, 0x8, 0x0, 0xff, 0xe0,
    0x59, 0xa5, 0xf7, 0xfb, 0x14, 0x6c, 0x40, 0x3f,
    0xf8, 0x3, 0x94, 0xa4, 0x24, 0x91, 0xe8, 0x1,
    0xff, 0xc0,

    /* U+FEB7 "ﺷ" */
    0x0, 0xfc, 0x40, 0x1f, 0xfc, 0x16, 0xd1, 0x0,
    0xff, 0x85, 0x68, 0xc0, 0x3f, 0xeb, 0xf5, 0xd6,
    0x0, 0xff, 0x4f, 0x85, 0x38, 0x7, 0xf8, 0xcc,
    0xa, 0x20, 0x1f, 0xfc, 0x5d, 0xc0, 0x8, 0xad,
    0x40, 0x15, 0x20, 0x11, 0x88, 0x4, 0x28, 0x40,
    0x4, 0x50, 0xc, 0x20, 0x13, 0x87, 0x80, 0x4,
    0x40, 0x10, 0xb8, 0x5, 0xa0, 0x80, 0x60, 0x48,
    0xa, 0x4, 0x1d, 0xec, 0x7, 0xf8, 0x0, 0xbf,
    0xa0, 0xb0, 0x10, 0x3b, 0x51, 0x14, 0x40, 0x80,
    0xa8, 0x80,

    /* U+FEB8 "ﺸ" */
    0x0, 0xfc, 0x40, 0x1f, 0xfc, 0x33, 0xd3, 0x0,
    0xff, 0xe0, 0x88, 0xa8, 0x44, 0x1, 0xff, 0xc0,
    0x9c, 0x5c, 0x90, 0xf, 0xfe, 0x5, 0x50, 0x2a,
    0x80, 0x1f, 0xfc, 0x2, 0x40, 0x42, 0x0, 0xff,
    0xe3, 0xee, 0x0, 0x71, 0x5a, 0x80, 0x2a, 0x40,
    0x23, 0x10, 0xe, 0x14, 0x20, 0x2, 0x28, 0x7,
    0xf9, 0xc3, 0xc0, 0x2, 0x20, 0x8, 0x4c, 0x3,
    0xb4, 0x10, 0xc, 0x9, 0x1, 0x40, 0x50, 0x1,
    0xde, 0xc0, 0x7f, 0x80, 0xb, 0xfa, 0x0, 0x5b,
    0x0, 0x81, 0xda, 0x88, 0xa2, 0x4, 0x5, 0x30,
    0x40,

    /* U+FEB9 "ﺹ" */
    0x0, 0xff, 0xe3, 0xc, 0x6e, 0x30, 0x7, 0xff,
    0x1c, 0xbd, 0xc8, 0xe6, 0x40, 0x1f, 0xfc, 0x52,
    0xc1, 0x8f, 0xc2, 0x63, 0x0, 0xff, 0xe1, 0x8f,
    0x8e, 0x38, 0x1c, 0x85, 0x80, 0x7f, 0xf0, 0xe8,
    0xac, 0xc0, 0x26, 0x0, 0xff, 0xe0, 0xac, 0x83,
    0x24, 0x20, 0x6, 0xa0, 0xe0, 0xc8, 0x0, 0xfd,
    0x2d, 0x12, 0x8e, 0x0, 0x15, 0xb7, 0x26, 0x13,
    0x20, 0xf, 0xce, 0xe, 0xb, 0xdc, 0xfe, 0xa4,
    0x3f, 0x3, 0x2, 0x0, 0xfc, 0xe0, 0x60, 0x23,
    0x1, 0x2d, 0x61, 0x0, 0x80, 0x7f, 0x8c, 0xb3,
    0xff, 0xb6, 0x94, 0x2, 0x20, 0x40, 0xf, 0xa0,
    0x10, 0x3, 0xff, 0x80, 0x2a, 0x76, 0x82, 0x0,
    0x3a, 0x70, 0x80, 0xf, 0xfe, 0xd, 0x9a, 0x5f,
    0x7f, 0xb1, 0x46, 0xc4, 0x3, 0xff, 0x82, 0x39,
    0x4a, 0x42, 0x49, 0x1e, 0x80, 0x1f, 0xfc, 0x10,

    /* U+FEBA "ﺺ" */
    0x0, 0xff, 0xe3, 0xc, 0x6e, 0x30, 0x7, 0xff,
    0x20, 0xbd, 0xc8, 0xe6, 0x40, 0x1f, 0xfc, 0x62,
    0xc1, 0x8f, 0xc2, 0x63, 0x0, 0xff, 0xe2, 0xf,
    0x8e, 0x38, 0x1c, 0x85, 0x80, 0x7f, 0xf1, 0x2c,
    0xac, 0xc0, 0x26, 0x0, 0xff, 0xe1, 0x2c, 0x83,
    0x2c, 0x20, 0x6, 0xa0, 0xe0, 0x6, 0x40, 0x7,
    0xe9, 0x68, 0x82, 0x38, 0x0, 0x56, 0xdc, 0x10,
    0x4, 0xc8, 0x3, 0xf3, 0x83, 0x8a, 0xf7, 0x3f,
    0xa9, 0x0, 0x1b, 0x86, 0x4, 0x1, 0xf9, 0xc0,
    0xc0, 0x46, 0x2, 0x5a, 0xe5, 0x11, 0x80, 0x3f,
    0xc6, 0x59, 0xff, 0xdb, 0x4a, 0x35, 0xda, 0x40,
    0x80, 0x1f, 0x40, 0x20, 0x7, 0xff, 0x4, 0x54,
    0xed, 0x4, 0x0, 0x74, 0xe1, 0x0, 0x1f, 0xfc,
    0x2b, 0x34, 0xbe, 0xff, 0x62, 0x8d, 0x88, 0x7,
    0xff, 0x8, 0x72, 0x94, 0x84, 0x92, 0x3d, 0x0,
    0x3f, 0xf8, 0x40,

    /* U+FEBB "ﺻ" */
    0x0, 0xff, 0x25, 0xed, 0x10, 0x7, 0xfd, 0x16,
    0x84, 0xba, 0x60, 0x1f, 0xd2, 0xe7, 0x9c, 0xe1,
    0xe0, 0x1f, 0x99, 0x89, 0x86, 0x30, 0x66, 0x0,
    0x9b, 0xd0, 0xe, 0x4e, 0xc0, 0x32, 0x80, 0x80,
    0x4, 0x4, 0x38, 0x74, 0x3, 0xb, 0x88, 0x80,
    0x16, 0x1d, 0x25, 0x42, 0x0, 0x27, 0xf1, 0x90,
    0x7, 0x98, 0x23, 0x5, 0x77, 0xfb, 0x60, 0x61,
    0xc0, 0x2, 0x94, 0x60, 0x1, 0x10, 0x9, 0xbe,
    0xb8, 0x0,

    /* U+FEBC "ﺼ" */
    0x0, 0xff, 0x25, 0xed, 0x10, 0x7, 0xff, 0x2,
    0x2d, 0x9, 0x74, 0xc0, 0x3f, 0xd0, 0xe7, 0x9c,
    0xe1, 0xe0, 0x1f, 0xcc, 0xe9, 0x86, 0x30, 0x66,
    0x0, 0xcd, 0xe8, 0x5, 0x27, 0x60, 0x19, 0x40,
    0x40, 0x21, 0x1, 0xf, 0x1d, 0x0, 0xc2, 0xe2,
    0x20, 0xa, 0xc3, 0xe0, 0xa8, 0x40, 0x4, 0xfe,
    0x28, 0x1, 0x79, 0x82, 0xb8, 0x57, 0x7f, 0xb6,
    0x4, 0x17, 0xd4, 0x5, 0x28, 0xc0, 0x2, 0x20,
    0x13, 0x7d, 0xb2, 0x0, 0x0,

    /* U+FEBD "ﺽ" */
    0x0, 0xff, 0xe0, 0xbe, 0x8, 0x7, 0xff, 0x2b,
    0x4c, 0x3, 0xff, 0x97, 0x5e, 0x20, 0x1, 0x8d,
    0xc6, 0x0, 0xff, 0xe3, 0x97, 0xb9, 0x1c, 0xc8,
    0x3, 0xff, 0x8a, 0x58, 0x31, 0xf8, 0x4c, 0x60,
    0x1f, 0xfc, 0x31, 0xf1, 0xc7, 0x3, 0x90, 0xb0,
    0xf, 0xfe, 0x1d, 0x15, 0x98, 0x4, 0xc0, 0x1f,
    0xfc, 0x15, 0x90, 0x64, 0x84, 0x0, 0xd4, 0x1c,
    0x19, 0x0, 0x1f, 0xa5, 0xa2, 0x51, 0xc0, 0x2,
    0xb6, 0xe4, 0xc2, 0x64, 0x1, 0xf9, 0xc1, 0xc1,
    0x7b, 0x9f, 0xd4, 0x87, 0xe0, 0x60, 0x40, 0x1f,
    0x9c, 0xc, 0x4, 0x60, 0x25, 0xac, 0x20, 0x10,
    0xf, 0xf1, 0x96, 0x7f, 0xf6, 0xd2, 0x80, 0x44,
    0x8, 0x1, 0xf4, 0x2, 0x0, 0x7f, 0xf0, 0x5,
    0x4e, 0xd0, 0x40, 0x7, 0x4e, 0x10, 0x1, 0xff,
    0xc1, 0xb3, 0x4b, 0xef, 0xf6, 0x28, 0xd8, 0x80,
    0x7f, 0xf0, 0x47, 0x29, 0x48, 0x49, 0x23, 0xd0,
    0x3, 0xff, 0x82,

    /* U+FEBE "ﺾ" */
    0x0, 0xff, 0xe0, 0xbe, 0x8, 0x7, 0xff, 0x2f,
    0x4c, 0x3, 0xff, 0x99, 0x5e, 0x20, 0x1, 0x8d,
    0xc6, 0x0, 0xff, 0xe4, 0x17, 0xb9, 0x1c, 0xc8,
    0x3, 0xff, 0x8c, 0x58, 0x31, 0xf8, 0x4c, 0x60,
    0x1f, 0xfc, 0x41, 0xf1, 0xc7, 0x3, 0x90, 0xb0,
    0xf, 0xfe, 0x25, 0x95, 0x98, 0x4, 0xc0, 0x1f,
    0xfc, 0x25, 0x90, 0x65, 0x84, 0x0, 0xd4, 0x1c,
    0x0, 0xc8, 0x0, 0xfd, 0x2d, 0x10, 0x47, 0x0,
    0xa, 0xdb, 0x82, 0x0, 0x99, 0x0, 0x7e, 0x70,
    0x71, 0x5e, 0xe7, 0xf5, 0x20, 0x3, 0x70, 0xc0,
    0x80, 0x3f, 0x38, 0x18, 0x8, 0xc0, 0x4b, 0x5c,
    0xa2, 0x30, 0x7, 0xf8, 0xcb, 0x3f, 0xfb, 0x69,
    0x46, 0xbb, 0x48, 0x10, 0x3, 0xe8, 0x4, 0x0,
    0xff, 0xe0, 0x8a, 0x9d, 0xa0, 0x80, 0xe, 0x9c,
    0x20, 0x3, 0xff, 0x85, 0x66, 0x97, 0xdf, 0xec,
    0x51, 0xb1, 0x0, 0xff, 0xe1, 0xe, 0x52, 0x90,
    0x92, 0x47, 0xa0, 0x7, 0xff, 0x8,

    /* U+FEBF "ﺿ" */
    0x0, 0xc3, 0x6e, 0x1, 0xff, 0xc2, 0x34, 0xe0,
    0xf, 0xfe, 0x11, 0x7c, 0x80, 0x49, 0x7b, 0x44,
    0x1, 0xff, 0x45, 0xa1, 0x2e, 0x98, 0x7, 0xf4,
    0xb9, 0xe7, 0x38, 0x78, 0x7, 0xe6, 0x62, 0x61,
    0x8c, 0x19, 0x80, 0x26, 0xf4, 0x3, 0x93, 0xb0,
    0xc, 0xa0, 0x20, 0x1, 0x1, 0xe, 0x1d, 0x0,
    0xc2, 0xe2, 0x20, 0x5, 0x87, 0x49, 0x50, 0x80,
    0x9, 0xfc, 0x64, 0x1, 0xe6, 0x8, 0xc1, 0x5d,
    0xfe, 0xd8, 0x18, 0x70, 0x0, 0xa5, 0x18, 0x0,
    0x44, 0x2, 0x6f, 0xae, 0x0,

    /* U+FEC0 "ﻀ" */
    0x0, 0xc3, 0x6e, 0x1, 0xff, 0xc3, 0x34, 0xe0,
    0xf, 0xfe, 0x19, 0x7c, 0x80, 0x49, 0x7b, 0x44,
    0x1, 0xff, 0xc0, 0x8b, 0x42, 0x5d, 0x30, 0xf,
    0xf4, 0x39, 0xe7, 0x38, 0x78, 0x7, 0xf3, 0x3a,
    0x61, 0x8c, 0x19, 0x80, 0x33, 0x7a, 0x1, 0x49,
    0xd8, 0x6, 0x50, 0x10, 0x8, 0x40, 0x43, 0xc7,
    0x40, 0x30, 0xb8, 0x88, 0x2, 0xb0, 0xf8, 0x2a,
    0x10, 0x1, 0x3f, 0x8a, 0x0, 0x5e, 0x60, 0xae,
    0x15, 0xdf, 0xed, 0x81, 0x5, 0xf5, 0x1, 0x4a,
    0x30, 0x0, 0x88, 0x4, 0xdf, 0x6c, 0x80, 0x0,

    /* U+FEC1 "ﻁ" */
    0x0, 0xc, 0x18, 0x7, 0xff, 0x0, 0x9d, 0x0,
    0x3f, 0xfe, 0x63, 0x1b, 0x8e, 0x1, 0xfc, 0x58,
    0xe4, 0x71, 0x40, 0x1f, 0x16, 0x14, 0x76, 0x12,
    0xa0, 0x7, 0xbc, 0x6d, 0xc4, 0xe4, 0x30, 0x3,
    0xa8, 0xa9, 0x0, 0x25, 0x1, 0x0, 0xd4, 0xb0,
    0xa0, 0x1a, 0x43, 0xc0, 0x31, 0x1b, 0x80, 0x5,
    0x69, 0xc5, 0xef, 0xb4, 0x0, 0x7d, 0xcf, 0xea,
    0x52, 0xc1, 0x61, 0x10, 0x4, 0x22, 0x2, 0x5a,
    0xd2, 0x0,

    /* U+FEC2 "ﻂ" */
    0x0, 0xc, 0x18, 0x7, 0xff, 0x4, 0x9d, 0x0,
    0x3f, 0xfe, 0xe3, 0x1b, 0x8e, 0x1, 0xfe, 0x2f,
    0x72, 0x38, 0xa0, 0xf, 0xc5, 0x83, 0x1d, 0x84,
    0xa8, 0x1, 0xf7, 0x8d, 0xb8, 0x9c, 0x86, 0x0,
    0x7a, 0x8a, 0xd0, 0x2, 0x50, 0x10, 0xe, 0xa5,
    0x84, 0x0, 0xd2, 0x1e, 0x1, 0xc4, 0x8e, 0x1,
    0x25, 0x38, 0x20, 0x67, 0x68, 0x1, 0x3b, 0x9f,
    0xeb, 0x50, 0x6, 0xe0, 0x8c, 0x1, 0x8, 0x80,
    0x96, 0xb9, 0x44, 0x40,

    /* U+FEC3 "ﻃ" */
    0x0, 0x1c, 0x10, 0x7, 0xff, 0x1, 0x5d, 0x80,
    0x3f, 0xfe, 0x65, 0x5b, 0x6a, 0x1, 0xfc, 0x9a,
    0xa4, 0x94, 0xe0, 0x1f, 0x25, 0x8d, 0x7d, 0x84,
    0x8, 0x7, 0x15, 0x8e, 0x28, 0x24, 0x2, 0x0,
    0x61, 0xf0, 0xc2, 0x0, 0x8c, 0xc, 0x3, 0x41,
    0x59, 0x0, 0x6f, 0x5, 0x0, 0xc4, 0xc8, 0x0,
    0x15, 0xc4, 0x33, 0x7, 0x48, 0x1, 0xfb, 0x9f,
    0xd4, 0x69, 0xa0, 0x1, 0x0, 0x84, 0x60, 0x26,
    0xbb, 0x8, 0x0,

    /* U+FEC4 "ﻄ" */
    0x0, 0x1c, 0x10, 0x7, 0xff, 0x5, 0x5d, 0x80,
    0x3f, 0xfe, 0xe5, 0x5b, 0x6a, 0x1, 0xfe, 0x4d,
    0x52, 0x4a, 0x70, 0xf, 0xc9, 0x63, 0x5f, 0x61,
    0x2, 0x1, 0xe2, 0xb1, 0xc5, 0x4, 0x80, 0x40,
    0xe, 0x1f, 0xc, 0x20, 0x8, 0xc0, 0xc0, 0x3a,
    0xa, 0xc8, 0x3, 0x78, 0x28, 0x7, 0x13, 0x20,
    0x0, 0x57, 0x10, 0x4c, 0x1, 0xd2, 0x0, 0x7e,
    0xe7, 0xf5, 0x18, 0xf, 0xc8, 0x8, 0x4, 0x23,
    0x1, 0x35, 0xea, 0x1, 0x80,

    /* U+FEC5 "ﻅ" */
    0x0, 0xc, 0x18, 0x7, 0xff, 0x0, 0x9d, 0x0,
    0x3f, 0xf8, 0x87, 0x6a, 0x1, 0xff, 0xc0, 0x74,
    0x20, 0xf, 0xfe, 0x2, 0x7b, 0x80, 0x7f, 0xf0,
    0x86, 0x37, 0x1c, 0x3, 0xf8, 0xb1, 0xc8, 0xe2,
    0x80, 0x3e, 0x2c, 0x28, 0xec, 0x25, 0x40, 0xf,
    0x78, 0xdb, 0x89, 0xc8, 0x60, 0x7, 0x51, 0x52,
    0x0, 0x4a, 0x2, 0x1, 0xa9, 0x61, 0x40, 0x34,
    0x87, 0x80, 0x62, 0x37, 0x0, 0xa, 0xd3, 0x8b,
    0xdf, 0x68, 0x0, 0xfb, 0x9f, 0xd4, 0xa5, 0x82,
    0xc2, 0x20, 0x8, 0x44, 0x4, 0xb5, 0xa4, 0x0,

    /* U+FEC6 "ﻆ" */
    0x0, 0xc, 0x18, 0x7, 0xff, 0x4, 0x9d, 0x0,
    0x3f, 0xf8, 0xa7, 0x68, 0x1, 0xff, 0xc1, 0x64,
    0x20, 0xf, 0xfe, 0xa, 0xfb, 0x0, 0x7f, 0xf0,
    0xc6, 0x37, 0x1c, 0x3, 0xfc, 0x5e, 0xe4, 0x71,
    0x40, 0x1f, 0x8b, 0x6, 0x3b, 0x9, 0x50, 0x3,
    0xef, 0x1b, 0x71, 0x39, 0xc, 0x0, 0xf5, 0x15,
    0xa0, 0x4, 0xa0, 0x20, 0x1d, 0x4b, 0x8, 0x1,
    0xa4, 0x3c, 0x3, 0x89, 0x1c, 0x2, 0x4a, 0x70,
    0x40, 0xce, 0xd0, 0x2, 0x77, 0x3f, 0xd6, 0xa0,
    0xd, 0xc1, 0x18, 0x2, 0x11, 0x1, 0x2d, 0x72,
    0x88, 0x80,

    /* U+FEC7 "ﻇ" */
    0x0, 0x1c, 0x10, 0x7, 0xff, 0x1, 0x5d, 0x80,
    0x3f, 0xf8, 0x8b, 0x64, 0x1, 0xff, 0xc0, 0xd4,
    0x10, 0xf, 0xfe, 0x4, 0x79, 0x80, 0x7f, 0xf0,
    0x8a, 0xb6, 0xd4, 0x3, 0xf9, 0x35, 0x49, 0x29,
    0xc0, 0x3e, 0x4b, 0x1a, 0xfb, 0x8, 0x10, 0xe,
    0x2b, 0x1c, 0x50, 0x48, 0x4, 0x0, 0xc3, 0xe1,
    0x84, 0x1, 0x18, 0x18, 0x6, 0x82, 0xb2, 0x0,
    0xde, 0xa, 0x1, 0x89, 0x90, 0x0, 0x2b, 0x88,
    0x66, 0xe, 0x90, 0x3, 0xf7, 0x3f, 0xa8, 0xd3,
    0x40, 0x2, 0x1, 0x8, 0xc0, 0x4d, 0x76, 0x10,

    /* U+FEC8 "ﻈ" */
    0x0, 0x1c, 0x10, 0x7, 0xff, 0x5, 0x5d, 0x80,
    0x3f, 0xf8, 0xab, 0x64, 0x1, 0xff, 0xc1, 0xd4,
    0x10, 0xf, 0xfe, 0xc, 0x79, 0x80, 0x7f, 0xf0,
    0xca, 0xb6, 0xd4, 0x3, 0xfc, 0x9a, 0xa4, 0x94,
    0xe0, 0x1f, 0x92, 0xc6, 0xbe, 0xc2, 0x4, 0x3,
    0xc5, 0x63, 0x8a, 0x9, 0x0, 0x80, 0x1c, 0x3e,
    0x18, 0x40, 0x11, 0x81, 0x80, 0x74, 0x15, 0x90,
    0x6, 0xf0, 0x50, 0xe, 0x26, 0x40, 0x0, 0xae,
    0x20, 0x98, 0x3, 0xa4, 0x0, 0xfd, 0xcf, 0xea,
    0x30, 0x1f, 0x90, 0x10, 0x8, 0x46, 0x2, 0x6b,
    0xd4, 0x3,

    /* U+FEC9 "ﻉ" */
    0x0, 0x26, 0x7f, 0x51, 0x0, 0x63, 0xb3, 0x1,
    0x5c, 0x0, 0xd0, 0x15, 0xfe, 0x72, 0x30, 0x9,
    0x89, 0x40, 0x11, 0x86, 0x1, 0x39, 0x18, 0x7,
    0xeb, 0x2c, 0x78, 0xbe, 0x20, 0x8, 0x50, 0x21,
    0xd5, 0x42, 0x0, 0x1d, 0x65, 0xbe, 0xe5, 0x98,
    0x2, 0x4a, 0x69, 0x4, 0x3, 0x94, 0x58, 0x3,
    0xf1, 0x90, 0x7, 0xf2, 0x99, 0x80, 0x3f, 0x70,
    0x6b, 0x88, 0x4, 0x4c, 0xb, 0x3, 0x1d, 0xff,
    0x6c, 0x90, 0x3e, 0x29, 0x0, 0x5, 0x1c, 0xc0,

    /* U+FECA "ﻊ" */
    0x1, 0x8c, 0xdc, 0x81, 0x0, 0x8b, 0x9c, 0xc8,
    0xdf, 0xc8, 0x0, 0x80, 0xfd, 0xfc, 0xe2, 0x80,
    0x4, 0x1, 0x10, 0x8, 0x1, 0x0, 0x5, 0xd,
    0x23, 0x2f, 0x44, 0x1, 0x3c, 0x37, 0x26, 0x28,
    0x6, 0x3a, 0x0, 0x8, 0x7, 0x16, 0x86, 0xd1,
    0x67, 0xf7, 0xa, 0x7, 0xc9, 0x7d, 0xc8, 0x44,
    0xe, 0x44, 0x0, 0xc, 0x6f, 0xf8, 0x84, 0x80,
    0x3f, 0xa8, 0x31, 0x0, 0x31, 0x28, 0x33, 0xe,
    0xff, 0xf6, 0xd1, 0x84, 0xda, 0x88, 0x0, 0x51,
    0xc8,

    /* U+FECB "ﻋ" */
    0x0, 0xcd, 0x9d, 0x92, 0x40, 0x1d, 0x52, 0x62,
    0x6d, 0xa4, 0x1, 0x22, 0x95, 0xff, 0x40, 0x48,
    0x5, 0xa1, 0xc8, 0x2, 0xf3, 0xc0, 0x1c, 0x40,
    0x19, 0x94, 0x2, 0xf0, 0x40, 0xf, 0xe6, 0x1b,
    0x20, 0x0, 0xad, 0x30, 0x5, 0x43, 0xb5, 0x9d,
    0x4a, 0x21, 0xdf, 0x60, 0x5, 0x32, 0x6b, 0x70,
    0x11, 0x12, 0xbd, 0xf6, 0xca, 0x0,

    /* U+FECC "ﻌ" */
    0x0, 0x92, 0xbb, 0xfa, 0xd4, 0x3, 0x9a, 0xd4,
    0x46, 0x4a, 0x70, 0xd, 0x81, 0x9f, 0xdf, 0x81,
    0xa0, 0x1a, 0x41, 0x0, 0x25, 0x9, 0x0, 0xc7,
    0x51, 0x45, 0x32, 0xa3, 0x0, 0xe5, 0xb5, 0xd6,
    0xb5, 0x0, 0xdd, 0xd5, 0x81, 0x5, 0xf7, 0x42,
    0x3c, 0x75, 0xb6, 0x62, 0x30, 0x0,

    /* U+FECD "ﻍ" */
    0x0, 0xa3, 0xcc, 0x3, 0xf7, 0x20, 0x80, 0x7e,
    0x6b, 0x20, 0xf, 0xfe, 0x8a, 0x67, 0xf5, 0x10,
    0x6, 0x3b, 0x30, 0x15, 0xc0, 0xd, 0x1, 0x5f,
    0xe7, 0x23, 0x0, 0x98, 0x94, 0x1, 0x18, 0x60,
    0x13, 0x91, 0x80, 0x7e, 0xb2, 0xc8, 0x9b, 0xe2,
    0x0, 0xce, 0xe, 0xcc, 0x51, 0x0, 0xe, 0x2b,
    0x5f, 0xed, 0x98, 0x2, 0x4a, 0x64, 0x80, 0x1e,
    0x51, 0x60, 0xf, 0xc6, 0x60, 0xf, 0xe5, 0x24,
    0x0, 0xfd, 0xe1, 0x70, 0x60, 0x1, 0x47, 0x4,
    0x90, 0x7c, 0xff, 0x75, 0xc1, 0x3, 0x6b, 0x98,
    0x91, 0xac, 0x98,

    /* U+FECE "ﻎ" */
    0x0, 0xa3, 0xcc, 0x3, 0xf7, 0x20, 0x80, 0x7e,
    0x6b, 0x20, 0xf, 0xfe, 0x28, 0xc6, 0x6e, 0x40,
    0x80, 0x45, 0xce, 0x64, 0x6f, 0xe4, 0x0, 0x40,
    0x7e, 0xfe, 0x71, 0x40, 0x2, 0x0, 0x88, 0x4,
    0x0, 0x80, 0x2, 0x86, 0x91, 0x97, 0xa2, 0x0,
    0x9e, 0x1b, 0x93, 0x14, 0x3, 0x1d, 0x0, 0x4,
    0x3, 0x8b, 0x43, 0x68, 0xb3, 0xfb, 0x85, 0x3,
    0xe4, 0xbe, 0xe4, 0x22, 0x7, 0x22, 0x0, 0x6,
    0x37, 0xfc, 0x42, 0x40, 0x1f, 0xd4, 0x18, 0x80,
    0x18, 0x94, 0x19, 0x87, 0x7f, 0xfb, 0x68, 0xc2,
    0x6d, 0x44, 0x0, 0x28, 0xe4,

    /* U+FECF "ﻏ" */
    0x0, 0xea, 0xf1, 0x0, 0xfe, 0xd4, 0x0, 0xff,
    0x3d, 0x88, 0x7, 0xff, 0x21, 0xb3, 0xb2, 0x48,
    0x3, 0xaa, 0x4c, 0x4d, 0xb4, 0x80, 0x24, 0x52,
    0xbf, 0xe8, 0x9, 0x0, 0xb4, 0x39, 0x0, 0x5e,
    0x78, 0x3, 0x88, 0x3, 0x32, 0x80, 0x5e, 0x8,
    0x1, 0xfc, 0xc3, 0x64, 0x0, 0x15, 0xa6, 0x0,
    0xa8, 0x76, 0xb3, 0xa9, 0x44, 0x3b, 0xec, 0x0,
    0xa6, 0x4d, 0x6e, 0x2, 0x22, 0x57, 0xbe, 0xd9,
    0x40,

    /* U+FED0 "ﻐ" */
    0x0, 0xe2, 0xb5, 0x0, 0xff, 0x32, 0x68, 0x7,
    0xf9, 0x3e, 0x0, 0x3f, 0xfa, 0xc9, 0x5d, 0xfd,
    0x6a, 0x1, 0xcd, 0x6a, 0x23, 0x25, 0x38, 0x6,
    0xc0, 0xcf, 0xef, 0xc0, 0xd0, 0xd, 0x20, 0x80,
    0x12, 0x84, 0x80, 0x63, 0xa8, 0xa2, 0x99, 0x51,
    0x80, 0x72, 0xda, 0xeb, 0x5a, 0x80, 0x6e, 0xea,
    0xc0, 0x82, 0xfb, 0xa1, 0x1e, 0x3a, 0xdb, 0x31,
    0x18, 0x0,

    /* U+FED1 "ﻑ" */
    0x0, 0xff, 0x8a, 0xd4, 0x3, 0xff, 0x84, 0x29,
    0xa0, 0x1f, 0xfc, 0x23, 0xf8, 0x0, 0xff, 0xf2,
    0x26, 0xfd, 0x0, 0x7f, 0xf0, 0xa, 0xc8, 0x16,
    0xc0, 0x3f, 0xe8, 0xb, 0xf4, 0x42, 0x80, 0x7f,
    0x98, 0x50, 0x24, 0x3e, 0x3c, 0x80, 0x3e, 0x61,
    0x50, 0x21, 0x72, 0x2, 0x0, 0xfb, 0x82, 0xbf,
    0xc2, 0x62, 0x1, 0xfc, 0x96, 0x60, 0x20, 0x42,
    0x8, 0x1, 0xf9, 0x33, 0xd0, 0x2b, 0x82, 0xdc,
    0x80, 0x38, 0x4d, 0xf5, 0x4d, 0x92, 0x2, 0x37,
    0xfb, 0x9f, 0xee, 0xc8, 0x26, 0xc0, 0x3, 0xeb,
    0x18, 0x8c, 0x2, 0x6d, 0x5d, 0x20, 0x0,

    /* U+FED2 "ﻒ" */
    0x0, 0xff, 0xab, 0xc4, 0x3, 0xff, 0x86, 0x46,
    0x20, 0x1f, 0xfc, 0x38, 0xc0, 0xf, 0xfe, 0xab,
    0x66, 0xd0, 0x80, 0x46, 0xc0, 0x1f, 0x3c, 0x99,
    0x2f, 0x88, 0x2, 0xa4, 0x40, 0x3d, 0x23, 0xbe,
    0xe2, 0xc0, 0x2, 0x1, 0x0, 0xf0, 0xa1, 0x5,
    0x7, 0x0, 0x7f, 0xc4, 0xa6, 0x10, 0x18, 0x0,
    0x20, 0x30, 0xf, 0x70, 0x67, 0x2a, 0xc0, 0xc,
    0xd, 0x51, 0x0, 0x1b, 0xf8, 0x0, 0x41, 0x7f,
    0xc2, 0xaa, 0x1a, 0xef, 0xf6, 0x41, 0x8b, 0xca,
    0x90, 0x80, 0x55, 0x45, 0x21, 0x24, 0x7b, 0xe8,
    0x6a, 0xde, 0xf1,

    /* U+FED3 "ﻓ" */
    0x0, 0xd3, 0x40, 0x1f, 0x91, 0x0, 0x1f, 0xb7,
    0x80, 0x3f, 0xf9, 0xe7, 0x9f, 0x62, 0x1, 0x87,
    0x4c, 0x13, 0x0, 0x33, 0xc, 0xfb, 0x93, 0x80,
    0x5c, 0xe, 0x10, 0x34, 0x1, 0x8, 0x48, 0x1,
    0x48, 0x2, 0xa0, 0x7f, 0xf2, 0x0, 0x62, 0xd4,
    0x11, 0x0, 0x80, 0x62, 0xbe, 0x60, 0x70, 0xc,
    0x29, 0x6e, 0x30, 0x0, 0xef, 0xeb, 0x44, 0x78,
    0x80, 0x4, 0x46, 0xd9, 0x62, 0x0,

    /* U+FED4 "ﻔ" */
    0x0, 0xc3, 0xf4, 0x1, 0xf8, 0x4f, 0x40, 0x3f,
    0xb1, 0xc0, 0x3f, 0xf8, 0xc3, 0x3b, 0x8c, 0x1,
    0xec, 0x62, 0x39, 0x80, 0xc, 0xc4, 0xdf, 0xa4,
    0xe0, 0x1b, 0x82, 0x80, 0x90, 0x8, 0x2, 0xc0,
    0x80, 0x37, 0x22, 0x0, 0x48, 0xc9, 0xf8, 0x32,
    0x1, 0x77, 0xb0, 0x6, 0xbf, 0x90, 0x11, 0x24,
    0x75, 0xb1, 0x88, 0x0,

    /* U+FED5 "ﻕ" */
    0x0, 0xfe, 0x10, 0x1, 0x0, 0x7f, 0xdc, 0xeb,
    0xa2, 0x1, 0xfe, 0xb5, 0x4a, 0x10, 0xf, 0xf2,
    0x10, 0xa8, 0x7, 0xff, 0x39, 0x73, 0x58, 0x3,
    0xfc, 0x94, 0x65, 0x2c, 0x1, 0xfd, 0x21, 0x5c,
    0x52, 0x20, 0x1f, 0x88, 0xd4, 0x6c, 0x1c, 0x3,
    0xe1, 0x0, 0xcc, 0x1e, 0x1, 0xf0, 0x91, 0xb8,
    0x8, 0x88, 0x3, 0xf4, 0x84, 0x7f, 0x8, 0x3,
    0xdc, 0x3, 0x93, 0x14, 0x88, 0x4, 0x60, 0x1f,
    0x8e, 0xb6, 0xc3, 0x1c, 0x4, 0x3, 0xf1, 0x41,
    0x2b, 0x86, 0x0, 0x7c, 0x78, 0x32, 0x6, 0x4b,
    0x2, 0x1, 0x25, 0x60, 0xca, 0x0, 0x24, 0x1f,
    0xbf, 0xbe, 0xd4, 0x6d, 0x80, 0x24, 0xd6, 0x20,
    0x12, 0x59, 0xe4, 0x0, 0x80,

    /* U+FED6 "ﻖ" */
    0x0, 0xfe, 0x20, 0x1, 0x0, 0x7f, 0xf0, 0x75,
    0x99, 0xa0, 0x1f, 0xfc, 0x1a, 0x44, 0x50, 0x7,
    0xff, 0x5, 0x48, 0x8a, 0x1, 0xff, 0xc2, 0x9d,
    0xa1, 0x0, 0xff, 0xe0, 0x5b, 0x12, 0xe8, 0x7,
    0xfc, 0xa8, 0x8e, 0x33, 0x28, 0x7, 0xfb, 0x82,
    0x86, 0x3, 0xc0, 0x3f, 0xce, 0x22, 0x4, 0x6,
    0x0, 0xff, 0x38, 0x98, 0x0, 0x84, 0x2, 0xa5,
    0x0, 0xee, 0xc, 0xfe, 0x22, 0x73, 0x8a, 0xe0,
    0x7, 0x2d, 0x18, 0x8, 0x0, 0x40, 0x80, 0x40,
    0x3c, 0xb9, 0xec, 0x15, 0xee, 0x20, 0x60, 0x1f,
    0xa5, 0x8d, 0x40, 0x4, 0x44, 0x91, 0x0, 0x89,
    0xf5, 0x87, 0x80, 0x37, 0x3, 0x77, 0xfd, 0xb0,
    0x4b, 0xe4, 0x1, 0x8f, 0x58, 0x80, 0x2, 0x6f,
    0xb4, 0x20, 0x18,

    /* U+FED7 "ﻗ" */
    0x0, 0x88, 0x0, 0x40, 0x1e, 0xd7, 0x6d, 0x10,
    0xe, 0xa5, 0x7a, 0x10, 0xe, 0x52, 0x15, 0x0,
    0xff, 0xe2, 0x1e, 0x7d, 0x88, 0x6, 0x1d, 0x30,
    0x4c, 0x0, 0xcc, 0x33, 0xee, 0x4e, 0x1, 0x70,
    0x38, 0x40, 0xd0, 0x4, 0x21, 0x20, 0x5, 0x20,
    0xa, 0x81, 0xff, 0xc8, 0x1, 0x8b, 0x50, 0x44,
    0x2, 0x1, 0x8a, 0xf9, 0x81, 0xc0, 0x30, 0xa5,
    0xb8, 0xc0, 0x3, 0xbf, 0xad, 0x11, 0xe2, 0x0,
    0x11, 0x1b, 0x65, 0x88, 0x0,

    /* U+FED8 "ﻘ" */
    0x0, 0xc4, 0x2, 0x20, 0xf, 0x1e, 0x9c, 0x60,
    0x7, 0x8a, 0x8a, 0xa4, 0x3, 0xc2, 0xa2, 0x68,
    0x1, 0xff, 0xc5, 0x19, 0xdc, 0x60, 0xf, 0x63,
    0x11, 0xcc, 0x0, 0x66, 0x26, 0xfd, 0x27, 0x0,
    0xdc, 0x14, 0x4, 0x80, 0x40, 0x16, 0x4, 0x1,
    0xb9, 0x10, 0x2, 0x46, 0x4f, 0xc1, 0x90, 0xb,
    0xbd, 0x80, 0x35, 0xfc, 0x80, 0x89, 0x23, 0xad,
    0x8c, 0x40,

    /* U+FED9 "ﻙ" */
    0x0, 0xff, 0xbb, 0x0, 0x3f, 0xfa, 0x63, 0x28,
    0x1, 0xfe, 0x9f, 0x40, 0xf, 0xf4, 0xf4, 0x0,
    0x7f, 0x86, 0x90, 0x3, 0x8c, 0x80, 0x5, 0x71,
    0xc0, 0x1d, 0x3a, 0x0, 0x2b, 0xa2, 0x0, 0x85,
    0xc4, 0x3, 0xf8, 0xc0, 0x84, 0x4, 0x3, 0xe8,
    0xd, 0xc0, 0xd4, 0x0, 0xc9, 0x88, 0x68, 0xc8,
    0x77, 0xfd, 0xcf, 0xb3, 0x36, 0x80, 0x2e, 0x4c,
    0x47, 0x25, 0x60, 0x80,

    /* U+FEDA "ﻚ" */
    0x0, 0xff, 0xab, 0xc4, 0x3, 0xff, 0xb2, 0xd0,
    0x1, 0xff, 0xc0, 0x2d, 0x80, 0xf, 0xfe, 0x1,
    0x75, 0x88, 0x7, 0xff, 0x1, 0x44, 0x80, 0x3e,
    0x40, 0xa, 0xaf, 0xcc, 0x3, 0xc7, 0x6e, 0x0,
    0xab, 0x50, 0xf, 0x9c, 0x4, 0x3, 0xf2, 0x0,
    0x4e, 0x1e, 0x1, 0xf3, 0x88, 0x4, 0x62, 0xce,
    0x20, 0x11, 0xd4, 0x0, 0x18, 0x1, 0x41, 0x1d,
    0xfd, 0xf8, 0xa3, 0x21, 0x14, 0x9, 0xac, 0x40,
    0x22, 0x49, 0xe6, 0xa2, 0x0,

    /* U+FEDB "ﻛ" */
    0x0, 0xfe, 0x20, 0xf, 0xb, 0xec, 0x0, 0x63,
    0x9e, 0x82, 0xc0, 0x1, 0x5e, 0x31, 0xcf, 0xb0,
    0xe, 0x22, 0xe6, 0x18, 0x2, 0x41, 0x8a, 0x30,
    0xe, 0x40, 0xb0, 0xf, 0x86, 0xe, 0x0, 0x3e,
    0x75, 0x76, 0x0, 0xfa, 0x8e, 0x4c, 0x3, 0xee,
    0x8, 0x0, 0xf8, 0x8d, 0x40, 0x3e, 0x53, 0x30,
    0x6, 0xee, 0x7d, 0x4, 0x0, 0x61, 0x19, 0x2d,
    0x40, 0x20,

    /* U+FEDC "ﻜ" */
    0x0, 0xfe, 0x20, 0xf, 0xc2, 0xfb, 0x0, 0x1e,
    0x39, 0xe8, 0x2c, 0x0, 0xc5, 0x78, 0xc7, 0x3e,
    0xc0, 0x10, 0xe2, 0x2e, 0x61, 0x80, 0x39, 0x6,
    0x68, 0xc0, 0x3e, 0x40, 0xa0, 0xf, 0xe1, 0x83,
    0x90, 0xf, 0xe7, 0x56, 0x60, 0x7, 0xf5, 0x1c,
    0xa0, 0x7, 0xf7, 0x5, 0x98, 0x7, 0xe2, 0x30,
    0xd3, 0x0, 0xf9, 0x4c, 0x45, 0x8e, 0x20, 0xe,
    0xe7, 0xd0, 0x5e, 0xc, 0x76, 0x80, 0x8c, 0x96,
    0xa7, 0xee, 0x44,

    /* U+FEDD "ﻝ" */
    0x0, 0xff, 0x6f, 0x0, 0x7f, 0xff, 0xc0, 0x3f,
    0xfc, 0x25, 0xca, 0x1, 0xf1, 0x99, 0x84, 0xc0,
    0x3c, 0x22, 0x60, 0x7, 0x0, 0x7a, 0x43, 0x14,
    0x1d, 0x44, 0x4, 0xe9, 0xc5, 0x86, 0x2, 0xbb,
    0xfb, 0x14, 0x74, 0x41, 0xed, 0x48, 0x49, 0x23,
    0xcc, 0x0,

    /* U+FEDE "ﻞ" */
    0x0, 0xff, 0x6f, 0x0, 0x7f, 0xff, 0xc0, 0x3f,
    0xff, 0xe0, 0x10, 0xa0, 0x0, 0xc0, 0x3f, 0xd6,
    0xe7, 0x8e, 0x1, 0xf1, 0x80, 0x83, 0x80, 0x80,
    0x78, 0x44, 0xbc, 0xee, 0xe, 0x0, 0xf4, 0x86,
    0x0, 0xc, 0x1d, 0x44, 0x4, 0xe5, 0xc5, 0x80,
    0x29, 0xa, 0xef, 0xec, 0x61, 0xd0, 0xc, 0xd6,
    0xa4, 0x24, 0x93, 0xc6, 0x1, 0x0,

    /* U+FEDF "ﻟ" */
    0x0, 0xb7, 0x80, 0x3f, 0xfc, 0xa6, 0x0, 0x32,
    0x70, 0xec, 0x9, 0x0, 0x1d, 0x98,

    /* U+FEE0 "ﻠ" */
    0x0, 0x37, 0xa0, 0x7, 0xff, 0xb4, 0x40, 0x40,
    0x2b, 0xf, 0x0, 0x79, 0x82, 0xe8, 0xa, 0x51,
    0x80,

    /* U+FEE1 "ﻡ" */
    0x0, 0xc5, 0x9f, 0x84, 0x1, 0x87, 0xc, 0xf,
    0x0, 0x34, 0x8c, 0x7b, 0x8a, 0x80, 0x4c, 0x4e,
    0x16, 0x4, 0x0, 0x31, 0x60, 0x5, 0x0, 0x82,
    0xe8, 0x27, 0xf9, 0x85, 0x99, 0x43, 0xa, 0x22,
    0x5f, 0xd, 0xe, 0x7a, 0xee, 0x50, 0x83, 0x8,
    0x80, 0x3f, 0x18, 0x7, 0xff, 0x42, 0xec, 0x1,
    0xf8,

    /* U+FEE2 "ﻢ" */
    0x0, 0xc7, 0xbf, 0x64, 0x1, 0xe1, 0xd2, 0x4,
    0xf0, 0xf, 0x48, 0xc7, 0xb9, 0x30, 0x7, 0x31,
    0x38, 0x58, 0x50, 0x6, 0x31, 0x70, 0x5, 0x1,
    0xb8, 0x1, 0x74, 0x17, 0xfc, 0xc2, 0x28, 0xc6,
    0xa1, 0x43, 0x1, 0x5c, 0xd3, 0xd, 0xc, 0xbc,
    0xfe, 0xa2, 0x3c, 0xc3, 0x9, 0x80, 0x7f, 0x8c,
    0x3, 0xff, 0xad, 0x76, 0x0, 0xff, 0x0,

    /* U+FEE3 "ﻣ" */
    0x0, 0xcb, 0xbd, 0x42, 0x1, 0x8e, 0x88, 0x57,
    0x40, 0x34, 0x5, 0xfa, 0x99, 0x80, 0x2, 0x89,
    0x7, 0x83, 0x0, 0x24, 0x8, 0x1, 0xc0, 0xc1,
    0xce, 0xd, 0xfe, 0x43, 0x30, 0x9, 0x4a, 0x0,
    0xb6, 0x80,

    /* U+FEE4 "ﻤ" */
    0x0, 0xcb, 0xbf, 0x42, 0x1, 0xe3, 0xa2, 0x5,
    0xd0, 0xf, 0x40, 0x5f, 0xa9, 0x98, 0x3, 0xa,
    0x24, 0x1e, 0x12, 0x1, 0xa4, 0x8, 0x1, 0xc0,
    0xaa, 0x0, 0x73, 0x83, 0x7f, 0x90, 0x82, 0xa8,
    0x2, 0x52, 0x80, 0x2d, 0x96, 0x40,

    /* U+FEE5 "ﻥ" */
    0x0, 0xea, 0xa0, 0x7, 0xf9, 0x1c, 0x3, 0xfd,
    0xda, 0x1, 0xff, 0xc5, 0x7b, 0x0, 0xf8, 0xb1,
    0x75, 0x0, 0x3e, 0x13, 0xd1, 0x0, 0xfc, 0x20,
    0x20, 0x1f, 0xf0, 0x90, 0x20, 0x7, 0x90, 0x3a,
    0xc2, 0x98, 0x40, 0x2, 0xf2, 0x2e, 0x52, 0x33,
    0xdf, 0xee, 0x80, 0xa1, 0x6, 0xc5, 0x20, 0x1,
    0x37, 0x20, 0x0,

    /* U+FEE6 "ﻦ" */
    0x0, 0xf7, 0xe0, 0x7, 0xff, 0x5, 0x14, 0x3,
    0xff, 0x83, 0x72, 0x1, 0xf9, 0x8c, 0x3, 0xf1,
    0xb8, 0x5, 0x30, 0x1, 0xfb, 0xe1, 0x0, 0x40,
    0x80, 0x3f, 0x38, 0x5b, 0x90, 0x8, 0x7, 0xe7,
    0x3, 0x1, 0x0, 0xff, 0x19, 0x63, 0x90, 0x30,
    0x80, 0x7a, 0x1, 0x0, 0x27, 0x1c, 0x51, 0x0,
    0x1d, 0x38, 0x40, 0x5, 0xa, 0x55, 0xdf, 0xec,
    0x51, 0xb1, 0x0, 0xd5, 0x6c, 0x42, 0x49, 0x1e,
    0x80, 0x10,

    /* U+FEE7 "ﻧ" */
    0x0, 0x3f, 0xa0, 0x0, 0x91, 0xc0, 0xb, 0x66,
    0x1, 0xfa, 0x24, 0x2, 0x57, 0x0, 0xc6, 0x0,
    0x32, 0x10, 0xec, 0xb, 0x1, 0x28, 0x70,

    /* U+FEE8 "ﻨ" */
    0x0, 0x3f, 0xa0, 0x4, 0x48, 0xe0, 0x12, 0xd9,
    0x80, 0x7f, 0x25, 0x18, 0x4, 0x4a, 0xe0, 0x10,
    0x80, 0x80, 0x56, 0x1e, 0x0, 0xf3, 0x5, 0xd0,
    0x14, 0xa3, 0x0,

    /* U+FEE9 "ﻩ" */
    0x0, 0x96, 0x0, 0x3d, 0x74, 0xfa, 0x40, 0x16,
    0x24, 0xe1, 0xe0, 0x82, 0x9b, 0xb1, 0xe8, 0xd8,
    0x78, 0x48, 0x0, 0xcc, 0x80, 0x20, 0x20, 0x13,
    0x88, 0x10, 0x38, 0x1, 0x10, 0x41, 0x61, 0x1f,
    0xeb, 0xb, 0x2, 0xd4, 0x0, 0x1d, 0x30, 0x0,

    /* U+FEEA "ﻪ" */
    0x0, 0xd1, 0xe6, 0x1, 0x93, 0x1c, 0x18, 0x2,
    0x8b, 0x16, 0x2, 0x0, 0x2b, 0xa6, 0xd8, 0x70,
    0x3, 0xc2, 0x0, 0xc0, 0x80, 0x2, 0xc, 0x34,
    0xc, 0x0, 0xd0, 0xae, 0x41, 0x24, 0x6, 0x83,
    0x35, 0x50, 0x2e, 0x1, 0xf3, 0xa, 0x92, 0x40,

    /* U+FEEB "ﻫ" */
    0x0, 0xaf, 0x76, 0xc9, 0x30, 0xf, 0xc4, 0x51,
    0xb6, 0x60, 0x80, 0x3a, 0x7b, 0xfd, 0xb4, 0x66,
    0xc2, 0x0, 0xc4, 0x20, 0x2, 0x5c, 0x91, 0xe0,
    0xc, 0x33, 0xb8, 0xe0, 0x6, 0x53, 0x30, 0x5,
    0xec, 0x47, 0x10, 0x0, 0x70, 0x28, 0x1, 0x85,
    0xff, 0x49, 0xc0, 0x30, 0x80, 0x38, 0x2c, 0x9,
    0x0, 0x43, 0x40, 0xc0, 0x18, 0x1e, 0x26, 0xe6,
    0x2c, 0xc3, 0x40, 0x2, 0x29, 0xf6, 0x8, 0xba,
    0x4b, 0x40, 0x1f, 0xe5, 0x0, 0x10, 0x91, 0xc6,
    0x88, 0x4, 0x29, 0x3d, 0xbd, 0xfa, 0xe0, 0x10,

    /* U+FEEC "ﻬ" */
    0x0, 0xc5, 0x98, 0x20, 0xe, 0x1f, 0x33, 0x78,
    0x7, 0x41, 0x54, 0x92, 0x80, 0x42, 0xca, 0xa4,
    0x3, 0x0, 0x98, 0x24, 0x78, 0x10, 0x2, 0xd0,
    0xaf, 0x1b, 0x20, 0x7, 0x28, 0x30, 0x9d, 0x70,
    0x80, 0x80, 0x61, 0x18, 0x1, 0xe2, 0x58, 0x88,
    0xef, 0x10, 0x2, 0x10, 0xd8, 0x60, 0x6, 0xe0,
    0xe1, 0xd2, 0x30, 0x9, 0x1c, 0xfa, 0x40, 0x80,
    0x34, 0x40, 0x45, 0x42, 0x0,

    /* U+FEED "ﻭ" */
    0x0, 0xe1, 0xad, 0xa1, 0x0, 0xfb, 0x14, 0x97,
    0x40, 0x3c, 0xc4, 0xdc, 0xa6, 0xc0, 0x1d, 0x81,
    0x3, 0x61, 0x40, 0x1f, 0xc2, 0x66, 0x0, 0xed,
    0xa, 0x20, 0x60, 0x20, 0xc, 0xe6, 0x9b, 0xea,
    0x1, 0xf6, 0x39, 0x10, 0x0, 0x40, 0x1e, 0x8d,
    0xc0, 0x40, 0xf, 0xeb, 0x8, 0x0, 0xfd, 0x2a,
    0xe6, 0x1, 0xc2, 0xda, 0xc9, 0x0, 0x17, 0x73,
    0xfa, 0x4a, 0x2c, 0x2, 0x10, 0x10, 0x37, 0xe7,
    0x0, 0xc0,

    /* U+FEEE "ﻮ" */
    0x0, 0xe3, 0xbd, 0x70, 0xf, 0xc5, 0x88, 0x51,
    0x0, 0xf, 0xa0, 0x27, 0x8d, 0xc8, 0x3, 0xc8,
    0x4c, 0x30, 0x14, 0x1, 0xe1, 0x10, 0x1, 0x0,
    0xc0, 0x3c, 0x86, 0xc0, 0x2, 0x60, 0xf, 0x40,
    0x4f, 0xf1, 0x13, 0x90, 0x3, 0x1e, 0xa0, 0x8,
    0x0, 0x44, 0x1, 0xc5, 0x7e, 0xc1, 0x1e, 0xa0,
    0x1c, 0x29, 0x6c, 0x4e, 0x1, 0x7f, 0x73, 0xfa,
    0xd1, 0x18, 0x1, 0x8, 0xf1, 0xbe, 0x58, 0x80,
    0x40,

    /* U+FEEF "ﻯ" */
    0x0, 0xf8, 0x67, 0x75, 0x22, 0x1, 0xfb, 0x18,
    0x88, 0xde, 0x20, 0x1e, 0x62, 0x7f, 0xe7, 0x14,
    0x0, 0xf7, 0x5, 0x80, 0xc7, 0xa8, 0x7, 0xac,
    0x35, 0x80, 0x39, 0x88, 0x2, 0x3c, 0x39, 0xd4,
    0x0, 0x14, 0xd0, 0x6, 0x3d, 0x93, 0xb7, 0x7,
    0xe, 0x0, 0xf3, 0x79, 0xc1, 0x8, 0x8, 0x7,
    0xc3, 0x40, 0xe8, 0x30, 0xc2, 0x1, 0x89, 0xa0,
    0x10, 0x28, 0x67, 0xbf, 0xb9, 0xfb, 0x23, 0x42,
    0x9, 0xf0, 0x62, 0x38, 0xdf, 0x94, 0x0,

    /* U+FEF0 "ﻰ" */
    0x0, 0xff, 0xe0, 0x4e, 0xc0, 0x80, 0x80, 0x7f,
    0x3b, 0x13, 0xe0, 0xf4, 0x0, 0x7f, 0xae, 0x45,
    0x43, 0xc0, 0x3f, 0x30, 0xfb, 0x60, 0x7, 0xfc,
    0x2c, 0x84, 0x8, 0x30, 0xc2, 0x1, 0x85, 0x25,
    0xc8, 0x80, 0xa, 0x9, 0xef, 0xee, 0x7f, 0x5b,
    0x2e, 0x0, 0x49, 0xd0, 0x62, 0x38, 0xdf, 0x68,
    0x40, 0x0,

    /* U+FEF1 "ﻱ" */
    0x0, 0xf8, 0x67, 0x75, 0x22, 0x1, 0xfb, 0x18,
    0x88, 0xde, 0x20, 0x1e, 0x62, 0x7f, 0xe7, 0x14,
    0x0, 0xf7, 0x5, 0x80, 0xc7, 0xa8, 0x7, 0xac,
    0x35, 0x80, 0x39, 0x88, 0x2, 0x3c, 0x39, 0xd4,
    0x0, 0x14, 0xd0, 0x6, 0x3d, 0x93, 0xb7, 0x7,
    0xe, 0x0, 0xf3, 0x79, 0xc1, 0x8, 0x8, 0x7,
    0xc3, 0x40, 0xe8, 0x30, 0xc2, 0x1, 0x89, 0xa0,
    0x10, 0x28, 0x67, 0xbf, 0xb9, 0xfb, 0x23, 0x42,
    0x9, 0xf0, 0x62, 0x38, 0xdf, 0x94, 0x2, 0x17,
    0xce, 0xdf, 0xf6, 0xc0, 0x80, 0x7c, 0x5a, 0x93,
    0xe0, 0x1f, 0xc5, 0x6b, 0x54, 0x0, 0xc0,

    /* U+FEF2 "ﻲ" */
    0x0, 0xff, 0xe0, 0x4e, 0xc9, 0x0, 0x3d, 0xc0,
    0x3f, 0x43, 0x13, 0x68, 0x98, 0x7, 0xfb, 0x42,
    0xe4, 0x81, 0xc0, 0x3f, 0xca, 0xd4, 0xfa, 0x28,
    0x10, 0xc2, 0x1, 0x85, 0x21, 0x84, 0x3, 0x58,
    0x4f, 0x7f, 0x73, 0xfa, 0xdc, 0xf0, 0x40, 0x24,
    0xe7, 0x31, 0x18, 0x8d, 0xf3, 0x6, 0x1, 0xc3,
    0x19, 0xdf, 0xed, 0xc8, 0x4c, 0x1f, 0x20, 0xf,
    0xfe, 0x3, 0x70, 0xe1, 0x0,

    /* U+FEF3 "ﻳ" */
    0x0, 0x99, 0xc0, 0x35, 0xc8, 0x7, 0x18, 0x4,
    0x64, 0x20, 0xe, 0xc0, 0xb0, 0x0, 0x93, 0xb8,
    0x1, 0xd9, 0x2, 0x0, 0xaa, 0xf, 0x28, 0x44,
    0x6, 0xd0,

    /* U+FEF4 "ﻴ" */
    0x0, 0x1c, 0x10, 0x4, 0xae, 0xc0, 0x10, 0x80,
    0x80, 0x56, 0x1e, 0x0, 0xf3, 0x5, 0xd0, 0x14,
    0xa3, 0x0, 0x7d, 0x2e, 0xe8, 0x23, 0x3, 0x9c,
    0x2e, 0x42, 0xd4,

    /* U+FEF5 "ﻵ" */
    0x0, 0xff, 0xe0, 0x8d, 0xe3, 0x2, 0x98, 0x7,
    0x8f, 0xb0, 0x33, 0xcc, 0x3, 0xc4, 0xa0, 0xd9,
    0x40, 0x1f, 0xf1, 0x0, 0x71, 0xfb, 0x80, 0x53,
    0xa4, 0x1, 0xfe, 0xa0, 0x80, 0xf, 0xf1, 0xaa,
    0x8c, 0x3, 0xfd, 0x1, 0xe0, 0x1f, 0xe2, 0x73,
    0x50, 0xf, 0xf4, 0x8c, 0x0, 0x7f, 0x86, 0x49,
    0x80, 0x3f, 0xce, 0x50, 0xe, 0x2, 0x1, 0xf4,
    0xc, 0x18, 0x28, 0x7, 0xca, 0x6f, 0x22, 0x60,
    0x1f, 0x90, 0x6, 0x40, 0x39, 0xbf, 0xe7, 0x6,
    0x70, 0xe, 0xe0, 0x0, 0xad, 0xc8, 0x7, 0xa3,
    0xfd, 0xd4, 0x80, 0x1f, 0xfc, 0x40,

    /* U+FEF6 "ﻶ" */
    0x0, 0xff, 0xe2, 0xd, 0xe3, 0x2, 0x98, 0x7,
    0xf1, 0xf6, 0x1e, 0x79, 0x80, 0x7f, 0x12, 0x82,
    0xe5, 0x0, 0x7f, 0xf0, 0x88, 0x3, 0x8f, 0xdc,
    0x3, 0xd3, 0xa4, 0x1, 0xff, 0xc1, 0xa0, 0x80,
    0xf, 0xfe, 0x9, 0xaa, 0x8c, 0x3, 0xff, 0x83,
    0x1, 0xe0, 0x1f, 0xfc, 0x12, 0x73, 0x50, 0xf,
    0xfe, 0xc, 0x8c, 0x0, 0x7f, 0xf0, 0x46, 0x49,
    0x80, 0x3f, 0xf8, 0x2e, 0x50, 0xe, 0x1, 0xff,
    0xc0, 0x81, 0x83, 0xe, 0x0, 0xff, 0x29, 0xbc,
    0x82, 0x80, 0x7c, 0x44, 0x0, 0x50, 0x8, 0x1b,
    0x0, 0x7a, 0xf7, 0xfd, 0x20, 0x98, 0x13, 0xe2,
    0x1, 0xbc, 0xc4, 0xe, 0x6c, 0xf0, 0xc0, 0x3c,
    0xd9, 0xdf, 0x8c, 0x0, 0x3c, 0xf1, 0x0, 0xff,
    0xe2, 0x0,

    /* U+FEF7 "ﻷ" */
    0x3c, 0xa0, 0xf, 0xc9, 0x10, 0x0, 0xfc, 0x97,
    0xc6, 0x1, 0xf1, 0x77, 0xc, 0x3, 0x1f, 0xb8,
    0xc6, 0x90, 0x7, 0xea, 0x8, 0x0, 0xfc, 0x6a,
    0xa3, 0x0, 0xfd, 0x1, 0xe0, 0x1f, 0x89, 0xcd,
    0x40, 0x3f, 0x48, 0xc0, 0x7, 0xe1, 0x92, 0x60,
    0xf, 0xce, 0x50, 0xe, 0x2, 0x1, 0xd0, 0x30,
    0x60, 0xa0, 0x1c, 0xa6, 0xf2, 0x26, 0x1, 0xe4,
    0x1, 0x90, 0x9, 0xbf, 0xe7, 0x6, 0x70, 0xb,
    0x80, 0x2, 0xb7, 0x20, 0x1a, 0x3f, 0xdd, 0x48,
    0x1, 0xff, 0xc2,

    /* U+FEF8 "ﻸ" */
    0x3c, 0xa0, 0xf, 0xf9, 0x22, 0x0, 0x1f, 0xf2,
    0x5f, 0x18, 0x7, 0xf8, 0xbb, 0x86, 0x1, 0x8f,
    0xdc, 0x2, 0x18, 0xd2, 0x0, 0xff, 0xa8, 0x20,
    0x3, 0xfe, 0x35, 0x51, 0x80, 0x7f, 0xd0, 0x1e,
    0x1, 0xff, 0x13, 0x9a, 0x80, 0x7f, 0xd2, 0x30,
    0x1, 0xff, 0xc, 0x93, 0x0, 0x7f, 0xce, 0x50,
    0xe, 0x1, 0xfe, 0x81, 0x83, 0xe, 0x0, 0xfc,
    0xa6, 0xf2, 0xa, 0x1, 0xc4, 0x40, 0x5, 0x0,
    0x81, 0xb0, 0x6, 0xbd, 0xff, 0x48, 0x26, 0x4,
    0xf8, 0x80, 0x3c, 0xc4, 0xe, 0x6c, 0xf0, 0xc0,
    0x33, 0x67, 0x7e, 0x30, 0x0, 0xf3, 0xc4, 0x3,
    0xff, 0x84,

    /* U+FEF9 "ﻹ" */
    0x2, 0x0, 0xe3, 0xf7, 0x9d, 0x20, 0xf, 0xa8,
    0x20, 0x3, 0xe3, 0x55, 0x18, 0x7, 0xd0, 0x1e,
    0x1, 0xf1, 0x39, 0xa8, 0x7, 0xd2, 0x30, 0x1,
    0xf0, 0xc9, 0x30, 0x7, 0xce, 0x50, 0xe, 0x2,
    0x1, 0xa0, 0x60, 0xc1, 0x40, 0x32, 0x9b, 0xc8,
    0x98, 0x7, 0x20, 0xc, 0x80, 0x1b, 0xfe, 0x70,
    0x67, 0x0, 0x70, 0x0, 0x56, 0xe4, 0x2, 0xd3,
    0x4e, 0xa4, 0x0, 0xd9, 0xd4, 0x1, 0xf6, 0x62,
    0x88, 0x3, 0xc9, 0xf6, 0x40, 0x1c,

    /* U+FEFA "ﻺ" */
    0x2, 0x0, 0xe3, 0xf7, 0x0, 0xa7, 0x48, 0x3,
    0xfd, 0x41, 0x0, 0x1f, 0xe3, 0x55, 0x18, 0x7,
    0xfa, 0x3, 0xc0, 0x3f, 0xc4, 0xe6, 0xa0, 0x1f,
    0xe9, 0x18, 0x0, 0xff, 0xc, 0x93, 0x0, 0x7f,
    0x9c, 0xa0, 0x1c, 0x3, 0xfa, 0x6, 0xc, 0x38,
    0x3, 0xe5, 0x37, 0x90, 0x50, 0xc, 0x44, 0x0,
    0x50, 0x8, 0x1b, 0x0, 0x57, 0xbf, 0xe9, 0x4,
    0xc0, 0x9f, 0x10, 0xf3, 0x10, 0x39, 0xb3, 0xc3,
    0x0, 0x94, 0xb, 0xf1, 0x80, 0x7, 0x9e, 0x20,
    0xb3, 0xa0, 0x1f, 0xe4, 0xba, 0x40, 0xf, 0xe3,
    0xcb, 0x40, 0xf, 0xc0,

    /* U+FEFB "ﻻ" */
    0x2, 0x0, 0xe3, 0xf7, 0x9d, 0x20, 0xf, 0xa8,
    0x20, 0x3, 0xe3, 0x55, 0x18, 0x7, 0xd0, 0x1e,
    0x1, 0xf1, 0x39, 0xa8, 0x7, 0xd2, 0x30, 0x1,
    0xf0, 0xc9, 0x30, 0x7, 0xce, 0x50, 0xe, 0x2,
    0x1, 0xa0, 0x60, 0xc1, 0x40, 0x32, 0x9b, 0xc8,
    0x98, 0x7, 0x20, 0xc, 0x80, 0x1b, 0xfe, 0x70,
    0x67, 0x0, 0x70, 0x0, 0x56, 0xe4, 0x2, 0x8f,
    0xf7, 0x52, 0x0, 0x7f, 0xf0, 0x40,

    /* U+FEFC "ﻼ" */
    0x2, 0x0, 0xe3, 0xf7, 0x0, 0xa7, 0x48, 0x3,
    0xfd, 0x41, 0x0, 0x1f, 0xe3, 0x55, 0x18, 0x7,
    0xfa, 0x3, 0xc0, 0x3f, 0xc4, 0xe6, 0xa0, 0x1f,
    0xe9, 0x18, 0x0, 0xff, 0xc, 0x93, 0x0, 0x7f,
    0x9c, 0xa0, 0x1c, 0x3, 0xfa, 0x6, 0xc, 0x38,
    0x3, 0xe5, 0x37, 0x90, 0x50, 0xc, 0x44, 0x0,
    0x50, 0x8, 0x1b, 0x0, 0x57, 0xbf, 0xe9, 0x4,
    0xc0, 0x9f, 0x10, 0xf3, 0x10, 0x39, 0xb3, 0xc3,
    0x0, 0x9b, 0x3b, 0xf1, 0x80, 0x7, 0x9e, 0x20,
    0x1f, 0xfc, 0x10
};


/*---------------------
 *  GLYPH DESCRIPTION
 *--------------------*/

static const lv_font_fmt_txt_glyph_dsc_t glyph_dsc[] = {
    {.bitmap_index = 0, .adv_w = 0, .box_w = 0, .box_h = 0, .ofs_x = 0, .ofs_y = 0} /* id = 0 reserved */,
    {.bitmap_index = 0, .adv_w = 178, .box_w = 11, .box_h = 16, .ofs_x = 0, .ofs_y = -1},
    {.bitmap_index = 77, .adv_w = 178, .box_w = 12, .box_h = 15, .ofs_x = 0, .ofs_y = 0},
    {.bitmap_index = 152, .adv_w = 178, .box_w = 11, .box_h = 19, .ofs_x = 0, .ofs_y = -4},
    {.bitmap_index = 252, .adv_w = 236, .box_w = 15, .box_h = 17, .ofs_x = 0, .ofs_y = -1},
    {.bitmap_index = 366, .adv_w = 236, .box_w = 15, .box_h = 17, .ofs_x = 0, .ofs_y = -1},
    {.bitmap_index = 480, .adv_w = 128, .box_w = 6, .box_h = 7, .ofs_x = 1, .ofs_y = 9},
    {.bitmap_index = 503, .adv_w = 187, .box_w = 10, .box_h = 13, .ofs_x = 1, .ofs_y = 0},
    {.bitmap_index = 536, .adv_w = 89, .box_w = 3, .box_h = 3, .ofs_x = 1, .ofs_y = 6},
    {.bitmap_index = 541, .adv_w = 267, .box_w = 15, .box_h = 16, .ofs_x = 1, .ofs_y = -1},
    {.bitmap_index = 635, .adv_w = 267, .box_w = 16, .box_h = 17, .ofs_x = 1, .ofs_y = -1},
    {.bitmap_index = 743, .adv_w = 267, .box_w = 16, .box_h = 17, .ofs_x = 0, .ofs_y = -1},
    {.bitmap_index = 858, .adv_w = 213, .box_w = 15, .box_h = 19, .ofs_x = -1, .ofs_y = 0},
    {.bitmap_index = 960, .adv_w = 213, .box_w = 15, .box_h = 19, .ofs_x = -1, .ofs_y = 0},
    {.bitmap_index = 1061, .adv_w = 213, .box_w = 15, .box_h = 19, .ofs_x = -1, .ofs_y = 0},
    {.bitmap_index = 1164, .adv_w = 213, .box_w = 15, .box_h = 19, .ofs_x = -1, .ofs_y = 0},
    {.bitmap_index = 1268, .adv_w = 213, .box_w = 15, .box_h = 19, .ofs_x = -1, .ofs_y = 0},
    {.bitmap_index = 1368, .adv_w = 213, .box_w = 15, .box_h = 19, .ofs_x = -1, .ofs_y = 0},
    {.bitmap_index = 1465, .adv_w = 320, .box_w = 19, .box_h = 15, .ofs_x = 0, .ofs_y = 0},
    {.bitmap_index = 1555, .adv_w = 231, .box_w = 13, .box_h = 19, .ofs_x = 1, .ofs_y = -4},
    {.bitmap_index = 1654, .adv_w = 213, .box_w = 12, .box_h = 19, .ofs_x = 1, .ofs_y = 0},
    {.bitmap_index = 1703, .adv_w = 213, .box_w = 12, .box_h = 19, .ofs_x = 1, .ofs_y = 0},
    {.bitmap_index = 1753, .adv_w = 213, .box_w = 12, .box_h = 19, .ofs_x = 1, .ofs_y = 0},
    {.bitmap_index = 1806, .adv_w = 213, .box_w = 12, .box_h = 19, .ofs_x = 1, .ofs_y = 0},
    {.bitmap_index = 1857, .adv_w = 89, .box_w = 4, .box_h = 19, .ofs_x = 0, .ofs_y = 0},
    {.bitmap_index = 1871, .adv_w = 89, .box_w = 5, .box_h = 19, .ofs_x = 1, .ofs_y = 0},
    {.bitmap_index = 1886, .adv_w = 89, .box_w = 7, .box_h = 19, .ofs_x = -1, .ofs_y = 0},
    {.bitmap_index = 1909, .adv_w = 89, .box_w = 6, .box_h = 19, .ofs_x = 0, .ofs_y = 0},
    {.bitmap_index = 1928, .adv_w = 231, .box_w = 14, .box_h = 15, .ofs_x = 0, .ofs_y = 0},
    {.bitmap_index = 2005, .adv_w = 231, .box_w = 12, .box_h = 19, .ofs_x = 1, .ofs_y = 0},
    {.bitmap_index = 2080, .adv_w = 249, .box_w = 15, .box_h = 19, .ofs_x = 0, .ofs_y = 0},
    {.bitmap_index = 2190, .adv_w = 249, .box_w = 15, .box_h = 19, .ofs_x = 0, .ofs_y = 0},
    {.bitmap_index = 2299, .adv_w = 249, .box_w = 15, .box_h = 19, .ofs_x = 0, .ofs_y = 0},
    {.bitmap_index = 2411, .adv_w = 249, .box_w = 15, .box_h = 20, .ofs_x = 0, .ofs_y = 0},
    {.bitmap_index = 2528, .adv_w = 249, .box_w = 15, .box_h = 19, .ofs_x = 0, .ofs_y = 0},
    {.bitmap_index = 2636, .adv_w = 187, .box_w = 10, .box_h = 10, .ofs_x = 1, .ofs_y = 2},
    {.bitmap_index = 2684, .adv_w = 249, .box_w = 15, .box_h = 17, .ofs_x = 0, .ofs_y = -1},
    {.bitmap_index = 2802, .adv_w = 231, .box_w = 12, .box_h = 19, .ofs_x = 1, .ofs_y = 0},
    {.bitmap_index = 2860, .adv_w = 231, .box_w = 12, .box_h = 19, .ofs_x = 1, .ofs_y = 0},
    {.bitmap_index = 2917, .adv_w = 231, .box_w = 12, .box_h = 19, .ofs_x = 1, .ofs_y = 0},
    {.bitmap_index = 2979, .adv_w = 231, .box_w = 12, .box_h = 19, .ofs_x = 1, .ofs_y = 0},
    {.bitmap_index = 3038, .adv_w = 213, .box_w = 14, .box_h = 19, .ofs_x = 0, .ofs_y = 0},
    {.bitmap_index = 3111, .adv_w = 213, .box_w = 12, .box_h = 15, .ofs_x = 1, .ofs_y = 0},
    {.bitmap_index = 3164, .adv_w = 195, .box_w = 11, .box_h = 15, .ofs_x = 1, .ofs_y = 0},
    {.bitmap_index = 3233, .adv_w = 178, .box_w = 11, .box_h = 15, .ofs_x = 0, .ofs_y = 0},
    {.bitmap_index = 3306, .adv_w = 178, .box_w = 11, .box_h = 15, .ofs_x = 0, .ofs_y = 0},
    {.bitmap_index = 3379, .adv_w = 178, .box_w = 11, .box_h = 15, .ofs_x = 0, .ofs_y = 0},
    {.bitmap_index = 3455, .adv_w = 178, .box_w = 11, .box_h = 15, .ofs_x = 0, .ofs_y = 0},
    {.bitmap_index = 3533, .adv_w = 178, .box_w = 11, .box_h = 15, .ofs_x = 0, .ofs_y = 0},
    {.bitmap_index = 3607, .adv_w = 178, .box_w = 11, .box_h = 16, .ofs_x = 0, .ofs_y = 0},
    {.bitmap_index = 3682, .adv_w = 285, .box_w = 17, .box_h = 11, .ofs_x = 0, .ofs_y = 0},
    {.bitmap_index = 3771, .adv_w = 160, .box_w = 10, .box_h = 15, .ofs_x = 0, .ofs_y = -4},
    {.bitmap_index = 3838, .adv_w = 178, .box_w = 11, .box_h = 15, .ofs_x = 0, .ofs_y = 0},
    {.bitmap_index = 3907, .adv_w = 178, .box_w = 11, .box_h = 15, .ofs_x = 0, .ofs_y = 0},
    {.bitmap_index = 3976, .adv_w = 178, .box_w = 11, .box_h = 15, .ofs_x = 0, .ofs_y = 0},
    {.bitmap_index = 4048, .adv_w = 178, .box_w = 11, .box_h = 15, .ofs_x = 0, .ofs_y = 0},
    {.bitmap_index = 4119, .adv_w = 89, .box_w = 4, .box_h = 15, .ofs_x = 0, .ofs_y = 0},
    {.bitmap_index = 4133, .adv_w = 89, .box_w = 5, .box_h = 15, .ofs_x = 1, .ofs_y = 0},
    {.bitmap_index = 4148, .adv_w = 89, .box_w = 7, .box_h = 15, .ofs_x = -1, .ofs_y = 0},
    {.bitmap_index = 4169, .adv_w = 89, .box_w = 6, .box_h = 15, .ofs_x = 0, .ofs_y = 0},
    {.bitmap_index = 4186, .adv_w = 178, .box_w = 11, .box_h = 15, .ofs_x = 0, .ofs_y = 0},
    {.bitmap_index = 4262, .adv_w = 178, .box_w = 9, .box_h = 15, .ofs_x = 1, .ofs_y = 0},
    {.bitmap_index = 4308, .adv_w = 178, .box_w = 11, .box_h = 15, .ofs_x = 0, .ofs_y = 0},
    {.bitmap_index = 4379, .adv_w = 178, .box_w = 11, .box_h = 15, .ofs_x = 0, .ofs_y = 0},
    {.bitmap_index = 4450, .adv_w = 178, .box_w = 11, .box_h = 15, .ofs_x = 0, .ofs_y = 0},
    {.bitmap_index = 4524, .adv_w = 178, .box_w = 11, .box_h = 15, .ofs_x = 0, .ofs_y = 0},
    {.bitmap_index = 4601, .adv_w = 178, .box_w = 11, .box_h = 15, .ofs_x = 0, .ofs_y = 0},
    {.bitmap_index = 4673, .adv_w = 187, .box_w = 10, .box_h = 9, .ofs_x = 1, .ofs_y = 3},
    {.bitmap_index = 4701, .adv_w = 195, .box_w = 10, .box_h = 13, .ofs_x = 1, .ofs_y = -1},
    {.bitmap_index = 4766, .adv_w = 178, .box_w = 9, .box_h = 15, .ofs_x = 1, .ofs_y = 0},
    {.bitmap_index = 4808, .adv_w = 178, .box_w = 9, .box_h = 15, .ofs_x = 1, .ofs_y = 0},
    {.bitmap_index = 4850, .adv_w = 178, .box_w = 9, .box_h = 15, .ofs_x = 1, .ofs_y = 0},
    {.bitmap_index = 4895, .adv_w = 178, .box_w = 9, .box_h = 15, .ofs_x = 1, .ofs_y = 0},
    {.bitmap_index = 4937, .adv_w = 160, .box_w = 10, .box_h = 19, .ofs_x = 0, .ofs_y = -4},
    {.bitmap_index = 5015, .adv_w = 178, .box_w = 10, .box_h = 19, .ofs_x = 1, .ofs_y = -4},
    {.bitmap_index = 5076, .adv_w = 160, .box_w = 10, .box_h = 19, .ofs_x = 0, .ofs_y = -4},
    {.bitmap_index = 5155, .adv_w = 213, .box_w = 15, .box_h = 18, .ofs_x = -1, .ofs_y = 0},
    {.bitmap_index = 5251, .adv_w = 178, .box_w = 11, .box_h = 15, .ofs_x = 0, .ofs_y = 0},
    {.bitmap_index = 5323, .adv_w = 213, .box_w = 15, .box_h = 19, .ofs_x = -1, .ofs_y = 0},
    {.bitmap_index = 5426, .adv_w = 178, .box_w = 11, .box_h = 15, .ofs_x = 0, .ofs_y = 0},
    {.bitmap_index = 5502, .adv_w = 213, .box_w = 17, .box_h = 19, .ofs_x = -1, .ofs_y = -4},
    {.bitmap_index = 5613, .adv_w = 178, .box_w = 12, .box_h = 15, .ofs_x = 0, .ofs_y = -4},
    {.bitmap_index = 5691, .adv_w = 231, .box_w = 13, .box_h = 19, .ofs_x = 1, .ofs_y = 0},
    {.bitmap_index = 5786, .adv_w = 160, .box_w = 10, .box_h = 15, .ofs_x = 0, .ofs_y = 0},
    {.bitmap_index = 5850, .adv_w = 231, .box_w = 13, .box_h = 19, .ofs_x = 1, .ofs_y = 0},
    {.bitmap_index = 5950, .adv_w = 160, .box_w = 10, .box_h = 15, .ofs_x = 0, .ofs_y = 0},
    {.bitmap_index = 6017, .adv_w = 231, .box_w = 13, .box_h = 19, .ofs_x = 1, .ofs_y = 0},
    {.bitmap_index = 6109, .adv_w = 160, .box_w = 10, .box_h = 15, .ofs_x = 0, .ofs_y = 0},
    {.bitmap_index = 6170, .adv_w = 231, .box_w = 13, .box_h = 20, .ofs_x = 1, .ofs_y = 0},
    {.bitmap_index = 6272, .adv_w = 160, .box_w = 10, .box_h = 15, .ofs_x = 0, .ofs_y = 0},
    {.bitmap_index = 6339, .adv_w = 231, .box_w = 13, .box_h = 19, .ofs_x = 1, .ofs_y = 0},
    {.bitmap_index = 6423, .adv_w = 201, .box_w = 13, .box_h = 15, .ofs_x = 0, .ofs_y = 0},
    {.bitmap_index = 6498, .adv_w = 231, .box_w = 15, .box_h = 15, .ofs_x = -1, .ofs_y = 0},
    {.bitmap_index = 6582, .adv_w = 178, .box_w = 12, .box_h = 15, .ofs_x = 0, .ofs_y = 0},
    {.bitmap_index = 6654, .adv_w = 213, .box_w = 12, .box_h = 18, .ofs_x = 1, .ofs_y = 0},
    {.bitmap_index = 6701, .adv_w = 178, .box_w = 11, .box_h = 15, .ofs_x = 0, .ofs_y = 0},
    {.bitmap_index = 6769, .adv_w = 213, .box_w = 12, .box_h = 19, .ofs_x = 1, .ofs_y = 0},
    {.bitmap_index = 6825, .adv_w = 178, .box_w = 11, .box_h = 15, .ofs_x = 0, .ofs_y = 0},
    {.bitmap_index = 6896, .adv_w = 213, .box_w = 12, .box_h = 19, .ofs_x = 1, .ofs_y = 0},
    {.bitmap_index = 6943, .adv_w = 178, .box_w = 11, .box_h = 15, .ofs_x = 0, .ofs_y = 0},
    {.bitmap_index = 7009, .adv_w = 213, .box_w = 12, .box_h = 19, .ofs_x = 1, .ofs_y = -4},
    {.bitmap_index = 7061, .adv_w = 178, .box_w = 11, .box_h = 15, .ofs_x = 0, .ofs_y = -4},
    {.bitmap_index = 7132, .adv_w = 213, .box_w = 12, .box_h = 19, .ofs_x = 1, .ofs_y = 0},
    {.bitmap_index = 7186, .adv_w = 178, .box_w = 11, .box_h = 15, .ofs_x = 0, .ofs_y = 0},
    {.bitmap_index = 7258, .adv_w = 249, .box_w = 14, .box_h = 19, .ofs_x = 1, .ofs_y = 0},
    {.bitmap_index = 7363, .adv_w = 178, .box_w = 10, .box_h = 19, .ofs_x = 0, .ofs_y = -4},
    {.bitmap_index = 7451, .adv_w = 249, .box_w = 14, .box_h = 19, .ofs_x = 1, .ofs_y = 0},
    {.bitmap_index = 7555, .adv_w = 178, .box_w = 10, .box_h = 19, .ofs_x = 0, .ofs_y = -4},
    {.bitmap_index = 7642, .adv_w = 249, .box_w = 14, .box_h = 19, .ofs_x = 1, .ofs_y = 0},
    {.bitmap_index = 7740, .adv_w = 178, .box_w = 10, .box_h = 19, .ofs_x = 0, .ofs_y = -4},
    {.bitmap_index = 7821, .adv_w = 249, .box_w = 14, .box_h = 20, .ofs_x = 1, .ofs_y = -5},
    {.bitmap_index = 7928, .adv_w = 178, .box_w = 10, .box_h = 21, .ofs_x = 0, .ofs_y = -4},
    {.bitmap_index = 8016, .adv_w = 231, .box_w = 12, .box_h = 19, .ofs_x = 1, .ofs_y = 0},
    {.bitmap_index = 8056, .adv_w = 178, .box_w = 9, .box_h = 19, .ofs_x = 1, .ofs_y = 0},
    {.bitmap_index = 8104, .adv_w = 231, .box_w = 16, .box_h = 15, .ofs_x = -1, .ofs_y = 0},
    {.bitmap_index = 8157, .adv_w = 178, .box_w = 10, .box_h = 15, .ofs_x = 0, .ofs_y = 0},
    {.bitmap_index = 8203, .adv_w = 89, .box_w = 8, .box_h = 19, .ofs_x = -1, .ofs_y = 0},
    {.bitmap_index = 8228, .adv_w = 71, .box_w = 8, .box_h = 15, .ofs_x = -2, .ofs_y = 0},
    {.bitmap_index = 8252, .adv_w = 89, .box_w = 7, .box_h = 18, .ofs_x = -1, .ofs_y = 0},
    {.bitmap_index = 8269, .adv_w = 71, .box_w = 7, .box_h = 15, .ofs_x = -1, .ofs_y = 0},
    {.bitmap_index = 8284, .adv_w = 89, .box_w = 7, .box_h = 19, .ofs_x = -1, .ofs_y = 0},
    {.bitmap_index = 8307, .adv_w = 71, .box_w = 7, .box_h = 15, .ofs_x = -1, .ofs_y = 0},
    {.bitmap_index = 8326, .adv_w = 89, .box_w = 6, .box_h = 19, .ofs_x = 1, .ofs_y = -4},
    {.bitmap_index = 8346, .adv_w = 71, .box_w = 5, .box_h = 19, .ofs_x = 0, .ofs_y = -4},
    {.bitmap_index = 8368, .adv_w = 89, .box_w = 3, .box_h = 19, .ofs_x = 1, .ofs_y = 0},
    {.bitmap_index = 8379, .adv_w = 89, .box_w = 3, .box_h = 11, .ofs_x = 1, .ofs_y = 0},
    {.bitmap_index = 8384, .adv_w = 240, .box_w = 13, .box_h = 15, .ofs_x = 1, .ofs_y = 0},
    {.bitmap_index = 8421, .adv_w = 142, .box_w = 7, .box_h = 19, .ofs_x = 1, .ofs_y = -4},
    {.bitmap_index = 8452, .adv_w = 160, .box_w = 11, .box_h = 19, .ofs_x = 0, .ofs_y = 0},
    {.bitmap_index = 8505, .adv_w = 71, .box_w = 7, .box_h = 19, .ofs_x = -1, .ofs_y = -4},
    {.bitmap_index = 8536, .adv_w = 213, .box_w = 13, .box_h = 20, .ofs_x = 1, .ofs_y = -5},
    {.bitmap_index = 8624, .adv_w = 160, .box_w = 9, .box_h = 20, .ofs_x = 1, .ofs_y = -5},
    {.bitmap_index = 8685, .adv_w = 140, .box_w = 8, .box_h = 11, .ofs_x = 1, .ofs_y = 0},
    {.bitmap_index = 8722, .adv_w = 178, .box_w = 10, .box_h = 19, .ofs_x = 1, .ofs_y = 0},
    {.bitmap_index = 8751, .adv_w = 71, .box_w = 4, .box_h = 19, .ofs_x = 1, .ofs_y = 0},
    {.bitmap_index = 8764, .adv_w = 178, .box_w = 10, .box_h = 20, .ofs_x = 1, .ofs_y = -5},
    {.bitmap_index = 8793, .adv_w = 71, .box_w = 3, .box_h = 20, .ofs_x = 1, .ofs_y = -5},
    {.bitmap_index = 8806, .adv_w = 178, .box_w = 12, .box_h = 19, .ofs_x = -1, .ofs_y = 0},
    {.bitmap_index = 8840, .adv_w = 71, .box_w = 7, .box_h = 19, .ofs_x = -1, .ofs_y = 0},
    {.bitmap_index = 8863, .adv_w = 178, .box_w = 10, .box_h = 15, .ofs_x = 1, .ofs_y = 0},
    {.bitmap_index = 8886, .adv_w = 102, .box_w = 6, .box_h = 15, .ofs_x = 1, .ofs_y = 0},
    {.bitmap_index = 8901, .adv_w = 178, .box_w = 11, .box_h = 15, .ofs_x = 0, .ofs_y = 0},
    {.bitmap_index = 8942, .adv_w = 71, .box_w = 5, .box_h = 15, .ofs_x = 0, .ofs_y = 0},
    {.bitmap_index = 8962, .adv_w = 231, .box_w = 12, .box_h = 19, .ofs_x = 1, .ofs_y = 0},
    {.bitmap_index = 9032, .adv_w = 178, .box_w = 9, .box_h = 15, .ofs_x = 1, .ofs_y = 0},
    {.bitmap_index = 9073, .adv_w = 231, .box_w = 12, .box_h = 20, .ofs_x = 1, .ofs_y = -5},
    {.bitmap_index = 9147, .adv_w = 178, .box_w = 9, .box_h = 16, .ofs_x = 1, .ofs_y = -5},
    {.bitmap_index = 9191, .adv_w = 231, .box_w = 12, .box_h = 19, .ofs_x = 1, .ofs_y = 0},
    {.bitmap_index = 9265, .adv_w = 178, .box_w = 9, .box_h = 15, .ofs_x = 1, .ofs_y = 0},
    {.bitmap_index = 9309, .adv_w = 200, .box_w = 13, .box_h = 15, .ofs_x = -1, .ofs_y = 0},
    {.bitmap_index = 9352, .adv_w = 231, .box_w = 13, .box_h = 19, .ofs_x = 1, .ofs_y = -4},
    {.bitmap_index = 9424, .adv_w = 178, .box_w = 9, .box_h = 15, .ofs_x = 1, .ofs_y = -4},
    {.bitmap_index = 9464, .adv_w = 249, .box_w = 15, .box_h = 18, .ofs_x = 0, .ofs_y = 0},
    {.bitmap_index = 9569, .adv_w = 178, .box_w = 11, .box_h = 15, .ofs_x = 0, .ofs_y = 0},
    {.bitmap_index = 9639, .adv_w = 249, .box_w = 15, .box_h = 19, .ofs_x = 0, .ofs_y = 0},
    {.bitmap_index = 9750, .adv_w = 178, .box_w = 11, .box_h = 15, .ofs_x = 0, .ofs_y = 0},
    {.bitmap_index = 9824, .adv_w = 249, .box_w = 15, .box_h = 19, .ofs_x = 0, .ofs_y = 0},
    {.bitmap_index = 9937, .adv_w = 178, .box_w = 11, .box_h = 15, .ofs_x = 0, .ofs_y = 0},
    {.bitmap_index = 10013, .adv_w = 320, .box_w = 19, .box_h = 15, .ofs_x = 1, .ofs_y = 0},
    {.bitmap_index = 10117, .adv_w = 302, .box_w = 19, .box_h = 11, .ofs_x = 0, .ofs_y = 0},
    {.bitmap_index = 10213, .adv_w = 231, .box_w = 14, .box_h = 19, .ofs_x = 1, .ofs_y = 0},
    {.bitmap_index = 10299, .adv_w = 107, .box_w = 6, .box_h = 15, .ofs_x = 1, .ofs_y = 0},
    {.bitmap_index = 10329, .adv_w = 231, .box_w = 14, .box_h = 20, .ofs_x = 1, .ofs_y = -5},
    {.bitmap_index = 10420, .adv_w = 107, .box_w = 6, .box_h = 16, .ofs_x = 1, .ofs_y = -5},
    {.bitmap_index = 10451, .adv_w = 231, .box_w = 14, .box_h = 19, .ofs_x = 1, .ofs_y = 0},
    {.bitmap_index = 10541, .adv_w = 107, .box_w = 7, .box_h = 15, .ofs_x = 0, .ofs_y = 0},
    {.bitmap_index = 10574, .adv_w = 213, .box_w = 13, .box_h = 19, .ofs_x = 0, .ofs_y = 0},
    {.bitmap_index = 10675, .adv_w = 160, .box_w = 10, .box_h = 15, .ofs_x = 0, .ofs_y = 0},
    {.bitmap_index = 10744, .adv_w = 213, .box_w = 13, .box_h = 20, .ofs_x = 0, .ofs_y = 0},
    {.bitmap_index = 10854, .adv_w = 160, .box_w = 10, .box_h = 15, .ofs_x = 0, .ofs_y = 0},
    {.bitmap_index = 10926, .adv_w = 213, .box_w = 13, .box_h = 20, .ofs_x = 0, .ofs_y = -5},
    {.bitmap_index = 11032, .adv_w = 160, .box_w = 10, .box_h = 16, .ofs_x = 0, .ofs_y = -5},
    {.bitmap_index = 11103, .adv_w = 213, .box_w = 13, .box_h = 20, .ofs_x = 0, .ofs_y = 0},
    {.bitmap_index = 11213, .adv_w = 160, .box_w = 10, .box_h = 15, .ofs_x = 0, .ofs_y = 0},
    {.bitmap_index = 11284, .adv_w = 195, .box_w = 12, .box_h = 20, .ofs_x = 0, .ofs_y = -5},
    {.bitmap_index = 11318, .adv_w = 89, .box_w = 6, .box_h = 20, .ofs_x = 0, .ofs_y = -5},
    {.bitmap_index = 11363, .adv_w = 195, .box_w = 12, .box_h = 19, .ofs_x = 0, .ofs_y = 0},
    {.bitmap_index = 11401, .adv_w = 130, .box_w = 9, .box_h = 15, .ofs_x = 0, .ofs_y = 0},
    {.bitmap_index = 11444, .adv_w = 195, .box_w = 12, .box_h = 15, .ofs_x = 0, .ofs_y = 0},
    {.bitmap_index = 11484, .adv_w = 89, .box_w = 6, .box_h = 15, .ofs_x = 0, .ofs_y = 0},
    {.bitmap_index = 11523, .adv_w = 231, .box_w = 12, .box_h = 20, .ofs_x = 1, .ofs_y = 0},
    {.bitmap_index = 11588, .adv_w = 178, .box_w = 9, .box_h = 15, .ofs_x = 1, .ofs_y = 0},
    {.bitmap_index = 11635, .adv_w = 231, .box_w = 12, .box_h = 18, .ofs_x = 1, .ofs_y = 0},
    {.bitmap_index = 11690, .adv_w = 178, .box_w = 9, .box_h = 15, .ofs_x = 1, .ofs_y = 0},
    {.bitmap_index = 11730, .adv_w = 231, .box_w = 12, .box_h = 19, .ofs_x = 1, .ofs_y = 0},
    {.bitmap_index = 11791, .adv_w = 178, .box_w = 9, .box_h = 15, .ofs_x = 1, .ofs_y = 0},
    {.bitmap_index = 11836, .adv_w = 231, .box_w = 12, .box_h = 20, .ofs_x = 1, .ofs_y = 0},
    {.bitmap_index = 11896, .adv_w = 178, .box_w = 9, .box_h = 16, .ofs_x = 1, .ofs_y = 0},
    {.bitmap_index = 11941, .adv_w = 231, .box_w = 12, .box_h = 19, .ofs_x = 1, .ofs_y = 0},
    {.bitmap_index = 12004, .adv_w = 178, .box_w = 9, .box_h = 15, .ofs_x = 1, .ofs_y = 0},
    {.bitmap_index = 12050, .adv_w = 231, .box_w = 12, .box_h = 19, .ofs_x = 1, .ofs_y = -4},
    {.bitmap_index = 12108, .adv_w = 178, .box_w = 11, .box_h = 15, .ofs_x = 1, .ofs_y = -4},
    {.bitmap_index = 12153, .adv_w = 302, .box_w = 19, .box_h = 19, .ofs_x = 0, .ofs_y = 0},
    {.bitmap_index = 12305, .adv_w = 231, .box_w = 15, .box_h = 15, .ofs_x = 0, .ofs_y = 0},
    {.bitmap_index = 12406, .adv_w = 213, .box_w = 14, .box_h = 19, .ofs_x = 0, .ofs_y = 0},
    {.bitmap_index = 12483, .adv_w = 160, .box_w = 10, .box_h = 19, .ofs_x = 0, .ofs_y = -4},
    {.bitmap_index = 12565, .adv_w = 213, .box_w = 14, .box_h = 19, .ofs_x = 0, .ofs_y = 0},
    {.bitmap_index = 12638, .adv_w = 195, .box_w = 12, .box_h = 19, .ofs_x = 0, .ofs_y = 0},
    {.bitmap_index = 12714, .adv_w = 160, .box_w = 10, .box_h = 15, .ofs_x = 0, .ofs_y = 0},
    {.bitmap_index = 12770, .adv_w = 195, .box_w = 12, .box_h = 19, .ofs_x = 0, .ofs_y = 0},
    {.bitmap_index = 12843, .adv_w = 160, .box_w = 10, .box_h = 15, .ofs_x = 0, .ofs_y = 0},
    {.bitmap_index = 12896, .adv_w = 195, .box_w = 12, .box_h = 19, .ofs_x = 0, .ofs_y = 0},
    {.bitmap_index = 12976, .adv_w = 160, .box_w = 10, .box_h = 15, .ofs_x = 0, .ofs_y = 0},
    {.bitmap_index = 13035, .adv_w = 71, .box_w = 5, .box_h = 15, .ofs_x = 1, .ofs_y = 0},
    {.bitmap_index = 13048, .adv_w = 99, .box_w = 7, .box_h = 5, .ofs_x = 0, .ofs_y = 10},
    {.bitmap_index = 13066, .adv_w = 99, .box_w = 7, .box_h = 5, .ofs_x = 0, .ofs_y = -3},
    {.bitmap_index = 13084, .adv_w = 89, .box_w = 5, .box_h = 5, .ofs_x = 1, .ofs_y = -5},
    {.bitmap_index = 13097, .adv_w = 89, .box_w = 3, .box_h = 14, .ofs_x = 1, .ofs_y = -3},
    {.bitmap_index = 13114, .adv_w = 89, .box_w = 4, .box_h = 3, .ofs_x = 1, .ofs_y = 12},
    {.bitmap_index = 13121, .adv_w = 89, .box_w = 8, .box_h = 3, .ofs_x = -1, .ofs_y = 12},
    {.bitmap_index = 13133, .adv_w = 213, .box_w = 15, .box_h = 15, .ofs_x = -1, .ofs_y = 0},
    {.bitmap_index = 13221, .adv_w = 89, .box_w = 3, .box_h = 3, .ofs_x = 1, .ofs_y = 6},
    {.bitmap_index = 13226, .adv_w = 225, .box_w = 15, .box_h = 15, .ofs_x = -1, .ofs_y = 0},
    {.bitmap_index = 13268, .adv_w = 243, .box_w = 15, .box_h = 15, .ofs_x = -1, .ofs_y = 0},
    {.bitmap_index = 13305, .adv_w = 101, .box_w = 6, .box_h = 15, .ofs_x = -1, .ofs_y = 0},
    {.bitmap_index = 13318, .adv_w = 249, .box_w = 16, .box_h = 15, .ofs_x = -1, .ofs_y = 0},
    {.bitmap_index = 13418, .adv_w = 239, .box_w = 16, .box_h = 15, .ofs_x = -1, .ofs_y = 0},
    {.bitmap_index = 13483, .adv_w = 243, .box_w = 16, .box_h = 15, .ofs_x = -1, .ofs_y = 0},
    {.bitmap_index = 13582, .adv_w = 71, .box_w = 8, .box_h = 15, .ofs_x = -2, .ofs_y = 0},
    {.bitmap_index = 13606, .adv_w = 213, .box_w = 15, .box_h = 15, .ofs_x = -1, .ofs_y = 0},
    {.bitmap_index = 13689, .adv_w = 213, .box_w = 12, .box_h = 15, .ofs_x = 1, .ofs_y = 0},
    {.bitmap_index = 13756, .adv_w = 176, .box_w = 10, .box_h = 15, .ofs_x = 1, .ofs_y = 0},
    {.bitmap_index = 13773, .adv_w = 218, .box_w = 14, .box_h = 15, .ofs_x = 0, .ofs_y = 0},
    {.bitmap_index = 13853, .adv_w = 213, .box_w = 12, .box_h = 15, .ofs_x = 1, .ofs_y = 0},
    {.bitmap_index = 13888, .adv_w = 195, .box_w = 12, .box_h = 15, .ofs_x = 0, .ofs_y = 0},
    {.bitmap_index = 13949, .adv_w = 231, .box_w = 12, .box_h = 15, .ofs_x = 1, .ofs_y = 0},
    {.bitmap_index = 13971, .adv_w = 249, .box_w = 15, .box_h = 15, .ofs_x = 0, .ofs_y = 0},
    {.bitmap_index = 14068, .adv_w = 89, .box_w = 3, .box_h = 15, .ofs_x = 1, .ofs_y = 0},
    {.bitmap_index = 14073, .adv_w = 213, .box_w = 13, .box_h = 15, .ofs_x = 1, .ofs_y = 0},
    {.bitmap_index = 14140, .adv_w = 213, .box_w = 14, .box_h = 15, .ofs_x = 0, .ofs_y = 0},
    {.bitmap_index = 14220, .adv_w = 267, .box_w = 15, .box_h = 15, .ofs_x = 1, .ofs_y = 0},
    {.bitmap_index = 14300, .adv_w = 231, .box_w = 12, .box_h = 15, .ofs_x = 1, .ofs_y = 0},
    {.bitmap_index = 14355, .adv_w = 208, .box_w = 11, .box_h = 15, .ofs_x = 1, .ofs_y = 0},
    {.bitmap_index = 14386, .adv_w = 249, .box_w = 15, .box_h = 15, .ofs_x = 0, .ofs_y = 0},
    {.bitmap_index = 14478, .adv_w = 231, .box_w = 12, .box_h = 15, .ofs_x = 1, .ofs_y = 0},
    {.bitmap_index = 14495, .adv_w = 213, .box_w = 12, .box_h = 15, .ofs_x = 1, .ofs_y = 0},
    {.bitmap_index = 14542, .adv_w = 193, .box_w = 12, .box_h = 15, .ofs_x = 0, .ofs_y = 0},
    {.bitmap_index = 14602, .adv_w = 195, .box_w = 12, .box_h = 15, .ofs_x = 0, .ofs_y = 0},
    {.bitmap_index = 14621, .adv_w = 213, .box_w = 14, .box_h = 15, .ofs_x = 0, .ofs_y = 0},
    {.bitmap_index = 14678, .adv_w = 259, .box_w = 16, .box_h = 16, .ofs_x = 0, .ofs_y = -1},
    {.bitmap_index = 14771, .adv_w = 213, .box_w = 14, .box_h = 15, .ofs_x = 0, .ofs_y = 0},
    {.bitmap_index = 14857, .adv_w = 257, .box_w = 16, .box_h = 15, .ofs_x = 0, .ofs_y = 0},
    {.bitmap_index = 14916, .adv_w = 243, .box_w = 14, .box_h = 15, .ofs_x = 1, .ofs_y = 0},
    {.bitmap_index = 15005, .adv_w = 89, .box_w = 6, .box_h = 18, .ofs_x = 0, .ofs_y = 0},
    {.bitmap_index = 15021, .adv_w = 213, .box_w = 14, .box_h = 18, .ofs_x = 0, .ofs_y = 0},
    {.bitmap_index = 15092, .adv_w = 184, .box_w = 11, .box_h = 15, .ofs_x = 0, .ofs_y = 0},
    {.bitmap_index = 15163, .adv_w = 139, .box_w = 9, .box_h = 15, .ofs_x = 0, .ofs_y = 0},
    {.bitmap_index = 15223, .adv_w = 178, .box_w = 9, .box_h = 19, .ofs_x = 1, .ofs_y = -4},
    {.bitmap_index = 15267, .adv_w = 71, .box_w = 3, .box_h = 15, .ofs_x = 1, .ofs_y = 0},
    {.bitmap_index = 15278, .adv_w = 176, .box_w = 9, .box_h = 15, .ofs_x = 1, .ofs_y = 0},
    {.bitmap_index = 15323, .adv_w = 184, .box_w = 11, .box_h = 11, .ofs_x = 0, .ofs_y = 0},
    {.bitmap_index = 15381, .adv_w = 180, .box_w = 10, .box_h = 19, .ofs_x = 1, .ofs_y = -4},
    {.bitmap_index = 15458, .adv_w = 160, .box_w = 10, .box_h = 15, .ofs_x = 0, .ofs_y = -4},
    {.bitmap_index = 15513, .adv_w = 178, .box_w = 11, .box_h = 15, .ofs_x = 0, .ofs_y = 0},
    {.bitmap_index = 15588, .adv_w = 139, .box_w = 9, .box_h = 11, .ofs_x = 0, .ofs_y = 0},
    {.bitmap_index = 15636, .adv_w = 141, .box_w = 9, .box_h = 19, .ofs_x = 0, .ofs_y = -4},
    {.bitmap_index = 15707, .adv_w = 178, .box_w = 9, .box_h = 15, .ofs_x = 1, .ofs_y = -4},
    {.bitmap_index = 15738, .adv_w = 178, .box_w = 11, .box_h = 15, .ofs_x = 0, .ofs_y = 0},
    {.bitmap_index = 15813, .adv_w = 71, .box_w = 3, .box_h = 11, .ofs_x = 1, .ofs_y = 0},
    {.bitmap_index = 15818, .adv_w = 159, .box_w = 9, .box_h = 11, .ofs_x = 1, .ofs_y = 0},
    {.bitmap_index = 15859, .adv_w = 160, .box_w = 10, .box_h = 15, .ofs_x = 0, .ofs_y = 0},
    {.bitmap_index = 15921, .adv_w = 177, .box_w = 9, .box_h = 15, .ofs_x = 1, .ofs_y = -4},
    {.bitmap_index = 15952, .adv_w = 160, .box_w = 10, .box_h = 11, .ofs_x = 0, .ofs_y = 0},
    {.bitmap_index = 16003, .adv_w = 138, .box_w = 9, .box_h = 19, .ofs_x = 0, .ofs_y = -4},
    {.bitmap_index = 16078, .adv_w = 178, .box_w = 11, .box_h = 11, .ofs_x = 0, .ofs_y = 0},
    {.bitmap_index = 16135, .adv_w = 217, .box_w = 14, .box_h = 11, .ofs_x = 0, .ofs_y = 0},
    {.bitmap_index = 16159, .adv_w = 183, .box_w = 10, .box_h = 15, .ofs_x = 1, .ofs_y = -4},
    {.bitmap_index = 16220, .adv_w = 151, .box_w = 10, .box_h = 15, .ofs_x = 0, .ofs_y = -4},
    {.bitmap_index = 16282, .adv_w = 198, .box_w = 12, .box_h = 12, .ofs_x = 0, .ofs_y = 0},
    {.bitmap_index = 16345, .adv_w = 122, .box_w = 8, .box_h = 11, .ofs_x = 0, .ofs_y = 0},
    {.bitmap_index = 16359, .adv_w = 176, .box_w = 9, .box_h = 11, .ofs_x = 1, .ofs_y = 0},
    {.bitmap_index = 16386, .adv_w = 208, .box_w = 13, .box_h = 15, .ofs_x = 0, .ofs_y = -4},
    {.bitmap_index = 16460, .adv_w = 167, .box_w = 11, .box_h = 15, .ofs_x = 0, .ofs_y = -4},
    {.bitmap_index = 16533, .adv_w = 233, .box_w = 13, .box_h = 15, .ofs_x = 1, .ofs_y = -4},
    {.bitmap_index = 16580, .adv_w = 245, .box_w = 15, .box_h = 11, .ofs_x = 0, .ofs_y = 0},
    {.bitmap_index = 16653, .adv_w = 71, .box_w = 6, .box_h = 15, .ofs_x = -1, .ofs_y = 0},
    {.bitmap_index = 16670, .adv_w = 176, .box_w = 9, .box_h = 15, .ofs_x = 1, .ofs_y = 0},
    {.bitmap_index = 16712, .adv_w = 178, .box_w = 11, .box_h = 15, .ofs_x = 0, .ofs_y = 0},
    {.bitmap_index = 16782, .adv_w = 176, .box_w = 9, .box_h = 15, .ofs_x = 1, .ofs_y = 0},
    {.bitmap_index = 16822, .adv_w = 245, .box_w = 15, .box_h = 15, .ofs_x = 0, .ofs_y = 0},
    {.bitmap_index = 16912, .adv_w = 180, .box_w = 10, .box_h = 15, .ofs_x = 1, .ofs_y = 0},
    {.bitmap_index = 16982, .adv_w = 197, .box_w = 12, .box_h = 15, .ofs_x = 0, .ofs_y = 0},
    {.bitmap_index = 17064, .adv_w = 202, .box_w = 13, .box_h = 15, .ofs_x = 0, .ofs_y = 0},
    {.bitmap_index = 17107, .adv_w = 232, .box_w = 16, .box_h = 15, .ofs_x = -1, .ofs_y = 0},
    {.bitmap_index = 17157, .adv_w = 202, .box_w = 13, .box_h = 18, .ofs_x = 0, .ofs_y = 0},
    {.bitmap_index = 17211, .adv_w = 206, .box_w = 13, .box_h = 19, .ofs_x = 0, .ofs_y = -4},
    {.bitmap_index = 17289, .adv_w = 250, .box_w = 15, .box_h = 11, .ofs_x = 0, .ofs_y = 0},
    {.bitmap_index = 17361, .adv_w = 231, .box_w = 13, .box_h = 19, .ofs_x = 1, .ofs_y = -4},
    {.bitmap_index = 17451, .adv_w = 185, .box_w = 10, .box_h = 19, .ofs_x = 1, .ofs_y = -4},
    {.bitmap_index = 17481, .adv_w = 182, .box_w = 11, .box_h = 19, .ofs_x = 0, .ofs_y = -4},
    {.bitmap_index = 17543, .adv_w = 221, .box_w = 13, .box_h = 15, .ofs_x = 0, .ofs_y = 0},
    {.bitmap_index = 17629, .adv_w = 282, .box_w = 15, .box_h = 20, .ofs_x = 1, .ofs_y = -5},
    {.bitmap_index = 17701, .adv_w = 267, .box_w = 15, .box_h = 16, .ofs_x = 1, .ofs_y = -5},
    {.bitmap_index = 17773, .adv_w = 219, .box_w = 12, .box_h = 16, .ofs_x = 1, .ofs_y = 0},
    {.bitmap_index = 17828, .adv_w = 179, .box_w = 10, .box_h = 16, .ofs_x = 0, .ofs_y = -4},
    {.bitmap_index = 17878, .adv_w = 218, .box_w = 12, .box_h = 20, .ofs_x = 1, .ofs_y = -5},
    {.bitmap_index = 17951, .adv_w = 169, .box_w = 10, .box_h = 12, .ofs_x = 0, .ofs_y = 0},
    {.bitmap_index = 18001, .adv_w = 178, .box_w = 11, .box_h = 15, .ofs_x = 0, .ofs_y = 0},
    {.bitmap_index = 18079, .adv_w = 162, .box_w = 10, .box_h = 15, .ofs_x = 0, .ofs_y = -4},
    {.bitmap_index = 18148, .adv_w = 199, .box_w = 13, .box_h = 15, .ofs_x = 0, .ofs_y = 0},
    {.bitmap_index = 18229, .adv_w = 193, .box_w = 12, .box_h = 11, .ofs_x = 0, .ofs_y = 0},
    {.bitmap_index = 18287, .adv_w = 195, .box_w = 11, .box_h = 16, .ofs_x = 1, .ofs_y = 0},
    {.bitmap_index = 18368, .adv_w = 195, .box_w = 12, .box_h = 12, .ofs_x = 0, .ofs_y = 0},
    {.bitmap_index = 18434, .adv_w = 182, .box_w = 11, .box_h = 15, .ofs_x = 0, .ofs_y = 0},
    {.bitmap_index = 18469, .adv_w = 139, .box_w = 9, .box_h = 17, .ofs_x = 0, .ofs_y = -4},
    {.bitmap_index = 18504, .adv_w = 192, .box_w = 12, .box_h = 11, .ofs_x = 0, .ofs_y = 0},
    {.bitmap_index = 18562, .adv_w = 183, .box_w = 10, .box_h = 16, .ofs_x = 1, .ofs_y = -5},
    {.bitmap_index = 18638, .adv_w = 160, .box_w = 10, .box_h = 11, .ofs_x = 0, .ofs_y = 0},
    {.bitmap_index = 18688, .adv_w = 71, .box_w = 5, .box_h = 19, .ofs_x = -1, .ofs_y = -4},
    {.bitmap_index = 18709, .adv_w = 213, .box_w = 12, .box_h = 18, .ofs_x = 1, .ofs_y = 0},
    {.bitmap_index = 18758, .adv_w = 277, .box_w = 17, .box_h = 15, .ofs_x = 0, .ofs_y = 0},
    {.bitmap_index = 18832, .adv_w = 181, .box_w = 10, .box_h = 18, .ofs_x = 1, .ofs_y = 0},
    {.bitmap_index = 18862, .adv_w = 229, .box_w = 14, .box_h = 15, .ofs_x = 0, .ofs_y = 0},
    {.bitmap_index = 18949, .adv_w = 213, .box_w = 13, .box_h = 15, .ofs_x = 0, .ofs_y = 0},
    {.bitmap_index = 19036, .adv_w = 89, .box_w = 3, .box_h = 15, .ofs_x = 1, .ofs_y = 0},
    {.bitmap_index = 19041, .adv_w = 89, .box_w = 6, .box_h = 18, .ofs_x = 0, .ofs_y = 0},
    {.bitmap_index = 19057, .adv_w = 160, .box_w = 9, .box_h = 15, .ofs_x = 0, .ofs_y = 0},
    {.bitmap_index = 19086, .adv_w = 354, .box_w = 22, .box_h = 15, .ofs_x = 0, .ofs_y = 0},
    {.bitmap_index = 19170, .adv_w = 323, .box_w = 19, .box_h = 15, .ofs_x = 1, .ofs_y = 0},
    {.bitmap_index = 19237, .adv_w = 278, .box_w = 17, .box_h = 15, .ofs_x = 0, .ofs_y = 0},
    {.bitmap_index = 19295, .adv_w = 187, .box_w = 11, .box_h = 18, .ofs_x = 1, .ofs_y = 0},
    {.bitmap_index = 19368, .adv_w = 203, .box_w = 13, .box_h = 19, .ofs_x = 0, .ofs_y = 0},
    {.bitmap_index = 19466, .adv_w = 231, .box_w = 12, .box_h = 19, .ofs_x = 1, .ofs_y = -4},
    {.bitmap_index = 19492, .adv_w = 213, .box_w = 15, .box_h = 15, .ofs_x = -1, .ofs_y = 0},
    {.bitmap_index = 19575, .adv_w = 210, .box_w = 12, .box_h = 15, .ofs_x = 1, .ofs_y = 0},
    {.bitmap_index = 19630, .adv_w = 213, .box_w = 12, .box_h = 15, .ofs_x = 1, .ofs_y = 0},
    {.bitmap_index = 19697, .adv_w = 181, .box_w = 10, .box_h = 15, .ofs_x = 1, .ofs_y = 0},
    {.bitmap_index = 19714, .adv_w = 217, .box_w = 13, .box_h = 19, .ofs_x = 0, .ofs_y = -4},
    {.bitmap_index = 19784, .adv_w = 213, .box_w = 12, .box_h = 15, .ofs_x = 1, .ofs_y = 0},
    {.bitmap_index = 19819, .adv_w = 295, .box_w = 19, .box_h = 15, .ofs_x = 0, .ofs_y = 0},
    {.bitmap_index = 19928, .adv_w = 193, .box_w = 12, .box_h = 15, .ofs_x = 0, .ofs_y = 0},
    {.bitmap_index = 20007, .adv_w = 231, .box_w = 12, .box_h = 15, .ofs_x = 1, .ofs_y = 0},
    {.bitmap_index = 20063, .adv_w = 231, .box_w = 12, .box_h = 19, .ofs_x = 1, .ofs_y = 0},
    {.bitmap_index = 20141, .adv_w = 187, .box_w = 11, .box_h = 15, .ofs_x = 1, .ofs_y = 0},
    {.bitmap_index = 20201, .adv_w = 226, .box_w = 13, .box_h = 15, .ofs_x = 0, .ofs_y = 0},
    {.bitmap_index = 20237, .adv_w = 267, .box_w = 15, .box_h = 15, .ofs_x = 1, .ofs_y = 0},
    {.bitmap_index = 20317, .adv_w = 231, .box_w = 12, .box_h = 15, .ofs_x = 1, .ofs_y = 0},
    {.bitmap_index = 20339, .adv_w = 249, .box_w = 15, .box_h = 15, .ofs_x = 0, .ofs_y = 0},
    {.bitmap_index = 20431, .adv_w = 231, .box_w = 12, .box_h = 15, .ofs_x = 1, .ofs_y = 0},
    {.bitmap_index = 20448, .adv_w = 213, .box_w = 12, .box_h = 15, .ofs_x = 1, .ofs_y = 0},
    {.bitmap_index = 20495, .adv_w = 231, .box_w = 13, .box_h = 15, .ofs_x = 1, .ofs_y = 0},
    {.bitmap_index = 20575, .adv_w = 195, .box_w = 12, .box_h = 15, .ofs_x = 0, .ofs_y = 0},
    {.bitmap_index = 20594, .adv_w = 203, .box_w = 13, .box_h = 15, .ofs_x = 0, .ofs_y = 0},
    {.bitmap_index = 20669, .adv_w = 243, .box_w = 15, .box_h = 15, .ofs_x = 0, .ofs_y = 0},
    {.bitmap_index = 20754, .adv_w = 213, .box_w = 14, .box_h = 15, .ofs_x = 0, .ofs_y = 0},
    {.bitmap_index = 20840, .adv_w = 237, .box_w = 14, .box_h = 19, .ofs_x = 1, .ofs_y = -4},
    {.bitmap_index = 20871, .adv_w = 219, .box_w = 12, .box_h = 15, .ofs_x = 1, .ofs_y = 0},
    {.bitmap_index = 20911, .adv_w = 294, .box_w = 16, .box_h = 15, .ofs_x = 1, .ofs_y = 0},
    {.bitmap_index = 20940, .adv_w = 300, .box_w = 18, .box_h = 19, .ofs_x = 1, .ofs_y = -4},
    {.bitmap_index = 20979, .adv_w = 254, .box_w = 16, .box_h = 15, .ofs_x = 0, .ofs_y = 0},
    {.bitmap_index = 21041, .adv_w = 283, .box_w = 16, .box_h = 15, .ofs_x = 1, .ofs_y = 0},
    {.bitmap_index = 21099, .adv_w = 210, .box_w = 12, .box_h = 15, .ofs_x = 1, .ofs_y = 0},
    {.bitmap_index = 21145, .adv_w = 229, .box_w = 14, .box_h = 15, .ofs_x = 0, .ofs_y = 0},
    {.bitmap_index = 21233, .adv_w = 322, .box_w = 19, .box_h = 15, .ofs_x = 1, .ofs_y = 0},
    {.bitmap_index = 21339, .adv_w = 231, .box_w = 13, .box_h = 15, .ofs_x = 0, .ofs_y = 0},
    {.bitmap_index = 21408, .adv_w = 178, .box_w = 11, .box_h = 11, .ofs_x = 0, .ofs_y = 0},
    {.bitmap_index = 21467, .adv_w = 183, .box_w = 11, .box_h = 15, .ofs_x = 0, .ofs_y = 0},
    {.bitmap_index = 21542, .adv_w = 170, .box_w = 9, .box_h = 11, .ofs_x = 1, .ofs_y = 0},
    {.bitmap_index = 21586, .adv_w = 123, .box_w = 7, .box_h = 11, .ofs_x = 1, .ofs_y = 0},
    {.bitmap_index = 21598, .adv_w = 187, .box_w = 12, .box_h = 15, .ofs_x = 0, .ofs_y = -4},
    {.bitmap_index = 21652, .adv_w = 178, .box_w = 11, .box_h = 11, .ofs_x = 0, .ofs_y = 0},
    {.bitmap_index = 21707, .adv_w = 214, .box_w = 15, .box_h = 11, .ofs_x = -1, .ofs_y = 0},
    {.bitmap_index = 21777, .adv_w = 147, .box_w = 9, .box_h = 11, .ofs_x = 0, .ofs_y = 0},
    {.bitmap_index = 21826, .adv_w = 179, .box_w = 9, .box_h = 11, .ofs_x = 1, .ofs_y = 0},
    {.bitmap_index = 21861, .adv_w = 179, .box_w = 9, .box_h = 15, .ofs_x = 1, .ofs_y = 0},
    {.bitmap_index = 21914, .adv_w = 140, .box_w = 8, .box_h = 11, .ofs_x = 1, .ofs_y = 0},
    {.bitmap_index = 21951, .adv_w = 183, .box_w = 11, .box_h = 11, .ofs_x = 0, .ofs_y = 0},
    {.bitmap_index = 21975, .adv_w = 219, .box_w = 12, .box_h = 11, .ofs_x = 1, .ofs_y = 0},
    {.bitmap_index = 22028, .adv_w = 177, .box_w = 9, .box_h = 11, .ofs_x = 1, .ofs_y = 0},
    {.bitmap_index = 22047, .adv_w = 178, .box_w = 11, .box_h = 11, .ofs_x = 0, .ofs_y = 0},
    {.bitmap_index = 22104, .adv_w = 173, .box_w = 9, .box_h = 11, .ofs_x = 1, .ofs_y = 0},
    {.bitmap_index = 22117, .adv_w = 178, .box_w = 10, .box_h = 15, .ofs_x = 1, .ofs_y = -4},
    {.bitmap_index = 22175, .adv_w = 160, .box_w = 10, .box_h = 11, .ofs_x = 0, .ofs_y = 0},
    {.bitmap_index = 22225, .adv_w = 147, .box_w = 9, .box_h = 11, .ofs_x = 0, .ofs_y = 0},
    {.bitmap_index = 22241, .adv_w = 160, .box_w = 10, .box_h = 15, .ofs_x = 0, .ofs_y = -4},
    {.bitmap_index = 22305, .adv_w = 263, .box_w = 16, .box_h = 19, .ofs_x = 0, .ofs_y = -4},
    {.bitmap_index = 22406, .adv_w = 160, .box_w = 10, .box_h = 11, .ofs_x = 0, .ofs_y = 0},
    {.bitmap_index = 22458, .adv_w = 180, .box_w = 10, .box_h = 15, .ofs_x = 1, .ofs_y = -4},
    {.bitmap_index = 22482, .adv_w = 171, .box_w = 10, .box_h = 11, .ofs_x = 0, .ofs_y = 0},
    {.bitmap_index = 22516, .adv_w = 257, .box_w = 14, .box_h = 11, .ofs_x = 1, .ofs_y = 0},
    {.bitmap_index = 22540, .adv_w = 263, .box_w = 15, .box_h = 15, .ofs_x = 1, .ofs_y = -4},
    {.bitmap_index = 22573, .adv_w = 198, .box_w = 12, .box_h = 11, .ofs_x = 0, .ofs_y = 0},
    {.bitmap_index = 22615, .adv_w = 229, .box_w = 12, .box_h = 11, .ofs_x = 1, .ofs_y = 0},
    {.bitmap_index = 22654, .adv_w = 167, .box_w = 9, .box_h = 11, .ofs_x = 1, .ofs_y = 0},
    {.bitmap_index = 22687, .adv_w = 163, .box_w = 10, .box_h = 11, .ofs_x = 0, .ofs_y = 0},
    {.bitmap_index = 22741, .adv_w = 238, .box_w = 14, .box_h = 11, .ofs_x = 1, .ofs_y = 0},
    {.bitmap_index = 22808, .adv_w = 173, .box_w = 10, .box_h = 11, .ofs_x = 0, .ofs_y = 0},
    {.bitmap_index = 22854, .adv_w = 178, .box_w = 11, .box_h = 15, .ofs_x = 0, .ofs_y = 0},
    {.bitmap_index = 22925, .adv_w = 178, .box_w = 10, .box_h = 19, .ofs_x = 0, .ofs_y = -4},
    {.bitmap_index = 22985, .adv_w = 123, .box_w = 7, .box_h = 15, .ofs_x = 1, .ofs_y = 0},
    {.bitmap_index = 23010, .adv_w = 163, .box_w = 10, .box_h = 11, .ofs_x = 0, .ofs_y = 0},
    {.bitmap_index = 23064, .adv_w = 160, .box_w = 10, .box_h = 11, .ofs_x = 0, .ofs_y = 0},
    {.bitmap_index = 23119, .adv_w = 71, .box_w = 3, .box_h = 15, .ofs_x = 1, .ofs_y = 0},
    {.bitmap_index = 23130, .adv_w = 89, .box_w = 6, .box_h = 15, .ofs_x = 0, .ofs_y = 0},
    {.bitmap_index = 23147, .adv_w = 71, .box_w = 5, .box_h = 19, .ofs_x = -1, .ofs_y = -4},
    {.bitmap_index = 23168, .adv_w = 279, .box_w = 17, .box_h = 11, .ofs_x = 0, .ofs_y = 0},
    {.bitmap_index = 23223, .adv_w = 260, .box_w = 15, .box_h = 11, .ofs_x = 1, .ofs_y = 0},
    {.bitmap_index = 23270, .adv_w = 178, .box_w = 10, .box_h = 15, .ofs_x = 0, .ofs_y = 0},
    {.bitmap_index = 23316, .adv_w = 140, .box_w = 8, .box_h = 15, .ofs_x = 1, .ofs_y = 0},
    {.bitmap_index = 23366, .adv_w = 160, .box_w = 10, .box_h = 19, .ofs_x = 0, .ofs_y = -4},
    {.bitmap_index = 23448, .adv_w = 173, .box_w = 9, .box_h = 15, .ofs_x = 1, .ofs_y = -4},
    {.bitmap_index = 23470, .adv_w = 312, .box_w = 19, .box_h = 15, .ofs_x = 0, .ofs_y = 0},
    {.bitmap_index = 23581, .adv_w = 245, .box_w = 15, .box_h = 11, .ofs_x = 0, .ofs_y = 0},
    {.bitmap_index = 23654, .adv_w = 210, .box_w = 13, .box_h = 15, .ofs_x = 0, .ofs_y = 0},
    {.bitmap_index = 23718, .adv_w = 167, .box_w = 11, .box_h = 15, .ofs_x = -1, .ofs_y = 0},
    {.bitmap_index = 23770, .adv_w = 304, .box_w = 18, .box_h = 15, .ofs_x = 1, .ofs_y = 0},
    {.bitmap_index = 23871, .adv_w = 222, .box_w = 13, .box_h = 11, .ofs_x = 1, .ofs_y = 0},
    {.bitmap_index = 23935, .adv_w = 213, .box_w = 15, .box_h = 15, .ofs_x = -1, .ofs_y = 0},
    {.bitmap_index = 24020, .adv_w = 191, .box_w = 12, .box_h = 11, .ofs_x = 0, .ofs_y = 0},
    {.bitmap_index = 24074, .adv_w = 305, .box_w = 19, .box_h = 15, .ofs_x = 1, .ofs_y = 0},
    {.bitmap_index = 24175, .adv_w = 261, .box_w = 16, .box_h = 11, .ofs_x = 1, .ofs_y = 0},
    {.bitmap_index = 24242, .adv_w = 209, .box_w = 14, .box_h = 15, .ofs_x = 0, .ofs_y = 0},
    {.bitmap_index = 24329, .adv_w = 192, .box_w = 12, .box_h = 11, .ofs_x = 0, .ofs_y = 0},
    {.bitmap_index = 24387, .adv_w = 298, .box_w = 18, .box_h = 15, .ofs_x = 1, .ofs_y = 0},
    {.bitmap_index = 24486, .adv_w = 261, .box_w = 16, .box_h = 11, .ofs_x = 1, .ofs_y = 0},
    {.bitmap_index = 24557, .adv_w = 193, .box_w = 12, .box_h = 23, .ofs_x = 0, .ofs_y = -4},
    {.bitmap_index = 24669, .adv_w = 147, .box_w = 9, .box_h = 19, .ofs_x = 0, .ofs_y = -4},
    {.bitmap_index = 24747, .adv_w = 257, .box_w = 16, .box_h = 15, .ofs_x = 0, .ofs_y = 0},
    {.bitmap_index = 24806, .adv_w = 233, .box_w = 13, .box_h = 15, .ofs_x = 1, .ofs_y = -4},
    {.bitmap_index = 24853, .adv_w = 249, .box_w = 15, .box_h = 15, .ofs_x = 0, .ofs_y = 0},
    {.bitmap_index = 24956, .adv_w = 178, .box_w = 11, .box_h = 11, .ofs_x = 0, .ofs_y = 0},
    {.bitmap_index = 25019, .adv_w = 213, .box_w = 14, .box_h = 15, .ofs_x = 0, .ofs_y = 0},
    {.bitmap_index = 25099, .adv_w = 160, .box_w = 10, .box_h = 11, .ofs_x = 0, .ofs_y = 0},
    {.bitmap_index = 25149, .adv_w = 213, .box_w = 14, .box_h = 19, .ofs_x = 0, .ofs_y = 0},
    {.bitmap_index = 25251, .adv_w = 160, .box_w = 10, .box_h = 15, .ofs_x = 0, .ofs_y = 0},
    {.bitmap_index = 25319, .adv_w = 409, .box_w = 26, .box_h = 19, .ofs_x = 0, .ofs_y = -4},
    {.bitmap_index = 25495, .adv_w = 339, .box_w = 21, .box_h = 15, .ofs_x = 0, .ofs_y = -4},
    {.bitmap_index = 25627, .adv_w = 249, .box_w = 15, .box_h = 17, .ofs_x = 0, .ofs_y = -1},
    {.bitmap_index = 25728, .adv_w = 178, .box_w = 11, .box_h = 12, .ofs_x = 0, .ofs_y = 0},
    {.bitmap_index = 25786, .adv_w = 312, .box_w = 19, .box_h = 20, .ofs_x = 0, .ofs_y = 0},
    {.bitmap_index = 25918, .adv_w = 245, .box_w = 15, .box_h = 16, .ofs_x = 0, .ofs_y = 0},
    {.bitmap_index = 26009, .adv_w = 312, .box_w = 19, .box_h = 19, .ofs_x = 0, .ofs_y = 0},
    {.bitmap_index = 26138, .adv_w = 245, .box_w = 15, .box_h = 15, .ofs_x = 0, .ofs_y = 0},
    {.bitmap_index = 26229, .adv_w = 231, .box_w = 13, .box_h = 17, .ofs_x = 1, .ofs_y = -2},
    {.bitmap_index = 26314, .adv_w = 165, .box_w = 10, .box_h = 14, .ofs_x = 0, .ofs_y = -3},
    {.bitmap_index = 26370, .adv_w = 220, .box_w = 12, .box_h = 15, .ofs_x = 1, .ofs_y = 0},
    {.bitmap_index = 26444, .adv_w = 107, .box_w = 7, .box_h = 3, .ofs_x = 0, .ofs_y = 13},
    {.bitmap_index = 26452, .adv_w = 122, .box_w = 8, .box_h = 4, .ofs_x = 0, .ofs_y = 12},
    {.bitmap_index = 26468, .adv_w = 107, .box_w = 7, .box_h = 3, .ofs_x = 0, .ofs_y = 13},
    {.bitmap_index = 26476, .adv_w = 107, .box_w = 7, .box_h = 3, .ofs_x = 0, .ofs_y = 13},
    {.bitmap_index = 26485, .adv_w = 139, .box_w = 8, .box_h = 19, .ofs_x = 1, .ofs_y = 0},
    {.bitmap_index = 26510, .adv_w = 108, .box_w = 6, .box_h = 14, .ofs_x = 1, .ofs_y = 0},
    {.bitmap_index = 26527, .adv_w = 181, .box_w = 11, .box_h = 15, .ofs_x = 0, .ofs_y = 0},
    {.bitmap_index = 26558, .adv_w = 123, .box_w = 9, .box_h = 11, .ofs_x = -1, .ofs_y = 0},
    {.bitmap_index = 26588, .adv_w = 210, .box_w = 12, .box_h = 19, .ofs_x = 1, .ofs_y = -4},
    {.bitmap_index = 26656, .adv_w = 178, .box_w = 9, .box_h = 19, .ofs_x = 1, .ofs_y = -4},
    {.bitmap_index = 26709, .adv_w = 295, .box_w = 19, .box_h = 19, .ofs_x = 0, .ofs_y = -4},
    {.bitmap_index = 26829, .adv_w = 214, .box_w = 15, .box_h = 15, .ofs_x = -1, .ofs_y = -4},
    {.bitmap_index = 26909, .adv_w = 193, .box_w = 12, .box_h = 19, .ofs_x = 0, .ofs_y = -4},
    {.bitmap_index = 27005, .adv_w = 147, .box_w = 9, .box_h = 15, .ofs_x = 0, .ofs_y = -4},
    {.bitmap_index = 27068, .adv_w = 187, .box_w = 11, .box_h = 19, .ofs_x = 1, .ofs_y = -4},
    {.bitmap_index = 27136, .adv_w = 140, .box_w = 8, .box_h = 15, .ofs_x = 1, .ofs_y = -4},
    {.bitmap_index = 27180, .adv_w = 187, .box_w = 11, .box_h = 15, .ofs_x = 1, .ofs_y = 0},
    {.bitmap_index = 27242, .adv_w = 140, .box_w = 8, .box_h = 11, .ofs_x = 1, .ofs_y = 0},
    {.bitmap_index = 27280, .adv_w = 187, .box_w = 12, .box_h = 15, .ofs_x = 0, .ofs_y = 0},
    {.bitmap_index = 27348, .adv_w = 140, .box_w = 10, .box_h = 11, .ofs_x = -1, .ofs_y = 0},
    {.bitmap_index = 27392, .adv_w = 245, .box_w = 16, .box_h = 15, .ofs_x = 0, .ofs_y = 0},
    {.bitmap_index = 27470, .adv_w = 172, .box_w = 11, .box_h = 11, .ofs_x = 0, .ofs_y = 0},
    {.bitmap_index = 27513, .adv_w = 237, .box_w = 14, .box_h = 19, .ofs_x = 1, .ofs_y = -4},
    {.bitmap_index = 27548, .adv_w = 183, .box_w = 10, .box_h = 15, .ofs_x = 1, .ofs_y = -4},
    {.bitmap_index = 27578, .adv_w = 288, .box_w = 17, .box_h = 15, .ofs_x = 1, .ofs_y = 0},
    {.bitmap_index = 27615, .adv_w = 214, .box_w = 13, .box_h = 11, .ofs_x = 1, .ofs_y = 0},
    {.bitmap_index = 27643, .adv_w = 235, .box_w = 14, .box_h = 19, .ofs_x = 1, .ofs_y = -4},
    {.bitmap_index = 27685, .adv_w = 179, .box_w = 10, .box_h = 15, .ofs_x = 1, .ofs_y = -4},
    {.bitmap_index = 27718, .adv_w = 249, .box_w = 15, .box_h = 18, .ofs_x = 0, .ofs_y = -3},
    {.bitmap_index = 27839, .adv_w = 179, .box_w = 11, .box_h = 14, .ofs_x = 0, .ofs_y = -3},
    {.bitmap_index = 27913, .adv_w = 231, .box_w = 13, .box_h = 19, .ofs_x = 1, .ofs_y = -4},
    {.bitmap_index = 28011, .adv_w = 160, .box_w = 10, .box_h = 15, .ofs_x = 0, .ofs_y = -4},
    {.bitmap_index = 28076, .adv_w = 195, .box_w = 12, .box_h = 19, .ofs_x = 0, .ofs_y = -4},
    {.bitmap_index = 28106, .adv_w = 147, .box_w = 9, .box_h = 15, .ofs_x = 0, .ofs_y = -4},
    {.bitmap_index = 28132, .adv_w = 213, .box_w = 14, .box_h = 15, .ofs_x = 0, .ofs_y = 0},
    {.bitmap_index = 28189, .adv_w = 160, .box_w = 10, .box_h = 15, .ofs_x = 0, .ofs_y = -4},
    {.bitmap_index = 28244, .adv_w = 213, .box_w = 14, .box_h = 15, .ofs_x = 0, .ofs_y = 0},
    {.bitmap_index = 28319, .adv_w = 160, .box_w = 10, .box_h = 15, .ofs_x = 0, .ofs_y = -4},
    {.bitmap_index = 28387, .adv_w = 213, .box_w = 14, .box_h = 19, .ofs_x = 0, .ofs_y = -4},
    {.bitmap_index = 28481, .adv_w = 160, .box_w = 10, .box_h = 15, .ofs_x = 0, .ofs_y = -4},
    {.bitmap_index = 28540, .adv_w = 293, .box_w = 18, .box_h = 19, .ofs_x = 0, .ofs_y = -4},
    {.bitmap_index = 28584, .adv_w = 212, .box_w = 13, .box_h = 15, .ofs_x = 0, .ofs_y = -4},
    {.bitmap_index = 28621, .adv_w = 219, .box_w = 13, .box_h = 19, .ofs_x = 1, .ofs_y = -4},
    {.bitmap_index = 28671, .adv_w = 171, .box_w = 11, .box_h = 15, .ofs_x = 0, .ofs_y = -4},
    {.bitmap_index = 28715, .adv_w = 219, .box_w = 12, .box_h = 15, .ofs_x = 1, .ofs_y = 0},
    {.bitmap_index = 28763, .adv_w = 171, .box_w = 10, .box_h = 11, .ofs_x = 0, .ofs_y = 0},
    {.bitmap_index = 28801, .adv_w = 219, .box_w = 12, .box_h = 15, .ofs_x = 1, .ofs_y = 0},
    {.bitmap_index = 28836, .adv_w = 178, .box_w = 9, .box_h = 15, .ofs_x = 1, .ofs_y = 0},
    {.bitmap_index = 28867, .adv_w = 265, .box_w = 16, .box_h = 15, .ofs_x = 0, .ofs_y = 0},
    {.bitmap_index = 28965, .adv_w = 213, .box_w = 13, .box_h = 11, .ofs_x = 0, .ofs_y = 0},
    {.bitmap_index = 29031, .adv_w = 265, .box_w = 16, .box_h = 19, .ofs_x = 0, .ofs_y = -4},
    {.bitmap_index = 29148, .adv_w = 213, .box_w = 13, .box_h = 15, .ofs_x = 0, .ofs_y = -4},
    {.bitmap_index = 29231, .adv_w = 89, .box_w = 3, .box_h = 15, .ofs_x = 1, .ofs_y = 0},
    {.bitmap_index = 29236, .adv_w = 295, .box_w = 19, .box_h = 19, .ofs_x = 0, .ofs_y = 0},
    {.bitmap_index = 29371, .adv_w = 214, .box_w = 15, .box_h = 15, .ofs_x = -1, .ofs_y = 0},
    {.bitmap_index = 29461, .adv_w = 187, .box_w = 11, .box_h = 19, .ofs_x = 1, .ofs_y = -4},
    {.bitmap_index = 29539, .adv_w = 140, .box_w = 8, .box_h = 15, .ofs_x = 1, .ofs_y = -4},
    {.bitmap_index = 29591, .adv_w = 235, .box_w = 14, .box_h = 19, .ofs_x = 1, .ofs_y = -4},
    {.bitmap_index = 29637, .adv_w = 182, .box_w = 10, .box_h = 15, .ofs_x = 1, .ofs_y = -4},
    {.bitmap_index = 29673, .adv_w = 219, .box_w = 12, .box_h = 19, .ofs_x = 1, .ofs_y = -4},
    {.bitmap_index = 29724, .adv_w = 171, .box_w = 10, .box_h = 15, .ofs_x = 0, .ofs_y = -4},
    {.bitmap_index = 29767, .adv_w = 213, .box_w = 15, .box_h = 19, .ofs_x = -1, .ofs_y = 0},
    {.bitmap_index = 29871, .adv_w = 178, .box_w = 11, .box_h = 15, .ofs_x = 0, .ofs_y = 0},
    {.bitmap_index = 29948, .adv_w = 213, .box_w = 15, .box_h = 18, .ofs_x = -1, .ofs_y = 0},
    {.bitmap_index = 30044, .adv_w = 178, .box_w = 11, .box_h = 15, .ofs_x = 0, .ofs_y = 0},
    {.bitmap_index = 30118, .adv_w = 320, .box_w = 19, .box_h = 15, .ofs_x = 0, .ofs_y = 0},
    {.bitmap_index = 30208, .adv_w = 285, .box_w = 17, .box_h = 11, .ofs_x = 0, .ofs_y = 0},
    {.bitmap_index = 30297, .adv_w = 213, .box_w = 12, .box_h = 19, .ofs_x = 1, .ofs_y = 0},
    {.bitmap_index = 30354, .adv_w = 178, .box_w = 11, .box_h = 15, .ofs_x = 0, .ofs_y = 0},
    {.bitmap_index = 30427, .adv_w = 233, .box_w = 14, .box_h = 15, .ofs_x = 0, .ofs_y = 0},
    {.bitmap_index = 30515, .adv_w = 178, .box_w = 11, .box_h = 11, .ofs_x = 0, .ofs_y = 0},
    {.bitmap_index = 30571, .adv_w = 233, .box_w = 14, .box_h = 19, .ofs_x = 0, .ofs_y = 0},
    {.bitmap_index = 30674, .adv_w = 178, .box_w = 11, .box_h = 15, .ofs_x = 0, .ofs_y = 0},
    {.bitmap_index = 30746, .adv_w = 295, .box_w = 19, .box_h = 18, .ofs_x = 0, .ofs_y = 0},
    {.bitmap_index = 30869, .adv_w = 214, .box_w = 15, .box_h = 15, .ofs_x = -1, .ofs_y = 0},
    {.bitmap_index = 30955, .adv_w = 193, .box_w = 12, .box_h = 19, .ofs_x = 0, .ofs_y = 0},
    {.bitmap_index = 31048, .adv_w = 147, .box_w = 9, .box_h = 15, .ofs_x = 0, .ofs_y = 0},
    {.bitmap_index = 31110, .adv_w = 193, .box_w = 12, .box_h = 15, .ofs_x = 0, .ofs_y = 0},
    {.bitmap_index = 31182, .adv_w = 158, .box_w = 10, .box_h = 15, .ofs_x = 0, .ofs_y = -4},
    {.bitmap_index = 31245, .adv_w = 231, .box_w = 12, .box_h = 18, .ofs_x = 1, .ofs_y = 0},
    {.bitmap_index = 31313, .adv_w = 179, .box_w = 9, .box_h = 15, .ofs_x = 1, .ofs_y = 0},
    {.bitmap_index = 31361, .adv_w = 231, .box_w = 12, .box_h = 18, .ofs_x = 1, .ofs_y = 0},
    {.bitmap_index = 31430, .adv_w = 179, .box_w = 9, .box_h = 15, .ofs_x = 1, .ofs_y = 0},
    {.bitmap_index = 31480, .adv_w = 249, .box_w = 15, .box_h = 19, .ofs_x = 0, .ofs_y = 0},
    {.bitmap_index = 31588, .adv_w = 178, .box_w = 11, .box_h = 15, .ofs_x = 0, .ofs_y = 0},
    {.bitmap_index = 31660, .adv_w = 249, .box_w = 15, .box_h = 15, .ofs_x = 0, .ofs_y = 0},
    {.bitmap_index = 31751, .adv_w = 178, .box_w = 11, .box_h = 11, .ofs_x = 0, .ofs_y = 0},
    {.bitmap_index = 31808, .adv_w = 249, .box_w = 15, .box_h = 19, .ofs_x = 0, .ofs_y = 0},
    {.bitmap_index = 31915, .adv_w = 178, .box_w = 11, .box_h = 15, .ofs_x = 0, .ofs_y = 0},
    {.bitmap_index = 31987, .adv_w = 203, .box_w = 13, .box_h = 18, .ofs_x = 0, .ofs_y = 0},
    {.bitmap_index = 32075, .adv_w = 160, .box_w = 10, .box_h = 19, .ofs_x = 0, .ofs_y = -4},
    {.bitmap_index = 32152, .adv_w = 203, .box_w = 13, .box_h = 19, .ofs_x = 0, .ofs_y = 0},
    {.bitmap_index = 32244, .adv_w = 160, .box_w = 10, .box_h = 19, .ofs_x = 0, .ofs_y = -4},
    {.bitmap_index = 32324, .adv_w = 203, .box_w = 13, .box_h = 19, .ofs_x = 0, .ofs_y = 0},
    {.bitmap_index = 32420, .adv_w = 160, .box_w = 10, .box_h = 19, .ofs_x = 0, .ofs_y = -4},
    {.bitmap_index = 32503, .adv_w = 219, .box_w = 12, .box_h = 18, .ofs_x = 1, .ofs_y = 0},
    {.bitmap_index = 32557, .adv_w = 171, .box_w = 10, .box_h = 15, .ofs_x = 0, .ofs_y = 0},
    {.bitmap_index = 32607, .adv_w = 283, .box_w = 16, .box_h = 18, .ofs_x = 1, .ofs_y = 0},
    {.bitmap_index = 32680, .adv_w = 229, .box_w = 12, .box_h = 15, .ofs_x = 1, .ofs_y = 0},
    {.bitmap_index = 32735, .adv_w = 89, .box_w = 3, .box_h = 5, .ofs_x = 1, .ofs_y = 0},
    {.bitmap_index = 32743, .adv_w = 89, .box_w = 3, .box_h = 10, .ofs_x = 1, .ofs_y = 0},
    {.bitmap_index = 32757, .adv_w = 178, .box_w = 11, .box_h = 14, .ofs_x = 0, .ofs_y = 0},
    {.bitmap_index = 32815, .adv_w = 169, .box_w = 9, .box_h = 9, .ofs_x = 1, .ofs_y = 0},
    {.bitmap_index = 32856, .adv_w = 78, .box_w = 7, .box_h = 19, .ofs_x = -1, .ofs_y = -1},
    {.bitmap_index = 32880, .adv_w = 78, .box_w = 4, .box_h = 19, .ofs_x = 0, .ofs_y = -1},
    {.bitmap_index = 32895, .adv_w = 150, .box_w = 12, .box_h = 20, .ofs_x = -3, .ofs_y = -4},
    {.bitmap_index = 32980, .adv_w = 78, .box_w = 4, .box_h = 18, .ofs_x = 0, .ofs_y = -4},
    {.bitmap_index = 32993, .adv_w = 234, .box_w = 14, .box_h = 12, .ofs_x = 0, .ofs_y = -2},
    {.bitmap_index = 33071, .adv_w = 78, .box_w = 3, .box_h = 15, .ofs_x = 1, .ofs_y = -1},
    {.bitmap_index = 33078, .adv_w = 247, .box_w = 14, .box_h = 9, .ofs_x = 1, .ofs_y = -4},
    {.bitmap_index = 33127, .adv_w = 165, .box_w = 9, .box_h = 14, .ofs_x = 1, .ofs_y = 0},
    {.bitmap_index = 33183, .adv_w = 247, .box_w = 14, .box_h = 11, .ofs_x = 1, .ofs_y = -1},
    {.bitmap_index = 33242, .adv_w = 247, .box_w = 14, .box_h = 13, .ofs_x = 1, .ofs_y = -1},
    {.bitmap_index = 33309, .adv_w = 174, .box_w = 11, .box_h = 15, .ofs_x = 1, .ofs_y = -5},
    {.bitmap_index = 33382, .adv_w = 174, .box_w = 11, .box_h = 15, .ofs_x = 1, .ofs_y = -5},
    {.bitmap_index = 33449, .adv_w = 174, .box_w = 11, .box_h = 18, .ofs_x = 1, .ofs_y = -5},
    {.bitmap_index = 33527, .adv_w = 138, .box_w = 8, .box_h = 9, .ofs_x = 0, .ofs_y = 0},
    {.bitmap_index = 33558, .adv_w = 138, .box_w = 8, .box_h = 13, .ofs_x = 0, .ofs_y = 0},
    {.bitmap_index = 33600, .adv_w = 135, .box_w = 10, .box_h = 10, .ofs_x = -2, .ofs_y = -4},
    {.bitmap_index = 33636, .adv_w = 135, .box_w = 10, .box_h = 14, .ofs_x = -2, .ofs_y = -4},
    {.bitmap_index = 33684, .adv_w = 382, .box_w = 23, .box_h = 12, .ofs_x = 0, .ofs_y = -5},
    {.bitmap_index = 33778, .adv_w = 382, .box_w = 23, .box_h = 18, .ofs_x = 0, .ofs_y = -5},
    {.bitmap_index = 33903, .adv_w = 413, .box_w = 25, .box_h = 14, .ofs_x = 0, .ofs_y = -5},
    {.bitmap_index = 34023, .adv_w = 413, .box_w = 25, .box_h = 16, .ofs_x = 0, .ofs_y = -5},
    {.bitmap_index = 34154, .adv_w = 270, .box_w = 15, .box_h = 14, .ofs_x = 1, .ofs_y = 0},
    {.bitmap_index = 34220, .adv_w = 270, .box_w = 15, .box_h = 14, .ofs_x = 1, .ofs_y = 0},
    {.bitmap_index = 34300, .adv_w = 190, .box_w = 11, .box_h = 15, .ofs_x = 1, .ofs_y = -5},
    {.bitmap_index = 34372, .adv_w = 190, .box_w = 11, .box_h = 20, .ofs_x = 1, .ofs_y = -6},
    {.bitmap_index = 34455, .adv_w = 89, .box_w = 7, .box_h = 2, .ofs_x = -1, .ofs_y = 0},
    {.bitmap_index = 34460, .adv_w = 306, .box_w = 17, .box_h = 16, .ofs_x = 1, .ofs_y = 0},
    {.bitmap_index = 34547, .adv_w = 256, .box_w = 15, .box_h = 19, .ofs_x = 0, .ofs_y = -4},
    {.bitmap_index = 34648, .adv_w = 242, .box_w = 13, .box_h = 14, .ofs_x = 1, .ofs_y = 0},
    {.bitmap_index = 34708, .adv_w = 212, .box_w = 12, .box_h = 17, .ofs_x = 0, .ofs_y = -3},
    {.bitmap_index = 34750, .adv_w = 188, .box_w = 10, .box_h = 13, .ofs_x = 1, .ofs_y = -6},
    {.bitmap_index = 34799, .adv_w = 221, .box_w = 12, .box_h = 12, .ofs_x = 1, .ofs_y = -2},
    {.bitmap_index = 34850, .adv_w = 165, .box_w = 9, .box_h = 9, .ofs_x = 1, .ofs_y = 0},
    {.bitmap_index = 34890, .adv_w = 150, .box_w = 12, .box_h = 14, .ofs_x = -3, .ofs_y = -4},
    {.bitmap_index = 34956, .adv_w = 234, .box_w = 14, .box_h = 12, .ofs_x = 0, .ofs_y = -2},
    {.bitmap_index = 35027, .adv_w = 234, .box_w = 14, .box_h = 15, .ofs_x = 0, .ofs_y = -5},
    {.bitmap_index = 35114, .adv_w = 0, .box_w = 6, .box_h = 5, .ofs_x = 0, .ofs_y = 14},
    {.bitmap_index = 35129, .adv_w = 0, .box_w = 6, .box_h = 6, .ofs_x = 0, .ofs_y = 14},
    {.bitmap_index = 35148, .adv_w = 0, .box_w = 6, .box_h = 5, .ofs_x = 0, .ofs_y = -6},
    {.bitmap_index = 35163, .adv_w = 0, .box_w = 6, .box_h = 4, .ofs_x = 0, .ofs_y = 14},
    {.bitmap_index = 35174, .adv_w = 0, .box_w = 6, .box_h = 6, .ofs_x = 0, .ofs_y = 14},
    {.bitmap_index = 35193, .adv_w = 0, .box_w = 6, .box_h = 3, .ofs_x = 0, .ofs_y = -4},
    {.bitmap_index = 35202, .adv_w = 0, .box_w = 6, .box_h = 5, .ofs_x = 0, .ofs_y = 14},
    {.bitmap_index = 35217, .adv_w = 0, .box_w = 5, .box_h = 5, .ofs_x = 0, .ofs_y = 14},
    {.bitmap_index = 35229, .adv_w = 154, .box_w = 5, .box_h = 5, .ofs_x = 2, .ofs_y = 1},
    {.bitmap_index = 35241, .adv_w = 154, .box_w = 5, .box_h = 12, .ofs_x = 1, .ofs_y = 0},
    {.bitmap_index = 35267, .adv_w = 154, .box_w = 10, .box_h = 12, .ofs_x = 0, .ofs_y = 0},
    {.bitmap_index = 35306, .adv_w = 154, .box_w = 10, .box_h = 12, .ofs_x = 0, .ofs_y = 0},
    {.bitmap_index = 35354, .adv_w = 154, .box_w = 8, .box_h = 12, .ofs_x = 1, .ofs_y = 0},
    {.bitmap_index = 35400, .adv_w = 154, .box_w = 9, .box_h = 12, .ofs_x = 0, .ofs_y = 0},
    {.bitmap_index = 35452, .adv_w = 154, .box_w = 9, .box_h = 12, .ofs_x = 0, .ofs_y = 0},
    {.bitmap_index = 35475, .adv_w = 154, .box_w = 10, .box_h = 12, .ofs_x = 0, .ofs_y = 0},
    {.bitmap_index = 35529, .adv_w = 154, .box_w = 10, .box_h = 12, .ofs_x = 0, .ofs_y = 0},
    {.bitmap_index = 35581, .adv_w = 154, .box_w = 10, .box_h = 12, .ofs_x = 0, .ofs_y = 0},
    {.bitmap_index = 35630, .adv_w = 175, .box_w = 11, .box_h = 13, .ofs_x = 0, .ofs_y = -1},
    {.bitmap_index = 35688, .adv_w = 89, .box_w = 6, .box_h = 5, .ofs_x = -1, .ofs_y = -3},
    {.bitmap_index = 35702, .adv_w = 89, .box_w = 3, .box_h = 5, .ofs_x = 1, .ofs_y = 0},
    {.bitmap_index = 35710, .adv_w = 140, .box_w = 9, .box_h = 9, .ofs_x = 0, .ofs_y = 3},
    {.bitmap_index = 35749, .adv_w = 0, .box_w = 2, .box_h = 6, .ofs_x = 2, .ofs_y = 14},
    {.bitmap_index = 35754, .adv_w = 78, .box_w = 7, .box_h = 19, .ofs_x = -1, .ofs_y = -1},
    {.bitmap_index = 35779, .adv_w = 78, .box_w = 5, .box_h = 20, .ofs_x = -1, .ofs_y = -1},
    {.bitmap_index = 35800, .adv_w = 78, .box_w = 6, .box_h = 20, .ofs_x = -2, .ofs_y = -6},
    {.bitmap_index = 35824, .adv_w = 0, .box_w = 4, .box_h = 5, .ofs_x = 0, .ofs_y = 14},
    {.bitmap_index = 35835, .adv_w = 122, .box_w = 7, .box_h = 16, .ofs_x = 1, .ofs_y = -1},
    {.bitmap_index = 35854, .adv_w = 150, .box_w = 15, .box_h = 17, .ofs_x = -3, .ofs_y = -4},
    {.bitmap_index = 35941, .adv_w = 175, .box_w = 15, .box_h = 19, .ofs_x = -3, .ofs_y = -4},
    {.bitmap_index = 36044, .adv_w = 247, .box_w = 16, .box_h = 15, .ofs_x = 0, .ofs_y = -2},
    {.bitmap_index = 36138, .adv_w = 247, .box_w = 14, .box_h = 13, .ofs_x = 1, .ofs_y = -1},
    {.bitmap_index = 36201, .adv_w = 247, .box_w = 14, .box_h = 13, .ofs_x = 1, .ofs_y = -1},
    {.bitmap_index = 36268, .adv_w = 247, .box_w = 14, .box_h = 12, .ofs_x = 1, .ofs_y = -6},
    {.bitmap_index = 36330, .adv_w = 247, .box_w = 14, .box_h = 13, .ofs_x = 1, .ofs_y = -3},
    {.bitmap_index = 36399, .adv_w = 247, .box_w = 14, .box_h = 13, .ofs_x = 1, .ofs_y = -1},
    {.bitmap_index = 36466, .adv_w = 247, .box_w = 14, .box_h = 12, .ofs_x = 1, .ofs_y = -6},
    {.bitmap_index = 36528, .adv_w = 247, .box_w = 14, .box_h = 13, .ofs_x = 1, .ofs_y = -1},
    {.bitmap_index = 36594, .adv_w = 247, .box_w = 14, .box_h = 12, .ofs_x = 1, .ofs_y = -6},
    {.bitmap_index = 36657, .adv_w = 174, .box_w = 11, .box_h = 18, .ofs_x = 1, .ofs_y = -5},
    {.bitmap_index = 36738, .adv_w = 174, .box_w = 11, .box_h = 20, .ofs_x = 1, .ofs_y = -6},
    {.bitmap_index = 36824, .adv_w = 174, .box_w = 11, .box_h = 15, .ofs_x = 1, .ofs_y = -5},
    {.bitmap_index = 36899, .adv_w = 174, .box_w = 11, .box_h = 14, .ofs_x = 1, .ofs_y = -5},
    {.bitmap_index = 36969, .adv_w = 174, .box_w = 11, .box_h = 19, .ofs_x = 1, .ofs_y = -5},
    {.bitmap_index = 37051, .adv_w = 174, .box_w = 11, .box_h = 15, .ofs_x = 1, .ofs_y = -5},
    {.bitmap_index = 37127, .adv_w = 174, .box_w = 11, .box_h = 14, .ofs_x = 1, .ofs_y = -5},
    {.bitmap_index = 37198, .adv_w = 138, .box_w = 8, .box_h = 15, .ofs_x = 0, .ofs_y = 0},
    {.bitmap_index = 37247, .adv_w = 138, .box_w = 8, .box_h = 11, .ofs_x = 0, .ofs_y = -2},
    {.bitmap_index = 37286, .adv_w = 138, .box_w = 8, .box_h = 12, .ofs_x = 0, .ofs_y = -3},
    {.bitmap_index = 37327, .adv_w = 138, .box_w = 8, .box_h = 18, .ofs_x = 0, .ofs_y = -3},
    {.bitmap_index = 37386, .adv_w = 138, .box_w = 8, .box_h = 13, .ofs_x = 0, .ofs_y = 0},
    {.bitmap_index = 37432, .adv_w = 138, .box_w = 8, .box_h = 12, .ofs_x = 0, .ofs_y = -3},
    {.bitmap_index = 37475, .adv_w = 138, .box_w = 8, .box_h = 14, .ofs_x = 0, .ofs_y = 0},
    {.bitmap_index = 37524, .adv_w = 138, .box_w = 8, .box_h = 14, .ofs_x = 0, .ofs_y = 0},
    {.bitmap_index = 37572, .adv_w = 138, .box_w = 8, .box_h = 16, .ofs_x = 0, .ofs_y = 0},
    {.bitmap_index = 37626, .adv_w = 135, .box_w = 10, .box_h = 16, .ofs_x = -2, .ofs_y = -4},
    {.bitmap_index = 37683, .adv_w = 135, .box_w = 10, .box_h = 15, .ofs_x = -2, .ofs_y = -4},
    {.bitmap_index = 37735, .adv_w = 135, .box_w = 10, .box_h = 12, .ofs_x = -2, .ofs_y = -5},
    {.bitmap_index = 37780, .adv_w = 135, .box_w = 10, .box_h = 11, .ofs_x = -2, .ofs_y = -5},
    {.bitmap_index = 37821, .adv_w = 135, .box_w = 11, .box_h = 11, .ofs_x = -2, .ofs_y = -5},
    {.bitmap_index = 37865, .adv_w = 134, .box_w = 10, .box_h = 11, .ofs_x = -2, .ofs_y = -5},
    {.bitmap_index = 37911, .adv_w = 135, .box_w = 10, .box_h = 14, .ofs_x = -2, .ofs_y = -4},
    {.bitmap_index = 37962, .adv_w = 135, .box_w = 10, .box_h = 16, .ofs_x = -2, .ofs_y = -4},
    {.bitmap_index = 38019, .adv_w = 135, .box_w = 10, .box_h = 17, .ofs_x = -2, .ofs_y = -4},
    {.bitmap_index = 38079, .adv_w = 382, .box_w = 23, .box_h = 15, .ofs_x = 0, .ofs_y = -5},
    {.bitmap_index = 38192, .adv_w = 382, .box_w = 23, .box_h = 13, .ofs_x = 0, .ofs_y = -6},
    {.bitmap_index = 38306, .adv_w = 382, .box_w = 23, .box_h = 19, .ofs_x = 0, .ofs_y = -6},
    {.bitmap_index = 38450, .adv_w = 413, .box_w = 25, .box_h = 14, .ofs_x = 0, .ofs_y = -5},
    {.bitmap_index = 38577, .adv_w = 413, .box_w = 25, .box_h = 18, .ofs_x = 0, .ofs_y = -5},
    {.bitmap_index = 38721, .adv_w = 270, .box_w = 15, .box_h = 14, .ofs_x = 1, .ofs_y = 0},
    {.bitmap_index = 38804, .adv_w = 190, .box_w = 11, .box_h = 21, .ofs_x = 1, .ofs_y = -5},
    {.bitmap_index = 38898, .adv_w = 306, .box_w = 17, .box_h = 11, .ofs_x = 1, .ofs_y = 0},
    {.bitmap_index = 38971, .adv_w = 306, .box_w = 17, .box_h = 14, .ofs_x = 1, .ofs_y = -3},
    {.bitmap_index = 39059, .adv_w = 306, .box_w = 17, .box_h = 19, .ofs_x = 1, .ofs_y = -3},
    {.bitmap_index = 39161, .adv_w = 306, .box_w = 17, .box_h = 18, .ofs_x = 1, .ofs_y = 0},
    {.bitmap_index = 39265, .adv_w = 306, .box_w = 17, .box_h = 16, .ofs_x = 1, .ofs_y = -5},
    {.bitmap_index = 39367, .adv_w = 306, .box_w = 17, .box_h = 19, .ofs_x = 1, .ofs_y = 0},
    {.bitmap_index = 39476, .adv_w = 256, .box_w = 15, .box_h = 18, .ofs_x = 0, .ofs_y = -4},
    {.bitmap_index = 39570, .adv_w = 256, .box_w = 15, .box_h = 21, .ofs_x = 0, .ofs_y = -4},
    {.bitmap_index = 39679, .adv_w = 265, .box_w = 16, .box_h = 15, .ofs_x = 1, .ofs_y = 0},
    {.bitmap_index = 39761, .adv_w = 339, .box_w = 19, .box_h = 15, .ofs_x = 1, .ofs_y = 0},
    {.bitmap_index = 39857, .adv_w = 265, .box_w = 16, .box_h = 15, .ofs_x = 1, .ofs_y = 0},
    {.bitmap_index = 39942, .adv_w = 242, .box_w = 13, .box_h = 15, .ofs_x = 1, .ofs_y = 0},
    {.bitmap_index = 40011, .adv_w = 242, .box_w = 13, .box_h = 18, .ofs_x = 1, .ofs_y = 0},
    {.bitmap_index = 40092, .adv_w = 242, .box_w = 13, .box_h = 19, .ofs_x = 1, .ofs_y = -5},
    {.bitmap_index = 40175, .adv_w = 265, .box_w = 16, .box_h = 16, .ofs_x = 1, .ofs_y = 0},
    {.bitmap_index = 40264, .adv_w = 265, .box_w = 16, .box_h = 17, .ofs_x = 1, .ofs_y = 0},
    {.bitmap_index = 40356, .adv_w = 265, .box_w = 16, .box_h = 18, .ofs_x = 1, .ofs_y = 0},
    {.bitmap_index = 40457, .adv_w = 265, .box_w = 16, .box_h = 20, .ofs_x = 1, .ofs_y = -4},
    {.bitmap_index = 40566, .adv_w = 265, .box_w = 16, .box_h = 22, .ofs_x = 1, .ofs_y = -6},
    {.bitmap_index = 40680, .adv_w = 265, .box_w = 16, .box_h = 20, .ofs_x = 1, .ofs_y = 0},
    {.bitmap_index = 40791, .adv_w = 212, .box_w = 13, .box_h = 22, .ofs_x = 0, .ofs_y = -3},
    {.bitmap_index = 40851, .adv_w = 212, .box_w = 12, .box_h = 21, .ofs_x = 0, .ofs_y = -3},
    {.bitmap_index = 40903, .adv_w = 212, .box_w = 13, .box_h = 24, .ofs_x = 0, .ofs_y = -3},
    {.bitmap_index = 40972, .adv_w = 221, .box_w = 12, .box_h = 8, .ofs_x = 1, .ofs_y = -2},
    {.bitmap_index = 41011, .adv_w = 221, .box_w = 12, .box_h = 14, .ofs_x = 1, .ofs_y = -2},
    {.bitmap_index = 41071, .adv_w = 221, .box_w = 12, .box_h = 14, .ofs_x = 1, .ofs_y = -5},
    {.bitmap_index = 41132, .adv_w = 221, .box_w = 12, .box_h = 14, .ofs_x = 1, .ofs_y = -2},
    {.bitmap_index = 41194, .adv_w = 226, .box_w = 13, .box_h = 13, .ofs_x = 0, .ofs_y = -1},
    {.bitmap_index = 41275, .adv_w = 165, .box_w = 9, .box_h = 14, .ofs_x = 1, .ofs_y = 0},
    {.bitmap_index = 41329, .adv_w = 163, .box_w = 11, .box_h = 5, .ofs_x = 0, .ofs_y = -2},
    {.bitmap_index = 41354, .adv_w = 163, .box_w = 11, .box_h = 11, .ofs_x = 0, .ofs_y = -2},
    {.bitmap_index = 41399, .adv_w = 163, .box_w = 11, .box_h = 10, .ofs_x = 0, .ofs_y = -2},
    {.bitmap_index = 41443, .adv_w = 150, .box_w = 12, .box_h = 14, .ofs_x = -3, .ofs_y = -4},
    {.bitmap_index = 41512, .adv_w = 150, .box_w = 12, .box_h = 14, .ofs_x = -3, .ofs_y = -4},
    {.bitmap_index = 41581, .adv_w = 150, .box_w = 12, .box_h = 18, .ofs_x = -3, .ofs_y = -4},
    {.bitmap_index = 41660, .adv_w = 150, .box_w = 12, .box_h = 19, .ofs_x = -3, .ofs_y = -4},
    {.bitmap_index = 41747, .adv_w = 150, .box_w = 12, .box_h = 20, .ofs_x = -3, .ofs_y = -4},
    {.bitmap_index = 41823, .adv_w = 150, .box_w = 12, .box_h = 19, .ofs_x = -3, .ofs_y = -5},
    {.bitmap_index = 41906, .adv_w = 150, .box_w = 12, .box_h = 18, .ofs_x = -3, .ofs_y = -4},
    {.bitmap_index = 41989, .adv_w = 150, .box_w = 12, .box_h = 20, .ofs_x = -3, .ofs_y = -4},
    {.bitmap_index = 42077, .adv_w = 234, .box_w = 14, .box_h = 12, .ofs_x = 0, .ofs_y = -2},
    {.bitmap_index = 42148, .adv_w = 269, .box_w = 17, .box_h = 12, .ofs_x = -1, .ofs_y = -2},
    {.bitmap_index = 42228, .adv_w = 234, .box_w = 14, .box_h = 14, .ofs_x = 0, .ofs_y = -2},
    {.bitmap_index = 42309, .adv_w = 234, .box_w = 14, .box_h = 16, .ofs_x = 0, .ofs_y = -6},
    {.bitmap_index = 42398, .adv_w = 234, .box_w = 14, .box_h = 16, .ofs_x = 0, .ofs_y = -6},
    {.bitmap_index = 42489, .adv_w = 176, .box_w = 13, .box_h = 11, .ofs_x = 1, .ofs_y = -4},
    {.bitmap_index = 42535, .adv_w = 176, .box_w = 13, .box_h = 12, .ofs_x = 1, .ofs_y = -4},
    {.bitmap_index = 42593, .adv_w = 89, .box_w = 7, .box_h = 2, .ofs_x = -1, .ofs_y = 4},
    {.bitmap_index = 42599, .adv_w = 165, .box_w = 9, .box_h = 9, .ofs_x = 1, .ofs_y = 0},
    {.bitmap_index = 42639, .adv_w = 232, .box_w = 14, .box_h = 10, .ofs_x = 0, .ofs_y = 7},
    {.bitmap_index = 42679, .adv_w = 179, .box_w = 11, .box_h = 9, .ofs_x = 0, .ofs_y = 7},
    {.bitmap_index = 42719, .adv_w = 103, .box_w = 6, .box_h = 5, .ofs_x = 0, .ofs_y = 11},
    {.bitmap_index = 42735, .adv_w = 102, .box_w = 6, .box_h = 10, .ofs_x = 0, .ofs_y = 11},
    {.bitmap_index = 42764, .adv_w = 109, .box_w = 7, .box_h = 10, .ofs_x = 0, .ofs_y = 6},
    {.bitmap_index = 42800, .adv_w = 119, .box_w = 7, .box_h = 5, .ofs_x = 0, .ofs_y = 13},
    {.bitmap_index = 42811, .adv_w = 229, .box_w = 14, .box_h = 8, .ofs_x = 0, .ofs_y = 8},
    {.bitmap_index = 42857, .adv_w = 220, .box_w = 14, .box_h = 13, .ofs_x = 0, .ofs_y = 0},
    {.bitmap_index = 42923, .adv_w = 273, .box_w = 17, .box_h = 19, .ofs_x = 0, .ofs_y = -3},
    {.bitmap_index = 43047, .adv_w = 92, .box_w = 4, .box_h = 3, .ofs_x = 1, .ofs_y = 14},
    {.bitmap_index = 43053, .adv_w = 92, .box_w = 4, .box_h = 4, .ofs_x = 1, .ofs_y = 13},
    {.bitmap_index = 43060, .adv_w = 124, .box_w = 8, .box_h = 6, .ofs_x = -1, .ofs_y = 11},
    {.bitmap_index = 43084, .adv_w = 112, .box_w = 7, .box_h = 8, .ofs_x = 0, .ofs_y = 8},
    {.bitmap_index = 43109, .adv_w = 229, .box_w = 14, .box_h = 8, .ofs_x = 0, .ofs_y = -6},
    {.bitmap_index = 43155, .adv_w = 47, .box_w = 5, .box_h = 1, .ofs_x = -1, .ofs_y = 14},
    {.bitmap_index = 43158, .adv_w = 90, .box_w = 7, .box_h = 9, .ofs_x = -1, .ofs_y = 7},
    {.bitmap_index = 43189, .adv_w = 108, .box_w = 9, .box_h = 7, .ofs_x = 0, .ofs_y = 8},
    {.bitmap_index = 43212, .adv_w = 108, .box_w = 9, .box_h = 7, .ofs_x = 0, .ofs_y = 8},
    {.bitmap_index = 43235, .adv_w = 133, .box_w = 8, .box_h = 8, .ofs_x = 0, .ofs_y = 11},
    {.bitmap_index = 43264, .adv_w = 165, .box_w = 10, .box_h = 15, .ofs_x = 0, .ofs_y = 0},
    {.bitmap_index = 43311, .adv_w = 70, .box_w = 4, .box_h = 3, .ofs_x = 0, .ofs_y = -3},
    {.bitmap_index = 43318, .adv_w = 70, .box_w = 4, .box_h = 3, .ofs_x = 0, .ofs_y = 13},
    {.bitmap_index = 43325, .adv_w = 70, .box_w = 4, .box_h = 3, .ofs_x = 0, .ofs_y = 13},
    {.bitmap_index = 43332, .adv_w = 112, .box_w = 7, .box_h = 8, .ofs_x = 0, .ofs_y = -6},
    {.bitmap_index = 43357, .adv_w = 154, .box_w = 5, .box_h = 5, .ofs_x = 2, .ofs_y = 1},
    {.bitmap_index = 43369, .adv_w = 154, .box_w = 5, .box_h = 12, .ofs_x = 1, .ofs_y = 0},
    {.bitmap_index = 43395, .adv_w = 154, .box_w = 10, .box_h = 12, .ofs_x = 0, .ofs_y = 0},
    {.bitmap_index = 43434, .adv_w = 154, .box_w = 10, .box_h = 12, .ofs_x = 0, .ofs_y = 0},
    {.bitmap_index = 43482, .adv_w = 154, .box_w = 10, .box_h = 13, .ofs_x = 0, .ofs_y = 0},
    {.bitmap_index = 43527, .adv_w = 154, .box_w = 9, .box_h = 12, .ofs_x = 0, .ofs_y = 0},
    {.bitmap_index = 43580, .adv_w = 154, .box_w = 8, .box_h = 12, .ofs_x = 1, .ofs_y = 0},
    {.bitmap_index = 43625, .adv_w = 154, .box_w = 10, .box_h = 12, .ofs_x = 0, .ofs_y = 0},
    {.bitmap_index = 43679, .adv_w = 154, .box_w = 10, .box_h = 12, .ofs_x = 0, .ofs_y = 0},
    {.bitmap_index = 43731, .adv_w = 154, .box_w = 10, .box_h = 12, .ofs_x = 0, .ofs_y = 0},
    {.bitmap_index = 43780, .adv_w = 160, .box_w = 12, .box_h = 3, .ofs_x = -1, .ofs_y = 4},
    {.bitmap_index = 43790, .adv_w = 320, .box_w = 22, .box_h = 3, .ofs_x = -1, .ofs_y = 4},
    {.bitmap_index = 43803, .adv_w = 71, .box_w = 3, .box_h = 5, .ofs_x = 1, .ofs_y = 10},
    {.bitmap_index = 43811, .adv_w = 71, .box_w = 3, .box_h = 5, .ofs_x = 1, .ofs_y = 10},
    {.bitmap_index = 43819, .adv_w = 107, .box_w = 6, .box_h = 5, .ofs_x = 0, .ofs_y = 10},
    {.bitmap_index = 43833, .adv_w = 107, .box_w = 6, .box_h = 5, .ofs_x = 0, .ofs_y = 10},
    {.bitmap_index = 43847, .adv_w = 112, .box_w = 5, .box_h = 6, .ofs_x = 1, .ofs_y = 5},
    {.bitmap_index = 43862, .adv_w = 320, .box_w = 16, .box_h = 3, .ofs_x = 2, .ofs_y = 0},
    {.bitmap_index = 43879, .adv_w = 178, .box_w = 12, .box_h = 15, .ofs_x = -1, .ofs_y = 0},
    {.bitmap_index = 43957, .adv_w = 327, .box_w = 20, .box_h = 16, .ofs_x = 0, .ofs_y = -1},
    {.bitmap_index = 44074, .adv_w = 295, .box_w = 18, .box_h = 16, .ofs_x = 0, .ofs_y = -1},
    {.bitmap_index = 44142, .adv_w = 320, .box_w = 16, .box_h = 9, .ofs_x = 2, .ofs_y = 6},
    {.bitmap_index = 44197, .adv_w = 228, .box_w = 14, .box_h = 7, .ofs_x = 0, .ofs_y = 2},
    {.bitmap_index = 44228, .adv_w = 228, .box_w = 7, .box_h = 14, .ofs_x = 4, .ofs_y = 0},
    {.bitmap_index = 44253, .adv_w = 228, .box_w = 14, .box_h = 7, .ofs_x = 0, .ofs_y = 2},
    {.bitmap_index = 44284, .adv_w = 228, .box_w = 7, .box_h = 14, .ofs_x = 4, .ofs_y = 0},
    {.bitmap_index = 44309, .adv_w = 187, .box_w = 10, .box_h = 11, .ofs_x = 1, .ofs_y = 2},
    {.bitmap_index = 44353, .adv_w = 187, .box_w = 10, .box_h = 12, .ofs_x = 1, .ofs_y = 1},
    {.bitmap_index = 44402, .adv_w = 187, .box_w = 10, .box_h = 12, .ofs_x = 1, .ofs_y = 1},
    {.bitmap_index = 44451, .adv_w = 96, .box_w = 6, .box_h = 5, .ofs_x = 0, .ofs_y = 14},
    {.bitmap_index = 44466, .adv_w = 95, .box_w = 7, .box_h = 19, .ofs_x = -1, .ofs_y = 0},
    {.bitmap_index = 44493, .adv_w = 95, .box_w = 6, .box_h = 6, .ofs_x = 0, .ofs_y = 14},
    {.bitmap_index = 44512, .adv_w = 95, .box_w = 6, .box_h = 5, .ofs_x = 0, .ofs_y = -6},
    {.bitmap_index = 44527, .adv_w = 96, .box_w = 6, .box_h = 4, .ofs_x = 0, .ofs_y = 14},
    {.bitmap_index = 44538, .adv_w = 95, .box_w = 7, .box_h = 18, .ofs_x = -1, .ofs_y = 0},
    {.bitmap_index = 44560, .adv_w = 96, .box_w = 6, .box_h = 6, .ofs_x = 0, .ofs_y = 14},
    {.bitmap_index = 44579, .adv_w = 97, .box_w = 8, .box_h = 20, .ofs_x = -1, .ofs_y = 0},
    {.bitmap_index = 44611, .adv_w = 95, .box_w = 6, .box_h = 3, .ofs_x = 0, .ofs_y = -4},
    {.bitmap_index = 44620, .adv_w = 95, .box_w = 7, .box_h = 6, .ofs_x = -1, .ofs_y = -4},
    {.bitmap_index = 44637, .adv_w = 98, .box_w = 6, .box_h = 5, .ofs_x = 0, .ofs_y = 14},
    {.bitmap_index = 44652, .adv_w = 98, .box_w = 8, .box_h = 19, .ofs_x = -1, .ofs_y = 0},
    {.bitmap_index = 44681, .adv_w = 49, .box_w = 4, .box_h = 3, .ofs_x = 0, .ofs_y = 15},
    {.bitmap_index = 44687, .adv_w = 49, .box_w = 5, .box_h = 18, .ofs_x = -1, .ofs_y = 0},
    {.bitmap_index = 44704, .adv_w = 169, .box_w = 9, .box_h = 9, .ofs_x = 1, .ofs_y = 0},
    {.bitmap_index = 44745, .adv_w = 78, .box_w = 7, .box_h = 18, .ofs_x = -1, .ofs_y = -1},
    {.bitmap_index = 44767, .adv_w = 87, .box_w = 7, .box_h = 17, .ofs_x = -1, .ofs_y = 0},
    {.bitmap_index = 44794, .adv_w = 78, .box_w = 4, .box_h = 19, .ofs_x = 0, .ofs_y = -1},
    {.bitmap_index = 44809, .adv_w = 87, .box_w = 6, .box_h = 19, .ofs_x = 0, .ofs_y = 0},
    {.bitmap_index = 44838, .adv_w = 150, .box_w = 12, .box_h = 20, .ofs_x = -3, .ofs_y = -4},
    {.bitmap_index = 44923, .adv_w = 149, .box_w = 13, .box_h = 17, .ofs_x = -3, .ofs_y = -4},
    {.bitmap_index = 45005, .adv_w = 78, .box_w = 4, .box_h = 20, .ofs_x = 0, .ofs_y = -6},
    {.bitmap_index = 45022, .adv_w = 87, .box_w = 6, .box_h = 20, .ofs_x = 0, .ofs_y = -6},
    {.bitmap_index = 45054, .adv_w = 234, .box_w = 14, .box_h = 12, .ofs_x = 0, .ofs_y = -2},
    {.bitmap_index = 45132, .adv_w = 254, .box_w = 16, .box_h = 11, .ofs_x = 0, .ofs_y = -5},
    {.bitmap_index = 45198, .adv_w = 88, .box_w = 6, .box_h = 11, .ofs_x = -1, .ofs_y = 0},
    {.bitmap_index = 45227, .adv_w = 78, .box_w = 6, .box_h = 12, .ofs_x = -1, .ofs_y = 0},
    {.bitmap_index = 45259, .adv_w = 78, .box_w = 3, .box_h = 15, .ofs_x = 1, .ofs_y = -1},
    {.bitmap_index = 45266, .adv_w = 87, .box_w = 5, .box_h = 14, .ofs_x = 1, .ofs_y = 0},
    {.bitmap_index = 45280, .adv_w = 247, .box_w = 14, .box_h = 9, .ofs_x = 1, .ofs_y = -4},
    {.bitmap_index = 45329, .adv_w = 252, .box_w = 15, .box_h = 10, .ofs_x = 1, .ofs_y = -4},
    {.bitmap_index = 45387, .adv_w = 88, .box_w = 5, .box_h = 9, .ofs_x = -1, .ofs_y = -3},
    {.bitmap_index = 45409, .adv_w = 78, .box_w = 6, .box_h = 9, .ofs_x = -1, .ofs_y = -3},
    {.bitmap_index = 45436, .adv_w = 165, .box_w = 9, .box_h = 14, .ofs_x = 1, .ofs_y = 0},
    {.bitmap_index = 45492, .adv_w = 153, .box_w = 9, .box_h = 13, .ofs_x = 1, .ofs_y = 0},
    {.bitmap_index = 45547, .adv_w = 247, .box_w = 14, .box_h = 11, .ofs_x = 1, .ofs_y = -1},
    {.bitmap_index = 45606, .adv_w = 252, .box_w = 15, .box_h = 11, .ofs_x = 1, .ofs_y = -1},
    {.bitmap_index = 45669, .adv_w = 88, .box_w = 6, .box_h = 11, .ofs_x = -1, .ofs_y = 0},
    {.bitmap_index = 45699, .adv_w = 78, .box_w = 6, .box_h = 11, .ofs_x = -1, .ofs_y = 0},
    {.bitmap_index = 45729, .adv_w = 247, .box_w = 14, .box_h = 13, .ofs_x = 1, .ofs_y = -1},
    {.bitmap_index = 45796, .adv_w = 252, .box_w = 15, .box_h = 13, .ofs_x = 1, .ofs_y = -1},
    {.bitmap_index = 45868, .adv_w = 88, .box_w = 6, .box_h = 13, .ofs_x = -1, .ofs_y = 0},
    {.bitmap_index = 45903, .adv_w = 78, .box_w = 6, .box_h = 13, .ofs_x = -1, .ofs_y = 0},
    {.bitmap_index = 45938, .adv_w = 174, .box_w = 11, .box_h = 15, .ofs_x = 1, .ofs_y = -5},
    {.bitmap_index = 46011, .adv_w = 211, .box_w = 13, .box_h = 14, .ofs_x = 1, .ofs_y = -5},
    {.bitmap_index = 46091, .adv_w = 207, .box_w = 13, .box_h = 11, .ofs_x = -1, .ofs_y = -2},
    {.bitmap_index = 46150, .adv_w = 204, .box_w = 14, .box_h = 12, .ofs_x = -1, .ofs_y = -3},
    {.bitmap_index = 46217, .adv_w = 174, .box_w = 11, .box_h = 15, .ofs_x = 1, .ofs_y = -5},
    {.bitmap_index = 46284, .adv_w = 211, .box_w = 13, .box_h = 14, .ofs_x = 1, .ofs_y = -5},
    {.bitmap_index = 46360, .adv_w = 207, .box_w = 13, .box_h = 9, .ofs_x = -1, .ofs_y = 0},
    {.bitmap_index = 46408, .adv_w = 204, .box_w = 14, .box_h = 9, .ofs_x = -1, .ofs_y = 0},
    {.bitmap_index = 46461, .adv_w = 174, .box_w = 11, .box_h = 18, .ofs_x = 1, .ofs_y = -5},
    {.bitmap_index = 46539, .adv_w = 211, .box_w = 13, .box_h = 18, .ofs_x = 1, .ofs_y = -5},
    {.bitmap_index = 46628, .adv_w = 207, .box_w = 13, .box_h = 12, .ofs_x = -1, .ofs_y = 0},
    {.bitmap_index = 46686, .adv_w = 204, .box_w = 14, .box_h = 12, .ofs_x = -1, .ofs_y = 0},
    {.bitmap_index = 46750, .adv_w = 138, .box_w = 8, .box_h = 9, .ofs_x = 0, .ofs_y = 0},
    {.bitmap_index = 46781, .adv_w = 147, .box_w = 10, .box_h = 9, .ofs_x = 0, .ofs_y = 0},
    {.bitmap_index = 46816, .adv_w = 138, .box_w = 8, .box_h = 13, .ofs_x = 0, .ofs_y = 0},
    {.bitmap_index = 46858, .adv_w = 147, .box_w = 10, .box_h = 13, .ofs_x = 0, .ofs_y = 0},
    {.bitmap_index = 46904, .adv_w = 135, .box_w = 10, .box_h = 10, .ofs_x = -2, .ofs_y = -4},
    {.bitmap_index = 46940, .adv_w = 140, .box_w = 11, .box_h = 9, .ofs_x = -2, .ofs_y = -4},
    {.bitmap_index = 46977, .adv_w = 135, .box_w = 10, .box_h = 14, .ofs_x = -2, .ofs_y = -4},
    {.bitmap_index = 47025, .adv_w = 140, .box_w = 11, .box_h = 13, .ofs_x = -2, .ofs_y = -4},
    {.bitmap_index = 47072, .adv_w = 382, .box_w = 23, .box_h = 12, .ofs_x = 0, .ofs_y = -5},
    {.bitmap_index = 47166, .adv_w = 382, .box_w = 24, .box_h = 12, .ofs_x = 0, .ofs_y = -5},
    {.bitmap_index = 47265, .adv_w = 246, .box_w = 15, .box_h = 7, .ofs_x = -1, .ofs_y = 0},
    {.bitmap_index = 47312, .adv_w = 246, .box_w = 17, .box_h = 7, .ofs_x = -1, .ofs_y = 0},
    {.bitmap_index = 47362, .adv_w = 382, .box_w = 23, .box_h = 18, .ofs_x = 0, .ofs_y = -5},
    {.bitmap_index = 47487, .adv_w = 382, .box_w = 24, .box_h = 18, .ofs_x = 0, .ofs_y = -5},
    {.bitmap_index = 47617, .adv_w = 246, .box_w = 15, .box_h = 13, .ofs_x = -1, .ofs_y = 0},
    {.bitmap_index = 47691, .adv_w = 246, .box_w = 17, .box_h = 13, .ofs_x = -1, .ofs_y = 0},
    {.bitmap_index = 47772, .adv_w = 413, .box_w = 25, .box_h = 14, .ofs_x = 0, .ofs_y = -5},
    {.bitmap_index = 47892, .adv_w = 413, .box_w = 26, .box_h = 14, .ofs_x = 0, .ofs_y = -5},
    {.bitmap_index = 48015, .adv_w = 261, .box_w = 17, .box_h = 9, .ofs_x = -1, .ofs_y = 0},
    {.bitmap_index = 48081, .adv_w = 261, .box_w = 18, .box_h = 9, .ofs_x = -1, .ofs_y = 0},
    {.bitmap_index = 48150, .adv_w = 413, .box_w = 25, .box_h = 16, .ofs_x = 0, .ofs_y = -5},
    {.bitmap_index = 48281, .adv_w = 413, .box_w = 26, .box_h = 16, .ofs_x = 0, .ofs_y = -5},
    {.bitmap_index = 48415, .adv_w = 261, .box_w = 17, .box_h = 11, .ofs_x = -1, .ofs_y = 0},
    {.bitmap_index = 48492, .adv_w = 261, .box_w = 18, .box_h = 11, .ofs_x = -1, .ofs_y = 0},
    {.bitmap_index = 48572, .adv_w = 270, .box_w = 15, .box_h = 14, .ofs_x = 1, .ofs_y = 0},
    {.bitmap_index = 48638, .adv_w = 270, .box_w = 16, .box_h = 14, .ofs_x = 1, .ofs_y = 0},
    {.bitmap_index = 48706, .adv_w = 235, .box_w = 15, .box_h = 14, .ofs_x = -1, .ofs_y = 0},
    {.bitmap_index = 48773, .adv_w = 235, .box_w = 16, .box_h = 14, .ofs_x = -1, .ofs_y = 0},
    {.bitmap_index = 48842, .adv_w = 270, .box_w = 15, .box_h = 14, .ofs_x = 1, .ofs_y = 0},
    {.bitmap_index = 48922, .adv_w = 270, .box_w = 16, .box_h = 14, .ofs_x = 1, .ofs_y = 0},
    {.bitmap_index = 49004, .adv_w = 235, .box_w = 15, .box_h = 14, .ofs_x = -1, .ofs_y = 0},
    {.bitmap_index = 49084, .adv_w = 235, .box_w = 16, .box_h = 14, .ofs_x = -1, .ofs_y = 0},
    {.bitmap_index = 49166, .adv_w = 190, .box_w = 11, .box_h = 15, .ofs_x = 1, .ofs_y = -5},
    {.bitmap_index = 49238, .adv_w = 178, .box_w = 11, .box_h = 14, .ofs_x = 1, .ofs_y = -5},
    {.bitmap_index = 49311, .adv_w = 188, .box_w = 12, .box_h = 10, .ofs_x = -1, .ofs_y = 0},
    {.bitmap_index = 49365, .adv_w = 177, .box_w = 13, .box_h = 8, .ofs_x = -1, .ofs_y = 0},
    {.bitmap_index = 49411, .adv_w = 190, .box_w = 11, .box_h = 20, .ofs_x = 1, .ofs_y = -6},
    {.bitmap_index = 49494, .adv_w = 178, .box_w = 11, .box_h = 18, .ofs_x = 1, .ofs_y = -5},
    {.bitmap_index = 49579, .adv_w = 188, .box_w = 12, .box_h = 14, .ofs_x = -1, .ofs_y = 0},
    {.bitmap_index = 49644, .adv_w = 177, .box_w = 13, .box_h = 13, .ofs_x = -1, .ofs_y = 0},
    {.bitmap_index = 49702, .adv_w = 306, .box_w = 17, .box_h = 16, .ofs_x = 1, .ofs_y = 0},
    {.bitmap_index = 49789, .adv_w = 289, .box_w = 18, .box_h = 13, .ofs_x = 1, .ofs_y = -1},
    {.bitmap_index = 49872, .adv_w = 149, .box_w = 10, .box_h = 16, .ofs_x = -1, .ofs_y = 0},
    {.bitmap_index = 49934, .adv_w = 154, .box_w = 11, .box_h = 12, .ofs_x = -1, .ofs_y = 0},
    {.bitmap_index = 49986, .adv_w = 256, .box_w = 15, .box_h = 19, .ofs_x = 0, .ofs_y = -4},
    {.bitmap_index = 50087, .adv_w = 263, .box_w = 17, .box_h = 17, .ofs_x = 0, .ofs_y = -5},
    {.bitmap_index = 50194, .adv_w = 149, .box_w = 10, .box_h = 16, .ofs_x = -1, .ofs_y = 0},
    {.bitmap_index = 50263, .adv_w = 154, .box_w = 11, .box_h = 13, .ofs_x = -1, .ofs_y = 0},
    {.bitmap_index = 50321, .adv_w = 242, .box_w = 13, .box_h = 14, .ofs_x = 1, .ofs_y = 0},
    {.bitmap_index = 50381, .adv_w = 235, .box_w = 15, .box_h = 14, .ofs_x = 0, .ofs_y = 0},
    {.bitmap_index = 50450, .adv_w = 138, .box_w = 10, .box_h = 15, .ofs_x = -1, .ofs_y = 0},
    {.bitmap_index = 50508, .adv_w = 176, .box_w = 12, .box_h = 15, .ofs_x = -1, .ofs_y = 0},
    {.bitmap_index = 50575, .adv_w = 212, .box_w = 12, .box_h = 17, .ofs_x = 0, .ofs_y = -3},
    {.bitmap_index = 50617, .adv_w = 215, .box_w = 14, .box_h = 19, .ofs_x = 0, .ofs_y = -5},
    {.bitmap_index = 50671, .adv_w = 87, .box_w = 5, .box_h = 14, .ofs_x = -1, .ofs_y = 0},
    {.bitmap_index = 50685, .adv_w = 78, .box_w = 6, .box_h = 14, .ofs_x = -1, .ofs_y = 0},
    {.bitmap_index = 50702, .adv_w = 188, .box_w = 10, .box_h = 13, .ofs_x = 1, .ofs_y = -6},
    {.bitmap_index = 50751, .adv_w = 205, .box_w = 12, .box_h = 13, .ofs_x = 1, .ofs_y = -6},
    {.bitmap_index = 50806, .adv_w = 154, .box_w = 10, .box_h = 7, .ofs_x = -1, .ofs_y = 0},
    {.bitmap_index = 50840, .adv_w = 170, .box_w = 12, .box_h = 7, .ofs_x = -1, .ofs_y = 0},
    {.bitmap_index = 50878, .adv_w = 221, .box_w = 12, .box_h = 12, .ofs_x = 1, .ofs_y = -2},
    {.bitmap_index = 50929, .adv_w = 231, .box_w = 15, .box_h = 12, .ofs_x = 0, .ofs_y = -5},
    {.bitmap_index = 50995, .adv_w = 88, .box_w = 5, .box_h = 10, .ofs_x = -1, .ofs_y = 0},
    {.bitmap_index = 51018, .adv_w = 78, .box_w = 6, .box_h = 10, .ofs_x = -1, .ofs_y = 0},
    {.bitmap_index = 51045, .adv_w = 165, .box_w = 9, .box_h = 9, .ofs_x = 1, .ofs_y = 0},
    {.bitmap_index = 51085, .adv_w = 153, .box_w = 9, .box_h = 9, .ofs_x = 1, .ofs_y = 0},
    {.bitmap_index = 51125, .adv_w = 220, .box_w = 14, .box_h = 12, .ofs_x = -1, .ofs_y = 0},
    {.bitmap_index = 51205, .adv_w = 130, .box_w = 10, .box_h = 13, .ofs_x = -1, .ofs_y = -5},
    {.bitmap_index = 51266, .adv_w = 150, .box_w = 12, .box_h = 14, .ofs_x = -3, .ofs_y = -4},
    {.bitmap_index = 51332, .adv_w = 149, .box_w = 13, .box_h = 12, .ofs_x = -3, .ofs_y = -4},
    {.bitmap_index = 51397, .adv_w = 234, .box_w = 14, .box_h = 12, .ofs_x = 0, .ofs_y = -2},
    {.bitmap_index = 51468, .adv_w = 254, .box_w = 16, .box_h = 8, .ofs_x = 0, .ofs_y = -5},
    {.bitmap_index = 51518, .adv_w = 234, .box_w = 14, .box_h = 15, .ofs_x = 0, .ofs_y = -5},
    {.bitmap_index = 51605, .adv_w = 257, .box_w = 17, .box_h = 9, .ofs_x = 0, .ofs_y = -6},
    {.bitmap_index = 51666, .adv_w = 88, .box_w = 6, .box_h = 9, .ofs_x = -1, .ofs_y = -3},
    {.bitmap_index = 51692, .adv_w = 78, .box_w = 6, .box_h = 9, .ofs_x = -1, .ofs_y = -3},
    {.bitmap_index = 51719, .adv_w = 176, .box_w = 13, .box_h = 20, .ofs_x = -3, .ofs_y = -2},
    {.bitmap_index = 51805, .adv_w = 193, .box_w = 16, .box_h = 20, .ofs_x = -3, .ofs_y = -2},
    {.bitmap_index = 51911, .adv_w = 176, .box_w = 11, .box_h = 19, .ofs_x = -1, .ofs_y = -2},
    {.bitmap_index = 51986, .adv_w = 193, .box_w = 14, .box_h = 19, .ofs_x = -1, .ofs_y = -2},
    {.bitmap_index = 52076, .adv_w = 176, .box_w = 10, .box_h = 18, .ofs_x = 0, .ofs_y = -4},
    {.bitmap_index = 52146, .adv_w = 193, .box_w = 13, .box_h = 18, .ofs_x = 0, .ofs_y = -4},
    {.bitmap_index = 52230, .adv_w = 176, .box_w = 10, .box_h = 16, .ofs_x = 0, .ofs_y = -2},
    {.bitmap_index = 52292, .adv_w = 193, .box_w = 13, .box_h = 16, .ofs_x = 0, .ofs_y = -2}
};

/*---------------------
 *  CHARACTER MAPPING
 *--------------------*/

static const uint16_t unicode_list_0[] = {
    0x0, 0x2, 0x4, 0x6, 0xb, 0xd, 0xe, 0x14,
    0x19, 0x1a, 0x1b
};

static const uint16_t unicode_list_2[] = {
    0x0, 0x1, 0x6, 0xa, 0x10, 0x11, 0x12, 0x13,
    0x14, 0x15, 0x16, 0x18
};

static const uint8_t glyph_id_ofs_list_5[] = {
    0, 1, 2, 3, 4, 5, 6, 0,
    0, 0, 7, 0, 8, 0, 9, 0,
    10
};

static const uint8_t glyph_id_ofs_list_12[] = {
    0, 1, 0, 0, 2, 3
};

static const uint16_t unicode_list_14[] = {
    0x0, 0x1, 0x2, 0x3, 0x4, 0x5, 0x6, 0x7,
    0xa, 0xb, 0x11e, 0x12d, 0x131
};

static const uint16_t unicode_list_23[] = {
    0x0, 0x1, 0x5, 0x6, 0x9, 0xa, 0xf, 0x13,
    0x99, 0xf0, 0xf6, 0x10f, 0x17d, 0x17e, 0x17f, 0x180,
    0x24d, 0x251, 0x252, 0xde5d, 0xde5e, 0xde5f, 0xde61
};

/*Collect the unicode lists and glyph_id offsets*/
static const lv_font_fmt_txt_cmap_t cmaps[] =
{
    {
        .range_start = 163, .range_length = 28, .glyph_id_start = 1,
        .unicode_list = unicode_list_0, .glyph_id_ofs_list = NULL, .list_length = 11, .type = LV_FONT_FMT_TXT_CMAP_SPARSE_TINY
    },
    {
        .range_start = 192, .range_length = 192, .glyph_id_start = 12,
        .unicode_list = NULL, .glyph_id_ofs_list = NULL, .list_length = 0, .type = LV_FONT_FMT_TXT_CMAP_FORMAT0_TINY
    },
    {
        .range_start = 884, .range_length = 25, .glyph_id_start = 204,
        .unicode_list = unicode_list_2, .glyph_id_ofs_list = NULL, .list_length = 12, .type = LV_FONT_FMT_TXT_CMAP_SPARSE_TINY
    },
    {
        .range_start = 910, .range_length = 20, .glyph_id_start = 216,
        .unicode_list = NULL, .glyph_id_ofs_list = NULL, .list_length = 0, .type = LV_FONT_FMT_TXT_CMAP_FORMAT0_TINY
    },
    {
        .range_start = 931, .range_length = 44, .glyph_id_start = 236,
        .unicode_list = NULL, .glyph_id_ofs_list = NULL, .list_length = 0, .type = LV_FONT_FMT_TXT_CMAP_FORMAT0_TINY
    },
    {
        .range_start = 976, .range_length = 17, .glyph_id_start = 280,
        .unicode_list = NULL, .glyph_id_ofs_list = glyph_id_ofs_list_5, .list_length = 17, .type = LV_FONT_FMT_TXT_CMAP_FORMAT0_FULL
    },
    {
        .range_start = 994, .range_length = 18, .glyph_id_start = 291,
        .unicode_list = NULL, .glyph_id_ofs_list = NULL, .list_length = 0, .type = LV_FONT_FMT_TXT_CMAP_FORMAT0_TINY
    },
    {
        .range_start = 1025, .range_length = 12, .glyph_id_start = 309,
        .unicode_list = NULL, .glyph_id_ofs_list = NULL, .list_length = 0, .type = LV_FONT_FMT_TXT_CMAP_FORMAT0_TINY
    },
    {
        .range_start = 1038, .range_length = 66, .glyph_id_start = 321,
        .unicode_list = NULL, .glyph_id_ofs_list = NULL, .list_length = 0, .type = LV_FONT_FMT_TXT_CMAP_FORMAT0_TINY
    },
    {
        .range_start = 1105, .range_length = 12, .glyph_id_start = 387,
        .unicode_list = NULL, .glyph_id_ofs_list = NULL, .list_length = 0, .type = LV_FONT_FMT_TXT_CMAP_FORMAT0_TINY
    },
    {
        .range_start = 1118, .range_length = 41, .glyph_id_start = 399,
        .unicode_list = NULL, .glyph_id_ofs_list = NULL, .list_length = 0, .type = LV_FONT_FMT_TXT_CMAP_FORMAT0_TINY
    },
    {
        .range_start = 1168, .range_length = 53, .glyph_id_start = 440,
        .unicode_list = NULL, .glyph_id_ofs_list = NULL, .list_length = 0, .type = LV_FONT_FMT_TXT_CMAP_FORMAT0_TINY
    },
    {
        .range_start = 1223, .range_length = 6, .glyph_id_start = 493,
        .unicode_list = NULL, .glyph_id_ofs_list = glyph_id_ofs_list_12, .list_length = 6, .type = LV_FONT_FMT_TXT_CMAP_FORMAT0_FULL
    },
    {
        .range_start = 1232, .range_length = 28, .glyph_id_start = 497,
        .unicode_list = NULL, .glyph_id_ofs_list = NULL, .list_length = 0, .type = LV_FONT_FMT_TXT_CMAP_FORMAT0_TINY
    },
    {
        .range_start = 1262, .range_length = 306, .glyph_id_start = 525,
        .unicode_list = unicode_list_14, .glyph_id_ofs_list = NULL, .list_length = 13, .type = LV_FONT_FMT_TXT_CMAP_SPARSE_TINY
    },
    {
        .range_start = 1569, .range_length = 26, .glyph_id_start = 538,
        .unicode_list = NULL, .glyph_id_ofs_list = NULL, .list_length = 0, .type = LV_FONT_FMT_TXT_CMAP_FORMAT0_TINY
    },
    {
        .range_start = 1600, .range_length = 19, .glyph_id_start = 564,
        .unicode_list = NULL, .glyph_id_ofs_list = NULL, .list_length = 0, .type = LV_FONT_FMT_TXT_CMAP_FORMAT0_TINY
    },
    {
        .range_start = 1632, .range_length = 14, .glyph_id_start = 583,
        .unicode_list = NULL, .glyph_id_ofs_list = NULL, .list_length = 0, .type = LV_FONT_FMT_TXT_CMAP_FORMAT0_TINY
    },
    {
        .range_start = 1648, .range_length = 72, .glyph_id_start = 597,
        .unicode_list = NULL, .glyph_id_ofs_list = NULL, .list_length = 0, .type = LV_FONT_FMT_TXT_CMAP_FORMAT0_TINY
    },
    {
        .range_start = 1722, .range_length = 5, .glyph_id_start = 669,
        .unicode_list = NULL, .glyph_id_ofs_list = NULL, .list_length = 0, .type = LV_FONT_FMT_TXT_CMAP_FORMAT0_TINY
    },
    {
        .range_start = 1728, .range_length = 15, .glyph_id_start = 674,
        .unicode_list = NULL, .glyph_id_ofs_list = NULL, .list_length = 0, .type = LV_FONT_FMT_TXT_CMAP_FORMAT0_TINY
    },
    {
        .range_start = 1744, .range_length = 30, .glyph_id_start = 689,
        .unicode_list = NULL, .glyph_id_ofs_list = NULL, .list_length = 0, .type = LV_FONT_FMT_TXT_CMAP_FORMAT0_TINY
    },
    {
        .range_start = 1776, .range_length = 10, .glyph_id_start = 719,
        .unicode_list = NULL, .glyph_id_ofs_list = NULL, .list_length = 0, .type = LV_FONT_FMT_TXT_CMAP_FORMAT0_TINY
    },
    {
        .range_start = 8211, .range_length = 56930, .glyph_id_start = 729,
        .unicode_list = unicode_list_23, .glyph_id_ofs_list = NULL, .list_length = 23, .type = LV_FONT_FMT_TXT_CMAP_SPARSE_TINY
    },
    {
        .range_start = 65142, .range_length = 135, .glyph_id_start = 752,
        .unicode_list = NULL, .glyph_id_ofs_list = NULL, .list_length = 0, .type = LV_FONT_FMT_TXT_CMAP_FORMAT0_TINY
    }
};



/*--------------------
 *  ALL CUSTOM DATA
 *--------------------*/

#if LVGL_VERSION_MAJOR == 8
/*Store all the custom data of the font*/
static  lv_font_fmt_txt_glyph_cache_t cache;
#endif

#if LVGL_VERSION_MAJOR >= 8
static const lv_font_fmt_txt_dsc_t font_dsc = {
#else
static lv_font_fmt_txt_dsc_t font_dsc = {
#endif
    .glyph_bitmap = glyph_bitmap,
    .glyph_dsc = glyph_dsc,
    .cmaps = cmaps,
    .kern_dsc = NULL,
    .kern_scale = 0,
    .cmap_num = 25,
    .bpp = 4,
    .kern_classes = 0,
    .bitmap_format = 1,
#if LVGL_VERSION_MAJOR == 8
    .cache = &cache
#endif
};



/*-----------------
 *  PUBLIC FONT
 *----------------*/

/*Initialize a public general font descriptor*/
#if LVGL_VERSION_MAJOR >= 8
const lv_font_t extras_20 = {
#else
lv_font_t extras_20 = {
#endif
    .get_glyph_dsc = lv_font_get_glyph_dsc_fmt_txt,    /*Function pointer to get glyph's data*/
    .get_glyph_bitmap = lv_font_get_bitmap_fmt_txt,    /*Function pointer to get glyph's bitmap*/
    .line_height = 27,          /*The maximum line height required by the font*/
    .base_line = 6,             /*Baseline measured from the bottom of the line*/
#if !(LVGL_VERSION_MAJOR == 6 && LVGL_VERSION_MINOR == 0)
    .subpx = LV_FONT_SUBPX_NONE,
#endif
#if LV_VERSION_CHECK(7, 4, 0) || LVGL_VERSION_MAJOR >= 8
    .underline_position = -2,
    .underline_thickness = 1,
#endif
    .dsc = &font_dsc,          /*The custom font data. Will be accessed by `get_glyph_bitmap/dsc` */
#if LV_VERSION_CHECK(8, 2, 0) || LVGL_VERSION_MAJOR >= 9
    .fallback = NULL,
#endif
    .user_data = NULL,
};



#endif /*#if EXTRAS_20*/

#endif /* TLORA_PAGER */
