/*******************************************************************************
 * Size: 12 px
 * Bpp: 4
 * Generated by scripts/build/gen-touch-fonts.sh with lv_font_conv 1.5.3
 * Sources: Montserrat SemiBold v7.222
 ******************************************************************************/

#if 1
#include "lvgl.h"
#else
#include "lvgl/lvgl.h"
#endif

#ifndef UI_SEMIBOLD_12
#define UI_SEMIBOLD_12 1
#endif

#if UI_SEMIBOLD_12

/*-----------------
 *    BITMAPS
 *----------------*/

/*Store the image of the glyphs*/
static LV_ATTRIBUTE_LARGE_CONST const uint8_t glyph_bitmap[] = {
    /* U+0020 " " */

    /* U+0021 "!" */
    0x2f, 0x80, 0x7, 0x98, 0x0, 0x40, 0x40, 0x6,
    0x0, 0x10, 0xf4, 0x2e, 0x60, 0x8,

    /* U+0022 "\"" */
    0x5f, 0xf, 0x41, 0x10, 0x1, 0xc0, 0x39, 0x98,
    0xe, 0x40,

    /* U+0023 "#" */
    0x0, 0x35, 0x82, 0x68, 0x6, 0xe2, 0x2, 0x60,
    0x2, 0xfb, 0xb7, 0xca, 0x7a, 0x2e, 0x9c, 0x6a,
    0x3e, 0xa0, 0x10, 0x99, 0x7, 0x10, 0x4, 0x6c,
    0xc, 0x40, 0xb, 0xf1, 0xdf, 0x2b, 0xd0, 0xab,
    0xd, 0xc0, 0xcf, 0x1, 0x3, 0x21, 0x11, 0x90,
    0x0,

    /* U+0024 "$" */
    0x0, 0xa9, 0x40, 0x3f, 0xf8, 0x9, 0x8b, 0x58,
    0xa0, 0x56, 0x6, 0xcc, 0x20, 0x70, 0xf6, 0xca,
    0x70, 0x60, 0xf6, 0x0, 0xc7, 0x42, 0x75, 0x64,
    0x0, 0x5d, 0x54, 0x5c, 0x0, 0xee, 0x91, 0x13,
    0x74, 0x37, 0xc9, 0xb, 0xa3, 0x1a, 0xab, 0xc0,
    0x6b, 0x96, 0xac, 0x80, 0x35, 0xa8, 0x4,

    /* U+0025 "%" */
    0xb, 0xe9, 0x0, 0xb5, 0x1, 0x8b, 0x94, 0xc2,
    0x1d, 0x3, 0xfc, 0xa, 0xa2, 0x6b, 0x0, 0x7e,
    0x2, 0xab, 0xa0, 0x40, 0xc, 0x1c, 0x8a, 0xe5,
    0xb8, 0x41, 0x5d, 0x31, 0x35, 0xf3, 0x20, 0xa,
    0xa4, 0x80, 0x91, 0x40, 0xa, 0xce, 0x0, 0x15,
    0x50, 0xd, 0xf0, 0x2, 0xf2, 0x20,

    /* U+0026 "&" */
    0x0, 0x4f, 0x71, 0x80, 0x32, 0xb5, 0x44, 0x88,
    0x4, 0x60, 0x86, 0x1, 0xce, 0x3b, 0x52, 0x20,
    0x12, 0x1, 0x1b, 0x11, 0x81, 0xd4, 0x69, 0x5d,
    0xbc, 0x10, 0x18, 0xb1, 0x5a, 0x80, 0xc2, 0x95,
    0x40, 0xd, 0x4, 0x97, 0xa9, 0x6c, 0x0, 0x9b,
    0x7f, 0xa0, 0xec, 0x0,

    /* U+0027 "'" */
    0x5f, 0x11, 0x0, 0x19, 0x80,

    /* U+0028 "(" */
    0xc, 0xb2, 0x3f, 0x50, 0x4c, 0x30, 0x65, 0x3,
    0x10, 0x1f, 0x1, 0xf0, 0x31, 0x6, 0x50, 0xc3,
    0x5, 0x4, 0x23, 0xf0,

    /* U+0029 ")" */
    0x8e, 0x0, 0x48, 0xa8, 0x9, 0x78, 0x1, 0x10,
    0x0, 0xe1, 0x0, 0x10, 0x8, 0x4, 0x60, 0x11,
    0x81, 0x0, 0x87, 0x10, 0x1, 0x1c, 0x8, 0x9e,
    0x14, 0x2a, 0x0,

    /* U+002A "*" */
    0x0, 0x70, 0x2, 0x6c, 0x2e, 0x64, 0xe2, 0xf3,
    0x26, 0x16, 0x99, 0x51, 0xd4, 0x80,

    /* U+002B "+" */
    0x0, 0xe, 0x90, 0x6, 0x32, 0x10, 0x1, 0xfe,
    0x86, 0x7a, 0x9e, 0x58, 0x4e, 0x20, 0x1a, 0x82,
    0x98, 0x80, 0x7c,

    /* U+002C "," */
    0x0, 0x93, 0xd0, 0x40, 0x54, 0x11, 0x21,

    /* U+002D "-" */
    0x1, 0x19, 0x7b, 0xa4, 0xbb, 0x80,

    /* U+002E "." */
    0x1, 0x6, 0xe5, 0x20, 0x60,

    /* U+002F "/" */
    0x0, 0xd3, 0x80, 0x19, 0xec, 0x2, 0x31, 0x60,
    0xa, 0x8c, 0x40, 0x27, 0xb0, 0x8, 0xc5, 0x40,
    0x2b, 0x32, 0x0, 0x9a, 0xc0, 0x23, 0x15, 0x0,
    0xac, 0xc8, 0x2, 0x5b, 0x0, 0x8c, 0x94, 0x2,

    /* U+0030 "0" */
    0x0, 0x4f, 0x72, 0x40, 0x2a, 0x67, 0x73, 0x58,
    0x12, 0xbc, 0xca, 0x10, 0xd0, 0x2c, 0x0, 0xa0,
    0x82, 0x4, 0x0, 0x20, 0xf1, 0x2, 0x0, 0x10,
    0x7a, 0x5, 0x80, 0x14, 0x10, 0x95, 0xe6, 0x50,
    0x86, 0x14, 0xce, 0xe5, 0xb0,

    /* U+0031 "1" */
    0xef, 0xf3, 0xdc, 0x0, 0x15, 0x40, 0x1f, 0xfc,
    0xe0,

    /* U+0032 "2" */
    0x19, 0xef, 0xc3, 0xb, 0x67, 0x71, 0x60, 0xd6,
    0xcc, 0x58, 0x10, 0x10, 0x3, 0x40, 0x80, 0x23,
    0x76, 0x10, 0x1, 0xe2, 0x48, 0x0, 0xf1, 0x2c,
    0x0, 0x78, 0x18, 0xcc, 0x4a, 0x0, 0x44, 0xcb,
    0x40,

    /* U+0033 "3" */
    0x9f, 0xfe, 0x2a, 0x99, 0x40, 0x19, 0x1b, 0x33,
    0x47, 0x40, 0x26, 0x59, 0x10, 0xb, 0xc2, 0x2c,
    0x2, 0x9f, 0x94, 0x51, 0x0, 0x90, 0xa, 0xb6,
    0x63, 0xc1, 0x61, 0x98, 0xe3, 0x64,

    /* U+0034 "4" */
    0x0, 0xd9, 0xa0, 0x1e, 0x73, 0xe0, 0xe, 0x28,
    0x73, 0x0, 0xee, 0x28, 0x0, 0xe7, 0x3e, 0xf,
    0x80, 0x1, 0x42, 0x90, 0x80, 0x88, 0x2c, 0x17,
    0xb8, 0xd, 0xc1, 0x77, 0xc0, 0xb6, 0x4, 0x89,
    0x80, 0x90, 0x0,

    /* U+0035 "5" */
    0xd, 0xff, 0xc4, 0x6, 0x93, 0x31, 0x0, 0xe3,
    0xb3, 0x0, 0x82, 0x3b, 0x8e, 0x7, 0x54, 0x92,
    0x84, 0x15, 0x53, 0x60, 0x69, 0x8, 0x0, 0x40,
    0x63, 0xe5, 0xf0, 0x2e, 0x11, 0xe0, 0x28, 0xc0,

    /* U+0036 "6" */
    0x0, 0x36, 0xff, 0x38, 0x2, 0x25, 0xe1, 0x88,
    0x5, 0xe2, 0x9e, 0x14, 0x10, 0x3b, 0x9f, 0x86,
    0x4, 0xf, 0x14, 0x5a, 0x4, 0x12, 0xcb, 0x62,
    0x6e, 0x1, 0x8c, 0x4, 0x92, 0x5d, 0xa0, 0xc8,
    0x29, 0x26, 0x4b, 0xa0,

    /* U+0037 "7" */
    0xaf, 0xfe, 0xd0, 0x29, 0x94, 0x3, 0x3, 0x34,
    0x41, 0xf5, 0x60, 0x9, 0x24, 0x0, 0x8c, 0xd4,
    0x1, 0xa8, 0x18, 0x2, 0x16, 0x51, 0x0, 0x98,
    0x24, 0x3, 0x51, 0x98, 0x0,

    /* U+0038 "8" */
    0x2, 0xbf, 0xf5, 0x8, 0x3, 0x1a, 0x61, 0x74,
    0x8, 0x61, 0x9d, 0xc6, 0x6, 0x1e, 0x24, 0x84,
    0x3, 0xb, 0xda, 0x72, 0x7, 0xb, 0x76, 0x3b,
    0x14, 0xb, 0x44, 0x40, 0x29, 0x85, 0x2b, 0x48,
    0x2a, 0x53, 0xd4, 0xb6, 0x8,

    /* U+0039 "9" */
    0x7, 0xdf, 0xd5, 0x6, 0x84, 0xa4, 0xa3, 0xc2,
    0x95, 0x91, 0x83, 0x25, 0x15, 0x15, 0x83, 0xae,
    0xb3, 0x11, 0x66, 0xe7, 0x38, 0x80, 0x8, 0xc9,
    0x1c, 0x29, 0xe3, 0x6, 0x5, 0xa1, 0x93, 0x4,

    /* U+003A ":" */
    0x4f, 0x42, 0x1, 0x6e, 0x50, 0x10, 0x0, 0x83,
    0x72, 0x90, 0x30,

    /* U+003B ";" */
    0x4f, 0x42, 0x1, 0x6e, 0x50, 0x10, 0xc, 0x9e,
    0x82, 0x2, 0xa0, 0x89, 0x8,

    /* U+003C "<" */
    0x0, 0xe3, 0x20, 0x9, 0x73, 0xc, 0x11, 0xd6,
    0x9a, 0x86, 0xeb, 0xf0, 0x40, 0x70, 0xbd, 0x24,
    0x0, 0x7e, 0xb2, 0xd4, 0x0, 0x92, 0xf5, 0x80,

    /* U+003D "=" */
    0x3f, 0xfe, 0x52, 0xbb, 0xe4, 0x14, 0x4e, 0x13,
    0xff, 0xe5, 0x3c, 0xce, 0x40,

    /* U+003E ">" */
    0x13, 0x0, 0xe3, 0xcd, 0x60, 0x8, 0xba, 0xa3,
    0xe4, 0x40, 0x5f, 0x95, 0x90, 0xa, 0x39, 0x1d,
    0xf, 0x52, 0xfa, 0x4, 0xb7, 0x14, 0x2,

    /* U+003F "?" */
    0x19, 0xef, 0xc4, 0xb, 0x66, 0x41, 0x58, 0xd6,
    0xc3, 0xc0, 0x18, 0x10, 0x2, 0x88, 0x80, 0x15,
    0x97, 0x80, 0x48, 0x8b, 0x20, 0x9, 0x3d, 0x40,
    0x32, 0xf9, 0x80, 0x7f, 0x0,

    /* U+0040 "@" */
    0x0, 0x92, 0xfb, 0xf6, 0x4, 0x3, 0x4d, 0x6e,
    0x77, 0x7, 0xd0, 0x0, 0xe9, 0xec, 0x42, 0x73,
    0x54, 0x10, 0x9e, 0x1a, 0xfe, 0x8f, 0x77, 0x4a,
    0x19, 0xa5, 0x2a, 0x88, 0x0, 0xd4, 0x27, 0x7,
    0x95, 0x4e, 0x0, 0x30, 0x80, 0x7f, 0x84, 0x44,
    0xe0, 0xf2, 0xa9, 0xc1, 0x72, 0x88, 0x23, 0x97,
    0xaa, 0x5c, 0x38, 0xc0, 0x47, 0xc, 0xff, 0x3b,
    0xbe, 0xc0, 0xe, 0xec, 0x62, 0x22, 0xb8, 0x7,
    0x54, 0x6e, 0x6c, 0x0, 0x60,

    /* U+0041 "A" */
    0x0, 0xcf, 0xee, 0x1, 0xfa, 0x42, 0x80, 0x3e,
    0x51, 0x62, 0x40, 0xf, 0x49, 0x48, 0xf8, 0x7,
    0x11, 0xd0, 0x32, 0x10, 0x6, 0xb0, 0x51, 0xa0,
    0xb0, 0xc, 0xc1, 0xbd, 0xa0, 0xc0, 0x13, 0x4,
    0xdd, 0xd2, 0xc, 0x0, 0xb3, 0x64, 0x49, 0x8a,
    0xc0,

    /* U+0042 "B" */
    0xef, 0xfd, 0x86, 0x0, 0x3a, 0xa4, 0x96, 0x80,
    0x1d, 0x54, 0xd2, 0x22, 0x0, 0x8, 0x8a, 0xc8,
    0x41, 0x3b, 0x9a, 0x74, 0x0, 0x3b, 0xb9, 0xa1,
    0x1, 0xd1, 0x29, 0xc, 0x7, 0x55, 0xa8, 0x34,
    0xe, 0xaa, 0x78, 0x50,

    /* U+0043 "C" */
    0x0, 0x25, 0xf7, 0xd9, 0x80, 0x16, 0xd5, 0xd9,
    0x98, 0x21, 0x47, 0xd3, 0x2d, 0xc1, 0x50, 0x80,
    0xc, 0x60, 0x40, 0xa0, 0x1e, 0x20, 0x50, 0xf,
    0x28, 0x40, 0x6, 0x30, 0x5, 0x1e, 0xc4, 0x37,
    0x8, 0x16, 0xd9, 0xdc, 0x36, 0x40,

    /* U+0044 "D" */
    0xef, 0xfb, 0xac, 0xc0, 0x22, 0x99, 0x32, 0xe2,
    0x0, 0x19, 0xa8, 0xe2, 0xa0, 0xf, 0xa0, 0x50,
    0x3, 0xcc, 0x2, 0x1, 0xe6, 0x1, 0x0, 0xf4,
    0xa, 0x3, 0x35, 0x1c, 0x56, 0x0, 0x29, 0x93,
    0x2e, 0x28, 0x0,

    /* U+0045 "E" */
    0xef, 0xfe, 0x40, 0x29, 0x9c, 0xa0, 0xcd, 0xc2,
    0x0, 0x11, 0xc0, 0x4, 0xee, 0xb4, 0x0, 0x77,
    0x77, 0x80, 0x1d, 0x12, 0x30, 0x3, 0x37, 0x10,
    0x14, 0xce, 0x40,

    /* U+0046 "F" */
    0xef, 0xfe, 0x40, 0x29, 0x9c, 0xa0, 0xcd, 0xc2,
    0x0, 0x11, 0xc0, 0x4, 0xee, 0xb4, 0x0, 0x77,
    0x77, 0x80, 0x1d, 0x12, 0x30, 0xf, 0xfe, 0x18,

    /* U+0047 "G" */
    0x0, 0x1d, 0xf7, 0xe2, 0x80, 0x17, 0x15, 0xdc,
    0x34, 0x61, 0x47, 0xd3, 0x1b, 0x66, 0xa1, 0x0,
    0x19, 0x0, 0x81, 0x40, 0x21, 0x93, 0x20, 0x50,
    0x8, 0xd9, 0x8a, 0x10, 0x1, 0xf5, 0x1f, 0x44,
    0x38, 0x2, 0x5c, 0x57, 0x70, 0x52, 0x80,

    /* U+0048 "H" */
    0xeb, 0x0, 0xdf, 0x20, 0x1f, 0xfc, 0x62, 0x2c,
    0x1, 0x26, 0xee, 0x0, 0x8e, 0xab, 0x0, 0x4e,
    0xab, 0x80, 0x3f, 0xf8, 0xc0,

    /* U+0049 "I" */
    0xeb, 0x0, 0xff, 0xe2, 0x0,

    /* U+004A "J" */
    0x4, 0xff, 0xc8, 0xb, 0x32, 0x60, 0x8, 0x59,
    0x9a, 0x1, 0xff, 0xcc, 0x20, 0x1, 0x3, 0x6,
    0x5b, 0xd8, 0x90, 0x53, 0x40, 0xe8, 0x0,

    /* U+004B "K" */
    0xeb, 0x0, 0xa7, 0xcc, 0x3, 0x43, 0x59, 0x80,
    0x4c, 0xf2, 0x80, 0x12, 0xcb, 0xb0, 0x4, 0xd4,
    0x1c, 0x1, 0x89, 0xe, 0x4c, 0x2, 0x2b, 0xd1,
    0xe0, 0x9, 0x80, 0x74, 0xa8, 0x3, 0x8e, 0x55,
    0x80,

    /* U+004C "L" */
    0xeb, 0x0, 0xff, 0xf2, 0x33, 0x70, 0x0, 0xa6,
    0x70, 0x80,

    /* U+004D "M" */
    0xea, 0x0, 0xe3, 0xf5, 0x5, 0x30, 0xd, 0xe0,
    0x1b, 0xc0, 0x25, 0x30, 0x8, 0xcc, 0xa0, 0x8,
    0x40, 0x9, 0x5a, 0xc1, 0xce, 0x0, 0x34, 0xc,
    0x4c, 0x84, 0x3, 0xc, 0x39, 0xb8, 0x7, 0x9c,
    0xa0, 0x3, 0xf6, 0xa8, 0x6,

    /* U+004E "N" */
    0xec, 0x0, 0xdf, 0x20, 0x70, 0x1, 0xf3, 0xa0,
    0x7, 0x21, 0x51, 0x0, 0x61, 0xf1, 0xe0, 0xe,
    0x2a, 0x39, 0x0, 0xe5, 0x66, 0x0, 0x7a, 0x4c,
    0x3, 0xee, 0x10,

    /* U+004F "O" */
    0x0, 0x1d, 0xf7, 0xe2, 0x0, 0x4b, 0x8a, 0xee,
    0x1b, 0x70, 0x5, 0x1f, 0x4c, 0x6a, 0x40, 0xa8,
    0x40, 0x6, 0x90, 0x62, 0x5, 0x0, 0xc4, 0x1e,
    0x40, 0xa0, 0x18, 0x83, 0xd4, 0x20, 0x3, 0x48,
    0x30, 0x51, 0xec, 0x43, 0x52, 0x4, 0x17, 0x19,
    0xdc, 0x36, 0xe0,

    /* U+0050 "P" */
    0xef, 0xfb, 0xa4, 0x2, 0x29, 0x93, 0xb5, 0x0,
    0x19, 0xa9, 0x65, 0x10, 0xe, 0xe0, 0xc, 0x44,
    0x49, 0x21, 0x4, 0xdd, 0x59, 0xf0, 0x0, 0xea,
    0xf3, 0x4c, 0x0, 0xea, 0x86, 0x1, 0xff, 0x0,

    /* U+0051 "Q" */
    0x0, 0x1d, 0xf7, 0xda, 0x0, 0x49, 0x8a, 0xee,
    0x6b, 0x60, 0x5, 0x17, 0xcc, 0x69, 0xc8, 0xa0,
    0xc0, 0x80, 0x5e, 0xe, 0x40, 0x80, 0x18, 0xc3,
    0x80, 0x4, 0x1, 0x84, 0x3d, 0x2, 0x80, 0x34,
    0x82, 0x13, 0x32, 0x4c, 0xa1, 0xd0, 0xc2, 0x59,
    0x99, 0xae, 0xb6, 0x1, 0x4f, 0x48, 0x1c, 0x1b,
    0x0, 0x42, 0xd6, 0x5b, 0x9c, 0x1, 0xc9, 0xd9,
    0xd0,

    /* U+0052 "R" */
    0xef, 0xfb, 0xa4, 0x2, 0x29, 0x93, 0xb5, 0x0,
    0x19, 0xa9, 0x65, 0x10, 0xe, 0xe0, 0xc, 0x22,
    0x49, 0x21, 0x4, 0xee, 0x59, 0xf8, 0x0, 0xee,
    0xc2, 0xc4, 0x0, 0x74, 0x45, 0xa2, 0x80, 0x72,
    0xa5, 0x88,

    /* U+0053 "S" */
    0x3, 0xcf, 0xeb, 0x40, 0x2c, 0x18, 0x90, 0xc0,
    0x70, 0xe7, 0x75, 0xc0, 0x30, 0x7a, 0x0, 0x63,
    0xa1, 0xbf, 0xb2, 0x0, 0x2e, 0xea, 0x17, 0x0,
    0x2, 0x4, 0xf2, 0x22, 0x6e, 0x96, 0x79, 0x21,
    0x77, 0x24, 0xc9, 0x30, 0x0,

    /* U+0054 "T" */
    0xff, 0xf8, 0xa6, 0x4e, 0xb, 0x32, 0x36, 0x65,
    0x6, 0x33, 0x4, 0x3, 0xff, 0xc8,

    /* U+0055 "U" */
    0xf9, 0x0, 0x8b, 0xd8, 0x3, 0xff, 0xa8, 0x46,
    0x1, 0x8, 0x1b, 0x20, 0x4, 0x80, 0xf0, 0x3b,
    0x15, 0x8, 0x47, 0x40, 0xe8, 0xd4, 0x0,

    /* U+0056 "V" */
    0xd, 0xd0, 0x7, 0x74, 0x85, 0x11, 0x80, 0x4a,
    0x34, 0xc, 0x12, 0x1, 0x49, 0x98, 0x5, 0x54,
    0x20, 0x47, 0x40, 0x14, 0x83, 0x85, 0x8b, 0x0,
    0x46, 0x56, 0xc, 0xe0, 0x1d, 0x65, 0x21, 0x60,
    0x1c, 0xc0, 0xc6, 0x40, 0x1e, 0x60, 0x90, 0x8,

    /* U+0057 "W" */
    0x8f, 0x10, 0xb, 0xb0, 0x2, 0x3f, 0x3b, 0x7,
    0x0, 0x20, 0x98, 0x80, 0x2c, 0x4c, 0xc3, 0xa0,
    0xd, 0x10, 0x70, 0x2, 0xa0, 0x1, 0xd0, 0x0,
    0xec, 0x7a, 0x4, 0x4f, 0x0, 0x68, 0x29, 0x8d,
    0xd9, 0x1, 0x41, 0x40, 0x8, 0x19, 0x62, 0x6a,
    0xb, 0x68, 0x1, 0x95, 0xd5, 0xc0, 0x89, 0xc7,
    0xa0, 0x1b, 0xc4, 0xb4, 0x0, 0xa8, 0xe, 0x1,
    0x90, 0x5, 0x0, 0x16, 0x6, 0x20, 0x0,

    /* U+0058 "X" */
    0x6f, 0x60, 0x0, 0xf5, 0x3, 0x24, 0x88, 0x58,
    0x58, 0x2, 0x86, 0x95, 0x54, 0x20, 0x1, 0x84,
    0xa5, 0x40, 0xc, 0xc2, 0x12, 0x1, 0xd0, 0x22,
    0xe0, 0xc, 0x6e, 0xea, 0x28, 0x0, 0xb8, 0xa1,
    0x19, 0xcc, 0x20, 0xb8, 0x1, 0x25, 0xc0,

    /* U+0059 "Y" */
    0xd, 0xd0, 0x6, 0xcc, 0x0, 0x24, 0x98, 0x0,
    0xa7, 0xe0, 0x4, 0x44, 0x0, 0x2d, 0x4c, 0x2,
    0x91, 0x87, 0x1b, 0x0, 0xc4, 0xcf, 0x10, 0x10,
    0xe, 0x80, 0x17, 0x0, 0xf0, 0x91, 0x0, 0x3f,
    0xf9, 0x80,

    /* U+005A "Z" */
    0x6f, 0xff, 0x42, 0x4c, 0xe1, 0xb, 0x26, 0x68,
    0x6, 0xc, 0x2, 0x39, 0x57, 0x0, 0x87, 0x8a,
    0x80, 0x35, 0x17, 0x80, 0x67, 0x49, 0x20, 0x8,
    0xe0, 0x41, 0x9a, 0x4b, 0x1, 0x99, 0xdc,

    /* U+005B "[" */
    0xef, 0xf0, 0x25, 0x80, 0xa0, 0x7, 0xff, 0x34,
    0x50, 0x12, 0xc0,

    /* U+005C "\\" */
    0x5f, 0x0, 0xca, 0xa, 0x1, 0x97, 0xc0, 0x37,
    0xa8, 0x6, 0x50, 0x50, 0xc, 0xbe, 0x1, 0xbd,
    0x40, 0x32, 0x82, 0x80, 0x65, 0xf0, 0xd, 0xea,
    0x1, 0x94, 0x14, 0x3, 0x2f, 0x80,

    /* U+005D "]" */
    0xcf, 0xf0, 0xfb, 0x0, 0xf, 0x80, 0x3f, 0xfa,
    0xc7, 0xc0, 0xf, 0x60, 0x0,

    /* U+005E "^" */
    0x0, 0xc, 0x10, 0x6, 0x67, 0xa0, 0xd, 0x50,
    0xc0, 0x11, 0x99, 0xcd, 0x40, 0x14, 0xc1, 0x5c,
    0x0, 0x6a, 0x6, 0x41,

    /* U+005F "_" */
    0xff, 0xf0,

    /* U+0060 "`" */
    0x4f, 0x60, 0x4b, 0x83,

    /* U+0061 "a" */
    0x8, 0xdf, 0xd4, 0x0, 0x2a, 0xa4, 0x2c, 0x43,
    0x61, 0xb8, 0x14, 0x23, 0x7b, 0x0, 0x55, 0xe3,
    0x2c, 0x0, 0x60, 0x17, 0x0, 0x19, 0x97, 0x84,
    0x0,

    /* U+0062 "b" */
    0xf, 0x70, 0xf, 0xfe, 0x5e, 0xdf, 0xea, 0x80,
    0x4a, 0x32, 0x34, 0x60, 0x4, 0xa6, 0xc1, 0x90,
    0x1, 0x80, 0x44, 0xc0, 0x3, 0x0, 0x89, 0x80,
    0x9, 0x4f, 0x83, 0x20, 0x7, 0x68, 0x1a, 0x30,

    /* U+0063 "c" */
    0x2, 0xbf, 0xe9, 0x0, 0x62, 0xc3, 0x36, 0x1d,
    0x78, 0xd6, 0xe0, 0x30, 0x1, 0x7, 0x1, 0x80,
    0x8, 0x18, 0x75, 0xe3, 0x58, 0x31, 0x61, 0x9a,

    /* U+0064 "d" */
    0x0, 0xe3, 0xf4, 0x0, 0xff, 0xe2, 0x96, 0x7e,
    0xd8, 0x0, 0x70, 0xa1, 0x5c, 0x0, 0xe3, 0x4f,
    0xe, 0x0, 0xe0, 0x40, 0x6, 0x0, 0x38, 0xc,
    0x0, 0x60, 0x7, 0x1e, 0x57, 0x80, 0x0, 0xe0,
    0xd5, 0x1c, 0x0,

    /* U+0065 "e" */
    0x2, 0xbf, 0xe7, 0x0, 0xe, 0x35, 0x34, 0x30,
    0x38, 0xfa, 0xc3, 0x58, 0x70, 0x6f, 0xf9, 0x88,
    0x38, 0x2f, 0x76, 0xe0, 0x61, 0x95, 0x57, 0xa8,
    0x3, 0x1a, 0x20, 0xea, 0x0,

    /* U+0066 "f" */
    0x1, 0xcf, 0x90, 0x82, 0xad, 0x5, 0x45, 0x4e,
    0x35, 0xf6, 0xd2, 0x3b, 0x73, 0x7, 0x41, 0x0,
    0xff, 0xe4, 0x0,

    /* U+0067 "g" */
    0x2, 0xbf, 0xd7, 0xf5, 0x1c, 0x69, 0xb9, 0x0,
    0x38, 0xf3, 0x32, 0xc0, 0x1c, 0x6, 0x0, 0x70,
    0x7, 0x1, 0x80, 0x10, 0x0, 0xe3, 0xaf, 0x12,
    0x0, 0x1c, 0x58, 0x57, 0x1, 0x3, 0xbf, 0xdd,
    0x3, 0x7, 0xd3, 0x3d, 0x99, 0x4, 0xb4, 0xc9,
    0x34, 0x0,

    /* U+0068 "h" */
    0xf, 0x70, 0xf, 0xfe, 0x5e, 0xdf, 0xea, 0x0,
    0x4a, 0x30, 0x74, 0x1, 0x25, 0x3d, 0x89, 0x80,
    0xc, 0x0, 0xc0, 0xe0, 0xf, 0x0, 0xff, 0xe4,
    0x80,

    /* U+0069 "i" */
    0x1e, 0x80, 0x3f, 0x1d, 0x70, 0xf7, 0x0, 0xff,
    0xe3, 0x0,

    /* U+006A "j" */
    0x0, 0xba, 0x40, 0x23, 0x10, 0xb, 0x60, 0x2,
    0xf9, 0x0, 0xff, 0xeb, 0x8, 0x33, 0x86, 0x85,
    0xc2, 0xa8,

    /* U+006B "k" */
    0xf, 0x70, 0xf, 0xfe, 0x68, 0xee, 0x84, 0x2,
    0x1c, 0x3f, 0x10, 0x7, 0xe9, 0x61, 0x0, 0x4e,
    0x60, 0x1e, 0x1b, 0x1e, 0x0, 0xd2, 0x94, 0x70,
    0x1, 0xc8, 0xee, 0x40,

    /* U+006C "l" */
    0xf, 0x70, 0xf, 0xfe, 0x78,

    /* U+006D "m" */
    0xf, 0x9c, 0xfc, 0x38, 0xee, 0x48, 0x4, 0xc9,
    0x25, 0x8b, 0xe, 0xcc, 0x0, 0x2c, 0x33, 0x2,
    0x5a, 0x47, 0x0, 0x1a, 0x0, 0xe0, 0x50, 0x1,
    0x8, 0x7, 0xff, 0x60,

    /* U+006E "n" */
    0xf, 0x9c, 0xfd, 0x40, 0x9, 0x92, 0x42, 0x80,
    0x25, 0x86, 0x81, 0x30, 0x6, 0x80, 0x18, 0x1c,
    0x3, 0xff, 0x98,

    /* U+006F "o" */
    0x2, 0xbf, 0xe9, 0x0, 0xb1, 0x61, 0x99, 0x40,
    0xc3, 0xaf, 0x10, 0x52, 0xe0, 0x30, 0x1, 0x83,
    0x70, 0x18, 0x0, 0xc1, 0x98, 0x3a, 0xf1, 0x4,
    0x20, 0xc5, 0x86, 0x65, 0x80,

    /* U+0070 "p" */
    0xf, 0x9c, 0xfd, 0x50, 0x9, 0x96, 0x9a, 0x8c,
    0x0, 0x92, 0xb6, 0x32, 0x0, 0x30, 0x8, 0x98,
    0x0, 0x60, 0x11, 0x30, 0x1, 0x29, 0xb0, 0x64,
    0x0, 0xcc, 0x91, 0xa3, 0x0, 0x76, 0x7e, 0xa8,
    0x7, 0xff, 0x14,

    /* U+0071 "q" */
    0x2, 0xcf, 0xd8, 0xf4, 0x1c, 0x1a, 0xa3, 0x80,
    0x1c, 0x7d, 0x5e, 0x0, 0x1c, 0x4, 0x0, 0x30,
    0x7, 0x1, 0x80, 0xc, 0x0, 0xe3, 0xaf, 0x10,
    0x0, 0xe, 0x94, 0x2b, 0x80, 0x47, 0x9f, 0xb8,
    0x1, 0xff, 0xc6,

    /* U+0072 "r" */
    0xf, 0x8c, 0xa0, 0x3, 0xbb, 0xc0, 0x9, 0x6a,
    0x0, 0x30, 0xd, 0xe0, 0x1f, 0xfc, 0x0,

    /* U+0073 "s" */
    0x8, 0xef, 0xd5, 0x67, 0x9a, 0x46, 0xe0, 0x24,
    0x93, 0x94, 0xae, 0xc3, 0x1b, 0xeb, 0x1f, 0x6a,
    0x72, 0x7, 0x36, 0x89, 0x6a,

    /* U+0074 "t" */
    0x6, 0x50, 0xa, 0xf8, 0x1, 0xc4, 0x9e, 0xda,
    0x47, 0x6e, 0x60, 0xe8, 0x20, 0x1e, 0x10, 0xc,
    0xc8, 0xc8, 0x10, 0x73, 0xa0,

    /* U+0075 "u" */
    0x1f, 0x70, 0x2, 0xf9, 0x80, 0x7f, 0xf1, 0x4,
    0x3, 0xfb, 0xc0, 0x1a, 0x1, 0x23, 0xb3, 0xb8,
    0x2, 0x94, 0x9a, 0x70, 0x0,

    /* U+0076 "v" */
    0xd, 0xb0, 0xa, 0xb0, 0x29, 0x4, 0x5, 0x68,
    0x18, 0x18, 0x18, 0x18, 0x5, 0x28, 0x29, 0x80,
    0x2f, 0x27, 0x2a, 0x0, 0x90, 0x60, 0x8c, 0x3,
    0x30, 0x58, 0x0,

    /* U+0077 "w" */
    0xca, 0x0, 0x27, 0xa8, 0x2, 0x36, 0xd0, 0x1,
    0xa1, 0xc0, 0x5, 0xa6, 0x14, 0x7, 0x34, 0x3,
    0x25, 0x13, 0xd4, 0x1e, 0x5, 0xb3, 0x20, 0xb7,
    0xe4, 0x24, 0xe6, 0xb0, 0x3, 0xa, 0xf0, 0x72,
    0xb, 0x0, 0x4, 0xc1, 0x41, 0x40, 0xc4, 0x0,

    /* U+0078 "x" */
    0x7f, 0x30, 0x5f, 0x47, 0x4e, 0x2b, 0x64, 0xa,
    0x2d, 0x39, 0x0, 0xb, 0x5, 0x80, 0x44, 0xc3,
    0x2, 0x0, 0xe3, 0xf0, 0xa0, 0x83, 0xe1, 0xa4,
    0x60,

    /* U+0079 "y" */
    0xd, 0xa0, 0xa, 0xb0, 0x29, 0x44, 0x0, 0xb4,
    0xc, 0xe, 0xc, 0xe, 0x2, 0x94, 0x14, 0xa2,
    0x0, 0xe3, 0x53, 0xe0, 0x9, 0x46, 0x85, 0x0,
    0x33, 0x83, 0x0, 0x77, 0x85, 0x0, 0x52, 0xd6,
    0xa4, 0x1, 0x14, 0xb5, 0x80, 0x40,

    /* U+007A "z" */
    0x7f, 0xfd, 0xcb, 0x76, 0x70, 0x62, 0x45, 0x51,
    0xc0, 0x2, 0x8f, 0x40, 0xe, 0x94, 0x20, 0x70,
    0x80, 0x88, 0xb0, 0x4b, 0xb8,

    /* U+007B "{" */
    0x0, 0x57, 0x98, 0x22, 0xb9, 0x1, 0x4, 0x88,
    0x7, 0xfd, 0xc0, 0x20, 0xae, 0xa0, 0x4, 0x55,
    0x0, 0x7, 0x0, 0x40, 0x3f, 0xf8, 0x4, 0x12,
    0x20, 0x8a, 0xe4,

    /* U+007C "|" */
    0xe8, 0x0, 0xff, 0xe6, 0x0,

    /* U+007D "}" */
    0xcd, 0x30, 0x83, 0x80, 0x44, 0x30, 0x7, 0xf8,
    0xcc, 0x21, 0x43, 0xa1, 0x41, 0xe0, 0x64, 0x60,
    0x1f, 0x91, 0xc, 0x10, 0x70, 0x0,

    /* U+007E "~" */
    0x0, 0xfd, 0x7f, 0x21, 0x6a, 0x8d, 0x65, 0xea,
    0x88, 0xc4, 0xbe, 0xe0, 0x80,

    /* U+00A0 " " */

    /* U+00A1 "¡" */
    0x2e, 0x60, 0x8, 0xb9, 0x83, 0x50, 0x8, 0x40,
    0x6, 0x20, 0x3, 0x1, 0x0, 0x78,

    /* U+00A2 "¢" */
    0x0, 0xff, 0x52, 0x80, 0x63, 0x6f, 0x20, 0x4,
    0x61, 0xae, 0xa1, 0xbb, 0x96, 0x9d, 0x90, 0x20,
    0x1, 0x4, 0x1, 0xf2, 0x4, 0x0, 0x24, 0x8d,
    0x9d, 0x69, 0x98, 0x13, 0x84, 0xda, 0x80, 0x3,
    0x7c, 0x20,

    /* U+00A3 "£" */
    0x0, 0xc, 0xf7, 0xea, 0x80, 0x35, 0x91, 0xdc,
    0x0, 0x33, 0x4d, 0x45, 0x28, 0x30, 0x28, 0x6,
    0x9a, 0xc, 0xff, 0x18, 0x44, 0x2, 0xf7, 0x46,
    0x2, 0x20, 0x72, 0x20, 0x1, 0x30, 0x2d, 0x9a,
    0x3e, 0x50, 0x79, 0x9a, 0xc0,

    /* U+00A4 "¤" */
    0x27, 0x0, 0xc4, 0xc0, 0xf1, 0x5f, 0xeb, 0xcd,
    0x5, 0x5a, 0x69, 0xc6, 0xc0, 0x9, 0x4c, 0xb8,
    0x2a, 0x1, 0x8, 0x4, 0x60, 0x13, 0xc9, 0x94,
    0x92, 0x1, 0x38, 0x66, 0xb8, 0x30, 0x3a, 0xee,
    0xb3, 0xab, 0x41, 0x6c, 0x8, 0xc1, 0x68, 0x0,

    /* U+00A5 "¥" */
    0xc, 0xd0, 0xc, 0x5e, 0xe1, 0xc5, 0x0, 0x17,
    0x1b, 0x81, 0x3b, 0x88, 0x18, 0xf8, 0x2, 0x82,
    0xe2, 0x97, 0x20, 0xd, 0xc7, 0x85, 0x0, 0x1b,
    0x34, 0x4, 0xf9, 0xc0, 0x2c, 0xe8, 0xf, 0xe7,
    0x0, 0xb3, 0xa0, 0x3f, 0x9c, 0x2, 0xce, 0x80,
    0xfe, 0x70,

    /* U+00A6 "¦" */
    0xe8, 0x0, 0xf4, 0xe3, 0xa0, 0x6, 0x74, 0x9c,
    0x0, 0xf0,

    /* U+00A7 "§" */
    0x6, 0xdf, 0xd7, 0x39, 0xab, 0xb0, 0xb8, 0x1a,
    0x33, 0x10, 0x2f, 0xa0, 0x1c, 0xb6, 0xda, 0x7c,
    0xc5, 0x54, 0x72, 0xb9, 0xe9, 0x23, 0x7d, 0x20,
    0xc8, 0xa0, 0x80, 0x65, 0x5d, 0xa6, 0xcc, 0xfd,
    0xd6, 0x0,

    /* U+00A8 "¨" */
    0x7, 0x6, 0x22, 0x48, 0x53, 0x80,

    /* U+00A9 "©" */
    0x0, 0x1d, 0x5d, 0x9c, 0x2, 0x59, 0xbb, 0x8a,
    0xc0, 0x1d, 0x53, 0xda, 0x3f, 0xb, 0xcc, 0xcd,
    0x82, 0x43, 0x26, 0xf6, 0x35, 0x60, 0x1, 0x37,
    0x20, 0x12, 0x0, 0x17, 0x9d, 0xdf, 0xa4, 0xb8,
    0x1d, 0x54, 0xee, 0x1f, 0x38, 0x2c, 0xc5, 0x50,
    0xac, 0x0,

    /* U+00AA "ª" */
    0x3b, 0xca, 0x1, 0x12, 0xa8, 0xaf, 0x64, 0x45,
    0x59, 0x4a, 0x20,

    /* U+00AB "«" */
    0x0, 0xfc, 0x5e, 0x75, 0x60, 0xe, 0x76, 0x5a,
    0x5, 0x39, 0x87, 0x10, 0x53, 0x98, 0x71, 0x0,
    0x73, 0xb2, 0xd0, 0x0,

    /* U+00AC "¬" */
    0x0, 0xf8, 0xff, 0xf9, 0x4f, 0x33, 0x0, 0x46,
    0x78, 0x3, 0xe4, 0x60,

    /* U+00AD "­" */
    0x1, 0x19, 0x7b, 0xa4, 0xbb, 0x80,

    /* U+00AE "®" */
    0x0, 0x1d, 0x5d, 0x9c, 0x2, 0x59, 0xbb, 0x8a,
    0xc0, 0x1d, 0x5d, 0xcd, 0x3f, 0x85, 0xe0, 0x7,
    0x72, 0x10, 0xc9, 0x80, 0x1d, 0x90, 0x0, 0x26,
    0x0, 0x73, 0x0, 0x4b, 0xc0, 0xa1, 0x1e, 0xb8,
    0x1d, 0x56, 0x3, 0x9c, 0xe0, 0xb3, 0x17, 0x62,
    0xb0,

    /* U+00AF "¯" */
    0x7f, 0xfa, 0x80,

    /* U+00B0 "°" */
    0x9, 0xd9, 0x6, 0x1d, 0x17, 0x0, 0xe6, 0x1d,
    0x17,

    /* U+00B1 "±" */
    0x0, 0xf, 0x98, 0x6, 0x30, 0xc, 0x7f, 0xa1,
    0x9e, 0xa7, 0x96, 0x13, 0x88, 0x6, 0xa0, 0xa6,
    0x20, 0x1, 0x52, 0x0, 0xa, 0x23, 0x95, 0x4,
    0xae, 0xf9, 0x0,

    /* U+00B2 "²" */
    0x4d, 0xeb, 0x15, 0xfe, 0x74, 0x12, 0x61, 0x40,
    0x8a, 0xc1, 0x67, 0x2c, 0x80,

    /* U+00B3 "³" */
    0x7d, 0xd7, 0xab, 0xea, 0x32, 0x80, 0xaa, 0x20,
    0x87, 0x17, 0x53, 0x79, 0x28,

    /* U+00B4 "´" */
    0x3, 0xf7, 0x1d, 0x97,

    /* U+00B5 "µ" */
    0xf, 0x70, 0x2, 0x7a, 0x0, 0x7f, 0xf3, 0xb8,
    0x0, 0x60, 0x19, 0x9d, 0xd2, 0x1, 0x8a, 0x64,
    0xc0, 0x1a, 0xbb, 0x91, 0xe8, 0x1, 0xff, 0xc4,

    /* U+00B6 "¶" */
    0x1a, 0xef, 0xfb, 0x61, 0x44, 0x31, 0xc0, 0x80,
    0x23, 0xe0, 0xc0, 0xf, 0x3c, 0x98, 0x7, 0x34,
    0x0, 0x7f, 0xf5, 0x9d, 0x40, 0x90,

    /* U+00B7 "·" */
    0x1, 0x2, 0xe8, 0x31, 0xf0,

    /* U+00B8 "¸" */
    0x0, 0xdc, 0x21, 0x39, 0x35, 0x60,

    /* U+00B9 "¹" */
    0xd, 0xf5, 0x0, 0x69, 0x80, 0x7f, 0xf0, 0x7,
    0x4e, 0xd8,

    /* U+00BA "º" */
    0x1b, 0xdb, 0x18, 0x3d, 0xcb, 0x11, 0x7, 0x9c,
    0x1e, 0x94, 0x0,

    /* U+00BB "»" */
    0x0, 0xf2, 0x79, 0x64, 0x82, 0x2c, 0xf3, 0x20,
    0x42, 0x32, 0xc0, 0x42, 0x32, 0xfa, 0x2c, 0xf3,
    0x98,

    /* U+00BC "¼" */
    0xe, 0xf5, 0x0, 0xd6, 0xa0, 0x1b, 0x8c, 0x3,
    0x33, 0xa8, 0x7, 0xf0, 0xc7, 0x0, 0x7f, 0xad,
    0x88, 0xe0, 0x0, 0x3c, 0x76, 0xe8, 0xf0, 0x1d,
    0xa0, 0x1, 0xef, 0xe7, 0x99, 0x3, 0xb3, 0x88,
    0x7, 0x42, 0x20, 0x66, 0x50, 0xa0, 0x18, 0xda,
    0x1, 0x87, 0x16, 0xc8, 0x2, 0xfb, 0x10, 0x7f,
    0xe3, 0xb2, 0x0, 0xb9, 0x40, 0x3b, 0x50, 0x0,

    /* U+00BD "½" */
    0xe, 0xf5, 0x0, 0xd6, 0xa0, 0x17, 0x18, 0x6,
    0x60, 0x50, 0xf, 0xc3, 0x12, 0x1, 0xfd, 0x4d,
    0x3f, 0xa4, 0x3c, 0x76, 0xea, 0xf3, 0xbe, 0xb0,
    0x3d, 0xfc, 0xd7, 0xe2, 0xc0, 0x64, 0x1, 0xad,
    0x8c, 0x1, 0xf, 0x0, 0x12, 0x3c, 0x0, 0x1d,
    0x74, 0x3, 0x4c, 0x80, 0x5, 0x7, 0xfa,

    /* U+00BE "¾" */
    0x7e, 0xe7, 0xa8, 0x5, 0x6a, 0x1, 0x3f, 0x41,
    0xa8, 0x1, 0x9d, 0x40, 0x30, 0xca, 0x80, 0x6,
    0x38, 0x3, 0x86, 0x96, 0x2, 0xd8, 0x80, 0x31,
    0x92, 0xa8, 0x51, 0xe0, 0x1a, 0x80, 0xd, 0xda,
    0x77, 0x32, 0x3, 0xbb, 0x0, 0x17, 0x36, 0xa8,
    0x88, 0x1e, 0xe3, 0x18, 0x6, 0x36, 0x80, 0x62,
    0xd8, 0xc2, 0x0, 0xbe, 0xc4, 0x1f, 0xf8, 0xec,
    0x80, 0x2e, 0x50, 0xe, 0xd4, 0x0,

    /* U+00BF "¿" */
    0x0, 0x1f, 0xa0, 0x7, 0xfc, 0x7e, 0x80, 0x19,
    0x38, 0xc0, 0x21, 0x93, 0x30, 0x5, 0xa7, 0x80,
    0x11, 0x1c, 0x8, 0x7, 0x61, 0x1e, 0x41, 0x3a,
    0xee, 0xd, 0x84, 0x75, 0xe6, 0x98,

    /* U+00C0 "À" */
    0x0, 0x91, 0xc4, 0x3, 0xf2, 0x6, 0x8, 0x7,
    0xe7, 0xd1, 0x0, 0xfc, 0xfe, 0xe0, 0x1f, 0xa4,
    0x28, 0x3, 0xe5, 0x16, 0x24, 0x0, 0xf4, 0x94,
    0x8f, 0x80, 0x71, 0x1d, 0x3, 0x21, 0x0, 0x6b,
    0x5, 0x1a, 0xb, 0x0, 0xcc, 0x1b, 0xda, 0xc,
    0x1, 0x30, 0x4d, 0xdd, 0x20, 0xc0, 0xb, 0x36,
    0x44, 0x98, 0xac, 0x0,

    /* U+00C1 "Á" */
    0x0, 0xe1, 0x74, 0x0, 0xf8, 0x70, 0x10, 0x3,
    0xe1, 0xd7, 0x0, 0xfc, 0xfe, 0xe0, 0x1f, 0xa4,
    0x28, 0x3, 0xe5, 0x16, 0x24, 0x0, 0xf4, 0x94,
    0x8f, 0x80, 0x71, 0x1d, 0x3, 0x21, 0x0, 0x6b,
    0x5, 0x1a, 0xb, 0x0, 0xcc, 0x1b, 0xda, 0xc,
    0x1, 0x30, 0x4d, 0xdd, 0x20, 0xc0, 0xb, 0x36,
    0x44, 0x98, 0xac, 0x0,

    /* U+00C2 "Â" */
    0x0, 0xc7, 0x6, 0x1, 0xf2, 0x77, 0x48, 0x1,
    0xe4, 0xd6, 0xd4, 0x0, 0xf9, 0xfd, 0xc0, 0x3f,
    0x48, 0x50, 0x7, 0xca, 0x2c, 0x48, 0x1, 0xe9,
    0x29, 0x1f, 0x0, 0xe2, 0x3a, 0x6, 0x42, 0x0,
    0xd6, 0xa, 0x34, 0x16, 0x1, 0x98, 0x37, 0xb4,
    0x18, 0x2, 0x60, 0x9b, 0xba, 0x41, 0x80, 0x16,
    0x6c, 0x89, 0x31, 0x58, 0x0,

    /* U+00C3 "Ã" */
    0x0, 0x8f, 0xa1, 0x20, 0x3, 0xd5, 0x40, 0x9a,
    0x0, 0xf4, 0xa4, 0x69, 0x0, 0x7c, 0xfe, 0xe0,
    0x1f, 0xa4, 0x28, 0x3, 0xe5, 0x16, 0x24, 0x0,
    0xf4, 0x94, 0x8f, 0x80, 0x71, 0x1d, 0x3, 0x21,
    0x0, 0x6b, 0x5, 0x1a, 0xb, 0x0, 0xcc, 0x1b,
    0xda, 0xc, 0x1, 0x30, 0x4d, 0xdd, 0x20, 0xc0,
    0xb, 0x36, 0x44, 0x98, 0xac, 0x0,

    /* U+00C4 "Ä" */
    0x0, 0x85, 0x81, 0x84, 0x3, 0xc5, 0x61, 0x64,
    0x1, 0xe3, 0xd0, 0xd3, 0x0, 0xf9, 0xfd, 0xc0,
    0x3f, 0x48, 0x50, 0x7, 0xca, 0x2c, 0x48, 0x1,
    0xe9, 0x29, 0x1f, 0x0, 0xe2, 0x3a, 0x6, 0x42,
    0x0, 0xd6, 0xa, 0x34, 0x16, 0x1, 0x98, 0x37,
    0xb4, 0x18, 0x2, 0x60, 0x9b, 0xba, 0x41, 0x80,
    0x16, 0x6c, 0x89, 0x31, 0x58, 0x0,

    /* U+00C5 "Å" */
    0x0, 0xcd, 0x6a, 0x1, 0xfb, 0x6f, 0x80, 0x3f,
    0x6d, 0xf0, 0x7, 0xe6, 0xb5, 0x0, 0xfc, 0xfe,
    0xe0, 0x1f, 0xa4, 0x28, 0x3, 0xe5, 0x16, 0x24,
    0x0, 0xf4, 0x94, 0x8f, 0x80, 0x71, 0x1d, 0x3,
    0x21, 0x0, 0x6b, 0x5, 0x1a, 0xb, 0x0, 0xcc,
    0x1b, 0xda, 0xc, 0x1, 0x30, 0x4d, 0xdd, 0x20,
    0xc0, 0xb, 0x36, 0x44, 0x98, 0xac, 0x0,

    /* U+00C6 "Æ" */
    0x0, 0xe7, 0xff, 0xf8, 0x3, 0x86, 0x4c, 0x16,
    0x67, 0x0, 0x74, 0x8f, 0x86, 0x33, 0x60, 0xc,
    0x2e, 0xe1, 0x1, 0x1c, 0x1, 0xd6, 0x12, 0x0,
    0x8e, 0xe9, 0xc0, 0x22, 0x56, 0x1, 0x6, 0xbb,
    0x94, 0x2, 0x90, 0x6e, 0xc0, 0xf4, 0x48, 0x80,
    0x8, 0x86, 0xbb, 0x50, 0x63, 0x36, 0x0, 0x41,
    0x4a, 0x21, 0xc1, 0x66, 0x71, 0x0,

    /* U+00C7 "Ç" */
    0x0, 0x25, 0xf7, 0xd9, 0x80, 0x16, 0xd5, 0xdc,
    0xd8, 0x41, 0x47, 0xd3, 0x1b, 0x84, 0xa1, 0x0,
    0x18, 0xc0, 0x81, 0x40, 0x3c, 0x40, 0xa0, 0x1e,
    0x40, 0x80, 0xc, 0x60, 0x34, 0x7b, 0x10, 0xdc,
    0x20, 0x5b, 0x67, 0x70, 0xd9, 0x0, 0x12, 0xce,
    0xb1, 0x0, 0x3b, 0xa8, 0x3, 0xcd, 0xec, 0x1,
    0x0,

    /* U+00C8 "È" */
    0x6, 0x60, 0x7, 0x3e, 0xd0, 0x6, 0x1b, 0xa0,
    0xb, 0xbf, 0xf9, 0x0, 0xa6, 0x72, 0x83, 0x37,
    0x8, 0x0, 0x47, 0x0, 0x13, 0xba, 0xd0, 0x1,
    0xdd, 0xde, 0x0, 0x74, 0x48, 0xc0, 0xc, 0xdc,
    0x40, 0x53, 0x39, 0x0,

    /* U+00C9 "É" */
    0x0, 0x8d, 0xc8, 0x2, 0x4e, 0x32, 0x0, 0x93,
    0x50, 0x1, 0xdf, 0xfc, 0x80, 0x53, 0x39, 0x41,
    0x9b, 0x84, 0x0, 0x23, 0x80, 0x9, 0xdd, 0x68,
    0x0, 0xee, 0xef, 0x0, 0x3a, 0x24, 0x60, 0x6,
    0x6e, 0x20, 0x29, 0x9c, 0x80,

    /* U+00CA "Ê" */
    0x0, 0x2b, 0x88, 0x5, 0x1c, 0x18, 0x20, 0x8,
    0xb7, 0xd1, 0xe, 0xff, 0xe4, 0x2, 0x99, 0xca,
    0xc, 0xdc, 0x20, 0x1, 0x1c, 0x0, 0x4e, 0xeb,
    0x40, 0x7, 0x77, 0x78, 0x1, 0xd1, 0x23, 0x0,
    0x33, 0x71, 0x1, 0x4c, 0xe4,

    /* U+00CB "Ë" */
    0x3, 0x41, 0x60, 0xa, 0xf4, 0xac, 0x2, 0x89,
    0x3d, 0x0, 0x77, 0xff, 0x20, 0x14, 0xce, 0x50,
    0x66, 0xe1, 0x0, 0x8, 0xe0, 0x2, 0x77, 0x5a,
    0x0, 0x3b, 0xbb, 0xc0, 0xe, 0x89, 0x18, 0x1,
    0x9b, 0x88, 0xa, 0x67, 0x20,

    /* U+00CC "Ì" */
    0x17, 0x40, 0x14, 0x96, 0x3, 0xd6, 0x0, 0x75,
    0x80, 0x7f, 0xf5, 0x0,

    /* U+00CD "Í" */
    0x0, 0x33, 0x80, 0x22, 0x98, 0x1, 0x18, 0x20,
    0xe, 0xb0, 0xf, 0xfe, 0xf0,

    /* U+00CE "Î" */
    0x0, 0x3b, 0x0, 0x7, 0x3f, 0x28, 0x7, 0x22,
    0xa8, 0x1, 0x75, 0x80, 0x7f, 0xf9, 0x80,

    /* U+00CF "Ï" */
    0x62, 0x34, 0xa7, 0x4e, 0xc5, 0x7a, 0xe, 0xb0,
    0xf, 0xfe, 0xa8,

    /* U+00D0 "Ð" */
    0xc, 0xff, 0xba, 0xd0, 0x3, 0xc, 0xc9, 0x99,
    0x6c, 0x1, 0x1b, 0x32, 0x35, 0x24, 0x40, 0x3e,
    0x80, 0x7f, 0x32, 0xff, 0x0, 0x8, 0x7, 0xc,
    0xb3, 0x0, 0x2, 0x1, 0x30, 0x1, 0x98, 0x1,
    0x0, 0xe0, 0x3, 0x66, 0x46, 0xa4, 0x88, 0x0,
    0x66, 0x4e, 0xd6, 0xc0,

    /* U+00D1 "Ñ" */
    0x0, 0x66, 0x7, 0x40, 0x23, 0x5f, 0xca, 0x0,
    0x8e, 0x4f, 0x5c, 0x1, 0xd8, 0x1, 0xbe, 0x40,
    0xe0, 0x3, 0xe7, 0x40, 0xe, 0x42, 0xa2, 0x0,
    0xc3, 0xe3, 0xc0, 0x1c, 0x54, 0x72, 0x1, 0xca,
    0xcc, 0x0, 0xf4, 0x98, 0x7, 0xdc, 0x20,

    /* U+00D2 "Ò" */
    0x0, 0x9d, 0x40, 0x3f, 0x2c, 0xc0, 0x7, 0xc5,
    0x90, 0x1, 0xe3, 0xbe, 0xfc, 0x40, 0x9, 0x71,
    0x5d, 0xc3, 0x6e, 0x0, 0xa3, 0xe9, 0x8d, 0x48,
    0x15, 0x8, 0x0, 0xd2, 0xc, 0x40, 0xa0, 0x18,
    0x83, 0xc8, 0x14, 0x3, 0x10, 0x7a, 0x84, 0x0,
    0x69, 0x6, 0xa, 0x3d, 0x88, 0x6a, 0x40, 0x82,
    0xe3, 0x3b, 0x86, 0xdc, 0x0,

    /* U+00D3 "Ó" */
    0x0, 0xe4, 0x71, 0x0, 0xf3, 0x4a, 0x8, 0x7,
    0x9b, 0x4c, 0x3, 0x8e, 0xfb, 0xf1, 0x0, 0x25,
    0xc5, 0x77, 0xd, 0xb8, 0x2, 0x8f, 0xa6, 0x35,
    0x20, 0x54, 0x20, 0x3, 0x48, 0x31, 0x2, 0x80,
    0x62, 0xf, 0x20, 0x50, 0xc, 0x41, 0xea, 0x10,
    0x1, 0xa4, 0x18, 0x28, 0xf6, 0x21, 0xa9, 0x2,
    0xb, 0x8c, 0xee, 0x1b, 0x70,

    /* U+00D4 "Ô" */
    0x0, 0xcc, 0xe0, 0x1f, 0x57, 0xfa, 0xc0, 0x3d,
    0x53, 0x16, 0x1, 0xc7, 0x7d, 0xf8, 0x80, 0x12,
    0xe2, 0xbb, 0x86, 0xdc, 0x1, 0x47, 0xd3, 0x1a,
    0x90, 0x2a, 0x10, 0x1, 0xa4, 0x18, 0x81, 0x40,
    0x31, 0x7, 0x90, 0x28, 0x6, 0x20, 0xf5, 0x8,
    0x0, 0xd2, 0xc, 0x14, 0x7b, 0x10, 0xd4, 0x81,
    0x5, 0xc6, 0x77, 0xd, 0xb8, 0x0,

    /* U+00D5 "Õ" */
    0x0, 0xa7, 0x4a, 0xc8, 0x3, 0x97, 0xf8, 0x48,
    0x3, 0xb0, 0xb2, 0x80, 0x38, 0xef, 0xbf, 0x10,
    0x2, 0x5c, 0x57, 0x70, 0xdb, 0x80, 0x28, 0xfa,
    0x63, 0x52, 0x5, 0x42, 0x0, 0x34, 0x83, 0x10,
    0x28, 0x6, 0x20, 0xf2, 0x5, 0x0, 0xc4, 0x1e,
    0xa1, 0x0, 0x1a, 0x41, 0x82, 0x8f, 0x62, 0x1a,
    0x90, 0x20, 0xb8, 0xce, 0xe1, 0xb7, 0x0,

    /* U+00D6 "Ö" */
    0x0, 0x94, 0xc9, 0x40, 0x3d, 0xe8, 0xf2, 0x1,
    0xea, 0x75, 0xc0, 0xe, 0x3b, 0xef, 0xc4, 0x0,
    0x97, 0x15, 0xdc, 0x36, 0xe0, 0xa, 0x3e, 0x98,
    0xd4, 0x81, 0x50, 0x80, 0xd, 0x20, 0xc4, 0xa,
    0x1, 0x88, 0x3c, 0x81, 0x40, 0x31, 0x7, 0xa8,
    0x40, 0x6, 0x90, 0x60, 0xa3, 0xd8, 0x86, 0xa4,
    0x8, 0x2e, 0x33, 0xb8, 0x6d, 0xc0,

    /* U+00D7 "×" */
    0x0, 0xe8, 0x90, 0x79, 0xb6, 0xb8, 0xd3, 0x74,
    0x64, 0x43, 0xab, 0x29, 0xbd, 0x4e, 0x3c, 0x3,
    0x48,

    /* U+00D8 "Ø" */
    0x0, 0xf8, 0xf4, 0x2, 0x3b, 0xef, 0xbf, 0xe0,
    0x2, 0xe2, 0xbb, 0x94, 0xe8, 0x1, 0x47, 0xd3,
    0x46, 0x66, 0x25, 0x8, 0x0, 0x74, 0x78, 0x29,
    0x3, 0x3, 0xaa, 0x8c, 0x3c, 0x81, 0x8e, 0xa4,
    0x8, 0x39, 0x2, 0x7b, 0x80, 0x9, 0x7, 0x1a,
    0x22, 0x5c, 0x6a, 0x48, 0x83, 0x12, 0x3b, 0x86,
    0xd8, 0x1, 0xf3, 0x7f, 0xec, 0x40, 0x0,

    /* U+00D9 "Ù" */
    0x2, 0x73, 0x0, 0xe2, 0x3e, 0x40, 0xe, 0x4d,
    0x40, 0xb, 0xe4, 0x2, 0x2f, 0x60, 0xf, 0xfe,
    0xa1, 0x18, 0x4, 0x20, 0x6c, 0x80, 0x12, 0x3,
    0xc0, 0xec, 0x54, 0x21, 0x1d, 0x3, 0xa3, 0x50,
    0x0,

    /* U+00DA "Ú" */
    0x0, 0xce, 0xc0, 0x1d, 0x5a, 0xe0, 0x1d, 0x54,
    0x10, 0x7, 0xc8, 0x4, 0x5e, 0xc0, 0x1f, 0xfd,
    0x42, 0x30, 0x8, 0x40, 0xd9, 0x0, 0x24, 0x7,
    0x81, 0xd8, 0xa8, 0x42, 0x3a, 0x7, 0x46, 0xa0,

    /* U+00DB "Û" */
    0x0, 0xb, 0xa8, 0x6, 0x2c, 0x1e, 0x80, 0x8,
    0xb5, 0xae, 0x0, 0x1f, 0x20, 0x11, 0x7b, 0x0,
    0x7f, 0xf5, 0x8, 0xc0, 0x21, 0x3, 0x64, 0x0,
    0x90, 0x1e, 0x7, 0x62, 0xa1, 0x8, 0xe8, 0x1d,
    0x1a, 0x80,

    /* U+00DC "Ü" */
    0x0, 0x38, 0x21, 0x80, 0x69, 0x2e, 0x40, 0xd,
    0xc5, 0x4e, 0x0, 0xf9, 0x0, 0x8b, 0xd8, 0x3,
    0xff, 0xa8, 0x46, 0x1, 0x8, 0x1b, 0x20, 0x4,
    0x80, 0xf0, 0x3b, 0x15, 0x8, 0x47, 0x40, 0xe8,
    0xd4, 0x0,

    /* U+00DD "Ý" */
    0x0, 0xe6, 0x80, 0xf, 0x9a, 0x2c, 0x3, 0xe5,
    0xf3, 0x0, 0xdb, 0xa0, 0x31, 0xc, 0xc0, 0x2,
    0x49, 0x80, 0xa, 0x7e, 0x0, 0x44, 0x40, 0x2,
    0xd4, 0xc0, 0x29, 0x18, 0x71, 0xb0, 0xc, 0x4c,
    0xf1, 0x1, 0x0, 0xe8, 0x1, 0x70, 0xf, 0x9,
    0x10, 0x3, 0xff, 0x98,

    /* U+00DE "Þ" */
    0xeb, 0x11, 0x0, 0x72, 0x77, 0x3e, 0x84, 0x0,
    0x77, 0x50, 0xb4, 0x0, 0x74, 0x57, 0x72, 0x8,
    0x7, 0x78, 0x6, 0x22, 0x2c, 0x90, 0x82, 0x6e,
    0xa8, 0xfc, 0x0, 0x75, 0x79, 0xa4, 0x0, 0x75,
    0x43, 0x0, 0x80,

    /* U+00DF "ß" */
    0x0, 0x47, 0x7d, 0x8, 0x2, 0x1d, 0xa1, 0x6c,
    0x0, 0xcb, 0xe, 0xe5, 0x0, 0xe, 0x80, 0x3c,
    0x3, 0xc7, 0x2c, 0x1, 0x87, 0x4, 0x40, 0x18,
    0x6e, 0x1e, 0x0, 0x32, 0x39, 0x98, 0x2, 0x36,
    0x83, 0xc0, 0x9, 0x25, 0x9d, 0xc0,

    /* U+00E0 "à" */
    0x5, 0xf5, 0x0, 0xcb, 0x76, 0x30, 0xc, 0x9c,
    0x60, 0x14, 0x6f, 0xea, 0x0, 0x15, 0x52, 0x16,
    0x21, 0xb0, 0xdc, 0xa, 0x11, 0xbd, 0x80, 0x2a,
    0xf1, 0x96, 0x0, 0x30, 0xb, 0x80, 0xc, 0xcb,
    0xc2, 0x0, 0x0,

    /* U+00E1 "á" */
    0x0, 0x8f, 0xd8, 0x2, 0x1d, 0x96, 0x0, 0x87,
    0x98, 0x2, 0x8d, 0xfd, 0x40, 0x2, 0xaa, 0x42,
    0xc4, 0x36, 0x1b, 0x81, 0x42, 0x37, 0xb0, 0x5,
    0x5e, 0x32, 0xc0, 0x6, 0x1, 0x70, 0x1, 0x99,
    0x78, 0x40, 0x0,

    /* U+00E2 "â" */
    0x0, 0x47, 0xd0, 0x4, 0xad, 0x8e, 0xc0, 0x5,
    0xe3, 0xd6, 0x0, 0x46, 0xfe, 0xa0, 0x1, 0x55,
    0x21, 0x62, 0x1b, 0xd, 0xc0, 0xa1, 0x1b, 0xd8,
    0x2, 0xaf, 0x19, 0x60, 0x3, 0x0, 0xb8, 0x0,
    0xcc, 0xbc, 0x20, 0x0,

    /* U+00E3 "ã" */
    0x3, 0xe9, 0x4a, 0x0, 0x25, 0x7c, 0xc8, 0x0,
    0xe8, 0xda, 0x60, 0x8, 0xdf, 0xd4, 0x0, 0x2a,
    0xa4, 0x2c, 0x43, 0x61, 0xb8, 0x14, 0x23, 0x7b,
    0x0, 0x55, 0xe3, 0x2c, 0x0, 0x60, 0x17, 0x0,
    0x19, 0x97, 0x84, 0x0,

    /* U+00E4 "ä" */
    0x2, 0xd0, 0xc4, 0x0, 0x1d, 0x5, 0x30, 0x0,
    0x5c, 0x18, 0x80, 0x11, 0xbf, 0xa8, 0x0, 0x55,
    0x48, 0x58, 0x86, 0xc3, 0x70, 0x28, 0x46, 0xf6,
    0x0, 0xab, 0xc6, 0x58, 0x0, 0xc0, 0x2e, 0x0,
    0x33, 0x2f, 0x8, 0x0,

    /* U+00E5 "å" */
    0x0, 0x2d, 0xb0, 0x6, 0xeb, 0xd0, 0xd, 0xd7,
    0xa0, 0x19, 0x6d, 0x80, 0x28, 0xdf, 0xd4, 0x0,
    0x2a, 0xa4, 0x2c, 0x43, 0x61, 0xb8, 0x14, 0x23,
    0x7b, 0x0, 0x55, 0xe3, 0x2c, 0x0, 0x60, 0x17,
    0x0, 0x19, 0x97, 0x84, 0x0,

    /* U+00E6 "æ" */
    0x8, 0xdf, 0xd4, 0x6e, 0xfb, 0x10, 0x2, 0xaa,
    0x42, 0xe5, 0xa5, 0xb0, 0x1, 0xb0, 0xdc, 0xf,
    0xd, 0xc4, 0x81, 0x1b, 0xd8, 0xf, 0xfe, 0xc0,
    0x25, 0x79, 0xcb, 0x6, 0xdd, 0xcc, 0x0, 0xd4,
    0x80, 0x6b, 0x48, 0x80, 0x2b, 0x3c, 0xbf, 0x43,
    0xcb, 0xf0, 0x0,

    /* U+00E7 "ç" */
    0x2, 0xbf, 0xe9, 0x0, 0x62, 0xc3, 0x36, 0x1d,
    0x78, 0xd6, 0xe0, 0x30, 0x1, 0x7, 0x1, 0x80,
    0x8, 0x1c, 0x75, 0xe3, 0x58, 0x71, 0x61, 0x9a,
    0x2, 0xb1, 0xc9, 0x0, 0xd7, 0xe0, 0x1a, 0x21,
    0x40, 0x0,

    /* U+00E8 "è" */
    0x3, 0xe8, 0x0, 0xe3, 0xd6, 0x50, 0xe, 0x3e,
    0x50, 0xc, 0x57, 0xfc, 0xe0, 0x1, 0xc6, 0xa6,
    0x86, 0x7, 0x1f, 0x58, 0x6b, 0xe, 0xd, 0xff,
    0x31, 0x7, 0x5, 0xee, 0xdc, 0xc, 0x32, 0xaa,
    0xf5, 0x0, 0x63, 0x44, 0x1d, 0x40,

    /* U+00E9 "é" */
    0x0, 0x8b, 0xa4, 0x3, 0xbd, 0xa4, 0x3, 0xb6,
    0x0, 0x31, 0x5f, 0xf3, 0x80, 0x7, 0x1a, 0x9a,
    0x18, 0x1c, 0x7d, 0x61, 0xac, 0x38, 0x37, 0xfc,
    0xc4, 0x1c, 0x17, 0xbb, 0x70, 0x30, 0xca, 0xab,
    0xd4, 0x1, 0x8d, 0x10, 0x75, 0x0,

    /* U+00EA "ê" */
    0x0, 0x2f, 0xe0, 0x6, 0x2b, 0xb3, 0xc8, 0x4,
    0x5c, 0x97, 0x20, 0x11, 0x5f, 0xf3, 0x80, 0x7,
    0x1a, 0x9a, 0x18, 0x1c, 0x7d, 0x61, 0xac, 0x38,
    0x37, 0xfc, 0xc4, 0x1c, 0x17, 0xbb, 0x70, 0x30,
    0xca, 0xab, 0xd4, 0x1, 0x8d, 0x10, 0x75, 0x0,

    /* U+00EB "ë" */
    0x0, 0x71, 0x53, 0x80, 0x69, 0x2f, 0x40, 0xc,
    0xe0, 0xa6, 0x1, 0x15, 0xff, 0x38, 0x0, 0x71,
    0xa9, 0xa1, 0x81, 0xc7, 0xd6, 0x1a, 0xc3, 0x83,
    0x7f, 0xcc, 0x41, 0xc1, 0x7b, 0xb7, 0x3, 0xc,
    0xaa, 0xbd, 0x40, 0x18, 0xd1, 0x7, 0x50,

    /* U+00EC "ì" */
    0x3e, 0x80, 0x3c, 0x55, 0x1, 0x6a, 0x80, 0x3d,
    0xc0, 0x3f, 0xf9, 0x80,

    /* U+00ED "í" */
    0x2, 0xe9, 0x0, 0x73, 0x48, 0x3, 0x20, 0x2,
    0xf7, 0x0, 0xff, 0xea, 0x0,

    /* U+00EE "î" */
    0x4, 0xfb, 0x0, 0x4d, 0x3b, 0x6, 0xae, 0x30,
    0x3, 0xdc, 0x3, 0xff, 0xa6,

    /* U+00EF "ï" */
    0xb5, 0xd3, 0xe7, 0xb2, 0x52, 0x61, 0xf, 0x70,
    0xf, 0xfe, 0x68,

    /* U+00F0 "ð" */
    0xc, 0xfe, 0xb5, 0x70, 0x5, 0x51, 0x52, 0xb4,
    0x0, 0x56, 0xd2, 0x4c, 0x0, 0x6a, 0xd6, 0xb3,
    0x10, 0x7a, 0xfe, 0xe0, 0x11, 0x29, 0x6e, 0x5c,
    0x1d, 0x42, 0x91, 0xd8, 0x1c, 0x3, 0x8c, 0x4d,
    0x43, 0x56, 0x56, 0x40, 0xac, 0x29, 0x25, 0xc0,

    /* U+00F1 "ñ" */
    0x0, 0x47, 0x25, 0x18, 0x4, 0x9f, 0xe0, 0x30,
    0xb, 0x6, 0xe8, 0x2, 0xf9, 0xcf, 0xd4, 0x0,
    0x99, 0x24, 0x28, 0x2, 0x58, 0x68, 0x13, 0x0,
    0x68, 0x1, 0x81, 0xc0, 0x3f, 0xf9, 0x80,

    /* U+00F2 "ò" */
    0x2, 0xea, 0x0, 0xe2, 0xf7, 0x60, 0xe, 0x1d,
    0x60, 0xc, 0x57, 0xfd, 0x20, 0x16, 0x2c, 0x33,
    0x28, 0x18, 0x75, 0xe2, 0xa, 0x5c, 0x6, 0x0,
    0x30, 0x6e, 0x3, 0x0, 0x18, 0x33, 0x7, 0x5e,
    0x20, 0x84, 0x18, 0xb0, 0xcc, 0xb0,

    /* U+00F3 "ó" */
    0x0, 0x87, 0x6c, 0x3, 0xa9, 0xec, 0x3, 0xae,
    0x80, 0x31, 0x5f, 0xf4, 0x80, 0x58, 0xb0, 0xcc,
    0xa0, 0x61, 0xd7, 0x88, 0x29, 0x70, 0x18, 0x0,
    0xc1, 0xb8, 0xc, 0x0, 0x60, 0xcc, 0x1d, 0x78,
    0x82, 0x10, 0x62, 0xc3, 0x32, 0xc0,

    /* U+00F4 "ô" */
    0x0, 0x1f, 0xe8, 0x80, 0x43, 0xb4, 0x94, 0x1,
    0xf, 0x2c, 0xd8, 0x4, 0x57, 0xfd, 0x20, 0x16,
    0x2c, 0x33, 0x28, 0x18, 0x75, 0xe2, 0xa, 0x5c,
    0x6, 0x0, 0x30, 0x6e, 0x3, 0x0, 0x18, 0x33,
    0x7, 0x5e, 0x20, 0x84, 0x18, 0xb0, 0xcc, 0xb0,

    /* U+00F5 "õ" */
    0x0, 0x66, 0xb, 0x40, 0x23, 0x5f, 0xea, 0x0,
    0x8e, 0x4f, 0x1c, 0x2, 0x2b, 0xfe, 0x90, 0xb,
    0x16, 0x19, 0x94, 0xc, 0x3a, 0xf1, 0x5, 0x2e,
    0x3, 0x0, 0x18, 0x37, 0x1, 0x80, 0xc, 0x19,
    0x83, 0xaf, 0x10, 0x42, 0xc, 0x58, 0x66, 0x58,
    0x0,

    /* U+00F6 "ö" */
    0x0, 0x6a, 0x44, 0x0, 0x35, 0xae, 0x60, 0x3,
    0x30, 0xa2, 0x0, 0x22, 0xbf, 0xe9, 0x0, 0xb1,
    0x61, 0x99, 0x40, 0xc3, 0xaf, 0x10, 0x52, 0xe0,
    0x30, 0x1, 0x83, 0x70, 0x18, 0x0, 0xc1, 0x98,
    0x3a, 0xf1, 0x4, 0x20, 0xc5, 0x86, 0x65, 0x80,

    /* U+00F7 "÷" */
    0x0, 0x17, 0x18, 0x6, 0x32, 0x10, 0xc, 0x38,
    0x40, 0x3, 0xff, 0xe5, 0x3c, 0xce, 0x40, 0x32,
    0xf1, 0x31, 0x0, 0x19, 0x8, 0x0,

    /* U+00F8 "ø" */
    0x0, 0xe2, 0x90, 0x1, 0x5f, 0xf7, 0xd0, 0x3,
    0x16, 0x14, 0xbc, 0x18, 0x75, 0xc1, 0xcc, 0xb8,
    0xe, 0x3f, 0x1, 0xb8, 0x18, 0x90, 0xc1, 0x58,
    0x64, 0xe2, 0xa, 0x21, 0x24, 0xcd, 0x50, 0x2,
    0xf7, 0xfa, 0x40, 0x0,

    /* U+00F9 "ù" */
    0x0, 0x5e, 0x0, 0x7a, 0xde, 0x80, 0x3d, 0x74,
    0x1, 0xf, 0xb8, 0x1, 0x7c, 0xc0, 0x3f, 0xf8,
    0x82, 0x1, 0xfd, 0xe0, 0xd, 0x0, 0x91, 0xd9,
    0xdc, 0x1, 0x4a, 0x4d, 0x38, 0x0,

    /* U+00FA "ú" */
    0x0, 0xd7, 0xa2, 0x1, 0xa1, 0xf0, 0x40, 0x34,
    0x60, 0x80, 0x7, 0xdc, 0x0, 0xbe, 0x60, 0x1f,
    0xfc, 0x41, 0x0, 0xfe, 0xf0, 0x6, 0x80, 0x48,
    0xec, 0xee, 0x0, 0xa5, 0x26, 0x9c, 0x0,

    /* U+00FB "û" */
    0x0, 0xf, 0x79, 0x0, 0x6d, 0x9a, 0xf1, 0x0,
    0xb1, 0xd7, 0x44, 0x7, 0xdc, 0x0, 0xbe, 0x60,
    0x1f, 0xfc, 0x41, 0x0, 0xfe, 0xf0, 0x6, 0x80,
    0x48, 0xec, 0xee, 0x0, 0xa5, 0x26, 0x9c, 0x0,

    /* U+00FC "ü" */
    0x0, 0x53, 0xae, 0x0, 0x6f, 0x47, 0xa0, 0xc,
    0xa6, 0x4c, 0x0, 0x1f, 0x70, 0x2, 0xf9, 0x80,
    0x7f, 0xf1, 0x4, 0x3, 0xfb, 0xc0, 0x1a, 0x1,
    0x23, 0xb3, 0xb8, 0x2, 0x94, 0x9a, 0x70, 0x0,

    /* U+00FD "ý" */
    0x0, 0xcf, 0xc6, 0x1, 0x92, 0x70, 0xc0, 0x32,
    0x71, 0x0, 0x5b, 0x40, 0x15, 0x60, 0x52, 0x88,
    0x1, 0x68, 0x18, 0x1c, 0x18, 0x1c, 0x5, 0x28,
    0x29, 0x44, 0x1, 0xc6, 0xa7, 0xc0, 0x12, 0x8d,
    0xa, 0x0, 0x67, 0x6, 0x0, 0xef, 0xa, 0x0,
    0xa5, 0xad, 0x48, 0x2, 0x29, 0x6b, 0x0, 0x80,

    /* U+00FE "þ" */
    0xf, 0x70, 0xf, 0xfe, 0x5e, 0xe7, 0xea, 0x80,
    0x4a, 0xd2, 0x34, 0x60, 0x4, 0xa6, 0xc1, 0x90,
    0x1, 0x80, 0x44, 0xc0, 0x3, 0x0, 0x89, 0x80,
    0x9, 0x4f, 0x83, 0x20, 0x6, 0x64, 0xd, 0x18,
    0x3, 0xb3, 0xf5, 0x40, 0x3f, 0xf8, 0xa0,

    /* U+00FF "ÿ" */
    0x0, 0x35, 0x97, 0x8, 0x4, 0xbc, 0x52, 0x20,
    0x11, 0xa8, 0x38, 0x5, 0xb4, 0x1, 0x56, 0x5,
    0x28, 0x80, 0x16, 0x81, 0x81, 0xc1, 0x81, 0xc0,
    0x52, 0x82, 0x94, 0x40, 0x1c, 0x6a, 0x7c, 0x1,
    0x28, 0xd0, 0xa0, 0x6, 0x70, 0x60, 0xe, 0xf0,
    0xa0, 0xa, 0x5a, 0xd4, 0x80, 0x22, 0x96, 0xb0,
    0x8,

    /* U+0100 "Ā" */
    0x0, 0xa7, 0xfe, 0x80, 0xf, 0x4f, 0xfd, 0x0,
    0x1f, 0x3f, 0xb8, 0x7, 0xe9, 0xa, 0x0, 0xf9,
    0x45, 0x89, 0x0, 0x3d, 0x25, 0x23, 0xe0, 0x1c,
    0x47, 0x40, 0xc8, 0x40, 0x1a, 0xc1, 0x46, 0x82,
    0xc0, 0x33, 0x6, 0xf6, 0x83, 0x0, 0x4c, 0x13,
    0x77, 0x48, 0x30, 0x2, 0xcd, 0x91, 0x26, 0x2b,
    0x0,

    /* U+0101 "ā" */
    0x7, 0xff, 0xa4, 0x0, 0xff, 0xf4, 0x80, 0x23,
    0x7f, 0x50, 0x0, 0xaa, 0x90, 0xb1, 0xd, 0x86,
    0xe0, 0x50, 0x8d, 0xec, 0x1, 0x57, 0x8c, 0xb0,
    0x1, 0x80, 0x5c, 0x0, 0x66, 0x5e, 0x10, 0x0,

    /* U+0102 "Ă" */
    0x0, 0x91, 0x0, 0x86, 0x1, 0xe6, 0xfe, 0xf2,
    0x0, 0xf1, 0x5f, 0x58, 0x80, 0x7c, 0xfe, 0xe0,
    0x1f, 0xa4, 0x28, 0x3, 0xe5, 0x16, 0x24, 0x0,
    0xf4, 0x94, 0x8f, 0x80, 0x71, 0x1d, 0x3, 0x21,
    0x0, 0x6b, 0x5, 0x1a, 0xb, 0x0, 0xcc, 0x1b,
    0xda, 0xc, 0x1, 0x30, 0x4d, 0xdd, 0x20, 0xc0,
    0xb, 0x36, 0x44, 0x98, 0xac, 0x0,

    /* U+0103 "ă" */
    0x6, 0xa0, 0x88, 0x0, 0x18, 0x38, 0xe4, 0x2,
    0xae, 0xb1, 0x0, 0x46, 0xfe, 0xa0, 0x1, 0x55,
    0x21, 0x62, 0x1b, 0xd, 0xc0, 0xa1, 0x1b, 0xd8,
    0x2, 0xaf, 0x19, 0x60, 0x3, 0x0, 0xb8, 0x0,
    0xcc, 0xbc, 0x20, 0x0,

    /* U+0104 "Ą" */
    0x0, 0xcf, 0xee, 0x1, 0xfa, 0x42, 0x80, 0x3e,
    0x51, 0x62, 0x40, 0xf, 0x49, 0x48, 0xf8, 0x7,
    0x11, 0xd0, 0x32, 0x10, 0x6, 0xb0, 0x51, 0xa0,
    0xb0, 0xc, 0xc1, 0xbd, 0xa0, 0xc0, 0x13, 0x4,
    0xdd, 0xd2, 0xc, 0x0, 0xb3, 0x64, 0x49, 0x8a,
    0xc0, 0x1b, 0x80, 0x18, 0x45, 0x0, 0x1f, 0x91,
    0xd4, 0x3, 0xf2, 0x3f, 0x10,

    /* U+0105 "ą" */
    0x8, 0xdf, 0xd4, 0x0, 0x2a, 0xa4, 0x2c, 0x43,
    0x61, 0xb8, 0x14, 0x23, 0x7b, 0x0, 0x55, 0xe3,
    0x2c, 0x0, 0x60, 0x6d, 0xe0, 0x6, 0x64, 0x51,
    0x80, 0x53, 0xdc, 0x38, 0x50, 0xc, 0x8e, 0x1,
    0xcd, 0xcc,

    /* U+0106 "Ć" */
    0x0, 0xe5, 0x70, 0xf, 0x44, 0xa8, 0x7, 0xa3,
    0x8, 0x3, 0x25, 0xf7, 0xd9, 0x80, 0x16, 0xd5,
    0xd9, 0x98, 0x21, 0x47, 0xd3, 0x2d, 0xc1, 0x50,
    0x80, 0xc, 0x60, 0x40, 0xa0, 0x1e, 0x20, 0x50,
    0xf, 0x28, 0x40, 0x6, 0x30, 0x5, 0x1e, 0xc4,
    0x37, 0x8, 0x16, 0xd9, 0xdc, 0x36, 0x40,

    /* U+0107 "ć" */
    0x0, 0x8b, 0xe0, 0x3, 0x7b, 0xc0, 0x6, 0xd8,
    0x0, 0x8a, 0xff, 0xa4, 0x1, 0x8b, 0xc, 0xd8,
    0x75, 0xe3, 0x5b, 0x80, 0xc0, 0x4, 0x1c, 0x6,
    0x0, 0x20, 0x61, 0xd7, 0x8d, 0x60, 0xc5, 0x86,
    0x68,

    /* U+0108 "Ĉ" */
    0x0, 0xce, 0xe0, 0xf, 0x5f, 0xf5, 0x0, 0x75,
    0xc4, 0xd0, 0x6, 0x4b, 0xef, 0xb3, 0x0, 0x2d,
    0xab, 0xb3, 0x30, 0x42, 0x8f, 0xa6, 0x5b, 0x82,
    0xa1, 0x0, 0x18, 0xc0, 0x81, 0x40, 0x3c, 0x40,
    0xa0, 0x1e, 0x50, 0x80, 0xc, 0x60, 0xa, 0x3d,
    0x88, 0x6e, 0x10, 0x2d, 0xb3, 0xb8, 0x6c, 0x80,

    /* U+0109 "ĉ" */
    0x0, 0x37, 0xd8, 0x4, 0x71, 0x81, 0x0, 0x3,
    0xe3, 0xb8, 0x0, 0x15, 0xff, 0x48, 0x3, 0x16,
    0x19, 0xb0, 0xeb, 0xc6, 0xb7, 0x1, 0x80, 0x8,
    0x38, 0xc, 0x0, 0x40, 0xc3, 0xaf, 0x1a, 0xc1,
    0x8b, 0xc, 0xd0,

    /* U+010A "Ċ" */
    0x0, 0xd7, 0x20, 0x1f, 0x1f, 0x0, 0x7d, 0xe,
    0x1, 0xc9, 0x7d, 0xf6, 0x60, 0x5, 0xb5, 0x76,
    0x66, 0x8, 0x51, 0xf4, 0xcb, 0x70, 0x54, 0x20,
    0x3, 0x18, 0x10, 0x28, 0x7, 0x88, 0x14, 0x3,
    0xca, 0x10, 0x1, 0x8c, 0x1, 0x47, 0xb1, 0xd,
    0xc2, 0x5, 0xb6, 0x77, 0xd, 0x90,

    /* U+010B "ċ" */
    0x0, 0xb9, 0x40, 0x39, 0x44, 0x3, 0xad, 0x0,
    0x22, 0xbf, 0xe9, 0x0, 0x62, 0xc3, 0x36, 0x1d,
    0x78, 0xd6, 0xe0, 0x30, 0x1, 0x7, 0x1, 0x80,
    0x8, 0x18, 0x75, 0xe3, 0x58, 0x31, 0x61, 0x9a,

    /* U+010C "Č" */
    0x0, 0x9c, 0x49, 0xc0, 0x38, 0xf3, 0xd0, 0x3,
    0x93, 0x74, 0x60, 0x19, 0x2f, 0xbe, 0xcc, 0x0,
    0xb6, 0xae, 0xcc, 0xc1, 0xa, 0x3e, 0x99, 0x6e,
    0xa, 0x84, 0x0, 0x63, 0x2, 0x5, 0x0, 0xf1,
    0x2, 0x80, 0x79, 0x42, 0x0, 0x31, 0x80, 0x28,
    0xf6, 0x21, 0xb8, 0x40, 0xb6, 0xce, 0xe1, 0xb2,

    /* U+010D "č" */
    0x3, 0xe4, 0xc9, 0x0, 0x1c, 0x58, 0x48, 0x4,
    0xdf, 0x80, 0x11, 0x5f, 0xf4, 0x80, 0x31, 0x61,
    0x9b, 0xe, 0xbc, 0x6b, 0x70, 0x18, 0x0, 0x83,
    0x80, 0xc0, 0x4, 0xc, 0x3a, 0xf1, 0xac, 0x18,
    0xb0, 0xcd, 0x0,

    /* U+010E "Ď" */
    0x4, 0x50, 0x54, 0x0, 0xc9, 0xd9, 0xc8, 0x1,
    0xd7, 0x96, 0x1, 0xbb, 0xfe, 0xeb, 0x30, 0x8,
    0xa6, 0x4c, 0xb8, 0x80, 0x6, 0x6a, 0x38, 0xa8,
    0x3, 0xe8, 0x14, 0x0, 0xf3, 0x0, 0x80, 0x79,
    0x80, 0x40, 0x3d, 0x2, 0x80, 0xcd, 0x47, 0x15,
    0x80, 0xa, 0x64, 0xcb, 0x8a, 0x0,

    /* U+010F "ď" */
    0x0, 0xe3, 0xf4, 0xb7, 0x0, 0xfe, 0x20, 0xf,
    0xda, 0xe0, 0x59, 0xfb, 0x60, 0x6, 0x21, 0xc2,
    0x85, 0x70, 0xc, 0xe3, 0x4f, 0xe, 0x1, 0xb8,
    0x10, 0x1, 0x80, 0x1b, 0x80, 0xc0, 0x6, 0x1,
    0x9c, 0x79, 0x5e, 0x0, 0x30, 0xe0, 0xd5, 0x1c,
    0x3, 0x0,

    /* U+0110 "Đ" */
    0xc, 0xff, 0xba, 0xd0, 0x3, 0xc, 0xc9, 0x99,
    0x6c, 0x1, 0x1b, 0x32, 0x35, 0x24, 0x40, 0x3e,
    0x80, 0x7f, 0x32, 0xff, 0x0, 0x8, 0x7, 0xc,
    0xb3, 0x0, 0x2, 0x1, 0x30, 0x1, 0x98, 0x1,
    0x0, 0xe0, 0x3, 0x66, 0x46, 0xa4, 0x88, 0x0,
    0x66, 0x4e, 0xd6, 0xc0,

    /* U+0111 "đ" */
    0x0, 0xe3, 0xf4, 0x0, 0xd3, 0xf8, 0x16, 0x80,
    0x14, 0xf5, 0x85, 0xa0, 0x16, 0x7e, 0x60, 0x2,
    0x1c, 0x28, 0x57, 0x0, 0x9c, 0x69, 0xe1, 0xc0,
    0x2e, 0x4, 0x0, 0x60, 0x5, 0xc0, 0x60, 0x3,
    0x0, 0x9c, 0x79, 0x5e, 0x0, 0x21, 0xc1, 0xaa,
    0x38, 0x4,

    /* U+0112 "Ē" */
    0xd, 0xff, 0x90, 0x1, 0xbf, 0xf2, 0x7, 0x7f,
    0xf2, 0x1, 0x4c, 0xe5, 0x6, 0x6e, 0x10, 0x0,
    0x8e, 0x0, 0x27, 0x75, 0xa0, 0x3, 0xbb, 0xbc,
    0x0, 0xe8, 0x91, 0x80, 0x19, 0xb8, 0x80, 0xa6,
    0x72, 0x0,

    /* U+0113 "ē" */
    0x5, 0xff, 0xb0, 0x2, 0x5f, 0xfb, 0x0, 0x22,
    0xbf, 0xe7, 0x0, 0xe, 0x35, 0x34, 0x30, 0x38,
    0xfa, 0xc3, 0x58, 0x70, 0x6f, 0xf9, 0x88, 0x38,
    0x2f, 0x76, 0xe0, 0x61, 0x95, 0x57, 0xa8, 0x3,
    0x1a, 0x20, 0xea, 0x0,

    /* U+0114 "Ĕ" */
    0x6, 0x20, 0x61, 0x0, 0x17, 0xf7, 0x88, 0x1,
    0x37, 0xa4, 0x1, 0xdf, 0xfc, 0x80, 0x53, 0x39,
    0x41, 0x9b, 0x84, 0x0, 0x23, 0x80, 0x9, 0xdd,
    0x68, 0x0, 0xee, 0xef, 0x0, 0x3a, 0x24, 0x60,
    0x6, 0x6e, 0x20, 0x29, 0x9c, 0x80,

    /* U+0115 "ĕ" */
    0x3, 0xd0, 0x6b, 0x0, 0x8d, 0x7a, 0xa4, 0x3,
    0x47, 0x61, 0x0, 0x45, 0x7f, 0xce, 0x0, 0x1c,
    0x6a, 0x68, 0x60, 0x71, 0xf5, 0x86, 0xb0, 0xe0,
    0xdf, 0xf3, 0x10, 0x70, 0x5e, 0xed, 0xc0, 0xc3,
    0x2a, 0xaf, 0x50, 0x6, 0x34, 0x41, 0xd4, 0x0,

    /* U+0116 "Ė" */
    0x0, 0x2d, 0x0, 0x71, 0xb8, 0x7, 0x36, 0x80,
    0x5d, 0xff, 0xc8, 0x5, 0x33, 0x94, 0x19, 0xb8,
    0x40, 0x2, 0x38, 0x0, 0x9d, 0xd6, 0x80, 0xe,
    0xee, 0xf0, 0x3, 0xa2, 0x46, 0x0, 0x66, 0xe2,
    0x2, 0x99, 0xc8,

    /* U+0117 "ė" */
    0x0, 0xb9, 0x80, 0x3c, 0xa4, 0x1, 0xeb, 0x40,
    0xc, 0x57, 0xfc, 0xe0, 0x1, 0xc6, 0xa6, 0x86,
    0x7, 0x1f, 0x58, 0x6b, 0xe, 0xd, 0xff, 0x31,
    0x7, 0x5, 0xee, 0xdc, 0xc, 0x32, 0xaa, 0xf5,
    0x0, 0x63, 0x44, 0x1d, 0x40,

    /* U+0118 "Ę" */
    0xef, 0xfe, 0x40, 0x29, 0x9c, 0xa0, 0xcd, 0xc2,
    0x0, 0x11, 0xc0, 0x4, 0xee, 0xb4, 0x0, 0x77,
    0x77, 0x80, 0x1d, 0x12, 0x30, 0x3, 0x37, 0x10,
    0x14, 0xce, 0x4e, 0xff, 0x9d, 0x98, 0x1, 0x9e,
    0x0, 0x39, 0xfd, 0xc0,

    /* U+0119 "ę" */
    0x2, 0xbf, 0xe7, 0x0, 0xe, 0x35, 0x34, 0x30,
    0x38, 0xfa, 0xc3, 0x58, 0x70, 0x6f, 0xf9, 0x88,
    0x38, 0x2f, 0x76, 0xe0, 0x61, 0x95, 0x57, 0xa8,
    0x3, 0x1a, 0x20, 0xa, 0x0, 0x2b, 0xf1, 0xc1,
    0x0, 0xc6, 0x61, 0x0, 0xe3, 0x6e, 0x40,

    /* U+011A "Ě" */
    0x6, 0x30, 0x71, 0x0, 0x27, 0x60, 0x88, 0x0,
    0x5b, 0x8c, 0x0, 0xef, 0xfe, 0x40, 0x29, 0x9c,
    0xa0, 0xcd, 0xc2, 0x0, 0x11, 0xc0, 0x4, 0xee,
    0xb4, 0x0, 0x77, 0x77, 0x80, 0x1d, 0x12, 0x30,
    0x3, 0x37, 0x10, 0x14, 0xce, 0x40,

    /* U+011B "ě" */
    0x3, 0xe4, 0xba, 0x0, 0x8e, 0x2d, 0xe8, 0x3,
    0x37, 0xe0, 0x6, 0x2b, 0xfe, 0x70, 0x0, 0xe3,
    0x53, 0x43, 0x3, 0x8f, 0xac, 0x35, 0x87, 0x6,
    0xff, 0x98, 0x83, 0x82, 0xf7, 0x6e, 0x6, 0x19,
    0x55, 0x7a, 0x80, 0x31, 0xa2, 0xe, 0xa0,

    /* U+011C "Ĝ" */
    0x0, 0xce, 0xe0, 0xf, 0x5f, 0xf5, 0x80, 0x75,
    0xc4, 0xd8, 0x6, 0x3b, 0xef, 0xc5, 0x0, 0x2e,
    0x2b, 0xb8, 0x68, 0xc2, 0x8f, 0xa6, 0x36, 0xcd,
    0x42, 0x0, 0x32, 0x1, 0x2, 0x80, 0x43, 0x26,
    0x40, 0xa0, 0x11, 0xb3, 0x14, 0x20, 0x3, 0xea,
    0x3e, 0x88, 0x70, 0x4, 0xb8, 0xae, 0xe0, 0xa5,

    /* U+011D "ĝ" */
    0x0, 0x17, 0x79, 0x0, 0x6e, 0x89, 0xf0, 0xd,
    0x8c, 0xcd, 0x0, 0x8a, 0xff, 0x5f, 0xd4, 0x71,
    0xa6, 0xe4, 0x0, 0xe3, 0xcc, 0xcb, 0x0, 0x70,
    0x18, 0x1, 0xc0, 0x1c, 0x6, 0x0, 0x40, 0x3,
    0x8e, 0xbc, 0x48, 0x0, 0x71, 0x61, 0x5c, 0x4,
    0xe, 0xff, 0x74, 0xc, 0x1f, 0x4c, 0xf6, 0x64,
    0x12, 0xd3, 0x24, 0xd0,

    /* U+011E "Ğ" */
    0x0, 0x9c, 0x5, 0xc0, 0x3d, 0xb8, 0x20, 0x1c,
    0xfb, 0xa6, 0x0, 0xc7, 0x7d, 0xf8, 0xa0, 0x5,
    0xc5, 0x77, 0xd, 0x18, 0x51, 0xf4, 0xc6, 0xd9,
    0xa8, 0x40, 0x6, 0x40, 0x20, 0x50, 0x8, 0x64,
    0xc8, 0x14, 0x2, 0x36, 0x62, 0x84, 0x0, 0x7d,
    0x47, 0xd1, 0xe, 0x0, 0x97, 0x15, 0xdc, 0x14,
    0xa0,

    /* U+011F "ğ" */
    0x0, 0x78, 0x3, 0xc0, 0x32, 0x2a, 0x18, 0x6,
    0x99, 0xb8, 0x2, 0x29, 0x30, 0x5f, 0x51, 0xc6,
    0x9b, 0x90, 0x3, 0x8f, 0x33, 0x2c, 0x1, 0xc0,
    0x60, 0x7, 0x0, 0x70, 0x18, 0x1, 0x0, 0xe,
    0x3a, 0xf1, 0x20, 0x1, 0xc5, 0x85, 0x70, 0x10,
    0x3b, 0xfd, 0xd0, 0x30, 0x7d, 0x33, 0xd9, 0x90,
    0x4b, 0x4c, 0x93, 0x40,

    /* U+0120 "Ġ" */
    0x0, 0xd7, 0x20, 0x1f, 0x1f, 0x0, 0x7d, 0xe,
    0x1, 0xc7, 0x7d, 0xf8, 0xa0, 0x5, 0xc5, 0x77,
    0xd, 0x18, 0x51, 0xf4, 0xc6, 0xd9, 0xa8, 0x40,
    0x6, 0x40, 0x20, 0x50, 0x8, 0x64, 0xc8, 0x14,
    0x2, 0x36, 0x62, 0x84, 0x0, 0x7d, 0x47, 0xd1,
    0xe, 0x0, 0x97, 0x15, 0xdc, 0x14, 0xa0,

    /* U+0121 "ġ" */
    0x0, 0xaa, 0x80, 0x1e, 0xd2, 0x0, 0xf3, 0xc0,
    0x6, 0x2b, 0xfd, 0x7f, 0x51, 0xc6, 0x9b, 0x90,
    0x3, 0x8f, 0x33, 0x2c, 0x1, 0xc0, 0x60, 0x7,
    0x0, 0x70, 0x18, 0x1, 0x0, 0xe, 0x3a, 0xf1,
    0x20, 0x1, 0xc5, 0x85, 0x70, 0x10, 0x3b, 0xfd,
    0xd0, 0x30, 0x7d, 0x33, 0xd9, 0x90, 0x4b, 0x4c,
    0x93, 0x40,

    /* U+0122 "Ģ" */
    0x0, 0x1d, 0xf7, 0xe2, 0x80, 0x17, 0x15, 0xdc,
    0x34, 0x61, 0x47, 0xd3, 0x1b, 0x66, 0xa1, 0x0,
    0x19, 0x0, 0x81, 0x40, 0x21, 0x93, 0x20, 0x50,
    0x8, 0xd9, 0x8a, 0x10, 0x1, 0xf5, 0x1f, 0x44,
    0x38, 0x2, 0x5c, 0x57, 0x70, 0x52, 0x80, 0xe,
    0xff, 0xd8, 0xa0, 0x1d, 0x6e, 0x1, 0xf1, 0x90,
    0x7, 0xd6, 0xa0, 0x10,

    /* U+0123 "ģ" */
    0x0, 0x92, 0x40, 0x3d, 0xc0, 0x1f, 0x7e, 0x0,
    0x62, 0xba, 0x87, 0xf5, 0x1c, 0x69, 0xb9, 0x0,
    0x38, 0xf3, 0x32, 0xc0, 0x1c, 0x6, 0x0, 0x70,
    0x7, 0x1, 0x80, 0x10, 0x0, 0xe3, 0xaf, 0x12,
    0x0, 0x1c, 0x58, 0x57, 0x1, 0x3, 0xbf, 0xdd,
    0x3, 0x7, 0xd3, 0x3d, 0x99, 0x4, 0xb4, 0xc9,
    0x34, 0x0,

    /* U+0124 "Ĥ" */
    0x0, 0x9d, 0x80, 0x30, 0xe0, 0x64, 0x80, 0x43,
    0x8f, 0x52, 0x0, 0xeb, 0x0, 0xdf, 0x20, 0x1f,
    0xfc, 0x62, 0x2c, 0x1, 0x26, 0xee, 0x0, 0x8e,
    0xab, 0x0, 0x4e, 0xab, 0x80, 0x3f, 0xf8, 0xc0,

    /* U+0125 "ĥ" */
    0x7, 0xed, 0x10, 0xc, 0x41, 0xd2, 0xe0, 0x18,
    0x9f, 0xcd, 0x80, 0x3f, 0xf9, 0xbb, 0x7f, 0xa8,
    0x1, 0x94, 0x60, 0xe8, 0x3, 0x25, 0x3d, 0x89,
    0x80, 0x46, 0x0, 0x60, 0x70, 0xb, 0xc0, 0x3f,
    0xf9, 0x60,

    /* U+0126 "Ħ" */
    0xc, 0xd0, 0xd, 0xb6, 0x1e, 0x65, 0xff, 0x89,
    0x3b, 0xc, 0xb3, 0x30, 0x9e, 0x18, 0x0, 0x47,
    0x1b, 0x90, 0x0, 0xb7, 0x71, 0x0, 0x62, 0xaa,
    0xc2, 0x1, 0xca, 0xb8, 0xc0, 0x3f, 0xf9, 0x40,

    /* U+0127 "ħ" */
    0xf, 0x70, 0xe, 0xf0, 0x8f, 0xd0, 0xb, 0x81,
    0xfb, 0x40, 0x21, 0x2, 0xaf, 0xd4, 0x0, 0x94,
    0x60, 0xe8, 0x2, 0x4a, 0x7b, 0x13, 0x0, 0x18,
    0x1, 0x81, 0xc0, 0x1e, 0x1, 0xff, 0xc9,

    /* U+0128 "Ĩ" */
    0xb, 0xc1, 0xd0, 0x21, 0xfc, 0x50, 0x2a, 0x3d,
    0x80, 0xb, 0xac, 0x3, 0xff, 0xcc,

    /* U+0129 "ĩ" */
    0xb, 0xb2, 0xc0, 0xf, 0xc5, 0x85, 0x26, 0x98,
    0x3, 0xdc, 0x3, 0xff, 0xa6,

    /* U+012A "Ī" */
    0xcf, 0xf4, 0xe7, 0xfa, 0x43, 0xac, 0x3, 0xff,
    0xaa,

    /* U+012B "ī" */
    0xef, 0xf3, 0x77, 0xf9, 0x83, 0xdc, 0x3, 0xff,
    0x9a,

    /* U+012C "Ĭ" */
    0x7, 0x1, 0x70, 0xfd, 0xc1, 0x8, 0xdd, 0x30,
    0x3, 0xac, 0x3, 0xff, 0xba,

    /* U+012D "ĭ" */
    0xe, 0x19, 0x60, 0x8c, 0x26, 0x6, 0xdb, 0x0,
    0xbd, 0xc0, 0x3f, 0xfa, 0x60,

    /* U+012E "Į" */
    0xe, 0xb0, 0xf, 0xfe, 0xb2, 0xf8, 0x1, 0x10,
    0x0, 0x5d, 0x0,

    /* U+012F "į" */
    0x1e, 0x80, 0x3f, 0x1d, 0x70, 0xf7, 0x0, 0xff,
    0xe3, 0x92, 0x98, 0x11, 0x8d, 0x0,

    /* U+0130 "İ" */
    0x96, 0x2e, 0xb8, 0xeb, 0x0, 0xff, 0xe2, 0x0,

    /* U+0131 "ı" */
    0xf, 0x70, 0xf, 0xfe, 0x30,

    /* U+0132 "Ĳ" */
    0xf, 0x90, 0xb, 0xe4, 0x3, 0xff, 0x9a, 0x20,
    0x1f, 0x74, 0x80, 0x61, 0x0, 0xe4, 0xd, 0xd,
    0xb8, 0x85, 0x92, 0x84, 0x3b, 0x31, 0x70, 0x0,

    /* U+0133 "ĳ" */
    0x1e, 0x80, 0x7e, 0x10, 0x3f, 0x0, 0x18, 0xe,
    0xb8, 0x3e, 0x88, 0x7b, 0x83, 0xf8, 0x7, 0xff,
    0x83, 0xdc, 0x3, 0xc6, 0xd4, 0x40, 0x12, 0xc8,
    0x70, 0x0,

    /* U+0134 "Ĵ" */
    0x0, 0x9d, 0xc0, 0x1a, 0xfb, 0x96, 0x1, 0x5c,
    0xca, 0xc0, 0x9, 0xff, 0x90, 0x16, 0x64, 0xc0,
    0x10, 0xb3, 0x34, 0x3, 0xff, 0x98, 0x40, 0x2,
    0x6, 0xc, 0xb7, 0xb1, 0x20, 0xa6, 0x81, 0xd0,

    /* U+0135 "ĵ" */
    0x0, 0x1f, 0xe0, 0x5, 0xf2, 0xee, 0x0, 0x63,
    0x5b, 0x80, 0x5f, 0x20, 0x1f, 0xfd, 0xd1, 0x0,
    0x33, 0x86, 0x80, 0x2e, 0x15, 0x40,

    /* U+0136 "Ķ" */
    0xeb, 0x0, 0xa7, 0xcc, 0x3, 0x43, 0x59, 0x80,
    0x4c, 0xf2, 0x80, 0x12, 0xcb, 0xb0, 0x4, 0xd4,
    0x1c, 0x1, 0x89, 0xe, 0x4c, 0x2, 0x2b, 0xd1,
    0xe0, 0x9, 0x80, 0x74, 0xa8, 0x3, 0x8e, 0x55,
    0xba, 0xc0, 0x26, 0xf6, 0x0, 0xf, 0x10, 0x7,
    0x9, 0x90, 0x7, 0xa4, 0x3, 0x0,

    /* U+0137 "ķ" */
    0xf, 0x70, 0xf, 0xfe, 0x68, 0xee, 0x84, 0x2,
    0x1c, 0x3f, 0x10, 0x7, 0xe9, 0x61, 0x0, 0x4e,
    0x60, 0x1e, 0x1b, 0x1e, 0x0, 0xd2, 0x94, 0x70,
    0x1, 0xc8, 0xee, 0x40, 0xf7, 0x0, 0x47, 0xa0,
    0x5, 0x8a, 0x1, 0xe6, 0x10, 0xf, 0x72, 0x0,
    0x40,

    /* U+0138 "ĸ" */
    0xf, 0x70, 0x1d, 0xd0, 0x80, 0x43, 0x87, 0xe2,
    0x0, 0xfd, 0x2c, 0x20, 0x9, 0xcc, 0x3, 0xc3,
    0x63, 0xc0, 0x1a, 0x52, 0x8e, 0x0, 0x39, 0x1d,
    0xc8,

    /* U+0139 "Ĺ" */
    0x0, 0x33, 0x80, 0x74, 0x53, 0x0, 0x74, 0x60,
    0x80, 0x77, 0x58, 0x7, 0xff, 0xad, 0x9b, 0x80,
    0x22, 0x99, 0xc2,

    /* U+013A "ĺ" */
    0x0, 0x33, 0x0, 0xf, 0x8, 0x1, 0x61, 0x0,
    0x21, 0x40, 0x3f, 0xfc, 0x60,

    /* U+013B "Ļ" */
    0xeb, 0x0, 0xff, 0xf2, 0x33, 0x70, 0x0, 0xa6,
    0x70, 0xf7, 0xff, 0x8, 0x1, 0x70, 0x3, 0x9d,
    0xc0, 0x1c, 0x72, 0x1, 0x0,

    /* U+013C "ļ" */
    0xf, 0x70, 0xf, 0xfe, 0x87, 0xb8, 0x6a, 0x3,
    0x38, 0x79, 0x80,

    /* U+013D "Ľ" */
    0x0, 0xd8, 0xa1, 0xd6, 0x1, 0x8, 0x7, 0x52,
    0x80, 0x73, 0x8, 0x7, 0xff, 0x49, 0x9b, 0x80,
    0x5, 0x33, 0x84,

    /* U+013E "ľ" */
    0xf, 0x78, 0xa0, 0xc, 0x60, 0x16, 0x68, 0x4,
    0x88, 0x0, 0xff, 0xe9, 0x0,

    /* U+013F "Ŀ" */
    0xeb, 0x0, 0xff, 0xe5, 0x1f, 0x18, 0x6, 0x10,
    0x10, 0xc, 0x5c, 0x40, 0x1f, 0xcc, 0xdc, 0x0,
    0x29, 0x9c, 0x20,

    /* U+0140 "ŀ" */
    0xf, 0x70, 0xf, 0xfe, 0x43, 0x38, 0x5, 0xfa,
    0x1, 0x4d, 0x0, 0x7f, 0xf0, 0xc0,

    /* U+0141 "Ł" */
    0x0, 0x66, 0x80, 0x7f, 0xf1, 0xb2, 0x0, 0x3c,
    0x4b, 0x0, 0x19, 0x4c, 0xa4, 0x3, 0xbc, 0x40,
    0x3e, 0xa2, 0x0, 0xfe, 0x36, 0x6c, 0x20, 0x10,
    0xcc, 0xe2,

    /* U+0142 "ł" */
    0x0, 0x74, 0x80, 0x7f, 0xf0, 0x95, 0x80, 0x23,
    0x10, 0x71, 0x57, 0xa, 0x3, 0x0, 0x68, 0x80,
    0x7f, 0xf0, 0x0,

    /* U+0143 "Ń" */
    0x0, 0xcc, 0xc0, 0xe, 0x9d, 0x70, 0xe, 0x9b,
    0x10, 0x7, 0x60, 0x6, 0xf9, 0x3, 0x80, 0xf,
    0x9d, 0x0, 0x39, 0xa, 0x88, 0x3, 0xf, 0x8f,
    0x0, 0x71, 0x51, 0xc8, 0x7, 0x2b, 0x30, 0x3,
    0xd2, 0x60, 0x1f, 0x70, 0x80,

    /* U+0144 "ń" */
    0x0, 0xd5, 0xa2, 0x1, 0x9d, 0xb0, 0x40, 0x33,
    0xe0, 0x80, 0x5f, 0x39, 0xfa, 0x80, 0x13, 0x24,
    0x85, 0x0, 0x4b, 0xd, 0x2, 0x60, 0xd, 0x0,
    0x30, 0x38, 0x7, 0xff, 0x30,

    /* U+0145 "Ņ" */
    0xec, 0x0, 0xdf, 0x20, 0x70, 0x1, 0xf3, 0xa0,
    0x7, 0x21, 0x51, 0x0, 0x61, 0xf1, 0xe0, 0xe,
    0x2a, 0x39, 0x0, 0xe5, 0x66, 0x0, 0x7a, 0x4c,
    0x3, 0xee, 0x10, 0xea, 0x0, 0x8b, 0xa4, 0x2,
    0xb6, 0x0, 0xf1, 0x18, 0x7, 0xa9, 0x40, 0x20,

    /* U+0146 "ņ" */
    0xf, 0x9c, 0xfd, 0x40, 0x9, 0x92, 0x42, 0x80,
    0x25, 0x86, 0x81, 0x30, 0x6, 0x80, 0x18, 0x1c,
    0x3, 0xff, 0x9b, 0xee, 0x0, 0x3f, 0x40, 0x9,
    0xac, 0x3, 0xc4, 0x20, 0x1e, 0x68, 0x0, 0x80,

    /* U+0147 "Ň" */
    0x1, 0x70, 0x26, 0x0, 0x84, 0x5b, 0xe8, 0x1,
    0x9b, 0x74, 0x40, 0xe, 0xc0, 0xd, 0xf2, 0x7,
    0x0, 0x1f, 0x3a, 0x0, 0x72, 0x15, 0x10, 0x6,
    0x1f, 0x1e, 0x0, 0xe2, 0xa3, 0x90, 0xe, 0x56,
    0x60, 0x7, 0xa4, 0xc0, 0x3e, 0xe1, 0x0,

    /* U+0148 "ň" */
    0x0, 0x5c, 0xb7, 0x8, 0x5, 0x49, 0x3a, 0x20,
    0x10, 0xef, 0x98, 0x5, 0xf3, 0x9f, 0xa8, 0x1,
    0x32, 0x48, 0x50, 0x4, 0xb0, 0xd0, 0x26, 0x0,
    0xd0, 0x3, 0x3, 0x80, 0x7f, 0xf3, 0x0,

    /* U+0149 "ŉ" */
    0xd, 0x90, 0xf, 0x84, 0x88, 0x1, 0xf0, 0xae,
    0x80, 0x7e, 0x42, 0xf9, 0xdf, 0xb2, 0x0, 0x73,
    0x82, 0x7e, 0xb7, 0x0, 0x75, 0x91, 0x28, 0xc0,
    0x38, 0x80, 0x2, 0x2, 0x1, 0xff, 0xd2,

    /* U+014A "Ŋ" */
    0xec, 0x0, 0xdf, 0x20, 0x70, 0x1, 0xf3, 0xa0,
    0x7, 0x21, 0x51, 0x0, 0x61, 0xf1, 0xe0, 0xe,
    0x2a, 0x39, 0x0, 0xe5, 0x66, 0x0, 0x7a, 0x4c,
    0x3, 0xee, 0x0, 0x75, 0x0, 0x81, 0x87, 0x0,
    0xb, 0xe2, 0x81, 0x0, 0x6, 0x8c, 0xb2, 0x60,

    /* U+014B "ŋ" */
    0xf, 0x9c, 0xfd, 0x30, 0x9, 0x92, 0x43, 0x40,
    0x25, 0x86, 0x81, 0x30, 0x6, 0x80, 0x18, 0x1c,
    0x3, 0xff, 0x9b, 0xee, 0x1, 0xfc, 0xf2, 0xa,
    0x1, 0x1c, 0xa4, 0x88,

    /* U+014C "Ō" */
    0x0, 0xbf, 0xf0, 0x80, 0x77, 0xfe, 0x10, 0xc,
    0x77, 0xdf, 0x88, 0x1, 0x2e, 0x2b, 0xb8, 0x6d,
    0xc0, 0x14, 0x7d, 0x31, 0xa9, 0x2, 0xa1, 0x0,
    0x1a, 0x41, 0x88, 0x14, 0x3, 0x10, 0x79, 0x2,
    0x80, 0x62, 0xf, 0x50, 0x80, 0xd, 0x20, 0xc1,
    0x47, 0xb1, 0xd, 0x48, 0x10, 0x5c, 0x67, 0x70,
    0xdb, 0x80,

    /* U+014D "ō" */
    0x3, 0xff, 0xb8, 0x2, 0x3f, 0xfb, 0x80, 0x22,
    0xbf, 0xe9, 0x0, 0xb1, 0x61, 0x99, 0x40, 0xc3,
    0xaf, 0x10, 0x52, 0xe0, 0x30, 0x1, 0x83, 0x70,
    0x18, 0x0, 0xc1, 0x98, 0x3a, 0xf1, 0x4, 0x20,
    0xc5, 0x86, 0x65, 0x80,

    /* U+014E "Ŏ" */
    0x0, 0x9c, 0x41, 0xc0, 0x3c, 0x39, 0xa0, 0x1f,
    0x36, 0xe9, 0xc0, 0x38, 0xef, 0xbf, 0x10, 0x2,
    0x5c, 0x57, 0x70, 0xdb, 0x80, 0x28, 0xfa, 0x63,
    0x52, 0x5, 0x42, 0x0, 0x34, 0x83, 0x10, 0x28,
    0x6, 0x20, 0xf2, 0x5, 0x0, 0xc4, 0x1e, 0xa1,
    0x0, 0x1a, 0x41, 0x82, 0x8f, 0x62, 0x1a, 0x90,
    0x20, 0xb8, 0xce, 0xe1, 0xb7, 0x0,

    /* U+014F "ŏ" */
    0x1, 0xe1, 0x4c, 0x0, 0x86, 0x3e, 0x7c, 0x3,
    0x37, 0x69, 0x80, 0x45, 0x7f, 0xd2, 0x1, 0x62,
    0xc3, 0x32, 0x81, 0x87, 0x5e, 0x20, 0xa5, 0xc0,
    0x60, 0x3, 0x6, 0xe0, 0x30, 0x1, 0x83, 0x30,
    0x75, 0xe2, 0x8, 0x41, 0x8b, 0xc, 0xcb, 0x0,

    /* U+0150 "Ő" */
    0x0, 0xd4, 0xd1, 0x20, 0x1c, 0xce, 0xaf, 0x60,
    0x1c, 0xda, 0x7e, 0x40, 0x18, 0xef, 0xbf, 0x10,
    0x2, 0x5c, 0x57, 0x70, 0xdb, 0x80, 0x28, 0xfa,
    0x63, 0x52, 0x5, 0x42, 0x0, 0x34, 0x83, 0x10,
    0x28, 0x6, 0x20, 0xf2, 0x5, 0x0, 0xc4, 0x1e,
    0xa1, 0x0, 0x1a, 0x41, 0x82, 0x8f, 0x62, 0x1a,
    0x90, 0x20, 0xb8, 0xce, 0xe1, 0xb7, 0x0,

    /* U+0151 "ő" */
    0x0, 0x17, 0xa7, 0x38, 0x5, 0x50, 0x8, 0xe0,
    0x14, 0x3a, 0x50, 0x4, 0x57, 0xfd, 0x20, 0x16,
    0x2c, 0x33, 0x28, 0x18, 0x75, 0xe2, 0xa, 0x5c,
    0x6, 0x0, 0x30, 0x6e, 0x3, 0x0, 0x18, 0x33,
    0x7, 0x5e, 0x20, 0x84, 0x18, 0xb0, 0xcc, 0xb0,

    /* U+0152 "Œ" */
    0x0, 0x25, 0xf7, 0xff, 0xd8, 0xd, 0x6d, 0x32,
    0x60, 0x79, 0x9c, 0x32, 0x7a, 0xed, 0x81, 0x6c,
    0xd2, 0xa0, 0x40, 0x7, 0x38, 0x8c, 0x4, 0xa,
    0x1, 0xd7, 0xdd, 0x21, 0x1, 0x0, 0x74, 0xdd,
    0xca, 0x81, 0x0, 0x1c, 0xa8, 0x90, 0x8a, 0x53,
    0x5d, 0xb0, 0x2d, 0x9b, 0x3, 0x5b, 0x4c, 0x98,
    0x1e, 0x67, 0x0,

    /* U+0153 "œ" */
    0x2, 0xbf, 0xe8, 0x8, 0xef, 0xa1, 0x0, 0x63,
    0x54, 0xbf, 0x3c, 0xc9, 0x28, 0x18, 0x7d, 0x5e,
    0x6, 0x1d, 0xa9, 0xb, 0x80, 0x80, 0x6, 0x11,
    0xfe, 0xb0, 0x7e, 0x3, 0x0, 0x18, 0x3e, 0xee,
    0x56, 0x1d, 0x78, 0x80, 0xbd, 0x24, 0xd8, 0x3,
    0x16, 0x19, 0xf9, 0xda, 0x5e, 0x80,

    /* U+0154 "Ŕ" */
    0x0, 0x85, 0xd0, 0x3, 0x16, 0x2, 0x0, 0x62,
    0xd7, 0x0, 0xbb, 0xfe, 0xe9, 0x0, 0x8a, 0x64,
    0xed, 0x40, 0x6, 0x6a, 0x59, 0x44, 0x3, 0xb8,
    0x3, 0x8, 0x92, 0x48, 0x41, 0x3b, 0x96, 0x7e,
    0x0, 0x3b, 0xb0, 0xb1, 0x0, 0x1d, 0x11, 0x68,
    0xa0, 0x1c, 0xa9, 0x62,

    /* U+0155 "ŕ" */
    0x0, 0xf, 0x50, 0x5, 0x49, 0x40, 0x15, 0xd0,
    0x5, 0xf1, 0x94, 0x1, 0x3b, 0xbc, 0x2, 0x4b,
    0x50, 0x8, 0xc0, 0x3b, 0xc0, 0x3f, 0xf8, 0x60,

    /* U+0156 "Ŗ" */
    0xef, 0xfb, 0xa4, 0x2, 0x29, 0x93, 0xb5, 0x0,
    0x19, 0xa9, 0x65, 0x10, 0xe, 0xe0, 0xc, 0x22,
    0x49, 0x21, 0x4, 0xee, 0x59, 0xf8, 0x0, 0xee,
    0xc2, 0xc4, 0x0, 0x74, 0x45, 0xa2, 0x80, 0x72,
    0xa5, 0x8f, 0x58, 0x5, 0x7c, 0x20, 0x2, 0xe1,
    0x0, 0xe2, 0x31, 0x0, 0xf4, 0x80, 0x60,

    /* U+0157 "ŗ" */
    0xf, 0x8c, 0xa0, 0x3, 0xbb, 0xc0, 0x9, 0x6a,
    0x0, 0x30, 0xd, 0xe0, 0x1f, 0xfc, 0x1f, 0x70,
    0xb, 0x50, 0x2, 0x67, 0x0, 0xbc, 0xc0, 0x0,

    /* U+0158 "Ř" */
    0x5, 0x60, 0x74, 0x0, 0x96, 0xb6, 0xd0, 0x3,
    0x6f, 0x60, 0x5, 0xdf, 0xd9, 0xd2, 0x1, 0x14,
    0xc9, 0xda, 0x80, 0xc, 0xd4, 0xb2, 0x88, 0x7,
    0x70, 0x6, 0x11, 0x24, 0x90, 0x82, 0x77, 0x2c,
    0xfc, 0x0, 0x77, 0x61, 0x62, 0x0, 0x3a, 0x22,
    0xd1, 0x40, 0x39, 0x52, 0xc4,

    /* U+0159 "ř" */
    0x2e, 0x5a, 0xb0, 0x2a, 0xa3, 0xd0, 0x1, 0x3f,
    0x44, 0x1, 0xf1, 0x94, 0x1, 0x3b, 0xbc, 0x2,
    0x4b, 0x50, 0x8, 0xc0, 0x3b, 0xc0, 0x3f, 0xf8,
    0x60,

    /* U+015A "Ś" */
    0x0, 0xcc, 0xc0, 0xe, 0x9a, 0x70, 0xe, 0x9c,
    0x10, 0x8, 0xf3, 0xfa, 0xd0, 0xb, 0x6, 0x24,
    0x30, 0x1c, 0x39, 0xdd, 0x70, 0xc, 0x1e, 0x80,
    0x18, 0xe8, 0x6f, 0xec, 0x80, 0xb, 0xba, 0x85,
    0xc0, 0x0, 0x81, 0x3c, 0x88, 0x9b, 0xa5, 0x9e,
    0x48, 0x5d, 0xc9, 0x32, 0x4c, 0x0,

    /* U+015B "ś" */
    0x0, 0xaf, 0x44, 0x1, 0xf, 0x82, 0x0, 0x8c,
    0x10, 0x4, 0x77, 0xea, 0xb3, 0xcd, 0x23, 0x70,
    0x12, 0x49, 0xca, 0x57, 0x61, 0x8d, 0xf5, 0x8f,
    0xb5, 0x39, 0x3, 0x9b, 0x44, 0xb5, 0x0,

    /* U+015C "Ŝ" */
    0x0, 0x9d, 0x80, 0x30, 0xe0, 0x65, 0x0, 0x43,
    0x8f, 0x54, 0x0, 0x8f, 0x3f, 0xad, 0x0, 0xb0,
    0x62, 0x43, 0x1, 0xc3, 0x9d, 0xd7, 0x0, 0xc1,
    0xe8, 0x1, 0x8e, 0x86, 0xfe, 0xc8, 0x0, 0xbb,
    0xa8, 0x5c, 0x0, 0x8, 0x13, 0xc8, 0x89, 0xba,
    0x59, 0xe4, 0x85, 0xdc, 0x93, 0x24, 0xc0,

    /* U+015D "ŝ" */
    0x1, 0xef, 0x20, 0x6, 0xcc, 0xbc, 0x43, 0x1d,
    0xb4, 0x42, 0x3b, 0xf5, 0x59, 0xe6, 0x91, 0xb8,
    0x9, 0x24, 0xe5, 0x2b, 0xb0, 0xc6, 0xfa, 0xc7,
    0xda, 0x9c, 0x81, 0xcd, 0xa2, 0x5a, 0x80,

    /* U+015E "Ş" */
    0x3, 0xcf, 0xeb, 0x40, 0x2c, 0x18, 0x90, 0xc0,
    0x70, 0xe7, 0x75, 0xc0, 0x30, 0x7a, 0x0, 0x63,
    0xa1, 0xbf, 0xb2, 0x0, 0x2e, 0xea, 0x17, 0x0,
    0x2, 0x4, 0xf2, 0x22, 0x6e, 0x96, 0x79, 0x21,
    0x76, 0x79, 0x85, 0xf0, 0x19, 0xe4, 0x9b, 0x20,
    0xd, 0x32, 0x10, 0xc, 0xbe, 0xa2, 0x0,

    /* U+015F "ş" */
    0x8, 0xef, 0xd5, 0x67, 0x9a, 0x46, 0xe0, 0x25,
    0x93, 0x93, 0xaf, 0xc3, 0x1c, 0xea, 0x1f, 0x5a,
    0x40, 0x3, 0x83, 0x55, 0x1a, 0x57, 0x1d, 0xd6,
    0x40, 0xa, 0x54, 0x0, 0x1f, 0xb2, 0x80,

    /* U+0160 "Š" */
    0x1, 0x71, 0x27, 0x0, 0x84, 0xb3, 0xd0, 0x3,
    0x2e, 0xe8, 0xc0, 0x23, 0xcf, 0xeb, 0x40, 0x2c,
    0x18, 0x90, 0xc0, 0x70, 0xe7, 0x75, 0xc0, 0x30,
    0x7a, 0x0, 0x63, 0xa1, 0xbf, 0xb2, 0x0, 0x2e,
    0xea, 0x17, 0x0, 0x2, 0x4, 0xf2, 0x22, 0x6e,
    0x96, 0x79, 0x21, 0x77, 0x24, 0xc9, 0x30, 0x0,

    /* U+0161 "š" */
    0xd, 0x87, 0xd1, 0xf, 0x68, 0xe1, 0x2, 0xef,
    0x30, 0x4, 0x77, 0xea, 0xb3, 0xcd, 0x23, 0x70,
    0x12, 0x49, 0xca, 0x57, 0x61, 0x8d, 0xf5, 0x8f,
    0xb5, 0x39, 0x3, 0x9b, 0x44, 0xb5, 0x0,

    /* U+0162 "Ţ" */
    0xff, 0xf8, 0xa6, 0x4e, 0xb, 0x32, 0x36, 0x65,
    0x6, 0x33, 0x4, 0x3, 0xff, 0xcc, 0x42, 0x80,
    0x1e, 0x8f, 0x0, 0xe9, 0xba, 0x0, 0x80,

    /* U+0163 "ţ" */
    0x6, 0x50, 0xa, 0xf8, 0x1, 0xc4, 0x9e, 0xda,
    0x47, 0x6e, 0x60, 0xe8, 0x20, 0x1e, 0x10, 0xc,
    0xc8, 0xc8, 0x10, 0x53, 0xa0, 0x54, 0xf2, 0x0,
    0x54, 0x50, 0x3f, 0x74,

    /* U+0164 "Ť" */
    0x3, 0x60, 0x45, 0x0, 0x8f, 0xf2, 0x10, 0x3,
    0x4e, 0x60, 0x40, 0x1f, 0xff, 0x14, 0xc9, 0xc1,
    0x66, 0x46, 0xcc, 0xa0, 0xc6, 0x60, 0x80, 0x7f,
    0xf9, 0x0,

    /* U+0165 "ť" */
    0x0, 0x9a, 0x81, 0x94, 0xc, 0x2f, 0x9e, 0xf8,
    0x93, 0x93, 0x48, 0xed, 0xcc, 0x1d, 0x4, 0x3,
    0xc2, 0x1, 0x99, 0x19, 0x2, 0xe, 0x74,

    /* U+0166 "Ŧ" */
    0xff, 0xf8, 0xa6, 0x4e, 0xb, 0x32, 0x36, 0x65,
    0x6, 0x33, 0x4, 0x0, 0x20, 0x1e, 0xec, 0x9,
    0xf1, 0x0, 0x6d, 0x3, 0xe0, 0x80, 0xd, 0xc3,
    0x8c, 0x3, 0xff, 0x8c,

    /* U+0167 "ŧ" */
    0x6, 0x60, 0x5, 0x54, 0x0, 0x69, 0x9b, 0xdf,
    0x88, 0x96, 0xa6, 0x22, 0x42, 0x93, 0x37, 0x24,
    0x19, 0xbd, 0x5, 0x8d, 0xd0, 0x20, 0xe7, 0x80,

    /* U+0168 "Ũ" */
    0x1, 0xdb, 0x1c, 0x0, 0x91, 0x7b, 0x28, 0x2,
    0x58, 0x5d, 0x60, 0x7, 0xc8, 0x4, 0x5e, 0xc0,
    0x1f, 0xfd, 0x42, 0x30, 0x8, 0x40, 0xd9, 0x0,
    0x24, 0x7, 0x81, 0xd8, 0xa8, 0x42, 0x3a, 0x7,
    0x46, 0xa0,

    /* U+0169 "ũ" */
    0x0, 0x56, 0x9d, 0x90, 0x4, 0x3f, 0x4, 0x40,
    0xa, 0xca, 0xe4, 0x0, 0x3e, 0xe0, 0x5, 0xf3,
    0x0, 0xff, 0xe2, 0x8, 0x7, 0xf7, 0x80, 0x34,
    0x2, 0x47, 0x67, 0x70, 0x5, 0x29, 0x34, 0xe0,
    0x0,

    /* U+016A "Ū" */
    0x5, 0xff, 0xb0, 0x2, 0x5f, 0xfb, 0x0, 0x1f,
    0x20, 0x11, 0x7b, 0x0, 0x7f, 0xf5, 0x8, 0xc0,
    0x21, 0x3, 0x64, 0x0, 0x90, 0x1e, 0x7, 0x62,
    0xa1, 0x8, 0xe8, 0x1d, 0x1a, 0x80,

    /* U+016B "ū" */
    0x0, 0x7f, 0xe1, 0x0, 0xbf, 0xf0, 0x80, 0xfb,
    0x80, 0x17, 0xcc, 0x3, 0xff, 0x88, 0x20, 0x1f,
    0xde, 0x0, 0xd0, 0x9, 0x1d, 0x9d, 0xc0, 0x14,
    0xa4, 0xd3, 0x80, 0x0,

    /* U+016C "Ŭ" */
    0x2, 0x60, 0x26, 0x0, 0x8b, 0xfb, 0xc8, 0x3,
    0x4f, 0x6a, 0x0, 0x3e, 0x40, 0x22, 0xf6, 0x0,
    0xff, 0xea, 0x11, 0x80, 0x42, 0x6, 0xc8, 0x1,
    0x20, 0x3c, 0xe, 0xc5, 0x42, 0x11, 0xd0, 0x3a,
    0x35, 0x0,

    /* U+016D "ŭ" */
    0x0, 0x71, 0xf, 0x0, 0x6a, 0xfc, 0xb0, 0xc,
    0x9b, 0xa5, 0x0, 0xf, 0xb8, 0x1, 0x7c, 0xc0,
    0x3f, 0xf8, 0x82, 0x1, 0xfd, 0xe0, 0xd, 0x0,
    0x91, 0xd9, 0xdc, 0x1, 0x4a, 0x4d, 0x38, 0x0,

    /* U+016E "Ů" */
    0x0, 0x1d, 0xc0, 0x7, 0x55, 0x4, 0x40, 0x1a,
    0xa8, 0x22, 0x0, 0xc7, 0x70, 0x1, 0x7c, 0x80,
    0x45, 0xec, 0x1, 0xff, 0xd4, 0x23, 0x0, 0x84,
    0xd, 0x90, 0x2, 0x40, 0x78, 0x1d, 0x8a, 0x84,
    0x23, 0xa0, 0x74, 0x6a, 0x0,

    /* U+016F "ů" */
    0x0, 0xaa, 0x82, 0x1, 0x93, 0x39, 0xc0, 0x32,
    0x67, 0x38, 0x7, 0x55, 0x4, 0x0, 0x3e, 0xe0,
    0x5, 0xf3, 0x0, 0xff, 0xe2, 0x8, 0x7, 0xf7,
    0x80, 0x34, 0x2, 0x47, 0x67, 0x70, 0x5, 0x29,
    0x34, 0xe0, 0x0,

    /* U+0170 "Ű" */
    0x0, 0x16, 0x1d, 0xa8, 0x5, 0x2a, 0xa7, 0x50,
    0xa, 0xe5, 0xb0, 0x1, 0xf2, 0x1, 0x17, 0xb0,
    0x7, 0xff, 0x50, 0x8c, 0x2, 0x10, 0x36, 0x40,
    0x9, 0x1, 0xe0, 0x76, 0x2a, 0x10, 0x8e, 0x81,
    0xd1, 0xa8, 0x0,

    /* U+0171 "ű" */
    0x0, 0xb9, 0xee, 0xc0, 0x12, 0xba, 0x85, 0x0,
    0x4b, 0x25, 0x62, 0x3, 0xee, 0x0, 0x5f, 0x30,
    0xf, 0xfe, 0x20, 0x80, 0x7f, 0x78, 0x3, 0x40,
    0x24, 0x76, 0x77, 0x0, 0x52, 0x93, 0x4e, 0x0,

    /* U+0172 "Ų" */
    0xf9, 0x0, 0x8b, 0xd8, 0x3, 0xff, 0xa8, 0x26,
    0x1, 0xc6, 0xa8, 0x1, 0x20, 0x37, 0xd, 0xb3,
    0xc9, 0x99, 0x65, 0x66, 0x13, 0x40, 0xd, 0x85,
    0x96, 0x20, 0x12, 0xa1, 0x80, 0x72, 0xa6, 0x88,
    0x0,

    /* U+0173 "ų" */
    0x1f, 0x70, 0x2, 0xf9, 0x80, 0x7f, 0xf1, 0x4,
    0x3, 0xfb, 0x80, 0x1a, 0x1, 0x23, 0x44, 0x1c,
    0x2, 0x94, 0x75, 0x70, 0x10, 0x2b, 0xfd, 0x5a,
    0x20, 0xc, 0x40, 0xa0, 0x1c, 0x4d, 0xc8,

    /* U+0174 "Ŵ" */
    0x0, 0xf3, 0xb0, 0x7, 0xf8, 0x70, 0x32, 0x40,
    0x3f, 0x87, 0x1e, 0xa4, 0x3, 0xa3, 0xc4, 0x2,
    0xec, 0x0, 0x8f, 0xce, 0xc1, 0xc0, 0x8, 0x26,
    0x20, 0xb, 0x13, 0x30, 0xe8, 0x3, 0x44, 0x1c,
    0x0, 0xa8, 0x0, 0x74, 0x0, 0x3b, 0x1e, 0x81,
    0x13, 0xc0, 0x1a, 0xa, 0x63, 0x76, 0x40, 0x50,
    0x50, 0x2, 0x6, 0x58, 0x9a, 0x82, 0xda, 0x0,
    0x65, 0x75, 0x70, 0x22, 0x71, 0xe8, 0x6, 0xf1,
    0x2d, 0x0, 0x2a, 0x3, 0x80, 0x64, 0x1, 0x40,
    0x5, 0x81, 0x88, 0x0,

    /* U+0175 "ŵ" */
    0x0, 0xd3, 0xf2, 0x1, 0xf3, 0x2e, 0xa2, 0x80,
    0x79, 0xb0, 0xb5, 0x40, 0x2c, 0xa0, 0x2, 0x7a,
    0x80, 0x23, 0x6d, 0x0, 0x1a, 0x1c, 0x0, 0x5a,
    0x61, 0x40, 0x73, 0x40, 0x32, 0x51, 0x3d, 0x41,
    0xe0, 0x5b, 0x32, 0xb, 0x7e, 0x42, 0x4e, 0x6b,
    0x0, 0x30, 0xaf, 0x7, 0x20, 0xb0, 0x0, 0x4c,
    0x14, 0x14, 0xc, 0x40,

    /* U+0176 "Ŷ" */
    0x0, 0xd1, 0x0, 0xf, 0xa8, 0x8e, 0x40, 0x3d,
    0x35, 0x74, 0x1, 0xb7, 0x46, 0x0, 0x3c, 0xc0,
    0x2, 0x49, 0x80, 0xa, 0x7e, 0x0, 0x44, 0x40,
    0x2, 0xd4, 0xc0, 0x29, 0x18, 0x71, 0xb0, 0xc,
    0x4c, 0xf1, 0x1, 0x0, 0xe8, 0x1, 0x70, 0xf,
    0x9, 0x10, 0x3, 0xff, 0x98,

    /* U+0177 "ŷ" */
    0x0, 0xb3, 0xd8, 0x3, 0x4b, 0xe4, 0x18, 0x5,
    0x36, 0x7c, 0x60, 0xd, 0xa0, 0xa, 0xb0, 0x29,
    0x44, 0x0, 0xb4, 0xc, 0xe, 0xc, 0xe, 0x2,
    0x94, 0x14, 0xa2, 0x0, 0xe3, 0x53, 0xe0, 0x9,
    0x46, 0x85, 0x0, 0x33, 0x83, 0x0, 0x77, 0x85,
    0x0, 0x52, 0xd6, 0xa4, 0x1, 0x14, 0xb5, 0x80,
    0x40,

    /* U+0178 "Ÿ" */
    0x0, 0x94, 0x88, 0xa0, 0x1e, 0xe7, 0x4e, 0x0,
    0xf5, 0xab, 0x58, 0x6, 0xdd, 0x0, 0x6c, 0xc0,
    0x2, 0x49, 0x80, 0xa, 0x7e, 0x0, 0x44, 0x40,
    0x2, 0xd4, 0xc0, 0x29, 0x18, 0x71, 0xb0, 0xc,
    0x4c, 0xf1, 0x1, 0x0, 0xe8, 0x1, 0x70, 0xf,
    0x9, 0x10, 0x3, 0xff, 0x98,

    /* U+0179 "Ź" */
    0x0, 0xc8, 0xe2, 0x1, 0x9a, 0x50, 0x40, 0x33,
    0x69, 0x80, 0x1b, 0xff, 0xd0, 0x93, 0x38, 0x42,
    0xc9, 0x9a, 0x1, 0x83, 0x0, 0x8e, 0x55, 0xc0,
    0x21, 0xe2, 0xa0, 0xd, 0x45, 0xe0, 0x19, 0xd2,
    0x48, 0x2, 0x38, 0x10, 0x66, 0x92, 0xc0, 0x66,
    0x77, 0x0,

    /* U+017A "ź" */
    0x0, 0xa7, 0x88, 0x0, 0xc9, 0x84, 0x0, 0x6d,
    0x20, 0x7f, 0xfd, 0xcb, 0x76, 0x70, 0x62, 0x45,
    0x51, 0xc0, 0x2, 0x8f, 0x40, 0xe, 0x94, 0x20,
    0x70, 0x80, 0x88, 0xb0, 0x4b, 0xb8,

    /* U+017B "Ż" */
    0x0, 0x9e, 0x40, 0x3d, 0xe4, 0x1, 0xe8, 0xb0,
    0x9, 0xbf, 0xfd, 0x9, 0x33, 0x84, 0x2c, 0x99,
    0xa0, 0x18, 0x30, 0x8, 0xe5, 0x5c, 0x2, 0x1e,
    0x2a, 0x0, 0xd4, 0x5e, 0x1, 0x9d, 0x24, 0x80,
    0x23, 0x81, 0x6, 0x69, 0x2c, 0x6, 0x67, 0x70,

    /* U+017C "ż" */
    0x0, 0x3e, 0x80, 0x62, 0x70, 0xc, 0xb4, 0x0,
    0x7f, 0xfd, 0xcb, 0x76, 0x70, 0x62, 0x45, 0x51,
    0xc0, 0x2, 0x8f, 0x40, 0xe, 0x94, 0x20, 0x70,
    0x80, 0x88, 0xb0, 0x4b, 0xb8,

    /* U+017D "Ž" */
    0x0, 0x39, 0xb, 0x88, 0x4, 0x9f, 0x84, 0x20,
    0x11, 0xee, 0x94, 0x0, 0xdf, 0xfe, 0x84, 0x99,
    0xc2, 0x16, 0x4c, 0xd0, 0xc, 0x18, 0x4, 0x72,
    0xae, 0x1, 0xf, 0x15, 0x0, 0x6a, 0x2f, 0x0,
    0xce, 0x92, 0x40, 0x11, 0xc0, 0x83, 0x34, 0x96,
    0x3, 0x33, 0xb8,

    /* U+017E "ž" */
    0xa, 0xa2, 0xf1, 0x5, 0x35, 0x50, 0x80, 0x19,
    0xe8, 0xf, 0xff, 0xb9, 0x6e, 0xce, 0xc, 0x48,
    0xaa, 0x38, 0x0, 0x51, 0xe8, 0x1, 0xd2, 0x84,
    0xe, 0x10, 0x11, 0x16, 0x9, 0x77, 0x0,

    /* U+017F "ſ" */
    0x0, 0x5f, 0xd8, 0x3a, 0x4f, 0x6, 0x93, 0x2d,
    0xa8, 0x5, 0x6, 0x1, 0x1b, 0x80, 0x7f, 0xf2,
    0xc0,

    /* U+2022 "•" */
    0xa, 0xa0, 0x1a, 0xa9, 0xc, 0x88, 0x80,

    /* U+2026 "…" */
    0x1, 0x0, 0x8, 0x0, 0x41, 0xb9, 0x5b, 0x91,
    0xb9, 0x8, 0x18, 0xc1, 0xcc, 0x1c
};


/*---------------------
 *  GLYPH DESCRIPTION
 *--------------------*/

static const lv_font_fmt_txt_glyph_dsc_t glyph_dsc[] = {
    {.bitmap_index = 0, .adv_w = 0, .box_w = 0, .box_h = 0, .ofs_x = 0, .ofs_y = 0} /* id = 0 reserved */,
    {.bitmap_index = 0, .adv_w = 53, .box_w = 0, .box_h = 0, .ofs_x = 0, .ofs_y = 0},
    {.bitmap_index = 0, .adv_w = 53, .box_w = 3, .box_h = 9, .ofs_x = 0, .ofs_y = 0},
    {.bitmap_index = 14, .adv_w = 79, .box_w = 5, .box_h = 4, .ofs_x = 0, .ofs_y = 5},
    {.bitmap_index = 24, .adv_w = 137, .box_w = 9, .box_h = 9, .ofs_x = 0, .ofs_y = 0},
    {.bitmap_index = 65, .adv_w = 121, .box_w = 8, .box_h = 13, .ofs_x = 0, .ofs_y = -2},
    {.bitmap_index = 112, .adv_w = 165, .box_w = 10, .box_h = 9, .ofs_x = 0, .ofs_y = 0},
    {.bitmap_index = 158, .adv_w = 136, .box_w = 9, .box_h = 10, .ofs_x = 0, .ofs_y = -1},
    {.bitmap_index = 202, .adv_w = 42, .box_w = 2, .box_h = 4, .ofs_x = 0, .ofs_y = 5},
    {.bitmap_index = 207, .adv_w = 67, .box_w = 3, .box_h = 13, .ofs_x = 1, .ofs_y = -3},
    {.bitmap_index = 227, .adv_w = 67, .box_w = 4, .box_h = 13, .ofs_x = 0, .ofs_y = -3},
    {.bitmap_index = 254, .adv_w = 80, .box_w = 5, .box_h = 5, .ofs_x = 0, .ofs_y = 5},
    {.bitmap_index = 268, .adv_w = 113, .box_w = 7, .box_h = 6, .ofs_x = 0, .ofs_y = 2},
    {.bitmap_index = 287, .adv_w = 47, .box_w = 3, .box_h = 5, .ofs_x = 0, .ofs_y = -2},
    {.bitmap_index = 294, .adv_w = 74, .box_w = 4, .box_h = 3, .ofs_x = 0, .ofs_y = 2},
    {.bitmap_index = 300, .adv_w = 47, .box_w = 3, .box_h = 3, .ofs_x = 0, .ofs_y = 0},
    {.bitmap_index = 305, .adv_w = 71, .box_w = 6, .box_h = 12, .ofs_x = -1, .ofs_y = -1},
    {.bitmap_index = 337, .adv_w = 129, .box_w = 8, .box_h = 9, .ofs_x = 0, .ofs_y = 0},
    {.bitmap_index = 374, .adv_w = 73, .box_w = 4, .box_h = 9, .ofs_x = 0, .ofs_y = 0},
    {.bitmap_index = 383, .adv_w = 112, .box_w = 7, .box_h = 9, .ofs_x = 0, .ofs_y = 0},
    {.bitmap_index = 416, .adv_w = 112, .box_w = 7, .box_h = 9, .ofs_x = 0, .ofs_y = 0},
    {.bitmap_index = 446, .adv_w = 130, .box_w = 9, .box_h = 9, .ofs_x = 0, .ofs_y = 0},
    {.bitmap_index = 481, .adv_w = 112, .box_w = 7, .box_h = 9, .ofs_x = 0, .ofs_y = 0},
    {.bitmap_index = 513, .adv_w = 120, .box_w = 8, .box_h = 9, .ofs_x = 0, .ofs_y = 0},
    {.bitmap_index = 549, .adv_w = 117, .box_w = 7, .box_h = 9, .ofs_x = 0, .ofs_y = 0},
    {.bitmap_index = 578, .adv_w = 125, .box_w = 8, .box_h = 9, .ofs_x = 0, .ofs_y = 0},
    {.bitmap_index = 615, .adv_w = 120, .box_w = 7, .box_h = 9, .ofs_x = 0, .ofs_y = 0},
    {.bitmap_index = 647, .adv_w = 47, .box_w = 3, .box_h = 7, .ofs_x = 0, .ofs_y = 0},
    {.bitmap_index = 658, .adv_w = 47, .box_w = 3, .box_h = 9, .ofs_x = 0, .ofs_y = -2},
    {.bitmap_index = 671, .adv_w = 113, .box_w = 7, .box_h = 7, .ofs_x = 0, .ofs_y = 1},
    {.bitmap_index = 695, .adv_w = 113, .box_w = 7, .box_h = 5, .ofs_x = 0, .ofs_y = 2},
    {.bitmap_index = 708, .adv_w = 113, .box_w = 7, .box_h = 7, .ofs_x = 0, .ofs_y = 1},
    {.bitmap_index = 731, .adv_w = 112, .box_w = 7, .box_h = 9, .ofs_x = 0, .ofs_y = 0},
    {.bitmap_index = 760, .adv_w = 199, .box_w = 12, .box_h = 12, .ofs_x = 0, .ofs_y = -3},
    {.bitmap_index = 829, .adv_w = 144, .box_w = 11, .box_h = 9, .ofs_x = -1, .ofs_y = 0},
    {.bitmap_index = 870, .adv_w = 146, .box_w = 8, .box_h = 9, .ofs_x = 1, .ofs_y = 0},
    {.bitmap_index = 906, .adv_w = 140, .box_w = 9, .box_h = 9, .ofs_x = 0, .ofs_y = 0},
    {.bitmap_index = 944, .adv_w = 159, .box_w = 9, .box_h = 9, .ofs_x = 1, .ofs_y = 0},
    {.bitmap_index = 979, .adv_w = 129, .box_w = 7, .box_h = 9, .ofs_x = 1, .ofs_y = 0},
    {.bitmap_index = 1006, .adv_w = 122, .box_w = 7, .box_h = 9, .ofs_x = 1, .ofs_y = 0},
    {.bitmap_index = 1030, .adv_w = 148, .box_w = 9, .box_h = 9, .ofs_x = 0, .ofs_y = 0},
    {.bitmap_index = 1069, .adv_w = 156, .box_w = 8, .box_h = 9, .ofs_x = 1, .ofs_y = 0},
    {.bitmap_index = 1090, .adv_w = 61, .box_w = 2, .box_h = 9, .ofs_x = 1, .ofs_y = 0},
    {.bitmap_index = 1095, .adv_w = 101, .box_w = 7, .box_h = 9, .ofs_x = -1, .ofs_y = 0},
    {.bitmap_index = 1118, .adv_w = 140, .box_w = 8, .box_h = 9, .ofs_x = 1, .ofs_y = 0},
    {.bitmap_index = 1151, .adv_w = 115, .box_w = 7, .box_h = 9, .ofs_x = 1, .ofs_y = 0},
    {.bitmap_index = 1161, .adv_w = 183, .box_w = 10, .box_h = 9, .ofs_x = 1, .ofs_y = 0},
    {.bitmap_index = 1198, .adv_w = 156, .box_w = 8, .box_h = 9, .ofs_x = 1, .ofs_y = 0},
    {.bitmap_index = 1225, .adv_w = 162, .box_w = 10, .box_h = 9, .ofs_x = 0, .ofs_y = 0},
    {.bitmap_index = 1268, .adv_w = 139, .box_w = 8, .box_h = 9, .ofs_x = 1, .ofs_y = 0},
    {.bitmap_index = 1300, .adv_w = 162, .box_w = 10, .box_h = 12, .ofs_x = 0, .ofs_y = -3},
    {.bitmap_index = 1357, .adv_w = 140, .box_w = 8, .box_h = 9, .ofs_x = 1, .ofs_y = 0},
    {.bitmap_index = 1391, .adv_w = 121, .box_w = 8, .box_h = 9, .ofs_x = 0, .ofs_y = 0},
    {.bitmap_index = 1428, .adv_w = 116, .box_w = 8, .box_h = 9, .ofs_x = 0, .ofs_y = 0},
    {.bitmap_index = 1442, .adv_w = 151, .box_w = 8, .box_h = 9, .ofs_x = 1, .ofs_y = 0},
    {.bitmap_index = 1465, .adv_w = 140, .box_w = 10, .box_h = 9, .ofs_x = -1, .ofs_y = 0},
    {.bitmap_index = 1505, .adv_w = 220, .box_w = 14, .box_h = 9, .ofs_x = 0, .ofs_y = 0},
    {.bitmap_index = 1568, .adv_w = 133, .box_w = 9, .box_h = 9, .ofs_x = 0, .ofs_y = 0},
    {.bitmap_index = 1607, .adv_w = 127, .box_w = 10, .box_h = 9, .ofs_x = -1, .ofs_y = 0},
    {.bitmap_index = 1641, .adv_w = 127, .box_w = 8, .box_h = 9, .ofs_x = 0, .ofs_y = 0},
    {.bitmap_index = 1672, .adv_w = 67, .box_w = 3, .box_h = 13, .ofs_x = 1, .ofs_y = -3},
    {.bitmap_index = 1683, .adv_w = 71, .box_w = 6, .box_h = 12, .ofs_x = -1, .ofs_y = -1},
    {.bitmap_index = 1713, .adv_w = 67, .box_w = 4, .box_h = 13, .ofs_x = 0, .ofs_y = -3},
    {.bitmap_index = 1726, .adv_w = 113, .box_w = 7, .box_h = 6, .ofs_x = 0, .ofs_y = 2},
    {.bitmap_index = 1746, .adv_w = 96, .box_w = 6, .box_h = 1, .ofs_x = 0, .ofs_y = -1},
    {.bitmap_index = 1748, .adv_w = 115, .box_w = 4, .box_h = 2, .ofs_x = 1, .ofs_y = 8},
    {.bitmap_index = 1752, .adv_w = 117, .box_w = 7, .box_h = 7, .ofs_x = 0, .ofs_y = 0},
    {.bitmap_index = 1777, .adv_w = 132, .box_w = 8, .box_h = 10, .ofs_x = 0, .ofs_y = 0},
    {.bitmap_index = 1809, .adv_w = 112, .box_w = 7, .box_h = 7, .ofs_x = 0, .ofs_y = 0},
    {.bitmap_index = 1833, .adv_w = 132, .box_w = 8, .box_h = 10, .ofs_x = 0, .ofs_y = 0},
    {.bitmap_index = 1868, .adv_w = 119, .box_w = 8, .box_h = 7, .ofs_x = 0, .ofs_y = 0},
    {.bitmap_index = 1897, .adv_w = 71, .box_w = 5, .box_h = 10, .ofs_x = 0, .ofs_y = 0},
    {.bitmap_index = 1916, .adv_w = 133, .box_w = 8, .box_h = 10, .ofs_x = 0, .ofs_y = -3},
    {.bitmap_index = 1958, .adv_w = 132, .box_w = 8, .box_h = 10, .ofs_x = 0, .ofs_y = 0},
    {.bitmap_index = 1983, .adv_w = 55, .box_w = 3, .box_h = 10, .ofs_x = 0, .ofs_y = 0},
    {.bitmap_index = 1993, .adv_w = 57, .box_w = 5, .box_h = 13, .ofs_x = -2, .ofs_y = -3},
    {.bitmap_index = 2011, .adv_w = 122, .box_w = 8, .box_h = 10, .ofs_x = 0, .ofs_y = 0},
    {.bitmap_index = 2039, .adv_w = 55, .box_w = 3, .box_h = 10, .ofs_x = 0, .ofs_y = 0},
    {.bitmap_index = 2044, .adv_w = 202, .box_w = 12, .box_h = 7, .ofs_x = 0, .ofs_y = 0},
    {.bitmap_index = 2072, .adv_w = 132, .box_w = 8, .box_h = 7, .ofs_x = 0, .ofs_y = 0},
    {.bitmap_index = 2091, .adv_w = 124, .box_w = 8, .box_h = 7, .ofs_x = 0, .ofs_y = 0},
    {.bitmap_index = 2120, .adv_w = 132, .box_w = 8, .box_h = 10, .ofs_x = 0, .ofs_y = -3},
    {.bitmap_index = 2155, .adv_w = 132, .box_w = 8, .box_h = 10, .ofs_x = 0, .ofs_y = -3},
    {.bitmap_index = 2190, .adv_w = 81, .box_w = 5, .box_h = 7, .ofs_x = 0, .ofs_y = 0},
    {.bitmap_index = 2205, .adv_w = 99, .box_w = 6, .box_h = 7, .ofs_x = 0, .ofs_y = 0},
    {.bitmap_index = 2226, .adv_w = 81, .box_w = 5, .box_h = 9, .ofs_x = 0, .ofs_y = 0},
    {.bitmap_index = 2247, .adv_w = 131, .box_w = 8, .box_h = 7, .ofs_x = 0, .ofs_y = 0},
    {.bitmap_index = 2268, .adv_w = 111, .box_w = 8, .box_h = 7, .ofs_x = -1, .ofs_y = 0},
    {.bitmap_index = 2295, .adv_w = 176, .box_w = 11, .box_h = 7, .ofs_x = 0, .ofs_y = 0},
    {.bitmap_index = 2335, .adv_w = 110, .box_w = 7, .box_h = 7, .ofs_x = 0, .ofs_y = 0},
    {.bitmap_index = 2360, .adv_w = 111, .box_w = 8, .box_h = 10, .ofs_x = -1, .ofs_y = -3},
    {.bitmap_index = 2398, .adv_w = 102, .box_w = 6, .box_h = 7, .ofs_x = 0, .ofs_y = 0},
    {.bitmap_index = 2419, .adv_w = 71, .box_w = 5, .box_h = 13, .ofs_x = 0, .ofs_y = -3},
    {.bitmap_index = 2446, .adv_w = 58, .box_w = 2, .box_h = 13, .ofs_x = 1, .ofs_y = -3},
    {.bitmap_index = 2451, .adv_w = 71, .box_w = 4, .box_h = 13, .ofs_x = 0, .ofs_y = -3},
    {.bitmap_index = 2473, .adv_w = 113, .box_w = 7, .box_h = 4, .ofs_x = 0, .ofs_y = 3},
    {.bitmap_index = 2486, .adv_w = 53, .box_w = 0, .box_h = 0, .ofs_x = 0, .ofs_y = 0},
    {.bitmap_index = 2486, .adv_w = 53, .box_w = 3, .box_h = 9, .ofs_x = 0, .ofs_y = -2},
    {.bitmap_index = 2500, .adv_w = 112, .box_w = 7, .box_h = 11, .ofs_x = 0, .ofs_y = -2},
    {.bitmap_index = 2534, .adv_w = 126, .box_w = 8, .box_h = 9, .ofs_x = 0, .ofs_y = 0},
    {.bitmap_index = 2571, .adv_w = 134, .box_w = 9, .box_h = 9, .ofs_x = 0, .ofs_y = -1},
    {.bitmap_index = 2611, .adv_w = 138, .box_w = 10, .box_h = 9, .ofs_x = -1, .ofs_y = 0},
    {.bitmap_index = 2653, .adv_w = 58, .box_w = 2, .box_h = 13, .ofs_x = 1, .ofs_y = -3},
    {.bitmap_index = 2663, .adv_w = 98, .box_w = 6, .box_h = 11, .ofs_x = 0, .ofs_y = -2},
    {.bitmap_index = 2697, .adv_w = 115, .box_w = 5, .box_h = 2, .ofs_x = 1, .ofs_y = 8},
    {.bitmap_index = 2703, .adv_w = 152, .box_w = 9, .box_h = 9, .ofs_x = 0, .ofs_y = 0},
    {.bitmap_index = 2745, .adv_w = 78, .box_w = 5, .box_h = 4, .ofs_x = 0, .ofs_y = 5},
    {.bitmap_index = 2756, .adv_w = 103, .box_w = 7, .box_h = 6, .ofs_x = 0, .ofs_y = 1},
    {.bitmap_index = 2776, .adv_w = 113, .box_w = 7, .box_h = 5, .ofs_x = 0, .ofs_y = 1},
    {.bitmap_index = 2788, .adv_w = 74, .box_w = 4, .box_h = 3, .ofs_x = 0, .ofs_y = 2},
    {.bitmap_index = 2794, .adv_w = 152, .box_w = 9, .box_h = 9, .ofs_x = 0, .ofs_y = 0},
    {.bitmap_index = 2835, .adv_w = 115, .box_w = 5, .box_h = 1, .ofs_x = 1, .ofs_y = 8},
    {.bitmap_index = 2838, .adv_w = 80, .box_w = 5, .box_h = 4, .ofs_x = 0, .ofs_y = 5},
    {.bitmap_index = 2847, .adv_w = 113, .box_w = 7, .box_h = 8, .ofs_x = 0, .ofs_y = 0},
    {.bitmap_index = 2874, .adv_w = 83, .box_w = 5, .box_h = 5, .ofs_x = 0, .ofs_y = 4},
    {.bitmap_index = 2887, .adv_w = 83, .box_w = 5, .box_h = 5, .ofs_x = 0, .ofs_y = 4},
    {.bitmap_index = 2900, .adv_w = 115, .box_w = 4, .box_h = 2, .ofs_x = 2, .ofs_y = 8},
    {.bitmap_index = 2904, .adv_w = 132, .box_w = 8, .box_h = 10, .ofs_x = 0, .ofs_y = -3},
    {.bitmap_index = 2928, .adv_w = 128, .box_w = 7, .box_h = 11, .ofs_x = 0, .ofs_y = -1},
    {.bitmap_index = 2950, .adv_w = 55, .box_w = 3, .box_h = 3, .ofs_x = 0, .ofs_y = 3},
    {.bitmap_index = 2955, .adv_w = 115, .box_w = 3, .box_h = 4, .ofs_x = 2, .ofs_y = -3},
    {.bitmap_index = 2961, .adv_w = 83, .box_w = 5, .box_h = 5, .ofs_x = 0, .ofs_y = 4},
    {.bitmap_index = 2971, .adv_w = 81, .box_w = 5, .box_h = 4, .ofs_x = 0, .ofs_y = 5},
    {.bitmap_index = 2982, .adv_w = 103, .box_w = 6, .box_h = 6, .ofs_x = 0, .ofs_y = 1},
    {.bitmap_index = 2999, .adv_w = 199, .box_w = 13, .box_h = 10, .ofs_x = 0, .ofs_y = -1},
    {.bitmap_index = 3055, .adv_w = 199, .box_w = 12, .box_h = 9, .ofs_x = 0, .ofs_y = 0},
    {.bitmap_index = 3102, .adv_w = 199, .box_w = 13, .box_h = 10, .ofs_x = 0, .ofs_y = -1},
    {.bitmap_index = 3164, .adv_w = 112, .box_w = 7, .box_h = 10, .ofs_x = 0, .ofs_y = -3},
    {.bitmap_index = 3194, .adv_w = 144, .box_w = 11, .box_h = 12, .ofs_x = -1, .ofs_y = 0},
    {.bitmap_index = 3246, .adv_w = 144, .box_w = 11, .box_h = 12, .ofs_x = -1, .ofs_y = 0},
    {.bitmap_index = 3298, .adv_w = 144, .box_w = 11, .box_h = 12, .ofs_x = -1, .ofs_y = 0},
    {.bitmap_index = 3351, .adv_w = 144, .box_w = 11, .box_h = 12, .ofs_x = -1, .ofs_y = 0},
    {.bitmap_index = 3405, .adv_w = 144, .box_w = 11, .box_h = 12, .ofs_x = -1, .ofs_y = 0},
    {.bitmap_index = 3459, .adv_w = 144, .box_w = 11, .box_h = 13, .ofs_x = -1, .ofs_y = 0},
    {.bitmap_index = 3514, .adv_w = 204, .box_w = 14, .box_h = 9, .ofs_x = -1, .ofs_y = 0},
    {.bitmap_index = 3568, .adv_w = 140, .box_w = 9, .box_h = 12, .ofs_x = 0, .ofs_y = -3},
    {.bitmap_index = 3617, .adv_w = 129, .box_w = 7, .box_h = 12, .ofs_x = 1, .ofs_y = 0},
    {.bitmap_index = 3653, .adv_w = 129, .box_w = 7, .box_h = 12, .ofs_x = 1, .ofs_y = 0},
    {.bitmap_index = 3690, .adv_w = 129, .box_w = 7, .box_h = 12, .ofs_x = 1, .ofs_y = 0},
    {.bitmap_index = 3727, .adv_w = 129, .box_w = 7, .box_h = 12, .ofs_x = 1, .ofs_y = 0},
    {.bitmap_index = 3764, .adv_w = 61, .box_w = 4, .box_h = 12, .ofs_x = -1, .ofs_y = 0},
    {.bitmap_index = 3776, .adv_w = 61, .box_w = 5, .box_h = 12, .ofs_x = 0, .ofs_y = 0},
    {.bitmap_index = 3789, .adv_w = 61, .box_w = 6, .box_h = 12, .ofs_x = -1, .ofs_y = 0},
    {.bitmap_index = 3804, .adv_w = 61, .box_w = 4, .box_h = 12, .ofs_x = 0, .ofs_y = 0},
    {.bitmap_index = 3815, .adv_w = 161, .box_w = 10, .box_h = 9, .ofs_x = 0, .ofs_y = 0},
    {.bitmap_index = 3859, .adv_w = 156, .box_w = 8, .box_h = 12, .ofs_x = 1, .ofs_y = 0},
    {.bitmap_index = 3898, .adv_w = 162, .box_w = 10, .box_h = 12, .ofs_x = 0, .ofs_y = 0},
    {.bitmap_index = 3951, .adv_w = 162, .box_w = 10, .box_h = 12, .ofs_x = 0, .ofs_y = 0},
    {.bitmap_index = 4004, .adv_w = 162, .box_w = 10, .box_h = 12, .ofs_x = 0, .ofs_y = 0},
    {.bitmap_index = 4058, .adv_w = 162, .box_w = 10, .box_h = 12, .ofs_x = 0, .ofs_y = 0},
    {.bitmap_index = 4113, .adv_w = 162, .box_w = 10, .box_h = 12, .ofs_x = 0, .ofs_y = 0},
    {.bitmap_index = 4167, .adv_w = 113, .box_w = 5, .box_h = 7, .ofs_x = 1, .ofs_y = 1},
    {.bitmap_index = 4184, .adv_w = 162, .box_w = 10, .box_h = 11, .ofs_x = 0, .ofs_y = -1},
    {.bitmap_index = 4239, .adv_w = 151, .box_w = 8, .box_h = 12, .ofs_x = 1, .ofs_y = 0},
    {.bitmap_index = 4272, .adv_w = 151, .box_w = 8, .box_h = 12, .ofs_x = 1, .ofs_y = 0},
    {.bitmap_index = 4304, .adv_w = 151, .box_w = 8, .box_h = 12, .ofs_x = 1, .ofs_y = 0},
    {.bitmap_index = 4338, .adv_w = 151, .box_w = 8, .box_h = 12, .ofs_x = 1, .ofs_y = 0},
    {.bitmap_index = 4372, .adv_w = 127, .box_w = 10, .box_h = 12, .ofs_x = -1, .ofs_y = 0},
    {.bitmap_index = 4416, .adv_w = 139, .box_w = 8, .box_h = 9, .ofs_x = 1, .ofs_y = 0},
    {.bitmap_index = 4451, .adv_w = 131, .box_w = 8, .box_h = 10, .ofs_x = 0, .ofs_y = 0},
    {.bitmap_index = 4489, .adv_w = 117, .box_w = 7, .box_h = 10, .ofs_x = 0, .ofs_y = 0},
    {.bitmap_index = 4524, .adv_w = 117, .box_w = 7, .box_h = 10, .ofs_x = 0, .ofs_y = 0},
    {.bitmap_index = 4559, .adv_w = 117, .box_w = 7, .box_h = 10, .ofs_x = 0, .ofs_y = 0},
    {.bitmap_index = 4595, .adv_w = 117, .box_w = 7, .box_h = 10, .ofs_x = 0, .ofs_y = 0},
    {.bitmap_index = 4631, .adv_w = 117, .box_w = 7, .box_h = 10, .ofs_x = 0, .ofs_y = 0},
    {.bitmap_index = 4667, .adv_w = 117, .box_w = 7, .box_h = 11, .ofs_x = 0, .ofs_y = 0},
    {.bitmap_index = 4704, .adv_w = 191, .box_w = 12, .box_h = 7, .ofs_x = 0, .ofs_y = 0},
    {.bitmap_index = 4747, .adv_w = 112, .box_w = 7, .box_h = 10, .ofs_x = 0, .ofs_y = -3},
    {.bitmap_index = 4781, .adv_w = 119, .box_w = 8, .box_h = 10, .ofs_x = 0, .ofs_y = 0},
    {.bitmap_index = 4819, .adv_w = 119, .box_w = 8, .box_h = 10, .ofs_x = 0, .ofs_y = 0},
    {.bitmap_index = 4857, .adv_w = 119, .box_w = 8, .box_h = 10, .ofs_x = 0, .ofs_y = 0},
    {.bitmap_index = 4897, .adv_w = 119, .box_w = 8, .box_h = 10, .ofs_x = 0, .ofs_y = 0},
    {.bitmap_index = 4936, .adv_w = 55, .box_w = 4, .box_h = 10, .ofs_x = -1, .ofs_y = 0},
    {.bitmap_index = 4948, .adv_w = 55, .box_w = 5, .box_h = 10, .ofs_x = 0, .ofs_y = 0},
    {.bitmap_index = 4961, .adv_w = 55, .box_w = 5, .box_h = 10, .ofs_x = -1, .ofs_y = 0},
    {.bitmap_index = 4974, .adv_w = 55, .box_w = 4, .box_h = 10, .ofs_x = 0, .ofs_y = 0},
    {.bitmap_index = 4985, .adv_w = 124, .box_w = 8, .box_h = 10, .ofs_x = 0, .ofs_y = 0},
    {.bitmap_index = 5025, .adv_w = 132, .box_w = 8, .box_h = 10, .ofs_x = 0, .ofs_y = 0},
    {.bitmap_index = 5056, .adv_w = 124, .box_w = 8, .box_h = 10, .ofs_x = 0, .ofs_y = 0},
    {.bitmap_index = 5094, .adv_w = 124, .box_w = 8, .box_h = 10, .ofs_x = 0, .ofs_y = 0},
    {.bitmap_index = 5132, .adv_w = 124, .box_w = 8, .box_h = 10, .ofs_x = 0, .ofs_y = 0},
    {.bitmap_index = 5172, .adv_w = 124, .box_w = 8, .box_h = 10, .ofs_x = 0, .ofs_y = 0},
    {.bitmap_index = 5213, .adv_w = 124, .box_w = 8, .box_h = 10, .ofs_x = 0, .ofs_y = 0},
    {.bitmap_index = 5253, .adv_w = 113, .box_w = 7, .box_h = 7, .ofs_x = 0, .ofs_y = 1},
    {.bitmap_index = 5275, .adv_w = 124, .box_w = 8, .box_h = 9, .ofs_x = 0, .ofs_y = -1},
    {.bitmap_index = 5311, .adv_w = 131, .box_w = 8, .box_h = 10, .ofs_x = 0, .ofs_y = 0},
    {.bitmap_index = 5341, .adv_w = 131, .box_w = 8, .box_h = 10, .ofs_x = 0, .ofs_y = 0},
    {.bitmap_index = 5372, .adv_w = 131, .box_w = 8, .box_h = 10, .ofs_x = 0, .ofs_y = 0},
    {.bitmap_index = 5404, .adv_w = 131, .box_w = 8, .box_h = 10, .ofs_x = 0, .ofs_y = 0},
    {.bitmap_index = 5436, .adv_w = 111, .box_w = 8, .box_h = 13, .ofs_x = -1, .ofs_y = -3},
    {.bitmap_index = 5484, .adv_w = 132, .box_w = 8, .box_h = 13, .ofs_x = 0, .ofs_y = -3},
    {.bitmap_index = 5523, .adv_w = 111, .box_w = 8, .box_h = 13, .ofs_x = -1, .ofs_y = -3},
    {.bitmap_index = 5572, .adv_w = 144, .box_w = 11, .box_h = 11, .ofs_x = -1, .ofs_y = 0},
    {.bitmap_index = 5621, .adv_w = 117, .box_w = 7, .box_h = 9, .ofs_x = 0, .ofs_y = 0},
    {.bitmap_index = 5653, .adv_w = 144, .box_w = 11, .box_h = 12, .ofs_x = -1, .ofs_y = 0},
    {.bitmap_index = 5707, .adv_w = 117, .box_w = 7, .box_h = 10, .ofs_x = 0, .ofs_y = 0},
    {.bitmap_index = 5743, .adv_w = 144, .box_w = 11, .box_h = 12, .ofs_x = -1, .ofs_y = -3},
    {.bitmap_index = 5796, .adv_w = 117, .box_w = 7, .box_h = 10, .ofs_x = 0, .ofs_y = -3},
    {.bitmap_index = 5830, .adv_w = 140, .box_w = 9, .box_h = 12, .ofs_x = 0, .ofs_y = 0},
    {.bitmap_index = 5877, .adv_w = 112, .box_w = 7, .box_h = 10, .ofs_x = 0, .ofs_y = 0},
    {.bitmap_index = 5910, .adv_w = 140, .box_w = 9, .box_h = 12, .ofs_x = 0, .ofs_y = 0},
    {.bitmap_index = 5958, .adv_w = 112, .box_w = 7, .box_h = 10, .ofs_x = 0, .ofs_y = 0},
    {.bitmap_index = 5993, .adv_w = 140, .box_w = 9, .box_h = 12, .ofs_x = 0, .ofs_y = 0},
    {.bitmap_index = 6039, .adv_w = 112, .box_w = 7, .box_h = 10, .ofs_x = 0, .ofs_y = 0},
    {.bitmap_index = 6071, .adv_w = 140, .box_w = 9, .box_h = 12, .ofs_x = 0, .ofs_y = 0},
    {.bitmap_index = 6119, .adv_w = 112, .box_w = 7, .box_h = 10, .ofs_x = 0, .ofs_y = 0},
    {.bitmap_index = 6154, .adv_w = 159, .box_w = 9, .box_h = 12, .ofs_x = 1, .ofs_y = 0},
    {.bitmap_index = 6200, .adv_w = 132, .box_w = 10, .box_h = 10, .ofs_x = 0, .ofs_y = 0},
    {.bitmap_index = 6242, .adv_w = 161, .box_w = 10, .box_h = 9, .ofs_x = 0, .ofs_y = 0},
    {.bitmap_index = 6286, .adv_w = 132, .box_w = 9, .box_h = 10, .ofs_x = 0, .ofs_y = 0},
    {.bitmap_index = 6328, .adv_w = 129, .box_w = 7, .box_h = 11, .ofs_x = 1, .ofs_y = 0},
    {.bitmap_index = 6362, .adv_w = 119, .box_w = 8, .box_h = 9, .ofs_x = 0, .ofs_y = 0},
    {.bitmap_index = 6398, .adv_w = 129, .box_w = 7, .box_h = 12, .ofs_x = 1, .ofs_y = 0},
    {.bitmap_index = 6436, .adv_w = 119, .box_w = 8, .box_h = 10, .ofs_x = 0, .ofs_y = 0},
    {.bitmap_index = 6476, .adv_w = 129, .box_w = 7, .box_h = 12, .ofs_x = 1, .ofs_y = 0},
    {.bitmap_index = 6511, .adv_w = 119, .box_w = 8, .box_h = 10, .ofs_x = 0, .ofs_y = 0},
    {.bitmap_index = 6548, .adv_w = 129, .box_w = 7, .box_h = 12, .ofs_x = 1, .ofs_y = -3},
    {.bitmap_index = 6584, .adv_w = 119, .box_w = 8, .box_h = 10, .ofs_x = 0, .ofs_y = -3},
    {.bitmap_index = 6623, .adv_w = 129, .box_w = 7, .box_h = 12, .ofs_x = 1, .ofs_y = 0},
    {.bitmap_index = 6661, .adv_w = 119, .box_w = 8, .box_h = 10, .ofs_x = 0, .ofs_y = 0},
    {.bitmap_index = 6700, .adv_w = 148, .box_w = 9, .box_h = 12, .ofs_x = 0, .ofs_y = 0},
    {.bitmap_index = 6748, .adv_w = 133, .box_w = 8, .box_h = 13, .ofs_x = 0, .ofs_y = -3},
    {.bitmap_index = 6800, .adv_w = 148, .box_w = 9, .box_h = 12, .ofs_x = 0, .ofs_y = 0},
    {.bitmap_index = 6849, .adv_w = 133, .box_w = 8, .box_h = 13, .ofs_x = 0, .ofs_y = -3},
    {.bitmap_index = 6901, .adv_w = 148, .box_w = 9, .box_h = 12, .ofs_x = 0, .ofs_y = 0},
    {.bitmap_index = 6948, .adv_w = 133, .box_w = 8, .box_h = 13, .ofs_x = 0, .ofs_y = -3},
    {.bitmap_index = 6998, .adv_w = 148, .box_w = 9, .box_h = 13, .ofs_x = 0, .ofs_y = -4},
    {.bitmap_index = 7050, .adv_w = 133, .box_w = 8, .box_h = 13, .ofs_x = 0, .ofs_y = -3},
    {.bitmap_index = 7100, .adv_w = 156, .box_w = 8, .box_h = 12, .ofs_x = 1, .ofs_y = 0},
    {.bitmap_index = 7132, .adv_w = 132, .box_w = 9, .box_h = 12, .ofs_x = -1, .ofs_y = 0},
    {.bitmap_index = 7166, .adv_w = 159, .box_w = 10, .box_h = 9, .ofs_x = 0, .ofs_y = 0},
    {.bitmap_index = 7198, .adv_w = 132, .box_w = 8, .box_h = 10, .ofs_x = 0, .ofs_y = 0},
    {.bitmap_index = 7229, .adv_w = 61, .box_w = 6, .box_h = 12, .ofs_x = -1, .ofs_y = 0},
    {.bitmap_index = 7243, .adv_w = 55, .box_w = 5, .box_h = 10, .ofs_x = -1, .ofs_y = 0},
    {.bitmap_index = 7256, .adv_w = 61, .box_w = 4, .box_h = 11, .ofs_x = 0, .ofs_y = 0},
    {.bitmap_index = 7265, .adv_w = 55, .box_w = 4, .box_h = 9, .ofs_x = 0, .ofs_y = 0},
    {.bitmap_index = 7274, .adv_w = 61, .box_w = 5, .box_h = 12, .ofs_x = -1, .ofs_y = 0},
    {.bitmap_index = 7287, .adv_w = 55, .box_w = 5, .box_h = 10, .ofs_x = -1, .ofs_y = 0},
    {.bitmap_index = 7300, .adv_w = 61, .box_w = 4, .box_h = 12, .ofs_x = 0, .ofs_y = -3},
    {.bitmap_index = 7311, .adv_w = 55, .box_w = 3, .box_h = 13, .ofs_x = 0, .ofs_y = -3},
    {.bitmap_index = 7325, .adv_w = 61, .box_w = 2, .box_h = 12, .ofs_x = 1, .ofs_y = 0},
    {.bitmap_index = 7333, .adv_w = 55, .box_w = 3, .box_h = 7, .ofs_x = 0, .ofs_y = 0},
    {.bitmap_index = 7338, .adv_w = 139, .box_w = 8, .box_h = 9, .ofs_x = 0, .ofs_y = 0},
    {.bitmap_index = 7362, .adv_w = 112, .box_w = 7, .box_h = 13, .ofs_x = 0, .ofs_y = -3},
    {.bitmap_index = 7388, .adv_w = 101, .box_w = 7, .box_h = 12, .ofs_x = -1, .ofs_y = 0},
    {.bitmap_index = 7420, .adv_w = 57, .box_w = 6, .box_h = 13, .ofs_x = -2, .ofs_y = -3},
    {.bitmap_index = 7442, .adv_w = 140, .box_w = 8, .box_h = 13, .ofs_x = 1, .ofs_y = -4},
    {.bitmap_index = 7488, .adv_w = 122, .box_w = 8, .box_h = 14, .ofs_x = 0, .ofs_y = -4},
    {.bitmap_index = 7529, .adv_w = 120, .box_w = 8, .box_h = 7, .ofs_x = 0, .ofs_y = 0},
    {.bitmap_index = 7554, .adv_w = 115, .box_w = 8, .box_h = 12, .ofs_x = 0, .ofs_y = 0},
    {.bitmap_index = 7573, .adv_w = 55, .box_w = 5, .box_h = 13, .ofs_x = 0, .ofs_y = 0},
    {.bitmap_index = 7586, .adv_w = 115, .box_w = 7, .box_h = 13, .ofs_x = 1, .ofs_y = -4},
    {.bitmap_index = 7607, .adv_w = 55, .box_w = 3, .box_h = 14, .ofs_x = 0, .ofs_y = -4},
    {.bitmap_index = 7618, .adv_w = 115, .box_w = 7, .box_h = 10, .ofs_x = 1, .ofs_y = 0},
    {.bitmap_index = 7637, .adv_w = 55, .box_w = 5, .box_h = 10, .ofs_x = 0, .ofs_y = 0},
    {.bitmap_index = 7650, .adv_w = 115, .box_w = 7, .box_h = 9, .ofs_x = 1, .ofs_y = 0},
    {.bitmap_index = 7669, .adv_w = 73, .box_w = 5, .box_h = 10, .ofs_x = 0, .ofs_y = 0},
    {.bitmap_index = 7683, .adv_w = 117, .box_w = 9, .box_h = 9, .ofs_x = -1, .ofs_y = 0},
    {.bitmap_index = 7709, .adv_w = 59, .box_w = 5, .box_h = 10, .ofs_x = -1, .ofs_y = 0},
    {.bitmap_index = 7728, .adv_w = 156, .box_w = 8, .box_h = 12, .ofs_x = 1, .ofs_y = 0},
    {.bitmap_index = 7765, .adv_w = 132, .box_w = 8, .box_h = 10, .ofs_x = 0, .ofs_y = 0},
    {.bitmap_index = 7794, .adv_w = 156, .box_w = 8, .box_h = 13, .ofs_x = 1, .ofs_y = -4},
    {.bitmap_index = 7834, .adv_w = 132, .box_w = 8, .box_h = 11, .ofs_x = 0, .ofs_y = -4},
    {.bitmap_index = 7866, .adv_w = 156, .box_w = 8, .box_h = 12, .ofs_x = 1, .ofs_y = 0},
    {.bitmap_index = 7905, .adv_w = 132, .box_w = 8, .box_h = 10, .ofs_x = 0, .ofs_y = 0},
    {.bitmap_index = 7936, .adv_w = 144, .box_w = 10, .box_h = 10, .ofs_x = -1, .ofs_y = 0},
    {.bitmap_index = 7967, .adv_w = 156, .box_w = 8, .box_h = 12, .ofs_x = 1, .ofs_y = -3},
    {.bitmap_index = 8007, .adv_w = 132, .box_w = 8, .box_h = 10, .ofs_x = 0, .ofs_y = -3},
    {.bitmap_index = 8035, .adv_w = 162, .box_w = 10, .box_h = 11, .ofs_x = 0, .ofs_y = 0},
    {.bitmap_index = 8085, .adv_w = 124, .box_w = 8, .box_h = 9, .ofs_x = 0, .ofs_y = 0},
    {.bitmap_index = 8121, .adv_w = 162, .box_w = 10, .box_h = 12, .ofs_x = 0, .ofs_y = 0},
    {.bitmap_index = 8175, .adv_w = 124, .box_w = 8, .box_h = 10, .ofs_x = 0, .ofs_y = 0},
    {.bitmap_index = 8215, .adv_w = 162, .box_w = 10, .box_h = 12, .ofs_x = 0, .ofs_y = 0},
    {.bitmap_index = 8270, .adv_w = 124, .box_w = 8, .box_h = 10, .ofs_x = 0, .ofs_y = 0},
    {.bitmap_index = 8310, .adv_w = 217, .box_w = 13, .box_h = 9, .ofs_x = 0, .ofs_y = 0},
    {.bitmap_index = 8361, .adv_w = 204, .box_w = 13, .box_h = 7, .ofs_x = 0, .ofs_y = 0},
    {.bitmap_index = 8407, .adv_w = 140, .box_w = 8, .box_h = 12, .ofs_x = 1, .ofs_y = 0},
    {.bitmap_index = 8451, .adv_w = 81, .box_w = 6, .box_h = 10, .ofs_x = 0, .ofs_y = 0},
    {.bitmap_index = 8475, .adv_w = 140, .box_w = 8, .box_h = 13, .ofs_x = 1, .ofs_y = -4},
    {.bitmap_index = 8522, .adv_w = 81, .box_w = 5, .box_h = 11, .ofs_x = 0, .ofs_y = -4},
    {.bitmap_index = 8546, .adv_w = 140, .box_w = 8, .box_h = 12, .ofs_x = 1, .ofs_y = 0},
    {.bitmap_index = 8591, .adv_w = 81, .box_w = 6, .box_h = 10, .ofs_x = 0, .ofs_y = 0},
    {.bitmap_index = 8616, .adv_w = 121, .box_w = 8, .box_h = 12, .ofs_x = 0, .ofs_y = 0},
    {.bitmap_index = 8662, .adv_w = 99, .box_w = 6, .box_h = 10, .ofs_x = 0, .ofs_y = 0},
    {.bitmap_index = 8693, .adv_w = 121, .box_w = 8, .box_h = 12, .ofs_x = 0, .ofs_y = 0},
    {.bitmap_index = 8740, .adv_w = 99, .box_w = 6, .box_h = 10, .ofs_x = 0, .ofs_y = 0},
    {.bitmap_index = 8771, .adv_w = 121, .box_w = 8, .box_h = 12, .ofs_x = 0, .ofs_y = -3},
    {.bitmap_index = 8818, .adv_w = 99, .box_w = 6, .box_h = 10, .ofs_x = 0, .ofs_y = -3},
    {.bitmap_index = 8849, .adv_w = 121, .box_w = 8, .box_h = 12, .ofs_x = 0, .ofs_y = 0},
    {.bitmap_index = 8897, .adv_w = 99, .box_w = 6, .box_h = 10, .ofs_x = 0, .ofs_y = 0},
    {.bitmap_index = 8928, .adv_w = 116, .box_w = 8, .box_h = 12, .ofs_x = 0, .ofs_y = -3},
    {.bitmap_index = 8951, .adv_w = 81, .box_w = 5, .box_h = 12, .ofs_x = 0, .ofs_y = -3},
    {.bitmap_index = 8979, .adv_w = 116, .box_w = 8, .box_h = 12, .ofs_x = 0, .ofs_y = 0},
    {.bitmap_index = 9005, .adv_w = 81, .box_w = 5, .box_h = 10, .ofs_x = 0, .ofs_y = 0},
    {.bitmap_index = 9028, .adv_w = 116, .box_w = 8, .box_h = 9, .ofs_x = 0, .ofs_y = 0},
    {.bitmap_index = 9056, .adv_w = 83, .box_w = 5, .box_h = 9, .ofs_x = 0, .ofs_y = 0},
    {.bitmap_index = 9080, .adv_w = 151, .box_w = 8, .box_h = 12, .ofs_x = 1, .ofs_y = 0},
    {.bitmap_index = 9114, .adv_w = 131, .box_w = 8, .box_h = 10, .ofs_x = 0, .ofs_y = 0},
    {.bitmap_index = 9147, .adv_w = 151, .box_w = 8, .box_h = 11, .ofs_x = 1, .ofs_y = 0},
    {.bitmap_index = 9177, .adv_w = 131, .box_w = 8, .box_h = 9, .ofs_x = 0, .ofs_y = 0},
    {.bitmap_index = 9205, .adv_w = 151, .box_w = 8, .box_h = 12, .ofs_x = 1, .ofs_y = 0},
    {.bitmap_index = 9239, .adv_w = 131, .box_w = 8, .box_h = 10, .ofs_x = 0, .ofs_y = 0},
    {.bitmap_index = 9271, .adv_w = 151, .box_w = 8, .box_h = 13, .ofs_x = 1, .ofs_y = 0},
    {.bitmap_index = 9308, .adv_w = 131, .box_w = 8, .box_h = 11, .ofs_x = 0, .ofs_y = 0},
    {.bitmap_index = 9343, .adv_w = 151, .box_w = 8, .box_h = 12, .ofs_x = 1, .ofs_y = 0},
    {.bitmap_index = 9378, .adv_w = 131, .box_w = 8, .box_h = 10, .ofs_x = 0, .ofs_y = 0},
    {.bitmap_index = 9410, .adv_w = 151, .box_w = 8, .box_h = 12, .ofs_x = 1, .ofs_y = -3},
    {.bitmap_index = 9443, .adv_w = 131, .box_w = 8, .box_h = 10, .ofs_x = 0, .ofs_y = -3},
    {.bitmap_index = 9474, .adv_w = 220, .box_w = 14, .box_h = 12, .ofs_x = 0, .ofs_y = 0},
    {.bitmap_index = 9550, .adv_w = 176, .box_w = 11, .box_h = 10, .ofs_x = 0, .ofs_y = 0},
    {.bitmap_index = 9602, .adv_w = 127, .box_w = 10, .box_h = 12, .ofs_x = -1, .ofs_y = 0},
    {.bitmap_index = 9647, .adv_w = 111, .box_w = 8, .box_h = 13, .ofs_x = -1, .ofs_y = -3},
    {.bitmap_index = 9696, .adv_w = 127, .box_w = 10, .box_h = 12, .ofs_x = -1, .ofs_y = 0},
    {.bitmap_index = 9741, .adv_w = 127, .box_w = 8, .box_h = 12, .ofs_x = 0, .ofs_y = 0},
    {.bitmap_index = 9783, .adv_w = 102, .box_w = 6, .box_h = 10, .ofs_x = 0, .ofs_y = 0},
    {.bitmap_index = 9813, .adv_w = 127, .box_w = 8, .box_h = 12, .ofs_x = 0, .ofs_y = 0},
    {.bitmap_index = 9853, .adv_w = 102, .box_w = 6, .box_h = 10, .ofs_x = 0, .ofs_y = 0},
    {.bitmap_index = 9882, .adv_w = 127, .box_w = 8, .box_h = 12, .ofs_x = 0, .ofs_y = 0},
    {.bitmap_index = 9925, .adv_w = 102, .box_w = 6, .box_h = 10, .ofs_x = 0, .ofs_y = 0},
    {.bitmap_index = 9956, .adv_w = 61, .box_w = 5, .box_h = 10, .ofs_x = 0, .ofs_y = 0},
    {.bitmap_index = 9973, .adv_w = 64, .box_w = 4, .box_h = 3, .ofs_x = 0, .ofs_y = 2},
    {.bitmap_index = 9980, .adv_w = 143, .box_w = 9, .box_h = 3, .ofs_x = 0, .ofs_y = 0}
};

/*---------------------
 *  CHARACTER MAPPING
 *--------------------*/

static const uint16_t unicode_list_2[] = {
    0x0, 0x4
};

/*Collect the unicode lists and glyph_id offsets*/
static const lv_font_fmt_txt_cmap_t cmaps[] =
{
    {
        .range_start = 32, .range_length = 95, .glyph_id_start = 1,
        .unicode_list = NULL, .glyph_id_ofs_list = NULL, .list_length = 0, .type = LV_FONT_FMT_TXT_CMAP_FORMAT0_TINY
    },
    {
        .range_start = 160, .range_length = 224, .glyph_id_start = 96,
        .unicode_list = NULL, .glyph_id_ofs_list = NULL, .list_length = 0, .type = LV_FONT_FMT_TXT_CMAP_FORMAT0_TINY
    },
    {
        .range_start = 8226, .range_length = 5, .glyph_id_start = 320,
        .unicode_list = unicode_list_2, .glyph_id_ofs_list = NULL, .list_length = 2, .type = LV_FONT_FMT_TXT_CMAP_SPARSE_TINY
    }
};

/*-----------------
 *    KERNING
 *----------------*/


/*Map glyph_ids to kern left classes*/
static const uint8_t kern_left_class_mapping[] =
{
    0, 0, 1, 2, 0, 3, 4, 5,
    2, 6, 7, 8, 9, 10, 9, 10,
    11, 12, 0, 13, 14, 15, 16, 17,
    18, 19, 12, 20, 20, 0, 0, 0,
    21, 22, 23, 24, 25, 22, 26, 27,
    28, 29, 29, 30, 31, 32, 29, 29,
    22, 33, 34, 35, 3, 36, 30, 37,
    37, 38, 39, 40, 41, 42, 43, 0,
    44, 0, 45, 46, 47, 48, 49, 50,
    51, 45, 52, 52, 53, 48, 45, 45,
    46, 46, 54, 55, 56, 57, 51, 58,
    58, 59, 58, 60, 41, 0, 0, 9,
    0, 61, 47, 62, 63, 64, 0, 65,
    0, 22, 8, 66, 0, 9, 22, 0,
    67, 0, 0, 0, 0, 51, 29, 9,
    0, 0, 8, 9, 0, 0, 0, 68,
    23, 23, 23, 23, 23, 23, 26, 25,
    26, 26, 26, 26, 29, 29, 29, 29,
    22, 29, 22, 22, 22, 22, 22, 0,
    22, 30, 30, 30, 30, 39, 69, 46,
    45, 45, 45, 45, 45, 45, 49, 47,
    49, 49, 49, 49, 51, 51, 70, 51,
    71, 45, 46, 46, 46, 46, 46, 9,
    46, 51, 51, 51, 51, 58, 46, 58,
    23, 45, 23, 45, 23, 72, 25, 47,
    25, 47, 25, 47, 25, 47, 22, 73,
    22, 48, 26, 49, 26, 49, 26, 49,
    26, 74, 26, 49, 28, 51, 28, 51,
    28, 51, 28, 51, 29, 45, 29, 45,
    29, 51, 29, 51, 29, 51, 29, 75,
    29, 51, 30, 51, 30, 51, 31, 53,
    53, 32, 48, 32, 48, 32, 73, 32,
    48, 32, 48, 29, 45, 29, 45, 29,
    45, 45, 29, 45, 22, 46, 22, 46,
    22, 46, 26, 49, 35, 55, 35, 55,
    35, 55, 3, 56, 3, 56, 3, 56,
    3, 56, 36, 57, 36, 76, 36, 57,
    30, 51, 30, 51, 30, 51, 30, 51,
    30, 51, 30, 77, 37, 58, 39, 58,
    39, 40, 60, 40, 60, 40, 60, 0,
    9, 10
};

/*Map glyph_ids to kern right classes*/
static const uint8_t kern_right_class_mapping[] =
{
    0, 0, 1, 2, 0, 3, 4, 5,
    2, 6, 7, 8, 9, 10, 9, 10,
    11, 12, 13, 14, 15, 16, 17, 12,
    18, 19, 20, 21, 21, 0, 0, 0,
    22, 23, 24, 25, 23, 25, 25, 25,
    23, 25, 25, 26, 25, 25, 25, 25,
    23, 25, 23, 25, 3, 27, 28, 29,
    29, 30, 31, 32, 33, 34, 35, 0,
    36, 0, 37, 38, 39, 39, 39, 40,
    39, 38, 41, 42, 38, 38, 43, 43,
    39, 43, 39, 43, 44, 45, 46, 47,
    47, 48, 47, 49, 0, 0, 35, 9,
    0, 50, 39, 51, 52, 53, 0, 54,
    0, 23, 8, 9, 9, 9, 23, 0,
    55, 0, 0, 0, 0, 43, 56, 9,
    0, 0, 8, 57, 0, 0, 0, 58,
    24, 24, 24, 24, 24, 24, 24, 23,
    25, 25, 25, 25, 25, 25, 25, 25,
    25, 25, 23, 23, 23, 23, 23, 0,
    23, 28, 28, 28, 28, 31, 25, 38,
    37, 37, 37, 37, 37, 37, 37, 39,
    39, 39, 39, 39, 59, 43, 60, 61,
    39, 43, 39, 39, 39, 39, 39, 9,
    39, 46, 46, 46, 46, 47, 38, 47,
    24, 37, 24, 37, 24, 37, 23, 39,
    23, 39, 23, 39, 23, 39, 25, 39,
    25, 39, 25, 39, 25, 39, 25, 39,
    25, 39, 25, 39, 23, 39, 23, 39,
    23, 39, 23, 39, 25, 38, 25, 62,
    25, 63, 25, 64, 25, 65, 25, 66,
    25, 43, 25, 66, 26, 67, 25, 38,
    43, 25, 38, 25, 38, 25, 38, 25,
    38, 25, 38, 25, 43, 25, 43, 25,
    43, 43, 25, 43, 23, 39, 23, 39,
    23, 39, 23, 39, 25, 43, 25, 43,
    25, 43, 3, 44, 3, 44, 3, 44,
    3, 44, 27, 45, 27, 45, 27, 45,
    28, 46, 28, 46, 28, 46, 28, 46,
    28, 46, 28, 46, 29, 47, 31, 47,
    31, 32, 49, 32, 49, 32, 49, 0,
    9, 10
};

/*Kern values between classes*/
static const int8_t kern_class_values[] =
{
    0, 0, 0, 0, 0, 0, 0, 0,
    0, 0, 0, 0, 2, 0, 0, 0,
    0, 1, 0, 0, 0, 0, 0, 0,
    0, 0, 0, 0, 0, 0, 0, 0,
    0, 0, 0, 0, 0, 0, 0, 0,
    0, 0, 0, 0, 0, 0, 0, 0,
    0, 0, 0, 0, 3, 0, 0, 0,
    0, 0, 0, 0, 0, 0, 0, 0,
    0, 0, 0, 0, 9, 0, 5, -4,
    0, 0, 0, 0, -11, -12, 1, 9,
    4, 3, -8, 1, 9, 0, 8, 2,
    6, 0, 0, 0, 0, 0, 0, 0,
    0, 0, 0, 0, 12, 2, -1, 0,
    0, 0, 0, 0, 0, 0, 0, 0,
    0, 0, 0, 0, 0, 0, -4, 4,
    0, 4, 8, 0, -7, 0, 0, 0,
    0, 0, 0, 0, 0, 0, 0, -6,
    0, 0, 0, 0, 0, -4, 3, 4,
    0, 0, -2, 0, -1, 2, 0, -2,
    0, -2, -1, -4, 0, 0, 0, 0,
    -2, 0, 0, -2, -3, 0, 0, -2,
    0, -4, 0, 0, 0, 0, 0, 0,
    0, 0, 0, 0, -2, -2, 0, 0,
    0, 0, 0, 0, -3, 0, 0, -2,
    0, 0, 0, 0, 0, 0, 0, 0,
    0, 0, -5, 0, -24, 0, 0, -4,
    0, 4, 6, 0, 0, -4, 2, 2,
    6, 4, -3, 4, 0, 0, -11, 0,
    0, 0, 0, 0, 0, 0, 0, 0,
    0, 0, -7, 0, 0, 0, 0, 0,
    0, 0, 0, 0, 0, 0, 0, 0,
    0, 0, 0, 0, 0, 0, 0, -5,
    0, 0, 0, 0, 0, 0, 0, 0,
    0, 0, 0, 0, -2, -9, 0, -8,
    -1, 0, 0, 0, 0, 0, 7, 0,
    -6, -2, 0, 0, 0, -3, 0, 0,
    -1, -13, 0, 0, 0, 0, 0, 0,
    0, 0, 0, 0, 0, -15, -2, 6,
    0, 0, 0, 0, 0, 0, 0, 0,
    0, 0, 0, 0, 0, -2, 0, 0,
    0, 0, -9, -10, 0, 0, 0, 0,
    0, 0, 0, 0, 0, 0, 0, 0,
    0, 0, 0, 0, 0, 0, 0, 0,
    0, 7, 0, 2, 0, 0, -4, 0,
    0, 0, 0, 0, 0, 0, 0, 0,
    0, 0, 0, 0, 0, 0, 0, 0,
    8, 2, 0, 0, 0, 0, 0, 0,
    0, 0, 0, 0, 0, 0, 0, 0,
    0, 0, 0, 4, 0, 0, 0, 0,
    0, 0, 0, 0, 0, 0, 0, 0,
    0, 0, 0, 0, 0, 0, 0, 0,
    0, 0, 0, 0, 0, 0, 0, 0,
    0, 0, 0, 0, 0, 0, 0, 0,
    0, 0, 0, 0, -7, 0, 0, 0,
    0, 0, 0, 0, 0, 0, 0, 0,
    0, 0, 0, 0, 0, 0, 0, 0,
    0, 0, 0, 0, 0, 0, 0, 0,
    0, 0, 0, 0, 0, 0, 0, 0,
    0, 0, 0, 0, 0, 1, 4, 2,
    6, -2, 0, 0, 4, -2, -7, -26,
    1, 5, 4, 0, -2, 0, 6, 0,
    6, 0, 6, 0, -18, 0, -2, 6,
    0, 6, -2, 4, 2, 0, 0, 0,
    -2, 0, 0, -3, 0, 0, 0, 15,
    0, 6, 0, 8, 3, 3, 0, 0,
    1, 0, 0, 6, 7, 3, -15, 15,
    15, 15, 0, 6, 15, 15, 15, 0,
    0, 0, 0, -7, 0, 0, 0, 0,
    0, -1, 0, 1, -4, -3, -4, 1,
    0, -2, 0, 0, 0, -8, 0, 0,
    0, 0, 0, 0, 0, 0, 0, 0,
    0, -12, 0, 0, 0, 0, 0, 0,
    0, 0, 0, 0, 0, 0, 0, 0,
    0, 0, 0, 1, -5, 2, 0, -16,
    -2, 0, 0, 0, 0, 0, 0, 0,
    0, 0, 0, 0, -11, 0, -12, 0,
    0, 0, 0, -1, 0, 18, -2, -3,
    2, 2, -1, 0, -3, 2, 0, 0,
    -11, 0, 0, 0, 0, 0, 0, 0,
    0, 0, 0, 0, -18, 0, 2, 0,
    0, 0, 0, 0, 0, 0, 0, 0,
    0, 0, 0, 0, 0, 0, -2, -6,
    0, -12, -26, 0, 2, 0, 0, 0,
    0, 0, 0, 0, 0, 0, 0, 12,
    0, 0, -7, 0, 7, 0, -13, -18,
    -13, -4, 6, 0, 0, -12, 0, 2,
    -5, 0, -3, 0, 0, 0, 0, 0,
    0, 0, 0, 0, 0, 0, 0, 4,
    6, -23, 0, 0, 0, 0, 0, 0,
    0, 0, 0, 0, 0, 0, 0, -12,
    -2, 0, 8, -4, 9, 0, -9, -14,
    0, 0, 0, 0, 0, 0, 0, 0,
    0, 0, 1, 0, 0, 0, 0, 0,
    1, 1, -2, -4, 0, 0, 0, -2,
    0, 0, -1, 0, 0, 0, -4, 0,
    -2, 0, -5, -4, 0, -5, -7, -7,
    -3, 0, -4, 0, -4, 0, 0, 0,
    0, 0, -2, 0, 0, 2, 0, 1,
    -2, 0, 0, 0, 0, -2, 0, 0,
    0, 0, -6, 0, 0, 0, 0, 0,
    0, 0, 0, -2, 0, 0, 0, 2,
    -1, 0, 0, 0, -1, 2, 2, 0,
    0, 0, 0, -3, 0, 0, 0, 0,
    0, 0, 0, 0, 0, 3, -1, 0,
    -2, 0, -3, 0, 0, -1, 0, 6,
    0, 0, -2, 0, 0, 0, 0, 0,
    0, 0, 0, -1, -1, 0, 0, 0,
    0, 0, 0, 0, 0, 0, 0, 0,
    0, 0, 0, 0, 0, 0, 0, 0,
    -2, 0, -2, 0, 0, 0, 0, 0,
    0, 0, 0, 0, -1, -1, 0, -2,
    -2, 0, 0, 0, 0, 0, 0, 0,
    0, -1, 0, -2, -2, -2, 0, 0,
    0, 0, 0, 0, 0, 0, 0, 0,
    -1, 0, 0, 0, 0, -1, -3, 0,
    0, 0, 0, 0, 0, -3, 0, 0,
    0, 0, 0, 0, 0, 0, 0, 0,
    0, -1, 0, -6, -1, -6, 4, 0,
    0, -4, 2, 4, 5, 0, -5, 0,
    -2, 0, 0, -9, 2, -1, 1, -11,
    2, 0, 0, 0, -10, 0, -11, -2,
    -17, -1, 0, -10, 0, 4, 5, 0,
    3, 0, 0, 0, 0, 0, 0, 0,
    -4, -3, 0, 0, 2, 2, -2, 4,
    -6, -4, 0, 2, 0, 0, 0, 0,
    0, 0, 0, 0, 0, 0, 0, 0,
    -2, 0, 0, 0, -2, 0, 0, 0,
    0, 0, -1, -1, 0, -1, -2, 0,
    0, 0, 0, 0, 0, 0, -2, -2,
    0, -1, -2, -2, 0, 0, -2, 0,
    0, 0, 0, 0, 0, 0, 0, 0,
    0, 0, 0, -2, -2, 0, 0, 0,
    0, 0, 0, -2, 0, 0, 0, 0,
    0, 0, 0, 0, 0, 0, 0, 0,
    0, -1, 0, -4, 2, 0, 0, -2,
    1, 2, 2, 0, 0, 0, 0, 0,
    0, -1, 0, 0, 0, 0, 0, 1,
    0, 0, -2, 0, -2, -1, -2, 0,
    0, 0, 0, 0, 0, 0, 2, 0,
    0, -2, 0, 0, 0, 0, -2, -3,
    0, 0, 0, 2, 0, 4, -3, 0,
    0, 0, 0, 0, 0, 0, 0, 0,
    0, 0, -2, 0, 6, -1, 0, -6,
    0, 0, 5, -10, -10, -8, -4, 2,
    0, -2, -12, -3, 0, -3, 0, -4,
    3, -3, -12, 0, -5, 0, 0, 1,
    0, 2, -1, 0, 2, 1, -6, -7,
    0, -10, 0, 0, -4, -4, -6, -2,
    -5, 0, -3, -5, -5, -2, -4, 3,
    -2, 2, 5, -3, -12, -4, -4, -4,
    0, -4, -4, -4, -4, -4, 0, 0,
    0, -2, 0, 0, 0, 1, 0, 2,
    0, 0, 0, 0, 0, 0, 0, 0,
    0, 0, 0, -2, 0, -1, 0, 0,
    -2, 0, -3, -4, -4, 0, 0, -6,
    0, 0, 0, 0, 0, 0, 0, -2,
    0, 0, 0, 0, 0, -2, 0, 0,
    0, 0, -2, 2, 0, 0, 0, -4,
    0, 0, 0, 0, 0, 0, 0, 0,
    -2, 0, 2, 0, 0, 0, 0, 0,
    0, 0, 0, 10, 0, 0, 0, 0,
    0, 0, 1, 0, 0, 0, -2, 0,
    0, 0, 0, 0, 0, 0, 0, 0,
    0, 0, -4, 0, 2, 0, 0, 0,
    0, 0, 0, 0, 0, 0, 0, 0,
    0, 0, 0, 0, 0, -8, 0, 0,
    0, 0, 0, 0, 0, 0, 0, 0,
    0, 0, 0, 0, -1, 0, 0, 0,
    -3, 0, 0, 0, 0, -10, -6, 0,
    0, 0, -3, -10, 0, 0, -2, 2,
    0, -4, 0, 0, 0, 0, 0, 0,
    0, 0, 0, 0, -2, 0, 0, -3,
    0, 0, 0, 0, 0, 0, 0, 0,
    0, 0, 0, 0, 0, -1, 0, 0,
    -3, 0, 2, 0, 2, -20, 0, 0,
    0, 0, 0, 0, 0, 0, 0, 0,
    -3, 0, 0, 0, 0, 2, 0, 1,
    -4, -4, 0, -2, -2, -2, 0, 0,
    0, 0, 0, 0, -6, 0, -2, 0,
    -3, -2, 0, -4, -5, -6, -2, 0,
    -4, 1, -6, 0, 0, 0, 0, 0,
    15, 0, 0, 1, 0, 0, -3, 0,
    0, 0, 0, 0, 0, 2, 0, 0,
    -4, 0, 0, 0, 0, 0, 0, 0,
    0, 15, 0, -8, 0, 0, 0, 0,
    0, -18, -4, 6, 6, -2, -8, 0,
    2, -3, 0, -10, -1, -2, 2, -13,
    -2, 3, 0, 3, -7, -3, -7, -7,
    -8, 0, 0, -12, 0, 11, 0, 0,
    -1, 0, 0, 0, 0, -1, -1, -2,
    -5, -7, 0, 2, 0, 0, 0, 0,
    -18, -15, 2, 4, 0, 0, 0, 0,
    0, 0, 0, 0, 0, 0, 0, 0,
    0, 0, 0, 0, 0, 0, 0, 0,
    0, 0, 0, 0, 0, 0, 0, 0,
    0, 0, 0, 0, 0, 0, 0, -2,
    0, -1, -2, -3, 0, 0, -4, 0,
    -2, 0, 0, 0, 0, 0, 0, 0,
    0, 0, 0, 0, 0, 0, 0, 0,
    0, 0, 0, 0, 0, 0, 0, 0,
    0, 0, 0, 0, 0, 0, 0, 0,
    0, 0, 0, 0, -4, 0, 0, 4,
    0, 2, 0, -4, 2, -1, 0, -4,
    -2, 0, -2, -2, -1, 0, -3, -3,
    0, 0, -2, 0, -1, -3, -2, 0,
    0, -2, 0, 2, -1, 0, -4, 0,
    0, 0, 0, -4, 0, -3, 0, -3,
    -3, -2, 0, 0, 0, -1, 2, 1,
    0, -2, 0, 0, 0, 0, 0, 0,
    0, 0, 0, 0, 0, 0, 0, 0,
    0, 0, 0, -4, 2, 0, -2, 0,
    -1, -2, -5, -1, -1, -1, 0, -1,
    -2, 0, 0, 0, 0, 0, 0, -2,
    -2, -2, 0, 0, 0, 0, 2, -1,
    0, -1, 0, 0, 0, 0, -1, -2,
    -1, -1, -2, -1, -1, 0, 0, 0,
    -1, 0, 0, 0, 0, 0, 0, 0,
    0, 0, 0, 0, 0, 0, 2, 8,
    0, 0, -5, 0, -1, 4, 0, -2,
    -8, -2, 3, 0, 0, -9, -3, 2,
    -3, 1, 0, 0, -2, -6, 0, -3,
    1, 0, 0, -3, 0, 0, 0, 2,
    2, -4, -3, 0, -3, 0, 0, -3,
    -2, -2, 0, -3, 1, -3, -3, -2,
    0, 0, 0, -1, 6, 2, -2, -9,
    -2, 4, 2, 0, 2, 2, 2, -2,
    3, 0, 0, 0, 0, 0, 0, 0,
    0, 0, 2, 0, 0, 0, 0, 0,
    0, 0, 0, 0, 0, 0, 0, 0,
    0, 0, 0, 0, 0, 0, 0, 0,
    0, 0, -3, 0, 0, 0, 0, 0,
    0, 0, 0, 0, 0, 0, 0, 0,
    0, 0, 0, 0, 0, 0, 0, 0,
    0, 0, 0, 0, 0, 0, 0, 0,
    0, 0, 0, 0, 0, 0, 0, 0,
    0, 0, 0, 0, 0, 0, 0, 0,
    0, 0, 0, 0, 0, 0, 0, 0,
    0, 0, 0, 0, 0, 0, 0, 0,
    -1, 0, 0, 0, 0, 0, 0, 0,
    0, 0, 0, 0, 0, 0, 0, 0,
    0, 0, 0, 0, 0, 0, 0, 0,
    0, 0, 0, 0, 0, 0, 0, 0,
    0, 0, 0, 0, 0, 0, 0, 0,
    0, 0, 0, 0, 0, 0, 0, 0,
    -2, -2, 0, 0, 0, 0, 0, 0,
    0, 0, 0, 0, 0, 0, -3, 0,
    0, -2, 0, 0, -2, -2, 0, 0,
    0, 0, -2, 0, 0, 0, 0, 0,
    -1, 0, 0, 0, 0, 0, -1, 0,
    0, 0, 0, 0, 0, 0, 0, 0,
    -1, 0, 0, 0, 0, 0, 0, 0,
    0, -1, 0, 0, -3, 0, -4, 0,
    0, 0, -7, 0, 1, -4, 4, 0,
    -1, -9, 0, 0, -4, -2, 0, -8,
    -5, -6, 0, 0, -9, -2, -8, -8,
    -10, 0, -4, 0, 2, 12, -2, 0,
    -4, 0, 0, 0, -2, -3, -5, -3,
    -7, -8, -5, 0, 0, 0, 0, 0,
    -2, -2, 0, 0, -2, -2, -2, 0,
    -2, -2, -2, -2, 0, 0, 0, -1,
    0, 0, 0, 0, -13, -1, 6, 4,
    -4, -7, 0, 0, -5, 0, -10, -1,
    -2, 4, -17, -2, 0, 0, 0, -12,
    -2, -10, -2, -14, 0, 0, -13, 0,
    11, 0, 0, -1, 0, 0, 0, 0,
    0, -1, -1, -7, -1, 0, 0, 0,
    0, 0, 0, -12, -15, 1, 0, 0,
    0, 0, 0, 0, 0, 0, 0, 0,
    0, 0, 0, 0, -6, 0, -1, 0,
    0, -5, -9, 0, 0, -1, -3, -6,
    -2, 0, -1, 0, 0, 0, 0, -9,
    -2, -6, -6, -2, -3, -5, -2, -3,
    0, -4, -1, -7, -3, 0, -2, 0,
    0, -2, -3, 0, 1, 0, -1, -6,
    0, 0, 0, 0, 0, 0, 4, 0,
    0, -10, -3, -3, -3, 0, -3, -3,
    -3, -3, -2, 0, -3, 0, 0, 0,
    0, 2, 0, 1, -4, 9, 0, -2,
    -2, -2, 0, 0, 0, 0, 0, 0,
    -6, 0, -2, 0, -3, -2, 0, -4,
    -5, -6, -2, 0, -4, 2, 8, 0,
    0, 0, 0, 0, 15, 0, 0, 1,
    0, 0, -3, 0, 0, 0, 0, 0,
    0, 2, 0, 0, -4, 0, 0, 0,
    0, 0, 0, 0, 0, 15, 0, 0,
    0, 0, 0, 0, 0, 0, 0, 0,
    0, 0, 0, 0, -1, -4, 0, 0,
    0, 0, 0, -1, 0, 0, 0, -2,
    -2, 0, 0, -4, -2, 0, 0, -4,
    0, 3, -1, 0, 0, 0, 0, 0,
    0, 0, 1, 0, 0, 0, 0, 0,
    0, 0, 0, 0, 3, 0, 0, -2,
    0, 0, 0, 0, 0, 0, 0, 0,
    0, 4, 2, -1, 0, -6, -2, 0,
    6, -7, -6, -4, -4, 8, 4, 2,
    -16, -1, 4, -2, 0, -2, 3, -2,
    -7, 0, -2, 2, -2, -2, -6, -2,
    0, 0, 6, 4, 0, -5, 0, -11,
    0, 0, 7, -2, -7, 0, -2, -6,
    -6, -2, -4, 0, 0, 0, 0, 8,
    6, -3, -11, 1, 8, 4, 0, 6,
    6, 5, -2, 7, 2, 0, -3, 0,
    -5, 0, 2, 6, -5, -7, -8, -5,
    6, 0, 0, -14, -2, 2, -3, -1,
    -5, 0, -4, -7, -3, -3, -2, 0,
    0, -5, -4, -2, 0, 6, 5, -2,
    -11, 0, -11, 0, -2, -4, -7, -12,
    0, -6, -3, -6, -6, -6, 0, 0,
    0, 0, 5, 4, -3, -13, 4, 8,
    5, 0, 6, 5, 9, -3, 7, 0,
    0, -2, 0, -4, -1, 0, -2, -4,
    0, 3, -7, 2, 0, 0, -11, 0,
    -2, -4, -3, -1, -6, -5, -7, -4,
    0, -6, -2, -5, -3, -6, -2, 0,
    0, 0, 9, -3, 0, -6, 0, 0,
    0, -2, -4, -5, -5, -6, -8, -3,
    -2, 0, 0, 0, 0, -4, 0, -2,
    0, -2, -2, -2, 0, -2, -2, -2,
    -2, 0, 4, 0, -3, 0, -10, -2,
    2, 4, -6, -7, -4, -7, 7, -2,
    1, -18, -4, 4, -4, -3, -7, 0,
    -6, -8, -2, -2, -2, -2, -4, -6,
    0, 0, 0, 6, 6, -1, -12, 0,
    -12, 0, -3, 6, -7, -13, -4, -7,
    -8, -10, -7, -8, 0, 0, 0, -4,
    4, 4, -4, -15, 7, 7, 6, 0,
    6, 6, 8, -3, 6, 0, 0, 0,
    0, -2, 0, 0, 2, -2, 4, 1,
    -3, 4, 0, 0, -5, 0, 0, 0,
    0, 0, 0, -2, 0, 0, 0, 0,
    0, 0, -2, 0, 0, 0, 0, 2,
    6, 0, 0, -2, 0, 0, 0, 0,
    0, -1, -1, -2, 0, 0, 0, 0,
    0, 0, 0, 0, 0, 0, 0, 0,
    0, 0, 0, 0, 0, 0, 0, 0,
    0, 2, 0, 0, 0, 0, 2, 0,
    -1, 0, 8, 0, 4, 0, 0, -3,
    0, 4, 0, 0, 0, 2, 0, 0,
    0, 0, 0, 0, 0, 0, 0, 0,
    0, 6, 0, 6, 0, 0, 0, 0,
    0, 0, 0, 0, 0, 0, 0, 0,
    0, 0, 0, 0, 4, 0, 0, 0,
    0, 0, 0, 0, 0, 0, 0, 0,
    0, 0, 0, 0, -12, 0, -2, 3,
    0, 6, 0, 0, 18, 2, -4, -4,
    2, 2, -1, 0, -10, 0, 0, 10,
    -12, 0, 0, 0, 0, 0, 0, 0,
    0, 0, 0, 0, -13, 8, 27, 0,
    0, 0, 0, 0, 0, 0, 0, 0,
    0, 0, 0, 0, 8, 0, 0, 0,
    6, -12, -6, 1, 6, 0, 0, 0,
    0, 0, 0, 0, 0, 0, 0, 0,
    0, 0, 0, 0, 0, 0, 0, 0,
    0, 0, 0, 0, 0, 0, 0, 0,
    0, 0, 0, 0, 0, 0, 0, 0,
    -2, 0, 0, -3, -1, 0, 0, 0,
    0, 0, 0, 0, 0, 0, 0, 0,
    0, 0, 0, 0, 0, 0, 0, 0,
    0, 0, 0, 0, 0, 0, 0, 0,
    0, 0, 0, 0, 0, 0, 0, 0,
    0, 0, -1, 0, -5, 0, 0, 0,
    0, 0, 2, 24, -4, -2, 6, 5,
    -5, 2, 0, 0, 2, 2, -3, 0,
    0, 0, 0, 0, 0, 0, 0, 0,
    0, 0, -25, 6, 0, 0, 0, 0,
    0, 0, 0, 0, 0, 0, 0, 0,
    0, 0, 3, 3, -1, -2, 5, 0,
    -12, 2, 0, 0, 0, 0, 0, 0,
    0, 0, 0, 0, 0, 0, 0, -5,
    0, 0, 0, -5, 0, 0, 0, 0,
    -4, -1, 0, 0, 0, -4, 0, -2,
    0, -9, 0, 0, 0, 0, 0, 0,
    0, 0, 0, 0, 0, -12, 0, 0,
    0, 0, 0, 0, 0, 0, 0, 0,
    0, 0, -2, 0, 0, 0, 0, 0,
    0, 0, -3, -4, 0, 0, 0, 0,
    0, 0, 0, 0, 0, 0, 0, 0,
    -3, 0, -5, 0, 0, 0, -3, 2,
    -2, 0, 0, -5, -2, -4, 0, 0,
    -5, 0, -2, 0, -9, 0, -3, 0,
    0, -14, -3, -8, -3, -7, 0, 0,
    -12, 0, -5, -1, 0, 0, 0, 0,
    0, 0, 0, 0, 0, -3, -3, -2,
    0, 0, 0, 0, 0, -3, -4, 0,
    -2, 0, 0, 0, 0, 0, 0, 0,
    0, 0, 0, 0, 0, 0, -4, 0,
    -4, 3, -3, 4, 0, -1, -4, -1,
    -3, -3, 0, -2, -1, -1, 1, -5,
    0, 0, 0, 0, -15, -2, -4, 0,
    -6, 0, -1, -9, -1, 0, 0, -1,
    -2, 0, -1, 0, 0, 0, 1, 0,
    -1, -3, -1, 0, 0, 0, 0, -1,
    3, 0, 0, -1, 0, 0, 0, -1,
    0, 0, 0, 0, 0, 0, 0, 0,
    0, 0, 0, 0, 0, 0, 0, 0,
    0, 0, 0, 0, 0, 0, 0, 0,
    0, 0, 0, 0, 0, 0, 0, 0,
    0, 0, 0, 0, 0, 0, 0, 0,
    0, 0, 0, 0, 0, 0, 0, 0,
    0, 5, 0, 0, 0, 0, 0, 0,
    0, 0, 0, 0, 0, 0, 0, 0,
    0, 0, 0, 0, 0, 0, 0, 0,
    0, -4, 0, -1, 0, 0, 0, -4,
    2, 0, 0, 0, -5, -2, -4, 0,
    0, -5, 0, -2, 0, -9, 0, 0,
    0, 0, -18, 0, -4, -7, -10, 0,
    0, -12, 0, -1, -3, 0, 0, 0,
    0, 0, 0, 0, 0, 0, -2, -3,
    -1, 0, 0, 0, 0, 0, -3, -4,
    0, -2, 0, 0, 0, 0, 0, 0,
    0, 0, 0, 0, 0, 0, 3, -3,
    0, 7, 9, -2, -2, -6, 2, 9,
    3, 4, -5, 2, 8, 2, 5, 4,
    5, 0, 0, 0, 0, 0, 0, 0,
    0, 0, 0, 0, 12, 9, -4, -2,
    1, -2, 1, 1, 9, 0, 0, 0,
    0, 2, 0, 0, 0, 0, 0, 0,
    0, 7, 8, 0, -3, 12, 10, 12,
    6, 12, 10, 15, 0, 9, 0, 0,
    -2, 0, 0, 0, 0, 0, 0, 0,
    0, 0, -1, 0, 0, 0, 0, 0,
    0, 0, 0, 4, 0, 0, 0, 0,
    -14, -2, -2, -7, -9, 0, 0, -12,
    0, 0, 0, 0, 0, 0, 0, 0,
    0, 0, 0, 0, 0, 0, 0, 0,
    0, 0, 0, 0, 0, 0, 0, 0,
    0, 0, 0, 0, 0, 0, 0, 0,
    0, 0, 0, -2, 0, 0, 0, 0,
    0, 0, 0, 0, 0, -1, 0, 0,
    0, 0, 0, 0, 0, 0, 4, 0,
    0, 0, 0, -14, -2, -2, -7, -9,
    0, 0, -6, 0, 0, 0, 0, 0,
    0, 0, 0, 0, 0, 0, 0, 0,
    0, 0, 0, 0, 0, 0, 0, 0,
    0, 0, 0, 0, 0, 0, 0, 0,
    0, 0, 0, 0, 0, 0, 0, 0,
    -2, 0, 0, 0, -5, 2, 0, -2,
    2, 4, 2, -6, 0, 0, -2, 2,
    0, 2, 0, 0, 0, 0, -3, 0,
    -1, -1, -4, 0, -1, -8, 0, 12,
    -2, 0, -4, 0, 0, 0, -1, -3,
    0, -2, -6, -4, -2, 0, 0, 0,
    0, 0, 0, 0, 0, 0, -1, -1,
    -1, 0, -1, -1, -1, -1, 0, 0,
    0, -2, 0, 0, 0, 0, 0, 0,
    0, 0, 0, -1, 0, 0, 0, 0,
    0, 0, 0, 0, 4, 0, 0, 0,
    0, -14, -2, -2, -7, -9, 0, 0,
    -12, 0, 0, 0, 0, 0, 0, 0,
    10, 0, 0, 0, 0, 0, 0, 0,
    0, 0, 0, 0, 0, 0, 0, 0,
    0, 0, 0, 0, 0, 0, 0, 0,
    0, 10, 0, 0, -2, 0, -6, -2,
    -1, 6, -2, -2, -8, 0, 1, 0,
    -1, -5, 0, 4, 0, 2, 0, 2,
    -4, -8, -2, 0, -6, -3, -5, -8,
    -7, 0, -2, -4, -2, -3, -8, -1,
    -2, 0, -1, 0, -1, 0, 3, 0,
    3, -1, 0, 0, 0, 0, 0, 2,
    6, 6, 0, -7, -1, -1, -1, -1,
    -1, -1, -1, -1, 0, 0, 0, 0,
    0, 0, 0, 0, 0, 0, 0, 0,
    0, -1, -2, -2, 0, 0, -5, 0,
    -1, 0, -3, 0, 0, 0, 0, 0,
    0, 0, 0, 0, 0, 0, -12, 0,
    0, 0, 0, 0, 0, 0, 0, 0,
    0, 0, 0, -2, -2, 0, 0, 0,
    0, 0, 0, -2, -4, 0, 0, 0,
    0, 0, 0, 0, 0, 0, 0, 0,
    0, 0, 0, 0, -2, 0, 0, -3,
    -2, 2, 0, -3, -3, -1, 0, -5,
    -1, -4, -1, -2, 0, -3, 0, 0,
    0, 0, 0, 0, 0, 0, 0, 0,
    0, -12, 0, 6, 0, 0, -3, 0,
    0, 0, 0, 0, -2, 0, -2, 0,
    0, 0, 0, 0, 0, -1, -1, -4,
    0, 0, 0, 0, 0, 0, 0, 0,
    0, 0, 0, 0, 0, -1, 0, -5,
    0, 0, 8, -3, -6, -6, 1, 3,
    3, 0, -6, 1, 3, 1, 6, 1,
    7, -1, -5, 0, 0, -6, 0, 0,
    -6, -5, 0, 0, -4, 0, -3, -3,
    0, -3, 0, 0, -3, 0, -1, 3,
    0, -2, -6, -2, 0, 0, 0, 0,
    0, 7, 6, 0, -7, 0, 0, 0,
    0, 0, 0, 0, 0, -3, 0, 0,
    -1, 0, -4, 0, 0, 3, -5, 0,
    2, -2, 2, 1, 0, -7, 0, -1,
    0, 0, -2, 3, -2, 0, 0, 0,
    -6, -2, -4, 0, -6, 0, 0, -9,
    0, 7, -2, 0, -3, 0, 0, 3,
    0, -2, 0, -2, -6, 0, -2, 0,
    0, 0, 0, 0, 2, 0, 0, 0,
    0, 0, 0, 0, 0, 0, 0, 0,
    3, 0, 0, 0, 0, -1, 0, 0,
    2, -2, 0, 0, 0, -2, -1, 0,
    -2, 0, 0, 0, 0, 0, 0, 0,
    0, 0, 0, 0, 0, 0, 0, 0,
    0, 0, -12, 0, 4, 0, 0, -2,
    0, 0, 0, 0, 0, 0, 0, -2,
    -2, 0, 0, 0, 0, 0, 0, 0,
    0, 0, 0, 0, 0, 0, 0, 0,
    0, 0, 0, 0, 0, 0, 0, 0,
    0, 0, 0, 0, 0, 0, 8, 0,
    -4, 0, 0, 0, 0, 0, 0, 0,
    0, 0, 0, 0, 0, 0, 0, 0,
    0, 0, 0, 0, 0, -11, 0, 3,
    0, 0, 0, 0, 0, 0, 0, 0,
    0, 0, 0, 0, 0, 0, 0, 0,
    -4, 0, 0, 0, 0, 0, 0, 0,
    0, 0, 0, 0, 0, 0, 0, 0,
    0, -2, 0, -7, 0, 0, 4, -6,
    0, 2, -7, 3, -2, -2, -6, -3,
    1, -6, -4, -6, 0, -2, -9, 0,
    -4, 0, 0, 0, -2, 2, 0, 0,
    3, 0, 3, -8, 0, -6, 0, 0,
    -5, -4, -8, -4, -5, -4, -5, -8,
    -5, 0, 0, 0, -2, 0, 2, -3,
    -4, -4, 6, 2, 0, 3, 2, 5,
    -4, 5, 0, 0, 0, 0, 0, 0,
    0, 0, 1, -2, 0, 0, 0, -2,
    0, 0, 0, -2, 0, 0, 0, 0,
    0, 0, 0, 0, 0, 0, 0, 0,
    0, 0, 0, 0, 0, -1, 0, 0,
    0, 0, 0, 0, 0, 0, 0, 0,
    0, 0, 0, 0, 0, 0, 0, 0,
    0, 0, 0, -1, 0, 0, 0, 0,
    0, 0, 0, 0, 0, 3, 4, 0,
    0, 0, 0, 4, 0, -5, -6, -6,
    -2, 6, 0, 2, -2, 0, 5, -2,
    0, -8, 0, 0, 0, 0, 0, 0,
    0, 0, 0, 0, 0, 0, 10, 4,
    -2, 0, 0, 0, 0, 0, 0, 0,
    0, 0, 0, 0, 0, 0, -4, 0,
    0, 0, 0, 0, 0, 0, -8, 0,
    0, 0, 0, 0, 0, 0, 0, 0,
    0, 0, 0, 0, 0, 0, 0, 0,
    4, 0, 4, 0, 0, 0, 0, 3,
    0, 1, 2, 0, 0, 0, 0, 0,
    0, 0, 0, 0, 0, 0, 0, 0,
    0, 0, 0, 1, 0, 0, 0, 0,
    0, 0, 0, 0, 0, 0, 0, 0,
    0, 0, 0, 0, 0, 0, 0, 0,
    0, 0, 0, 0, 0, 0, 0, 0,
    0, 0, 0, 0, 0, 0, 0, 0,
    0, 0, 0, -2, 0, 1, 0, 0,
    0, 0, 1, 1, 0, 0, 0, 0,
    -2, 0, 0, 0, 0, 0, 0, 0,
    0, 0, 0, 0, -11, 0, 2, 0,
    0, 0, 0, 0, 0, 0, 0, 0,
    0, 0, 0, 0, 0, 0, 0, 0,
    0, 0, 0, 0, 1, 0, 0, 0,
    0, 0, 0, 0, 0, 0, 0, 4,
    0, 5, 0, 0, 0, 0, 0, -12,
    -11, 0, 9, 6, 3, -8, 1, 8,
    0, 7, 0, 4, 0, 0, 0, 0,
    0, 0, 0, 0, 0, 0, 0, 11,
    0, 0, 0, 0, 0, 0, 0, 0,
    0, 0, 0, 0, 0, 0, 0, 0,
    0, 0, 0, 0, 0, 0, 0, -12,
    0, 0, 0, 0, 0, 0, 0, 0,
    0, 0, -8, 0, -12, -3, 0, 0,
    0, -8, 0, 8, -10, -9, 0, 0,
    -9, 0, -9, -9, 0, 0, -26, 0,
    0, 0, 0, 0, 0, 0, 0, 0,
    0, 0, -17, 2, 10, 0, 0, 0,
    0, 0, 0, 0, 0, 0, 0, 0,
    0, 0, 0, 2, -3, -10, 0, -12,
    -17, -2, -4, 0, 0, 0, 0, 0,
    0, 0, 0, 0, 0, 0, 0, 0,
    0, 0, 0, 0, 0, -4, -6, 0,
    -4, -5, -4, 0, -2, 0, 0, 0,
    0, -6, 0, -6, 0, -8, -5, 0,
    -2, -6, -6, -3, 0, -8, 0, -6,
    -2, 0, 0, 0, 0, -2, 0, 0,
    1, 0, 0, -2, 0, 0, 0, 0,
    0, 0, 0, 0, 0, -5, 0, 0,
    0, 0, 0, 0, 0, 0, -2, 0,
    0, -2, 0, 0, 0, 0, 15, 0,
    0, 0, 0, -1, 0, 0, 0, 0,
    0, 0, 0, 0, 8, 0, 0, 0,
    0, -14, -2, -2, -7, -9, 0, 0,
    -12, 0, 0, 0, 0, 0, 0, 0,
    0, 0, 0, 0, 0, 0, 0, 0,
    0, 0, 0, 0, 0, 0, 0, 0,
    0, 0, 0, 0, 0, 0, 0, 0,
    0, 0, 0, 0, 0, 0, 0, 0,
    0, 2, 0, -3, 0, 1, 0, 0,
    -1, 0, 0, 0, 0, 0, 0, -1,
    0, 0, 0, 0, 0, 0, 0, 0,
    0, 0, 0, -2, 0, -4, 0, 0,
    0, 0, 0, 0, 0, 0, 0, 0,
    0, 0, 0, 0, 0, 0, 0, 0,
    4, 0, 0, -1, 0, 0, 0, 0,
    0, 0, 0, 0, 0, 0, 0, 0,
    -5, 0, 0, 0, -5, 0, 0, 0,
    0, -4, -1, 0, 0, 0, -4, 0,
    -2, 0, -9, 0, 0, 0, 0, 0,
    0, 0, 0, 0, 0, 0, -12, 0,
    0, 0, 0, 0, 0, 0, 4, 0,
    0, 0, 0, -2, 0, 0, 0, 0,
    0, 0, 0, -3, -4, 0, 0, 0,
    0, 0, 0, 0, 0, 0, 0, 4,
    0, 0, 0, 0, 0, 0, 0, 0,
    0, 0, 0, 0, 0, 0, 0, 0,
    0, 0, 0, 0, 0, 0, 0, 0,
    0, 0, 0, 0, 0, 0, 0, 0,
    0, 0, 0, 0, 0, 18, 0, 0,
    19, 18, 2, 0, 12, 2, 2, 2,
    2, 0, 0, 0, 0, 0, 0, 0,
    0, 0, 2, 2, 2, 18, 2, 2,
    2, 2, 0, 0, -4, 0, -1, 0,
    0, 0, -4, 2, 0, 0, 0, -5,
    -2, -4, 0, 0, -5, 0, -2, 0,
    -9, 0, 0, 0, 0, -18, 0, -4,
    -7, -10, 0, 0, -12, 0, -1, -3,
    0, 0, 0, 0, 6, 0, 0, 0,
    0, -2, -3, -1, 0, 0, 0, 0,
    0, -3, -4, 0, -2, 0, 0, 0,
    0, 0, 0, 0, 0, 6, 0, 0,
    -2, 0, 0, 0, 0, 0, 0, 0,
    0, 0, -1, 0, 0, 0, 0, 0,
    0, 0, 0, 4, 0, 0, 0, 0,
    -14, -2, -2, -7, -9, 0, 0, -12,
    0, 0, 0, 0, 0, 0, 0, 13,
    0, 0, 0, 0, 0, 0, 0, 0,
    0, 0, 0, 0, 0, 0, 0, 0,
    0, 0, 0, 0, 0, 0, 0, 0,
    13, 0, 0, 0, 0, -2, 0, 0,
    -3, -2, 2, 0, -3, -3, -1, 0,
    -5, -1, -4, -1, -2, 0, -3, 0,
    0, 0, 0, 0, 0, 0, 0, 0,
    0, 0, -12, 0, 6, 0, 0, -3,
    0, 0, 3, 4, 0, -2, 0, -2,
    0, 0, 0, 0, 0, 0, -1, -1,
    -4, 0, 0, 4, 4, 4, 0, 4,
    4, 4, 4, 3, 0, 0, -2, 0,
    0, 0, 0, 0, 0, 0, 0, 0,
    -1, 0, 0, 0, 0, 0, 0, 0,
    0, 4, 0, 0, 0, 0, -14, -2,
    -2, -7, -9, 0, 0, -12, 0, 0,
    0, 0, 0, 0, 0, 9, 0, 0,
    0, 0, 0, 0, 0, 0, 0, 0,
    0, 0, 0, 0, 0, 0, 0, 0,
    0, 0, 0, 0, 0, 0, 9
};


/*Collect the kern class' data in one place*/
static const lv_font_fmt_txt_kern_classes_t kern_classes =
{
    .class_pair_values   = kern_class_values,
    .left_class_mapping  = kern_left_class_mapping,
    .right_class_mapping = kern_right_class_mapping,
    .left_class_cnt      = 77,
    .right_class_cnt     = 67,
};

/*--------------------
 *  ALL CUSTOM DATA
 *--------------------*/

#if LVGL_VERSION_MAJOR == 8
/*Store all the custom data of the font*/
static  lv_font_fmt_txt_glyph_cache_t cache;
#endif

#if LVGL_VERSION_MAJOR >= 8
static const lv_font_fmt_txt_dsc_t font_dsc = {
#else
static lv_font_fmt_txt_dsc_t font_dsc = {
#endif
    .glyph_bitmap = glyph_bitmap,
    .glyph_dsc = glyph_dsc,
    .cmaps = cmaps,
    .kern_dsc = &kern_classes,
    .kern_scale = 16,
    .cmap_num = 3,
    .bpp = 4,
    .kern_classes = 1,
    .bitmap_format = 1,
#if LVGL_VERSION_MAJOR == 8
    .cache = &cache
#endif
};



/*-----------------
 *  PUBLIC FONT
 *----------------*/

/*Initialize a public general font descriptor*/
#if LVGL_VERSION_MAJOR >= 8
const lv_font_t ui_semibold_12 = {
#else
lv_font_t ui_semibold_12 = {
#endif
    .get_glyph_dsc = lv_font_get_glyph_dsc_fmt_txt,    /*Function pointer to get glyph's data*/
    .get_glyph_bitmap = lv_font_get_bitmap_fmt_txt,    /*Function pointer to get glyph's bitmap*/
    .line_height = 17,          /*The maximum line height required by the font*/
    .base_line = 4,             /*Baseline measured from the bottom of the line*/
#if !(LVGL_VERSION_MAJOR == 6 && LVGL_VERSION_MINOR == 0)
    .subpx = LV_FONT_SUBPX_NONE,
#endif
#if LV_VERSION_CHECK(7, 4, 0) || LVGL_VERSION_MAJOR >= 8
    .underline_position = -1,
    .underline_thickness = 1,
#endif
    .dsc = &font_dsc,          /*The custom font data. Will be accessed by `get_glyph_bitmap/dsc` */
#if LV_VERSION_CHECK(8, 2, 0) || LVGL_VERSION_MAJOR >= 9
    .fallback = NULL,
#endif
    .user_data = NULL,
};



#endif /*#if UI_SEMIBOLD_12*/
