/*******************************************************************************
 * Size: 14 px
 * Bpp: 4
 * Generated by scripts/build/gen-touch-fonts.sh with lv_font_conv 1.5.3
 * Sources: Montserrat SemiBold v7.222
 ******************************************************************************/

#if 1
#include "lvgl.h"
#else
#include "lvgl/lvgl.h"
#endif

#ifndef UI_SEMIBOLD_14
#define UI_SEMIBOLD_14 1
#endif

#if UI_SEMIBOLD_14

/*-----------------
 *    BITMAPS
 *----------------*/

/*Store the image of the glyphs*/
static LV_ATTRIBUTE_LARGE_CONST const uint8_t glyph_bitmap[] = {
    /* U+0020 " " */

    /* U+0021 "!" */
    0xf, 0xf0, 0x4, 0x20, 0x11, 0x80, 0x4, 0x2,
    0x31, 0x0, 0xb, 0x80, 0x1c, 0x80, 0x13, 0x60,
    0x3b, 0xa0, 0x12, 0x30,

    /* U+0022 "\"" */
    0x3f, 0x48, 0xf1, 0x0, 0x78, 0x4, 0xe0, 0x20,
    0x10, 0x81, 0x71, 0xb7, 0x80,

    /* U+0023 "#" */
    0x0, 0xb9, 0x41, 0x7c, 0x3, 0x8, 0x9c, 0x8,
    0xc0, 0x7, 0xfc, 0x1b, 0xf0, 0x7f, 0x45, 0x4c,
    0x15, 0x42, 0x4a, 0x91, 0x5e, 0x25, 0x50, 0x62,
    0x98, 0xf, 0x30, 0x88, 0x84, 0x41, 0x5c, 0xc9,
    0xdc, 0x9, 0xe2, 0x8b, 0x26, 0xb9, 0xa, 0xb2,
    0x22, 0x1e, 0x21, 0x2, 0xa0, 0x4, 0x2c, 0x4,
    0x20, 0x10,

    /* U+0024 "$" */
    0x0, 0x87, 0xc4, 0x3, 0xff, 0x82, 0x33, 0xe1,
    0xf8, 0xa0, 0xc, 0x65, 0x7, 0x1f, 0x3, 0x26,
    0xa0, 0x8d, 0xb0, 0x9, 0x48, 0x2, 0x10, 0x35,
    0x3c, 0x8, 0x30, 0xa, 0xad, 0x81, 0xb2, 0x80,
    0x24, 0x80, 0xc2, 0x53, 0x5, 0x0, 0x89, 0x40,
    0xb, 0x5b, 0x1, 0x6e, 0x46, 0xb0, 0xc, 0x8,
    0xd8, 0x0, 0x7d, 0xe0, 0xf9, 0x10, 0xe, 0x11,
    0x0, 0x40,

    /* U+0025 "%" */
    0x9, 0xed, 0x40, 0xa, 0xac, 0x0, 0x88, 0xcb,
    0xa0, 0x2, 0xa5, 0x0, 0xd, 0xc9, 0x84, 0x6b,
    0xb0, 0x80, 0x9, 0xc1, 0x0, 0x6d, 0x54, 0x1,
    0x2b, 0xfd, 0xd2, 0xa4, 0x5e, 0xb8, 0x2, 0xbf,
    0xc9, 0x76, 0xf3, 0xe9, 0x30, 0xd, 0x6a, 0xa3,
    0x93, 0x4b, 0x0, 0x95, 0x28, 0x0, 0x20, 0x60,
    0x10, 0xdd, 0x84, 0xd, 0x85, 0xf0, 0x1, 0x6a,
    0xa0, 0x7, 0xdf, 0xb2, 0x0,

    /* U+0026 "&" */
    0x0, 0x26, 0xfe, 0xa8, 0x6, 0x1b, 0x1a, 0x6a,
    0x10, 0x8, 0xc2, 0x97, 0x40, 0xc0, 0x22, 0x24,
    0x3c, 0xa9, 0x0, 0x6a, 0x18, 0x6a, 0x0, 0xd1,
    0x6, 0x17, 0x34, 0xc1, 0x37, 0x74, 0xf9, 0xe4,
    0x10, 0xa8, 0x70, 0xe, 0x9, 0xb8, 0x20, 0x4c,
    0xa3, 0x44, 0x4c, 0x85, 0x88, 0xce, 0x13, 0xc8,
    0xc0, 0x77, 0xfe, 0xc6, 0xb, 0x20,

    /* U+0027 "'" */
    0x3f, 0x41, 0x0, 0xce, 0x1, 0x17, 0x18,

    /* U+0028 "(" */
    0x5, 0xf5, 0x8, 0x25, 0x22, 0x28, 0x28, 0x60,
    0x68, 0x28, 0x30, 0x8, 0x0, 0x40, 0x3c, 0xe2,
    0x0, 0x10, 0x10, 0xd0, 0x50, 0x50, 0xc0, 0x22,
    0x28, 0x2, 0x9, 0x40,

    /* U+0029 ")" */
    0x7f, 0x30, 0x60, 0x80, 0x14, 0x40, 0x3, 0x41,
    0x1, 0x40, 0xc0, 0x83, 0x80, 0x40, 0xc0, 0x38,
    0x40, 0xc0, 0x83, 0x81, 0x40, 0xc3, 0x41, 0x5,
    0x10, 0xc, 0x10, 0x0,

    /* U+002A "*" */
    0x0, 0x4b, 0x80, 0x22, 0x8b, 0xb1, 0x64, 0x51,
    0x95, 0x48, 0xa0, 0x4, 0x30, 0xb6, 0x8a, 0x5,
    0x57, 0x9b, 0x98,

    /* U+002B "+" */
    0x0, 0x9a, 0x40, 0x3d, 0xee, 0x1, 0x88, 0x86,
    0x4, 0x40, 0x1d, 0xd2, 0x8e, 0xe9, 0x46, 0xa8,
    0x83, 0x54, 0x40, 0x55, 0x10, 0x2a, 0x84, 0x3,
    0xf0,

    /* U+002C "," */
    0x8, 0x35, 0x7f, 0x41, 0x61, 0xf, 0x31, 0x50,

    /* U+002D "-" */
    0x28, 0x89, 0x45, 0xde, 0xf0,

    /* U+002E "." */
    0x6, 0x25, 0x9e, 0x61, 0x40,

    /* U+002F "/" */
    0x0, 0xef, 0x90, 0xc, 0x81, 0xa0, 0x1b, 0x85,
    0x0, 0x32, 0x38, 0x6, 0x41, 0xd0, 0xd, 0xa2,
    0x80, 0x19, 0xdc, 0x1, 0x90, 0x74, 0x3, 0x68,
    0xa0, 0x6, 0x74, 0x0, 0xc8, 0x3c, 0x1, 0xb4,
    0x10, 0x3, 0x3a, 0x80, 0x64, 0x1e, 0x0, 0xc0,

    /* U+0030 "0" */
    0x0, 0x26, 0x7f, 0x40, 0x4, 0xb6, 0x68, 0x6f,
    0x60, 0xb, 0xd, 0xbd, 0x44, 0x8c, 0x54, 0x80,
    0x10, 0x1c, 0xc0, 0x40, 0x11, 0x3, 0x0, 0x7f,
    0x30, 0x10, 0x4, 0x40, 0xc6, 0x2a, 0x40, 0x8,
    0xe, 0xb, 0xd, 0xbd, 0x44, 0x81, 0x6c, 0xd0,
    0xde, 0xc0,

    /* U+0031 "1" */
    0xef, 0xf9, 0x98, 0x21, 0x12, 0x60, 0x1f, 0xfd,
    0x10,

    /* U+0032 "2" */
    0x6, 0xcf, 0xea, 0x20, 0x99, 0x12, 0x1a, 0xe0,
    0x44, 0x3a, 0xf5, 0x45, 0x5, 0xc0, 0x23, 0x7,
    0x0, 0xc4, 0xc4, 0x60, 0x11, 0x60, 0xf8, 0x4,
    0x78, 0x18, 0x40, 0x4, 0xc0, 0xc2, 0x0, 0x25,
    0x82, 0xc5, 0x51, 0xf0, 0x0, 0x8a, 0xb6, 0x0,

    /* U+0033 "3" */
    0x8f, 0xff, 0x16, 0xb3, 0x48, 0x2, 0x6b, 0x33,
    0x38, 0x68, 0x80, 0x54, 0x76, 0x60, 0x12, 0x28,
    0x79, 0x80, 0x4b, 0xe, 0x98, 0x40, 0x1, 0x78,
    0xa0, 0xa3, 0x30, 0x5, 0xa1, 0xfe, 0xcd, 0xbc,
    0x70, 0x5e, 0x60, 0x42, 0x4d, 0x20,

    /* U+0034 "4" */
    0x0, 0xc5, 0xda, 0x1, 0xf7, 0xf, 0x80, 0x7a,
    0x4e, 0x88, 0x3, 0x99, 0xa5, 0x0, 0xe2, 0x93,
    0x91, 0xf9, 0x0, 0xbc, 0x38, 0x3, 0xce, 0x41,
    0xbf, 0xc0, 0xde, 0xa4, 0xab, 0xc0, 0x4a, 0xcb,
    0x55, 0xa0, 0x12, 0x8c, 0x3, 0xfc,

    /* U+0035 "5" */
    0xa, 0xff, 0xe2, 0x1, 0x6, 0x6c, 0x60, 0xc5,
    0x33, 0x84, 0x8, 0xea, 0x58, 0x3, 0xa, 0xb4,
    0xe8, 0x3, 0xfe, 0xd5, 0x28, 0x0, 0xc5, 0x0,
    0x64, 0xc0, 0x12, 0x1, 0x44, 0xf5, 0xe4, 0x85,
    0xd9, 0xcd, 0xd, 0x30, 0x80,

    /* U+0036 "6" */
    0x0, 0x15, 0x77, 0xec, 0x0, 0xf, 0x54, 0x95,
    0x80, 0x2e, 0xb, 0xca, 0xb8, 0x2, 0x22, 0xb3,
    0xb8, 0xc0, 0xe, 0xf, 0xb1, 0xc, 0x80, 0x8,
    0xa7, 0xf4, 0x9c, 0xc4, 0xd, 0x80, 0xac, 0x15,
    0x0, 0x80, 0x2e, 0x2, 0x8, 0x1d, 0x8a, 0x72,
    0x40, 0x7a, 0x17, 0x45, 0xc0,

    /* U+0037 "7" */
    0x9f, 0xff, 0x80, 0x25, 0x5c, 0x2, 0x1, 0x5d,
    0x53, 0x42, 0x42, 0xa8, 0x20, 0xa, 0x6, 0x3,
    0x50, 0x2, 0x93, 0x8, 0x7, 0x48, 0x58, 0x7,
    0x19, 0x90, 0x80, 0x3a, 0x43, 0xc0, 0x38, 0x54,
    0x90, 0x3, 0xa4, 0x2c, 0x3, 0x0,

    /* U+0038 "8" */
    0x1, 0x9e, 0xfe, 0xa1, 0x0, 0x6b, 0x2b, 0xa2,
    0xe0, 0x0, 0xcd, 0x71, 0x4a, 0x44, 0x2, 0x35,
    0x24, 0x40, 0x90, 0x70, 0x56, 0xd8, 0xd8, 0xe,
    0x84, 0x54, 0xd, 0x12, 0xc, 0x3a, 0xbd, 0x82,
    0x80, 0x38, 0x2, 0x20, 0x2, 0x8b, 0x5c, 0x54,
    0x3, 0x7, 0xaa, 0x9d, 0x17, 0x44,

    /* U+0039 "9" */
    0x3, 0xbf, 0xf5, 0x98, 0x0, 0xb1, 0x59, 0x8b,
    0x86, 0x16, 0x15, 0x32, 0xc0, 0xf0, 0x9, 0xc0,
    0x31, 0x86, 0x86, 0xcc, 0xb0, 0x0, 0x49, 0x44,
    0xce, 0xc6, 0x6, 0xb, 0x9f, 0xd0, 0x42, 0x20,
    0xe, 0x81, 0x70, 0x6, 0x5d, 0x6b, 0x94, 0x80,
    0x19, 0x54, 0xf, 0xa0, 0x0,

    /* U+003A ":" */
    0x3e, 0x86, 0x14, 0x59, 0xe0, 0x62, 0x0, 0xcc,
    0x4b, 0x3c, 0xc2, 0x80,

    /* U+003B ";" */
    0x3e, 0x86, 0x14, 0x59, 0xe0, 0x62, 0x0, 0xd0,
    0x6a, 0xfe, 0x82, 0xc2, 0x1e, 0x62, 0xa0,

    /* U+003C "<" */
    0x0, 0xf2, 0x18, 0x4, 0x2f, 0xb6, 0xc0, 0x75,
    0xd0, 0xf8, 0xa3, 0x89, 0x3d, 0x46, 0x2, 0x43,
    0x4e, 0x1, 0xb6, 0xda, 0x7e, 0x44, 0x0, 0x95,
    0xce, 0xe4, 0x0, 0xc3, 0x1c, 0x80,

    /* U+003D "=" */
    0x1f, 0xff, 0x28, 0xc4, 0x79, 0xc1, 0xdf, 0xc4,
    0x4, 0x5e, 0x1, 0xdd, 0xf2, 0x8d, 0x57, 0x90,

    /* U+003E ">" */
    0x6, 0x0, 0xf0, 0xcf, 0xc9, 0x0, 0x43, 0xae,
    0xed, 0xb5, 0x0, 0x14, 0x75, 0x3d, 0x28, 0x4,
    0x9c, 0x62, 0xc1, 0x1d, 0x6f, 0x3c, 0x62, 0xee,
    0xcc, 0x30, 0x0, 0x7a, 0x4c, 0x3, 0x0,

    /* U+003F "?" */
    0x6, 0xdf, 0xeb, 0x30, 0x99, 0x3, 0x12, 0x68,
    0x44, 0xec, 0xe2, 0x89, 0x8b, 0x0, 0x4c, 0x4,
    0x1, 0xac, 0xe8, 0x40, 0x29, 0x4a, 0x50, 0xd,
    0xce, 0xa0, 0x1c, 0xb4, 0x1, 0xed, 0xd0, 0x7,
    0x8c, 0xc0, 0x10,

    /* U+0040 "@" */
    0x0, 0xcd, 0x9d, 0xfb, 0x48, 0x1, 0xc7, 0xb0,
    0x95, 0x90, 0x17, 0x40, 0x10, 0xeb, 0xf4, 0x29,
    0xad, 0xe3, 0xd0, 0x2, 0xca, 0x8b, 0x3b, 0xeb,
    0x3f, 0xca, 0x82, 0xb0, 0x18, 0x51, 0x4c, 0x40,
    0x4d, 0xca, 0x8, 0xa3, 0x6e, 0xb8, 0x20, 0xf,
    0x61, 0x10, 0x10, 0x38, 0x4, 0x40, 0x3, 0x11,
    0x80, 0xc1, 0x0, 0x2, 0x60, 0x2, 0x65, 0x4,
    0x41, 0x4c, 0x3e, 0x1, 0xbc, 0xf0, 0xa4, 0x6,
    0x2b, 0xca, 0xe9, 0x43, 0xa8, 0x49, 0x48, 0xd7,
    0xf4, 0x16, 0xfc, 0x80, 0xb, 0x5f, 0x5d, 0x10,
    0xd6, 0x20, 0x1c, 0x7f, 0x57, 0x57, 0x62, 0x0,
    0xc0,

    /* U+0041 "A" */
    0x0, 0xed, 0xf5, 0x0, 0xfc, 0xa4, 0x32, 0x1,
    0xfa, 0x4e, 0xcc, 0xc0, 0x1e, 0x33, 0x52, 0x8c,
    0x80, 0x7a, 0x41, 0x81, 0x94, 0x80, 0x30, 0xab,
    0x0, 0x28, 0x2c, 0x3, 0x48, 0x37, 0xfb, 0x41,
    0x80, 0x33, 0x13, 0xbe, 0x60, 0x70, 0x3, 0xd,
    0xc4, 0x69, 0x19, 0x0, 0x58, 0x30, 0x7, 0x30,
    0xa8,

    /* U+0042 "B" */
    0xbf, 0xfd, 0xd8, 0xa0, 0x19, 0x9d, 0xe3, 0xa3,
    0x0, 0xae, 0x21, 0x32, 0x4, 0x0, 0xf0, 0xe0,
    0x18, 0x5, 0xbf, 0xee, 0x56, 0x40, 0x9, 0x9d,
    0xe2, 0x67, 0x0, 0xae, 0x22, 0xd1, 0x90, 0xf,
    0xe1, 0x0, 0xae, 0x22, 0xd1, 0x50, 0x9, 0x9d,
    0xe0, 0x7a, 0x0,

    /* U+0043 "C" */
    0x0, 0x9f, 0x7f, 0xad, 0x0, 0x3, 0xb0, 0x48,
    0x49, 0x6c, 0x14, 0x4d, 0xf7, 0x9c, 0xce, 0x48,
    0x52, 0x1, 0xc, 0x8b, 0x82, 0x80, 0x7f, 0xf1,
    0x5c, 0x10, 0x3, 0xe2, 0x43, 0x90, 0x8, 0x64,
    0x42, 0x89, 0xbe, 0xed, 0xcc, 0xe0, 0x3b, 0x4,
    0x89, 0x5b, 0x0,

    /* U+0044 "D" */
    0xbf, 0xfd, 0xd6, 0x80, 0x19, 0x56, 0x24, 0xb8,
    0x0, 0xa2, 0xa9, 0x9a, 0x4e, 0x80, 0x1e, 0x2e,
    0xf, 0x0, 0xf8, 0xc1, 0x40, 0x3f, 0xf8, 0xa6,
    0xa, 0x1, 0xe2, 0xe0, 0xf0, 0x4, 0x55, 0x2f,
    0x49, 0xd0, 0x0, 0xab, 0x92, 0xe0, 0x0,

    /* U+0045 "E" */
    0xbf, 0xff, 0x38, 0x1, 0x59, 0xb1, 0x80, 0x22,
    0x67, 0x20, 0x7, 0xfb, 0x7f, 0xee, 0x0, 0x95,
    0x9b, 0x0, 0x51, 0x33, 0x40, 0x7, 0xfd, 0x13,
    0x39, 0x80, 0xa, 0xcd, 0xb0,

    /* U+0046 "F" */
    0xbf, 0xff, 0x38, 0x1, 0x59, 0xb1, 0x80, 0x22,
    0x67, 0x20, 0x7, 0xfa, 0x2a, 0xa8, 0x0, 0x95,
    0x73, 0x0, 0x5b, 0xff, 0x70, 0x7, 0xff, 0x34,

    /* U+0047 "G" */
    0x0, 0x9f, 0x3f, 0xd8, 0xa0, 0x1, 0xd8, 0x34,
    0x41, 0xd4, 0x5, 0x13, 0x7d, 0xdb, 0xde, 0x89,
    0xa, 0x40, 0x34, 0x13, 0x82, 0x80, 0x70, 0x88,
    0x3, 0xf7, 0x53, 0x82, 0x80, 0x7c, 0x48, 0x52,
    0x1, 0xf5, 0x13, 0x7d, 0xdb, 0xc0, 0x40, 0x76,
    0x9, 0x10, 0x73, 0x40,

    /* U+0048 "H" */
    0xbf, 0x20, 0xd, 0x9e, 0x1, 0xff, 0xd5, 0xdf,
    0xfc, 0x60, 0x19, 0x15, 0x70, 0x80, 0x69, 0xaa,
    0xc4, 0x1, 0xff, 0xd4,

    /* U+0049 "I" */
    0xbf, 0x20, 0xf, 0xfe, 0x78,

    /* U+004A "J" */
    0x2, 0xff, 0xe2, 0x3, 0x66, 0x88, 0x2, 0x19,
    0x99, 0xc0, 0x3f, 0xfa, 0xea, 0x40, 0x7, 0x2,
    0xb, 0xda, 0xc2, 0x50, 0x6, 0xa2, 0x93, 0x58,
    0x0,

    /* U+004B "K" */
    0xbf, 0x20, 0x9, 0xfe, 0x40, 0x3c, 0xd0, 0xb2,
    0x1, 0xcd, 0x29, 0x40, 0x1c, 0xb2, 0x76, 0x1,
    0xc9, 0x41, 0xc0, 0x1e, 0x90, 0x4, 0x80, 0x78,
    0x75, 0x11, 0x0, 0x1d, 0xa5, 0x44, 0xe8, 0x1,
    0x84, 0x7, 0xc2, 0xc8, 0x3, 0xc5, 0x61, 0xe0,

    /* U+004C "L" */
    0xbf, 0x20, 0xf, 0xff, 0x9c, 0x55, 0x62, 0x0,
    0x2a, 0xf3, 0x0,

    /* U+004D "M" */
    0xbf, 0x20, 0xf, 0x67, 0x80, 0x52, 0x1, 0xca,
    0x60, 0x19, 0x10, 0x1, 0xac, 0x3, 0x86, 0x40,
    0x27, 0x11, 0x0, 0x68, 0x27, 0x1, 0x85, 0x50,
    0x6, 0x64, 0x81, 0xb0, 0xb0, 0xf, 0x48, 0x6a,
    0xc0, 0x80, 0x78, 0x9c, 0xc9, 0xc0, 0x3f, 0x41,
    0xc8, 0x7, 0xfb, 0x10, 0x3, 0x80,

    /* U+004E "N" */
    0xbf, 0x30, 0xd, 0x9e, 0x1, 0x68, 0x80, 0x7e,
    0x1d, 0x0, 0xfc, 0x66, 0x90, 0xf, 0xb8, 0x99,
    0x80, 0x1f, 0x78, 0xc9, 0x80, 0x78, 0xa8, 0x34,
    0x40, 0x3c, 0x90, 0x24, 0x1, 0xf3, 0xa8, 0x7,
    0xf5, 0x10, 0x0,

    /* U+004F "O" */
    0x0, 0x9f, 0x3f, 0xb1, 0x40, 0x30, 0xec, 0x1a,
    0x11, 0xd5, 0x0, 0x2b, 0x26, 0xfb, 0xce, 0x35,
    0x70, 0x25, 0x29, 0x0, 0x87, 0x42, 0x41, 0xc1,
    0x40, 0x38, 0x50, 0x44, 0x1, 0xff, 0xc0, 0x70,
    0x40, 0xe, 0x14, 0x11, 0x12, 0x1c, 0x80, 0x43,
    0xa1, 0x20, 0xa, 0x26, 0xeb, 0xce, 0x35, 0x70,
    0x0, 0xec, 0x1a, 0x11, 0xd5, 0x0, 0x0,

    /* U+0050 "P" */
    0xbf, 0xfd, 0xb2, 0x20, 0x12, 0xac, 0xd, 0x80,
    0x14, 0x55, 0x35, 0x49, 0x40, 0x3d, 0xe0, 0x40,
    0x1e, 0xf0, 0x20, 0x4, 0xd5, 0x35, 0x49, 0x40,
    0x8, 0xaa, 0x36, 0xc0, 0xb, 0x7f, 0xdd, 0x22,
    0x1, 0xff, 0xc7,

    /* U+0051 "Q" */
    0x0, 0x9f, 0x3f, 0xad, 0x40, 0x3b, 0x20, 0xd0,
    0x92, 0xa8, 0x1, 0x51, 0xaf, 0xde, 0x71, 0xab,
    0x80, 0xa9, 0x50, 0x4, 0x3a, 0x12, 0x8, 0xa,
    0x1, 0xc2, 0x82, 0x20, 0x7, 0x80, 0x7e, 0x36,
    0xc, 0x0, 0xf2, 0x81, 0x19, 0x22, 0x80, 0x68,
    0x16, 0x0, 0x70, 0x55, 0x19, 0xf1, 0xca, 0x0,
    0x7, 0xa8, 0xb3, 0x6, 0xd8, 0x20, 0x11, 0x5f,
    0x40, 0xe, 0x95, 0x18, 0x6, 0x17, 0xa0, 0xbc,
    0x57, 0x0, 0xf2, 0xf5, 0xdb, 0xd0,

    /* U+0052 "R" */
    0xbf, 0xfd, 0xb2, 0x20, 0x12, 0xac, 0xd, 0x80,
    0x14, 0x55, 0x35, 0x49, 0x40, 0x3d, 0xe0, 0x40,
    0x1e, 0xf0, 0x20, 0x4, 0x4c, 0xb5, 0x49, 0x40,
    0xa, 0xcc, 0x24, 0xc0, 0xb, 0x7f, 0xc2, 0xa0,
    0x1f, 0x50, 0xd0, 0x7, 0x91, 0x91, 0x40,

    /* U+0053 "S" */
    0x1, 0x9e, 0xfe, 0xb4, 0x0, 0x63, 0x13, 0x2a,
    0x70, 0x19, 0x2e, 0x4d, 0xfd, 0x80, 0x4c, 0x20,
    0x10, 0x81, 0xb1, 0xf6, 0x39, 0x0, 0x53, 0x8e,
    0x11, 0xb2, 0x1, 0x1c, 0x67, 0x1b, 0x18, 0x30,
    0x4, 0x2a, 0xe, 0xb3, 0xd5, 0x38, 0xc4, 0x8b,
    0x2a, 0x8c, 0x4d, 0x80,

    /* U+0054 "T" */
    0xff, 0xfc, 0xcc, 0x55, 0x8, 0x2a, 0xe9, 0xaa,
    0x28, 0x45, 0x50, 0xc0, 0x3f, 0xfe, 0x60,

    /* U+0055 "U" */
    0xcf, 0x0, 0xef, 0xd0, 0xf, 0xfe, 0xd0, 0x80,
    0x70, 0xb0, 0x10, 0x4, 0x40, 0xfa, 0x12, 0x1,
    0x58, 0x63, 0x92, 0xf5, 0xeb, 0xb, 0x6, 0x30,
    0x21, 0xb7, 0x88,

    /* U+0056 "V" */
    0xd, 0xf1, 0x0, 0xec, 0xf1, 0xb, 0x9, 0x0,
    0xc4, 0x6a, 0x20, 0xc0, 0xc0, 0x1a, 0xc2, 0x40,
    0x26, 0x15, 0x0, 0x98, 0xcc, 0x1, 0x58, 0x70,
    0x1, 0x82, 0x40, 0x31, 0x22, 0x8, 0x28, 0x54,
    0x3, 0xbc, 0x2c, 0xcd, 0x20, 0x1e, 0x42, 0x79,
    0x6, 0x0, 0xfa, 0xc5, 0x54, 0x20, 0x1f, 0x30,
    0x2, 0x40, 0x30,

    /* U+0057 "W" */
    0x7f, 0x60, 0xd, 0xde, 0x20, 0x12, 0x7b, 0xa8,
    0x68, 0x4, 0x82, 0xe, 0x1, 0x68, 0x29, 0x11,
    0x4, 0x1, 0xa0, 0xd, 0x0, 0x9c, 0x88, 0x14,
    0xe, 0x0, 0x74, 0x54, 0x0, 0x18, 0xa8, 0x1,
    0x43, 0x41, 0x7, 0x7c, 0x14, 0x2c, 0x28, 0x0,
    0x44, 0x40, 0xd0, 0x75, 0xf, 0x5, 0x22, 0x0,
    0x4a, 0xa, 0xe8, 0x20, 0x88, 0x22, 0x28, 0x6,
    0xb0, 0xb1, 0xd0, 0x7, 0xc, 0x85, 0x80, 0x63,
    0x21, 0x7, 0x0, 0x20, 0x20, 0x98, 0x7, 0x28,
    0x20, 0x80, 0x5, 0x1, 0x80, 0x20,

    /* U+0058 "X" */
    0x5f, 0xb0, 0x8, 0x7b, 0x82, 0xac, 0x8c, 0x0,
    0xb1, 0xa1, 0x9, 0x29, 0x26, 0x56, 0x40, 0xb,
    0x83, 0xe4, 0xa4, 0x3, 0x1b, 0x90, 0x78, 0x7,
    0x88, 0x0, 0x80, 0x1c, 0xca, 0xa1, 0x92, 0x0,
    0x8a, 0x46, 0xa8, 0x1c, 0x1, 0x70, 0x68, 0x23,
    0x1c, 0x4, 0x1b, 0x98, 0x2, 0x49, 0xcc,

    /* U+0059 "Y" */
    0xd, 0xf2, 0x0, 0xd7, 0xe2, 0x1c, 0x12, 0x1,
    0x22, 0x20, 0x40, 0xd5, 0x10, 0x0, 0x92, 0x70,
    0xa, 0xc2, 0x41, 0xca, 0x40, 0x30, 0xc1, 0x4c,
    0x22, 0x0, 0x39, 0xc9, 0x82, 0x40, 0x3e, 0x80,
    0x62, 0x0, 0xf8, 0x40, 0x40, 0x3f, 0xf9, 0xc0,

    /* U+005A "Z" */
    0x5f, 0xff, 0xb1, 0x95, 0x78, 0x41, 0xe, 0xab,
    0x78, 0xa4, 0x0, 0x63, 0xa2, 0xa0, 0xc, 0x3a,
    0x1e, 0x20, 0x1b, 0x46, 0x88, 0x3, 0x49, 0xba,
    0x80, 0x66, 0x62, 0x40, 0x6, 0x39, 0x1, 0xaa,
    0xd2, 0xa0, 0x5, 0x5e, 0x60,

    /* U+005B "[" */
    0xbf, 0xf5, 0x0, 0x1f, 0x80, 0x12, 0x80, 0x1f,
    0xfd, 0xa9, 0x50, 0x3, 0xf8,

    /* U+005C "\\" */
    0x6f, 0x20, 0xc, 0xe1, 0x40, 0x18, 0x51, 0x40,
    0x3b, 0x48, 0x80, 0x19, 0xc1, 0x40, 0x30, 0xa5,
    0x0, 0x76, 0x91, 0x0, 0x33, 0x82, 0x80, 0x61,
    0x3a, 0x0, 0xea, 0x22, 0x0, 0x67, 0x5, 0x0,
    0xc2, 0x76, 0x1, 0xd4, 0x64, 0x1, 0x9c, 0x14,

    /* U+005D "]" */
    0xcf, 0xf4, 0xc9, 0x80, 0xb, 0x40, 0x1f, 0xfd,
    0xa5, 0xa0, 0x4, 0xb0, 0x0,

    /* U+005E "^" */
    0x0, 0xb3, 0xc4, 0x3, 0x19, 0x85, 0x80, 0x35,
    0x24, 0x48, 0x4, 0x2d, 0xee, 0x28, 0x0, 0x61,
    0x41, 0x6f, 0x0, 0x54, 0x80, 0x29, 0x8,

    /* U+005F "_" */
    0xff, 0xfb, 0x77, 0xe0,

    /* U+0060 "`" */
    0x2d, 0xd0, 0x81, 0x6b, 0x60, 0x80,

    /* U+0061 "a" */
    0x5, 0xce, 0xe5, 0x90, 0x2, 0x1, 0xd1, 0x18,
    0x0, 0xdc, 0x9a, 0x81, 0x40, 0x5d, 0xff, 0x40,
    0x11, 0x28, 0x6f, 0x20, 0x0, 0xe1, 0x48, 0x60,
    0x13, 0x85, 0x23, 0x40, 0x0, 0xa8, 0x6e, 0xce,
    0x0,

    /* U+0062 "b" */
    0xde, 0x0, 0xff, 0xe7, 0xb7, 0x7e, 0x20, 0x4,
    0x32, 0xaa, 0x3b, 0x40, 0xa, 0xae, 0xb0, 0x24,
    0x0, 0x2a, 0x0, 0x33, 0x10, 0x7, 0xfc, 0x2c,
    0x0, 0x33, 0x10, 0x5, 0x37, 0x58, 0x12, 0x0,
    0x28, 0x55, 0x1d, 0xa0, 0x0,

    /* U+0063 "c" */
    0x0, 0x3e, 0xfe, 0xb8, 0x2, 0x60, 0x18, 0x62,
    0x4, 0xc7, 0xb3, 0x93, 0x24, 0xa, 0x0, 0x98,
    0x40, 0x6, 0x1, 0xc8, 0x12, 0x1, 0x38, 0x93,
    0x1e, 0xd6, 0xc4, 0x84, 0xc0, 0x28, 0x44, 0x0,

    /* U+0064 "d" */
    0x0, 0xf2, 0x7b, 0x80, 0x7f, 0xf2, 0x23, 0xbf,
    0xc, 0x2, 0xa7, 0x36, 0x18, 0x0, 0x1a, 0x9e,
    0xce, 0xa0, 0x1, 0x42, 0x40, 0x2e, 0x0, 0xfc,
    0x20, 0x5, 0xe, 0x0, 0xbc, 0x0, 0x6a, 0x99,
    0x16, 0x80, 0x15, 0x39, 0x3b, 0xa4, 0x0,

    /* U+0065 "e" */
    0x0, 0x3e, 0xfe, 0xb0, 0x5, 0x50, 0xee, 0x19,
    0x70, 0x25, 0x7a, 0x8c, 0x48, 0x4, 0x7, 0xff,
    0x90, 0x8, 0x0, 0xf9, 0x9c, 0x48, 0x8, 0x67,
    0x39, 0x81, 0x29, 0xf5, 0x65, 0xb8, 0x2, 0xa0,
    0xd4, 0x99, 0x80,

    /* U+0066 "f" */
    0x0, 0x4f, 0x7b, 0x3, 0x31, 0x59, 0x43, 0xc2,
    0xa4, 0xf5, 0x83, 0xbc, 0xac, 0xc1, 0xe0, 0xd9,
    0x42, 0x9c, 0x40, 0x3f, 0xfa, 0x40,

    /* U+0067 "g" */
    0x0, 0x47, 0x7e, 0x37, 0xc8, 0x53, 0x93, 0xba,
    0x40, 0x6, 0xa9, 0x91, 0x6c, 0x0, 0x50, 0xe0,
    0xa, 0x80, 0x31, 0x80, 0x79, 0x42, 0x80, 0x29,
    0x0, 0x1a, 0x9e, 0xce, 0x28, 0x8, 0x53, 0x9b,
    0x4, 0x80, 0x43, 0x1d, 0xf9, 0xc1, 0xa1, 0x9d,
    0x73, 0x8e, 0x4a, 0x12, 0xaa, 0x62, 0x5c, 0x0,

    /* U+0068 "h" */
    0xde, 0x0, 0xff, 0xe6, 0x36, 0xfe, 0x18, 0x0,
    0x65, 0x90, 0xf0, 0x40, 0x15, 0x76, 0x70, 0x70,
    0x2, 0x80, 0x30, 0x4, 0x4, 0x2, 0x70, 0xf0,
    0xf, 0xfe, 0x60,

    /* U+0069 "i" */
    0xc, 0xd0, 0x1, 0x10, 0x43, 0xf8, 0x43, 0x3c,
    0x3, 0xff, 0xa2,

    /* U+006A "j" */
    0x0, 0xaf, 0x44, 0x2, 0x52, 0x0, 0xdf, 0xc2,
    0x1, 0x6f, 0x0, 0x7f, 0xf8, 0x84, 0x40, 0xa,
    0x92, 0x50, 0x27, 0x64, 0xa0,

    /* U+006B "k" */
    0xde, 0x0, 0xff, 0xe7, 0xe, 0xf9, 0x80, 0x43,
    0x85, 0x66, 0x0, 0x2c, 0x2a, 0x40, 0x0, 0xe1,
    0x22, 0x80, 0x61, 0x24, 0x50, 0xd, 0x7e, 0x14,
    0x40, 0x1, 0x42, 0xa0, 0xe0, 0xe, 0x56, 0x38,

    /* U+006C "l" */
    0xde, 0x0, 0xff, 0xe4, 0x0,

    /* U+006D "m" */
    0xdd, 0x3f, 0x7e, 0x13, 0x6f, 0xea, 0x80, 0xa,
    0x1d, 0xf, 0x65, 0x98, 0x54, 0x60, 0xc, 0x9b,
    0x40, 0x5b, 0x9a, 0xb, 0x0, 0x18, 0x3, 0x3,
    0xc0, 0x8, 0x4, 0x2, 0x1, 0xc2, 0x1, 0xff,
    0xe0,

    /* U+006E "n" */
    0xdd, 0x3f, 0x7e, 0x18, 0x0, 0xa1, 0xd4, 0xf0,
    0x40, 0x17, 0x35, 0x0, 0xe0, 0x4, 0x0, 0x18,
    0x8, 0x8, 0x4, 0xe1, 0xe0, 0x1f, 0xfc, 0xc0,

    /* U+006F "o" */
    0x0, 0x3e, 0xfe, 0xb8, 0x5, 0x50, 0xa, 0x11,
    0x40, 0x4a, 0x7b, 0x5a, 0x6a, 0x68, 0x14, 0x1,
    0x48, 0x20, 0x7, 0xf2, 0x5, 0x0, 0x52, 0x8,
    0x4a, 0x7b, 0x5a, 0x6a, 0x61, 0x50, 0xa, 0x11,
    0x40,

    /* U+0070 "p" */
    0xdd, 0x47, 0x7e, 0x20, 0x4, 0x4e, 0xe6, 0x2b,
    0x40, 0xa, 0xe6, 0x58, 0x12, 0x0, 0x14, 0x0,
    0x11, 0x90, 0x0, 0x40, 0x3f, 0x98, 0x0, 0x66,
    0x20, 0xa, 0x6e, 0xb0, 0x24, 0x0, 0x30, 0xaa,
    0x3b, 0x40, 0x9, 0xfb, 0xf1, 0x0, 0x3f, 0xf9,
    0x0,

    /* U+0071 "q" */
    0x0, 0x47, 0x7e, 0x3f, 0xb8, 0x53, 0x93, 0x84,
    0x0, 0xd, 0x53, 0x23, 0x10, 0x0, 0xa1, 0xc0,
    0x17, 0x0, 0x63, 0x0, 0xf2, 0x85, 0x0, 0x52,
    0x0, 0x34, 0x3d, 0xad, 0x30, 0xa, 0xdc, 0xd4,
    0x60, 0x3, 0x47, 0x7e, 0x18, 0x7, 0xff, 0x20,

    /* U+0072 "r" */
    0xdd, 0x36, 0xb8, 0x14, 0x81, 0x0, 0x23, 0x54,
    0x0, 0xe0, 0x10, 0x80, 0x7f, 0xf1, 0x80,

    /* U+0073 "s" */
    0x5, 0xcf, 0xec, 0x43, 0xa1, 0x77, 0x13, 0xa0,
    0x44, 0x27, 0x8d, 0x2, 0xb2, 0x50, 0xf, 0x1c,
    0x1a, 0xe0, 0xa, 0x33, 0xc5, 0x1b, 0xaa, 0x28,
    0x55, 0x67, 0x72, 0x3c, 0x80,

    /* U+0074 "t" */
    0x9, 0xf2, 0x0, 0xfd, 0xac, 0x1b, 0xe5, 0x66,
    0xf, 0x6, 0xca, 0x14, 0xe2, 0x1, 0xff, 0xc7,
    0xc0, 0xe9, 0x40, 0x56, 0x27, 0x10,

    /* U+0075 "u" */
    0xed, 0x0, 0x97, 0xd8, 0x3, 0xff, 0xa2, 0x60,
    0x2, 0x20, 0x80, 0x34, 0x1, 0x41, 0x93, 0x88,
    0x0, 0x68, 0x6, 0x8, 0x0, 0x0,

    /* U+0076 "v" */
    0xd, 0xe0, 0xd, 0x7c, 0x0, 0xa1, 0x50, 0x1,
    0x23, 0x0, 0x18, 0x38, 0x1, 0x41, 0x40, 0x1,
    0x54, 0x20, 0x64, 0x20, 0xb, 0x82, 0x94, 0x78,
    0x3, 0x21, 0x34, 0x8a, 0x80, 0x75, 0x9, 0xb0,
    0x7, 0x98, 0x1, 0x40, 0x10,

    /* U+0077 "w" */
    0xcd, 0x0, 0x9f, 0xd4, 0x2, 0xea, 0xa1, 0x18,
    0x2, 0xc3, 0x80, 0x8, 0x3c, 0xe1, 0x60, 0x46,
    0x28, 0x21, 0xa2, 0x82, 0x8c, 0xa, 0x14, 0xe,
    0xe, 0xe0, 0x6, 0x89, 0xd2, 0x20, 0xa9, 0x7,
    0x40, 0xe, 0x10, 0x5c, 0xa, 0x70, 0x28, 0x0,
    0x14, 0x40, 0x28, 0x50, 0x1b, 0x80, 0x6d, 0x5,
    0x0, 0x11, 0x85, 0x0, 0x0,

    /* U+0078 "x" */
    0x6f, 0x80, 0x3, 0xfb, 0x31, 0x1d, 0xe, 0x15,
    0x82, 0x86, 0xb8, 0x6c, 0x0, 0x34, 0x25, 0x42,
    0x1, 0x8, 0x0, 0x80, 0x22, 0xa3, 0x34, 0x90,
    0x3, 0x83, 0xb8, 0x1c, 0x10, 0x72, 0x44, 0x83,
    0x80,

    /* U+0079 "y" */
    0xd, 0xe0, 0xd, 0x7c, 0x0, 0xa1, 0x50, 0x1,
    0x23, 0x0, 0x18, 0x38, 0x1, 0x41, 0x40, 0x1,
    0x54, 0x20, 0x64, 0x20, 0xa, 0x42, 0x94, 0x78,
    0x3, 0x19, 0x37, 0xa, 0x80, 0x75, 0x8a, 0x30,
    0x7, 0x9c, 0x1, 0x20, 0x1f, 0x94, 0x40, 0x36,
    0x4e, 0x4, 0x80, 0x73, 0xb1, 0xd1, 0x80, 0x60,

    /* U+007A "z" */
    0x6f, 0xfe, 0xe5, 0x88, 0x8c, 0x1c, 0xdd, 0xca,
    0x65, 0x20, 0x17, 0x87, 0x80, 0x54, 0x54, 0x40,
    0x7, 0x57, 0x50, 0x1, 0xc0, 0x1, 0xde, 0x40,
    0x3, 0xc4, 0x40,

    /* U+007B "{" */
    0x0, 0x2e, 0xf0, 0x2, 0x8a, 0x40, 0x41, 0x5c,
    0xc, 0xc, 0x3, 0xfe, 0x19, 0xe, 0x2, 0x40,
    0x50, 0x3c, 0xb, 0x0, 0x8, 0x7, 0xfc, 0x60,
    0x2, 0x5, 0x70, 0x5, 0xc, 0x80,

    /* U+007C "|" */
    0xbe, 0x0, 0xff, 0xe7, 0x0,

    /* U+007D "}" */
    0xce, 0x70, 0x5, 0x4, 0x10, 0x34, 0x83, 0x0,
    0x4, 0x4, 0x3, 0xff, 0x80, 0x41, 0x26, 0xa,
    0x26, 0xa0, 0xe3, 0x2c, 0x1, 0x18, 0x7, 0xc2,
    0x1, 0x34, 0x83, 0x85, 0x4, 0x10, 0x0,

    /* U+007E "~" */
    0x0, 0xfe, 0x9f, 0xe7, 0x1d, 0x62, 0x69, 0x69,
    0xe3, 0x72, 0xc6, 0x8e, 0xde, 0x10,

    /* U+00A0 " " */

    /* U+00A1 "¡" */
    0xd, 0xc0, 0x12, 0x30, 0x1d, 0xe0, 0x5, 0xb0,
    0x1, 0x70, 0x0, 0x2e, 0x0, 0x31, 0x0, 0x8,
    0x6, 0x30, 0x8, 0x40,

    /* U+00A2 "¢" */
    0x0, 0xce, 0x1, 0xe1, 0x80, 0xe, 0x3b, 0xa,
    0x40, 0x3, 0x62, 0x82, 0xda, 0x8c, 0x96, 0x7,
    0x2b, 0x38, 0x59, 0x0, 0xd1, 0x88, 0x18, 0x7,
    0x18, 0x60, 0x4, 0x40, 0x84, 0xd0, 0x11, 0xae,
    0x18, 0x6c, 0xe, 0x6c, 0x3, 0x96, 0x19, 0x81,
    0x0, 0x94, 0xc, 0x0,

    /* U+00A3 "£" */
    0x0, 0x97, 0x3b, 0xf5, 0xc0, 0xf, 0x46, 0x48,
    0x1a, 0x0, 0x81, 0xdc, 0xbd, 0xa0, 0x10, 0x52,
    0x0, 0xd3, 0xc0, 0x9f, 0xf2, 0x4, 0x58, 0x1e,
    0x64, 0x80, 0x2a, 0xe, 0x67, 0x0, 0x7f, 0xcb,
    0x60, 0xb3, 0x39, 0xf1, 0x40, 0x59, 0xb5, 0x80,

    /* U+00A4 "¤" */
    0x19, 0x0, 0xe1, 0x90, 0x46, 0xba, 0xfe, 0x9c,
    0x62, 0x58, 0x44, 0x33, 0xb1, 0x59, 0x7, 0x86,
    0x4c, 0xa8, 0x4, 0x0, 0x8a, 0x40, 0x5, 0x2c,
    0x0, 0xff, 0xe0, 0x22, 0x90, 0x1, 0xb, 0x0,
    0x1c, 0x19, 0x32, 0xb0, 0x60, 0x49, 0x44, 0x33,
    0xb1, 0x69, 0x2a, 0xae, 0xbf, 0xa7, 0xd0, 0x80,

    /* U+00A5 "¥" */
    0xb, 0xf3, 0x0, 0xc3, 0xd8, 0x0, 0xa1, 0xe0,
    0xd, 0x43, 0xc0, 0x1, 0xa2, 0xa0, 0x3, 0xa5,
    0x10, 0x4, 0x8e, 0xac, 0x70, 0xca, 0x1, 0xd0,
    0x93, 0xa5, 0x20, 0x1d, 0x3c, 0x80, 0x25, 0xd6,
    0x1, 0xa3, 0xf8, 0x83, 0xbe, 0x80, 0x34, 0x7f,
    0x88, 0x3f, 0xd4, 0x1, 0xa3, 0xfc, 0x41, 0xfe,
    0xa0, 0xc, 0x23, 0x0, 0x4, 0x60, 0x0,

    /* U+00A6 "¦" */
    0xbe, 0x0, 0xfd, 0x58, 0x24, 0x0, 0x22, 0x4e,
    0x0, 0x7e,

    /* U+00A7 "§" */
    0x2, 0xbe, 0xfc, 0x60, 0xc6, 0x98, 0x71, 0x31,
    0xb7, 0x75, 0xb9, 0x4, 0x39, 0x80, 0x4, 0x86,
    0x33, 0x2, 0xc5, 0x9f, 0x27, 0x2, 0x1, 0x30,
    0x9a, 0x8e, 0x62, 0xc7, 0x8b, 0xe1, 0xd0, 0x54,
    0x5, 0xee, 0xc2, 0x8b, 0x48, 0x58, 0x2, 0xb,
    0x7a, 0xec, 0x8b, 0xfb, 0x7d, 0x20,

    /* U+00A8 "¨" */
    0x95, 0x1a, 0x25, 0x23, 0x41,

    /* U+00A9 "©" */
    0x0, 0x9a, 0xf3, 0xe, 0x1, 0xd7, 0xd5, 0x98,
    0xc, 0x10, 0x4, 0x6c, 0x8, 0x1, 0xe2, 0xc0,
    0x8, 0xc7, 0x9f, 0xca, 0x82, 0x48, 0x80, 0xd7,
    0xb9, 0xd0, 0xd4, 0x1e, 0x31, 0x94, 0x78, 0x3,
    0x11, 0x71, 0x5, 0xa, 0x28, 0x10, 0xa2, 0x6,
    0x9f, 0xaf, 0x43, 0x1c, 0x11, 0x97, 0xf3, 0xa1,
    0x44, 0x41, 0x1b, 0x2, 0x62, 0xf3, 0x60, 0x15,
    0xf6, 0xeb, 0x3, 0x4, 0x0,

    /* U+00AA "ª" */
    0x2c, 0xed, 0x42, 0xfe, 0x58, 0x28, 0xb4, 0x25,
    0xb, 0xb0, 0x28, 0x66, 0x90,

    /* U+00AB "«" */
    0x0, 0x3d, 0x4, 0xc8, 0x0, 0x91, 0xea, 0xd4,
    0x3, 0x4a, 0x94, 0xe6, 0x6, 0x3a, 0x41, 0xc0,
    0x2, 0x88, 0xb, 0xc0, 0x80, 0x1c, 0xfa, 0xe,
    0x80,

    /* U+00AC "¬" */
    0x2, 0x2f, 0x0, 0xee, 0xf9, 0x46, 0xab, 0x48,
    0x4, 0xab, 0x90, 0x3, 0xe3, 0x21,

    /* U+00AD "­" */
    0x28, 0x89, 0x45, 0xde, 0xf0,

    /* U+00AE "®" */
    0x0, 0x9a, 0xf3, 0xe, 0x1, 0xd7, 0xd5, 0x98,
    0xc, 0x10, 0x4, 0x6c, 0x8, 0x1, 0xe2, 0xc0,
    0x8, 0xd1, 0xfe, 0xe5, 0x41, 0x24, 0x40, 0x1,
    0x7e, 0xa8, 0x1a, 0x83, 0xc0, 0x1f, 0x18, 0x8b,
    0x80, 0xb, 0xf7, 0x40, 0x42, 0x88, 0x0, 0x27,
    0xa1, 0x6, 0x38, 0x23, 0x6e, 0x4, 0xeb, 0x8,
    0x82, 0x37, 0x4c, 0x5, 0xb5, 0x60, 0x15, 0xf6,
    0xeb, 0x3, 0x4, 0x0,

    /* U+00AF "¯" */
    0x3f, 0xfd, 0x27, 0xbb, 0xa0,

    /* U+00B0 "°" */
    0x6, 0xed, 0x40, 0x3b, 0xff, 0x50, 0xaa, 0x84,
    0x95, 0x70, 0x92, 0xa8, 0xef, 0xf2, 0x84,

    /* U+00B1 "±" */
    0x0, 0x91, 0x80, 0x3d, 0xb0, 0x1, 0x88, 0x86,
    0x4, 0x40, 0x1d, 0xd2, 0x8e, 0xe9, 0x46, 0xa8,
    0x83, 0x54, 0x40, 0x55, 0x10, 0x2a, 0x84, 0x3,
    0xfe, 0x9e, 0x0, 0xce, 0xfe, 0x21, 0x88, 0xf3,
    0x80,

    /* U+00B2 "²" */
    0x2c, 0xfe, 0x80, 0x4, 0xf5, 0xb8, 0x92, 0x84,
    0xc0, 0x83, 0x64, 0x38, 0x2c, 0x95, 0xfb, 0x0,

    /* U+00B3 "³" */
    0x7f, 0xfc, 0x2f, 0xf8, 0x54, 0x20, 0xa, 0x1f,
    0x12, 0x38, 0xe4, 0x77, 0x77, 0x35, 0x1c,

    /* U+00B4 "´" */
    0x9, 0xf6, 0x87, 0xc6,

    /* U+00B5 "µ" */
    0xde, 0x0, 0x93, 0xdc, 0x3, 0xff, 0xa2, 0x20,
    0x10, 0x90, 0x3, 0xc0, 0x36, 0x4d, 0xa8, 0x6,
    0x56, 0x64, 0x0, 0x43, 0x7f, 0xaf, 0xee, 0x1,
    0xff, 0xc4,

    /* U+00B6 "¶" */
    0x7, 0xdf, 0xfe, 0x6, 0x82, 0x3, 0x95, 0x0,
    0x68, 0x4, 0xcc, 0xd0, 0x1, 0x0, 0x7e, 0xb1,
    0x0, 0xf8, 0xba, 0x84, 0x3, 0xe5, 0x30, 0xf,
    0xff, 0x4c, 0x48, 0x2c, 0x80,

    /* U+00B7 "·" */
    0x4, 0x40, 0xd, 0xd8, 0x44, 0x44, 0x10,

    /* U+00B8 "¸" */
    0x2, 0x50, 0x5, 0x41, 0x4, 0xbc, 0x27, 0xbf,
    0x0,

    /* U+00B9 "¹" */
    0xdf, 0xe0, 0x6, 0xc8, 0x7, 0xff, 0x7, 0xa4,
    0x7c, 0xc0,

    /* U+00BA "º" */
    0x8, 0xfe, 0x60, 0x56, 0xdc, 0x84, 0xc4, 0x22,
    0x29, 0xfa, 0x11, 0x14, 0xd9, 0x9b, 0x90, 0x80,

    /* U+00BB "»" */
    0x3b, 0x24, 0xb1, 0x3, 0xf, 0x46, 0xd0, 0x5,
    0x14, 0x79, 0xb8, 0x9, 0x19, 0x87, 0x42, 0x4e,
    0xac, 0x2c, 0xda, 0xd1, 0x68, 0x40,

    /* U+00BC "¼" */
    0xbe, 0xd0, 0xe, 0x5d, 0x10, 0xa, 0xa4, 0xc0,
    0x30, 0xdd, 0x84, 0x2, 0x11, 0x0, 0x74, 0x13,
    0x0, 0x7f, 0x8d, 0xb8, 0x3, 0xfe, 0xe8, 0x20,
    0x97, 0x0, 0x6c, 0x8f, 0x1c, 0x3, 0x82, 0xbb,
    0x0, 0x33, 0xb9, 0xe0, 0xfc, 0x3, 0x76, 0x30,
    0x0, 0x8e, 0xf6, 0x30, 0xa4, 0x5d, 0x30, 0xc,
    0xc5, 0x20, 0x68, 0xbe, 0x18, 0x60, 0x1, 0x9b,
    0x0, 0x1f, 0x73, 0x42, 0xcc, 0x0, 0x90, 0xa0,
    0x10, 0x88, 0x99, 0x40,

    /* U+00BD "½" */
    0xbe, 0xd0, 0xe, 0x5d, 0x10, 0x5, 0x49, 0x80,
    0x61, 0xb8, 0x10, 0x0, 0x88, 0x3, 0xad, 0x14,
    0x3, 0xf9, 0x52, 0xc0, 0x3f, 0x86, 0xec, 0xfb,
    0xd6, 0x3b, 0x23, 0xc7, 0x68, 0xbf, 0x1a, 0xf1,
    0x9d, 0xcf, 0x64, 0xb0, 0x95, 0x31, 0xe1, 0x18,
    0x2e, 0xc2, 0x0, 0x1c, 0x67, 0x0, 0xad, 0x14,
    0x0, 0x58, 0xb6, 0x1, 0x2a, 0x58, 0x5, 0xe4,
    0xdf, 0xa0, 0x4, 0xf1, 0x0, 0xb3, 0xba, 0xc0,

    /* U+00BE "¾" */
    0x6e, 0xec, 0x20, 0x12, 0xe8, 0x80, 0x4d, 0xf8,
    0x6c, 0x20, 0x1, 0xbb, 0x8, 0x6, 0x18, 0x3b,
    0x0, 0xa0, 0x98, 0x3, 0xde, 0xd8, 0x60, 0x6d,
    0xc0, 0x1c, 0x46, 0xb2, 0x2a, 0x1d, 0x4, 0x15,
    0x0, 0x4, 0xcf, 0xe5, 0x68, 0x7, 0x6, 0x49,
    0x0, 0x37, 0xf7, 0x2c, 0x9f, 0x80, 0x66, 0xc8,
    0x3, 0x8, 0x83, 0x98, 0xc2, 0x95, 0x58, 0x60,
    0x1c, 0xc5, 0x20, 0x68, 0xbe, 0x18, 0x60, 0x10,
    0xcd, 0x80, 0xf, 0xb9, 0xa1, 0x66, 0x1, 0x24,
    0x28, 0x4, 0x22, 0x26, 0x50,

    /* U+00BF "¿" */
    0x0, 0xaf, 0x84, 0x3, 0xca, 0x26, 0x1, 0xef,
    0xd2, 0x0, 0xf2, 0x20, 0x3, 0xc3, 0x54, 0x0,
    0xe1, 0xc0, 0xf0, 0xe, 0xa2, 0xb3, 0x0, 0xc2,
    0x86, 0x80, 0x1c, 0x20, 0x46, 0x7, 0xb2, 0x0,
    0x71, 0xcf, 0xc2, 0xf0, 0x4, 0x64, 0x34, 0x73,
    0x0,

    /* U+00C0 "À" */
    0x0, 0x87, 0x34, 0x40, 0x3f, 0xe, 0x3e, 0x8,
    0x7, 0xf5, 0x68, 0x80, 0x7f, 0x6f, 0xa8, 0x7,
    0xe5, 0x21, 0x90, 0xf, 0xd2, 0x76, 0x66, 0x0,
    0xf1, 0x9a, 0x94, 0x64, 0x3, 0xd2, 0xc, 0xc,
    0xa4, 0x1, 0x85, 0x58, 0x1, 0x41, 0x60, 0x1a,
    0x41, 0xbf, 0xda, 0xc, 0x1, 0x98, 0x9d, 0xf3,
    0x3, 0x80, 0x18, 0x6e, 0x23, 0x48, 0xc8, 0x2,
    0xc1, 0x80, 0x39, 0x85, 0x40,

    /* U+00C1 "Á" */
    0x0, 0xf4, 0x7b, 0x0, 0x7e, 0x76, 0xb6, 0x0,
    0xfc, 0xfc, 0x80, 0x1f, 0xdb, 0xea, 0x1, 0xf9,
    0x48, 0x64, 0x3, 0xf4, 0x9d, 0x99, 0x80, 0x3c,
    0x66, 0xa5, 0x19, 0x0, 0xf4, 0x83, 0x3, 0x29,
    0x0, 0x61, 0x56, 0x0, 0x50, 0x58, 0x6, 0x90,
    0x6f, 0xf6, 0x83, 0x0, 0x66, 0x27, 0x7c, 0xc0,
    0xe0, 0x6, 0x1b, 0x88, 0xd2, 0x32, 0x0, 0xb0,
    0x60, 0xe, 0x61, 0x50,

    /* U+00C2 "Â" */
    0x0, 0xc5, 0xde, 0xe0, 0x1f, 0xf, 0xbe, 0x4b,
    0x0, 0x78, 0x76, 0x4f, 0x98, 0x3, 0xf6, 0xfa,
    0x80, 0x7e, 0x52, 0x19, 0x0, 0xfd, 0x27, 0x66,
    0x60, 0xf, 0x19, 0xa9, 0x46, 0x40, 0x3d, 0x20,
    0xc0, 0xca, 0x40, 0x18, 0x55, 0x80, 0x14, 0x16,
    0x1, 0xa4, 0x1b, 0xfd, 0xa0, 0xc0, 0x19, 0x89,
    0xdf, 0x30, 0x38, 0x1, 0x86, 0xe2, 0x34, 0x8c,
    0x80, 0x2c, 0x18, 0x3, 0x98, 0x54,

    /* U+00C3 "Ã" */
    0x0, 0xd5, 0xa8, 0x8a, 0x0, 0xf1, 0xbc, 0xca,
    0xf8, 0x3, 0xc7, 0x89, 0xbe, 0x80, 0x1f, 0xe,
    0xfa, 0x80, 0x7e, 0x52, 0x19, 0x0, 0xfd, 0x27,
    0x66, 0x60, 0xf, 0x19, 0xa9, 0x46, 0x40, 0x3d,
    0x20, 0xc0, 0xca, 0x40, 0x18, 0x55, 0x80, 0x14,
    0x16, 0x1, 0xa4, 0x1b, 0xfd, 0xa0, 0xc0, 0x19,
    0x89, 0xdf, 0x30, 0x38, 0x1, 0x86, 0xe2, 0x34,
    0x8c, 0x80, 0x2c, 0x18, 0x3, 0x98, 0x54,

    /* U+00C4 "Ä" */
    0x0, 0xd9, 0x3, 0xc8, 0x1, 0xf2, 0x68, 0x2b,
    0x0, 0x7d, 0xa, 0x36, 0x40, 0x1f, 0xb7, 0xd4,
    0x3, 0xf2, 0x90, 0xc8, 0x7, 0xe9, 0x3b, 0x33,
    0x0, 0x78, 0xcd, 0x4a, 0x32, 0x1, 0xe9, 0x6,
    0x6, 0x52, 0x0, 0xc2, 0xac, 0x0, 0xa0, 0xb0,
    0xd, 0x20, 0xdf, 0xed, 0x6, 0x0, 0xcc, 0x4e,
    0xf9, 0x81, 0xc0, 0xc, 0x37, 0x11, 0xa4, 0x64,
    0x1, 0x60, 0xc0, 0x1c, 0xc2, 0xa0,

    /* U+00C5 "Å" */
    0x0, 0xe9, 0xb3, 0x0, 0xfc, 0x83, 0x50, 0x1,
    0xf8, 0x40, 0x3f, 0xe5, 0x1a, 0x80, 0xf, 0xe9,
    0xb3, 0x0, 0xfe, 0xdf, 0x50, 0xf, 0xca, 0x43,
    0x20, 0x1f, 0xa4, 0xec, 0xcc, 0x1, 0xe3, 0x35,
    0x28, 0xc8, 0x7, 0xa4, 0x18, 0x19, 0x48, 0x3,
    0xa, 0xb0, 0x2, 0x82, 0xc0, 0x34, 0x83, 0x7f,
    0xb4, 0x18, 0x3, 0x31, 0x3b, 0xe6, 0x7, 0x0,
    0x30, 0xdc, 0x46, 0x91, 0x90, 0x5, 0x83, 0x0,
    0x73, 0xa, 0x80,

    /* U+00C6 "Æ" */
    0x0, 0xf5, 0x7f, 0xfe, 0x0, 0xf1, 0xa9, 0x1,
    0x33, 0x70, 0x7, 0xbc, 0x64, 0x1e, 0x67, 0x80,
    0x39, 0x8e, 0x1c, 0x3, 0xff, 0x81, 0x6, 0xc0,
    0x5, 0xff, 0xcc, 0x1, 0xa0, 0x7c, 0x2, 0x26,
    0x6c, 0xa0, 0x10, 0xb8, 0x67, 0xe0, 0x3c, 0xce,
    0x30, 0xa, 0xc1, 0xde, 0x60, 0xf, 0xe3, 0x56,
    0x88, 0xa8, 0x1e, 0x67, 0x84, 0x3c, 0x20, 0x3,
    0x89, 0x9b, 0x8c,

    /* U+00C7 "Ç" */
    0x0, 0x9f, 0x7f, 0xad, 0x0, 0x3, 0xb0, 0x48,
    0x49, 0x6c, 0x14, 0x4d, 0xf7, 0x9c, 0xce, 0x48,
    0x52, 0x1, 0xc, 0x8b, 0x82, 0x80, 0x7f, 0xf1,
    0x5c, 0x10, 0x3, 0xe2, 0x43, 0x90, 0x8, 0x64,
    0x42, 0x89, 0xbe, 0xed, 0xcc, 0xc0, 0x1d, 0x82,
    0x44, 0x1d, 0x38, 0x4, 0xf8, 0x19, 0x85, 0x0,
    0xf5, 0x60, 0x7, 0xd9, 0x6c, 0x1, 0x0,

    /* U+00C8 "È" */
    0x4, 0xfa, 0x0, 0xe4, 0xd7, 0x90, 0xe, 0x2d,
    0x90, 0xa, 0xff, 0xfc, 0xe0, 0x5, 0x66, 0xc6,
    0x0, 0x89, 0x9c, 0x80, 0x1f, 0xed, 0xff, 0xb8,
    0x2, 0x56, 0x6c, 0x1, 0x44, 0xcd, 0x0, 0x1f,
    0xf4, 0x4c, 0xe6, 0x0, 0x2b, 0x36, 0xc0,

    /* U+00C9 "É" */
    0x0, 0xd9, 0xc6, 0x1, 0xb0, 0x3c, 0xc0, 0x36,
    0x60, 0x40, 0x17, 0xff, 0xe7, 0x0, 0x2b, 0x36,
    0x30, 0x4, 0x4c, 0xe4, 0x0, 0xff, 0x6f, 0xfd,
    0xc0, 0x12, 0xb3, 0x60, 0xa, 0x26, 0x68, 0x0,
    0xff, 0xa2, 0x67, 0x30, 0x1, 0x59, 0xb6, 0x0,

    /* U+00CA "Ê" */
    0x0, 0x2f, 0xf8, 0xc0, 0x25, 0xab, 0x8d, 0x30,
    0x2, 0xfa, 0x3f, 0x18, 0x5f, 0xff, 0x9c, 0x0,
    0xac, 0xd8, 0xc0, 0x11, 0x33, 0x90, 0x3, 0xfd,
    0xbf, 0xf7, 0x0, 0x4a, 0xcd, 0x80, 0x28, 0x99,
    0xa0, 0x3, 0xfe, 0x89, 0x9c, 0xc0, 0x5, 0x66,
    0xd8,

    /* U+00CB "Ë" */
    0x2, 0xe3, 0x6e, 0x0, 0x8d, 0x44, 0x90, 0x2,
    0x1b, 0x24, 0xa0, 0x5, 0xff, 0xf9, 0xc0, 0xa,
    0xcd, 0x8c, 0x1, 0x13, 0x39, 0x0, 0x3f, 0xdb,
    0xff, 0x70, 0x4, 0xac, 0xd8, 0x2, 0x89, 0x9a,
    0x0, 0x3f, 0xe8, 0x99, 0xcc, 0x0, 0x56, 0x6d,
    0x80,

    /* U+00CC "Ì" */
    0x1d, 0xd0, 0x80, 0xeb, 0xe0, 0x80, 0x2b, 0x44,
    0x1, 0x7e, 0x40, 0x1f, 0xfe, 0x10,

    /* U+00CD "Í" */
    0x8, 0xf6, 0x76, 0xb6, 0x7e, 0x40, 0xbf, 0x20,
    0xf, 0xfe, 0xc8,

    /* U+00CE "Î" */
    0x2, 0xef, 0x70, 0x1c, 0x6c, 0x96, 0x1e, 0x83,
    0xe6, 0x0, 0x5f, 0x90, 0x7, 0xff, 0xac,

    /* U+00CF "Ï" */
    0xc8, 0x1e, 0x34, 0xd0, 0x51, 0x85, 0x1b, 0x20,
    0xbf, 0x20, 0xf, 0xff, 0x10,

    /* U+00D0 "Ð" */
    0x8, 0xff, 0xdd, 0x6a, 0x1, 0xe4, 0x55, 0x92,
    0xa8, 0x1, 0xdf, 0x54, 0xbe, 0x35, 0x70, 0x11,
    0x0, 0x8c, 0x3, 0xa1, 0x41, 0xcc, 0x15, 0xde,
    0x0, 0x13, 0x20, 0xb5, 0x8, 0xba, 0x0, 0xf2,
    0x10, 0x1a, 0x20, 0x0, 0x26, 0x40, 0x1f, 0x87,
    0x42, 0x80, 0x37, 0xd5, 0x2f, 0x8d, 0x5c, 0x3,
    0x22, 0xac, 0x95, 0x40, 0x0,

    /* U+00D1 "Ñ" */
    0x0, 0x27, 0x48, 0x68, 0x80, 0x68, 0x80, 0x7b,
    0x8, 0x6, 0xd6, 0x9f, 0xb0, 0xa, 0xfc, 0x80,
    0x36, 0x78, 0x5, 0xa2, 0x1, 0xf8, 0x74, 0x3,
    0xf1, 0x9a, 0x40, 0x3e, 0xe2, 0x66, 0x0, 0x7d,
    0xe3, 0x26, 0x1, 0xe2, 0xa0, 0xd1, 0x0, 0xf2,
    0x40, 0x90, 0x7, 0xce, 0xa0, 0x1f, 0xd4, 0x40,
    0x0,

    /* U+00D2 "Ò" */
    0x0, 0x92, 0xc, 0x3, 0xf9, 0xb, 0x48, 0x3,
    0xfa, 0xad, 0x0, 0x3f, 0xca, 0xc0, 0x1f, 0x9f,
    0x3f, 0xb1, 0x40, 0x30, 0xec, 0x1a, 0x11, 0xd5,
    0x0, 0x2b, 0x26, 0xfb, 0xce, 0x35, 0x70, 0x25,
    0x29, 0x0, 0x87, 0x42, 0x41, 0xc1, 0x40, 0x38,
    0x50, 0x44, 0x1, 0xff, 0xc0, 0x70, 0x40, 0xe,
    0x14, 0x11, 0x12, 0x1c, 0x80, 0x43, 0xa1, 0x20,
    0xa, 0x26, 0xeb, 0xce, 0x35, 0x70, 0x0, 0xec,
    0x1a, 0x11, 0xd5, 0x0, 0x0,

    /* U+00D3 "Ó" */
    0x0, 0xf2, 0xc1, 0x0, 0x7e, 0x5a, 0xf2, 0x0,
    0xfc, 0x56, 0xe0, 0x1f, 0xce, 0x80, 0x1f, 0x9f,
    0x3f, 0xb1, 0x40, 0x30, 0xec, 0x1a, 0x11, 0xd5,
    0x0, 0x2b, 0x26, 0xfb, 0xce, 0x35, 0x70, 0x25,
    0x29, 0x0, 0x87, 0x42, 0x41, 0xc1, 0x40, 0x38,
    0x50, 0x44, 0x1, 0xff, 0xc0, 0x70, 0x40, 0xe,
    0x14, 0x11, 0x12, 0x1c, 0x80, 0x43, 0xa1, 0x20,
    0xa, 0x26, 0xeb, 0xce, 0x35, 0x70, 0x0, 0xec,
    0x1a, 0x11, 0xd5, 0x0, 0x0,

    /* U+00D4 "Ô" */
    0x0, 0xc2, 0xee, 0x0, 0xfe, 0xdb, 0xa9, 0x0,
    0xf9, 0x2f, 0x31, 0xc4, 0x1, 0xe4, 0x70, 0x17,
    0x20, 0xf, 0x3e, 0x7f, 0x62, 0x80, 0x61, 0xd8,
    0x34, 0x23, 0xaa, 0x0, 0x56, 0x4d, 0xf7, 0x9c,
    0x6a, 0xe0, 0x4a, 0x52, 0x1, 0xe, 0x84, 0x83,
    0x82, 0x80, 0x70, 0xa0, 0x88, 0x3, 0xff, 0x80,
    0xe0, 0x80, 0x1c, 0x28, 0x22, 0x24, 0x39, 0x0,
    0x87, 0x42, 0x40, 0x14, 0x4d, 0xd7, 0x9c, 0x6a,
    0xe0, 0x1, 0xd8, 0x34, 0x23, 0xaa, 0x0, 0x0,

    /* U+00D5 "Õ" */
    0x0, 0x97, 0xbb, 0x18, 0x7, 0x97, 0xfe, 0xe3,
    0x0, 0xf8, 0x46, 0x0, 0xfc, 0xf9, 0xfd, 0x8a,
    0x1, 0x87, 0x60, 0xd0, 0x8e, 0xa8, 0x1, 0x59,
    0x37, 0xde, 0x71, 0xab, 0x81, 0x29, 0x48, 0x4,
    0x3a, 0x12, 0xe, 0xa, 0x1, 0xc2, 0x82, 0x20,
    0xf, 0xfe, 0x3, 0x82, 0x0, 0x70, 0xa0, 0x88,
    0x90, 0xe4, 0x2, 0x1d, 0x9, 0x0, 0x51, 0x37,
    0x5e, 0x71, 0xab, 0x80, 0x7, 0x60, 0xd0, 0x8e,
    0xa8, 0x0,

    /* U+00D6 "Ö" */
    0x0, 0x8b, 0x8d, 0xb4, 0x3, 0xe3, 0x51, 0x27,
    0x0, 0xf8, 0x6c, 0x92, 0x80, 0x3e, 0x7c, 0xfe,
    0xc5, 0x0, 0xc3, 0xb0, 0x68, 0x47, 0x54, 0x0,
    0xac, 0x9b, 0xef, 0x38, 0xd5, 0xc0, 0x94, 0xa4,
    0x2, 0x1d, 0x9, 0x7, 0x5, 0x0, 0xe1, 0x41,
    0x10, 0x7, 0xff, 0x1, 0xc1, 0x0, 0x38, 0x50,
    0x44, 0x48, 0x72, 0x1, 0xe, 0x84, 0x80, 0x28,
    0x9b, 0xaf, 0x38, 0xd5, 0xc0, 0x3, 0xb0, 0x68,
    0x47, 0x54, 0x0, 0x0,

    /* U+00D7 "×" */
    0x0, 0xf2, 0x68, 0x85, 0x43, 0x1e, 0xd2, 0xe9,
    0x69, 0xac, 0x28, 0x20, 0x3, 0x1, 0x61, 0xed,
    0x29, 0x22, 0x9, 0x52,

    /* U+00D8 "Ø" */
    0x0, 0xfe, 0x54, 0x0, 0xfe, 0x1b, 0x50, 0xc,
    0xfb, 0xfd, 0x76, 0x61, 0x0, 0xe, 0xc1, 0xa1,
    0x22, 0xb9, 0x0, 0x28, 0x9b, 0xaf, 0x8, 0x42,
    0x40, 0x90, 0xa4, 0x1, 0x4f, 0xe0, 0x80, 0xe0,
    0xa0, 0x6, 0x7a, 0x14, 0x2, 0x0, 0xc5, 0x1c,
    0x1, 0x8d, 0xc1, 0x43, 0xe4, 0xc0, 0x50, 0x84,
    0x94, 0xb9, 0x9c, 0x7, 0x42, 0xc0, 0x14, 0x62,
    0x97, 0x9c, 0x6c, 0xc0, 0x0, 0x93, 0x1a, 0x12,
    0x54, 0x80, 0x56, 0x93, 0x9f, 0xd6, 0xa0, 0x10,

    /* U+00D9 "Ù" */
    0x0, 0x3b, 0x80, 0x3e, 0x5a, 0xb0, 0xf, 0x16,
    0x60, 0xc0, 0x3c, 0x2e, 0x60, 0x16, 0x78, 0x7,
    0x7e, 0x80, 0x7f, 0xf6, 0x84, 0x3, 0x85, 0x80,
    0x80, 0x22, 0x7, 0xd0, 0x90, 0xa, 0xc3, 0x1c,
    0x97, 0xaf, 0x58, 0x58, 0x31, 0x81, 0xd, 0xbc,
    0x40,

    /* U+00DA "Ú" */
    0x0, 0xe7, 0x70, 0x7, 0xaa, 0x50, 0x3, 0x8f,
    0x7c, 0xc0, 0x38, 0xdc, 0x40, 0x2c, 0xf0, 0xe,
    0xfd, 0x0, 0xff, 0xed, 0x8, 0x7, 0xb, 0x1,
    0x0, 0x44, 0xf, 0xa1, 0x20, 0x15, 0x86, 0x39,
    0x2f, 0x5e, 0xb0, 0xb0, 0x63, 0x2, 0x1b, 0x78,
    0x80,

    /* U+00DB "Û" */
    0x0, 0x8e, 0x10, 0x3, 0x8f, 0xa, 0xd0, 0x3,
    0x25, 0xd5, 0x98, 0x6, 0x74, 0x4, 0x70, 0x6,
    0x78, 0x7, 0x7e, 0x80, 0x7f, 0xf6, 0x84, 0x3,
    0x85, 0x80, 0x80, 0x22, 0x7, 0xd0, 0x90, 0xa,
    0xc3, 0x1c, 0x97, 0xaf, 0x58, 0x58, 0x31, 0x81,
    0xd, 0xbc, 0x40,

    /* U+00DC "Ü" */
    0x0, 0x3e, 0x85, 0xc0, 0x6, 0x24, 0x3, 0xe0,
    0xc, 0xb2, 0x10, 0xc0, 0xc, 0xf0, 0xe, 0xfd,
    0x0, 0xff, 0xed, 0x8, 0x7, 0xb, 0x1, 0x0,
    0x44, 0xf, 0xa1, 0x20, 0x15, 0x86, 0x39, 0x2f,
    0x5e, 0xb0, 0xb0, 0x63, 0x2, 0x1b, 0x78, 0x80,

    /* U+00DD "Ý" */
    0x0, 0xf1, 0x18, 0x80, 0x7c, 0x9b, 0x42, 0x1,
    0xe2, 0xb7, 0x90, 0xf, 0x8b, 0xe0, 0x3, 0xb7,
    0xc8, 0x3, 0x5f, 0x88, 0x70, 0x48, 0x4, 0x88,
    0x81, 0x3, 0x54, 0x40, 0x2, 0x49, 0xc0, 0x2b,
    0x9, 0x7, 0x29, 0x0, 0xc3, 0x5, 0x30, 0x88,
    0x0, 0xe7, 0x26, 0x9, 0x0, 0xfa, 0x1, 0x88,
    0x3, 0xe1, 0x1, 0x0, 0xff, 0xe7, 0x0,

    /* U+00DE "Þ" */
    0xbf, 0x20, 0xf, 0xdb, 0xfe, 0xd9, 0x10, 0x9,
    0x15, 0x40, 0xd8, 0x1, 0x4d, 0x53, 0x54, 0x94,
    0x3, 0xde, 0x4, 0x1, 0xef, 0x2, 0x0, 0x45,
    0x53, 0x54, 0x94, 0x0, 0xab, 0x1b, 0x60, 0x5,
    0xbf, 0xee, 0x91, 0x0, 0xff, 0x0,

    /* U+00DF "ß" */
    0x4, 0xcf, 0xea, 0x10, 0x1, 0xd9, 0x2a, 0xd8,
    0x0, 0x90, 0xca, 0xb6, 0x22, 0x3, 0x89, 0x0,
    0xc, 0xc, 0x3, 0x25, 0xac, 0x8, 0x6, 0x34,
    0xa, 0x20, 0xc, 0xff, 0x45, 0xc0, 0x1e, 0x53,
    0x30, 0x7, 0xc4, 0x20, 0x1a, 0x65, 0xa2, 0xc0,
    0x19, 0x18, 0x22, 0x0,

    /* U+00E0 "à" */
    0x2, 0xdd, 0x8, 0x6, 0x2c, 0x6d, 0x0, 0xe1,
    0xbc, 0x0, 0xcb, 0x9d, 0xcb, 0x20, 0x4, 0x3,
    0xa2, 0x30, 0x1, 0xb9, 0x35, 0x2, 0x80, 0xbb,
    0xfe, 0x80, 0x22, 0x50, 0xde, 0x40, 0x1, 0xc2,
    0x90, 0xc0, 0x27, 0xa, 0x46, 0x80, 0x1, 0x50,
    0xdd, 0x9c, 0x0,

    /* U+00E1 "á" */
    0x0, 0xd3, 0xea, 0x1, 0xa1, 0xf1, 0x40, 0x34,
    0x71, 0x80, 0x4b, 0x9d, 0xcb, 0x20, 0x4, 0x3,
    0xa2, 0x30, 0x1, 0xb9, 0x35, 0x2, 0x80, 0xbb,
    0xfe, 0x80, 0x22, 0x50, 0xde, 0x40, 0x1, 0xc2,
    0x90, 0xc0, 0x27, 0xa, 0x46, 0x80, 0x1, 0x50,
    0xdd, 0x9c, 0x0,

    /* U+00E2 "â" */
    0x0, 0x17, 0x7b, 0x0, 0x45, 0x8d, 0x70, 0xa0,
    0x2, 0xe8, 0x4e, 0x50, 0x2, 0xe7, 0x72, 0xc8,
    0x1, 0x0, 0xe8, 0x8c, 0x0, 0x6e, 0x4d, 0x40,
    0xa0, 0x2e, 0xff, 0xa0, 0x8, 0x94, 0x37, 0x90,
    0x0, 0x70, 0xa4, 0x30, 0x9, 0xc2, 0x91, 0xa0,
    0x0, 0x54, 0x37, 0x67, 0x0, 0x0,

    /* U+00E3 "ã" */
    0x0, 0x67, 0x23, 0xc8, 0x1, 0x3, 0x62, 0x68,
    0x0, 0x98, 0x79, 0xc6, 0x0, 0x5c, 0xee, 0x59,
    0x0, 0x20, 0x1d, 0x11, 0x80, 0xd, 0xc9, 0xa8,
    0x14, 0x5, 0xdf, 0xf4, 0x1, 0x12, 0x86, 0xf2,
    0x0, 0xe, 0x14, 0x86, 0x1, 0x38, 0x52, 0x34,
    0x0, 0xa, 0x86, 0xec, 0xe0, 0x0,

    /* U+00E4 "ä" */
    0x0, 0x6b, 0x17, 0x18, 0x4, 0x84, 0x68, 0x40,
    0x14, 0xa0, 0xd0, 0x80, 0x17, 0x3b, 0x96, 0x40,
    0x8, 0x7, 0x44, 0x60, 0x3, 0x72, 0x6a, 0x5,
    0x1, 0x77, 0xfd, 0x0, 0x44, 0xa1, 0xbc, 0x80,
    0x3, 0x85, 0x21, 0x80, 0x4e, 0x14, 0x8d, 0x0,
    0x2, 0xa1, 0xbb, 0x38, 0x0,

    /* U+00E5 "å" */
    0x0, 0xd, 0xe2, 0x0, 0x67, 0xdd, 0x78, 0x6,
    0x7d, 0xd7, 0x80, 0x61, 0xbc, 0x40, 0x9, 0x73,
    0xb9, 0x64, 0x0, 0x80, 0x74, 0x46, 0x0, 0x37,
    0x26, 0xa0, 0x50, 0x17, 0x7f, 0xd0, 0x4, 0x4a,
    0x1b, 0xc8, 0x0, 0x38, 0x52, 0x18, 0x4, 0xe1,
    0x48, 0xd0, 0x0, 0x2a, 0x1b, 0xb3, 0x80, 0x0,

    /* U+00E6 "æ" */
    0x5, 0xce, 0xfb, 0x25, 0xdf, 0xd7, 0x0, 0xa0,
    0x1d, 0x53, 0x68, 0x58, 0x62, 0x80, 0x1b, 0x93,
    0x50, 0xb, 0x93, 0x8c, 0xa4, 0xb, 0xbf, 0xe8,
    0x5, 0xff, 0x98, 0x1c, 0xa9, 0xb3, 0x10, 0xb,
    0x99, 0xc8, 0xe1, 0xa6, 0x6e, 0x4, 0x23, 0x33,
    0x90, 0xb8, 0x4d, 0x5b, 0x10, 0xfd, 0x5d, 0xa0,
    0xa, 0xcd, 0x54, 0xfb, 0x44, 0xab, 0x40, 0x0,

    /* U+00E7 "ç" */
    0x0, 0x3e, 0xfe, 0xb8, 0x2, 0x60, 0x18, 0x62,
    0x4, 0xc7, 0xb3, 0x91, 0x28, 0x14, 0x1, 0x38,
    0x80, 0xc, 0x3, 0x90, 0x24, 0x2, 0x71, 0x26,
    0x3d, 0x9d, 0x89, 0x9, 0x80, 0x63, 0x88, 0x0,
    0x1e, 0xcf, 0xdc, 0x3, 0x23, 0x58, 0x6, 0x3c,
    0x4f, 0x0, 0x0,

    /* U+00E8 "è" */
    0x1, 0xbe, 0x20, 0xe, 0x1b, 0x7c, 0x20, 0xf,
    0x4f, 0x10, 0x7, 0x3e, 0xfe, 0xb0, 0x5, 0x50,
    0xee, 0x19, 0x70, 0x25, 0x7a, 0x8c, 0x48, 0x4,
    0x7, 0xff, 0x90, 0x8, 0x0, 0xf9, 0x9c, 0x48,
    0x8, 0x67, 0x39, 0x81, 0x29, 0xf5, 0x65, 0xb8,
    0x2, 0xa0, 0xd4, 0x99, 0x80,

    /* U+00E9 "é" */
    0x0, 0xcd, 0xf0, 0x1, 0xcb, 0x35, 0x0, 0x1c,
    0xbe, 0xa0, 0x1c, 0xfb, 0xfa, 0xc0, 0x15, 0x43,
    0xb8, 0x65, 0xc0, 0x95, 0xea, 0x31, 0x20, 0x10,
    0x1f, 0xfe, 0x40, 0x20, 0x3, 0xe6, 0x71, 0x20,
    0x21, 0x9c, 0xe6, 0x4, 0xa7, 0xd5, 0x96, 0xe0,
    0xa, 0x83, 0x52, 0x66, 0x0,

    /* U+00EA "ê" */
    0x0, 0xe, 0xfc, 0x80, 0x76, 0xbe, 0xa4, 0x0,
    0x6c, 0xa2, 0xd8, 0x0, 0xcf, 0xbf, 0xac, 0x1,
    0x54, 0x3b, 0x86, 0x5c, 0x9, 0x5e, 0xa3, 0x12,
    0x1, 0x1, 0xff, 0xe4, 0x2, 0x0, 0x3e, 0x67,
    0x12, 0x2, 0x19, 0xce, 0x60, 0x4a, 0x7d, 0x59,
    0x6e, 0x0, 0xa8, 0x35, 0x26, 0x60, 0x0,

    /* U+00EB "ë" */
    0x0, 0x54, 0x86, 0xa8, 0x6, 0xde, 0x7, 0x60,
    0xc, 0xee, 0xa, 0x30, 0xc, 0xfb, 0xfa, 0xc0,
    0x15, 0x43, 0xb8, 0x65, 0xc0, 0x95, 0xea, 0x31,
    0x20, 0x10, 0x1f, 0xfe, 0x40, 0x20, 0x3, 0xe6,
    0x71, 0x20, 0x21, 0x9c, 0xe6, 0x4, 0xa7, 0xd5,
    0x96, 0xe0, 0xa, 0x83, 0x52, 0x66, 0x0,

    /* U+00EC "ì" */
    0x3e, 0xc0, 0x1, 0xf8, 0x50, 0x0, 0x72, 0x80,
    0x2d, 0xe0, 0xf, 0xfe, 0xc0,

    /* U+00ED "í" */
    0x0, 0x5f, 0x20, 0x53, 0xfa, 0x5, 0x60, 0x80,
    0x37, 0x80, 0x3f, 0xfb, 0x20,

    /* U+00EE "î" */
    0x2, 0xff, 0x18, 0x3, 0xde, 0x38, 0x43, 0x61,
    0xf4, 0x40, 0x1b, 0xc0, 0x1f, 0xfe, 0x0,

    /* U+00EF "ï" */
    0xa8, 0x7b, 0xdd, 0x16, 0x3a, 0xa9, 0xc3, 0x78,
    0x3, 0xff, 0xa2,

    /* U+00F0 "ð" */
    0x9, 0xef, 0xd9, 0x37, 0x0, 0x73, 0xb8, 0xdb,
    0x2c, 0x0, 0xfe, 0xa2, 0xa0, 0x20, 0x1, 0x8a,
    0xea, 0x62, 0x30, 0x1c, 0x6, 0x3c, 0x4, 0x8,
    0xd8, 0x86, 0x70, 0x79, 0xb9, 0x6f, 0xd2, 0x7,
    0xa8, 0x41, 0x2, 0xa8, 0x8, 0xc3, 0x40, 0x27,
    0x5, 0x51, 0x3d, 0x46, 0x94, 0x80, 0x31, 0x51,
    0xc6, 0x98, 0x0,

    /* U+00F1 "ñ" */
    0x3, 0xeb, 0x2c, 0x40, 0x5, 0x4e, 0xe0, 0x20,
    0x2, 0x5d, 0xbb, 0x0, 0x1b, 0xa7, 0xef, 0xc3,
    0x0, 0x14, 0x3a, 0x9e, 0x8, 0x2, 0xe6, 0xa0,
    0x1c, 0x0, 0x80, 0x3, 0x1, 0x1, 0x0, 0x9c,
    0x3c, 0x3, 0xff, 0x98,

    /* U+00F2 "ò" */
    0x0, 0x57, 0xa0, 0x7, 0xaa, 0x2c, 0xc0, 0x3c,
    0xfe, 0x60, 0x1c, 0xfb, 0xfa, 0xe0, 0x15, 0x40,
    0x28, 0x45, 0x1, 0x29, 0xed, 0x69, 0xa9, 0xa0,
    0x50, 0x5, 0x20, 0x80, 0x1f, 0xc8, 0x14, 0x1,
    0x48, 0x21, 0x29, 0xed, 0x69, 0xa9, 0x85, 0x40,
    0x28, 0x45, 0x0,

    /* U+00F3 "ó" */
    0x0, 0xc9, 0xf4, 0x1, 0xc7, 0x71, 0x40, 0x1c,
    0x7e, 0xe0, 0x1c, 0xfb, 0xfa, 0xe0, 0x15, 0x40,
    0x28, 0x45, 0x1, 0x29, 0xed, 0x69, 0xa9, 0xa0,
    0x50, 0x5, 0x20, 0x80, 0x1f, 0xc8, 0x14, 0x1,
    0x48, 0x21, 0x29, 0xed, 0x69, 0xa9, 0x85, 0x40,
    0x28, 0x45, 0x0,

    /* U+00F4 "ô" */
    0x0, 0xaf, 0xec, 0x3, 0xad, 0xf5, 0xe8, 0x3,
    0x5e, 0x16, 0x50, 0x6, 0x7d, 0xfd, 0x70, 0xa,
    0xa0, 0x14, 0x22, 0x80, 0x94, 0xf6, 0xb4, 0xd4,
    0xd0, 0x28, 0x2, 0x90, 0x40, 0xf, 0xe4, 0xa,
    0x0, 0xa4, 0x10, 0x94, 0xf6, 0xb4, 0xd4, 0xc2,
    0xa0, 0x14, 0x22, 0x80,

    /* U+00F5 "õ" */
    0x0, 0x3f, 0xc1, 0x70, 0x6, 0x8c, 0x1d, 0x90,
    0xd, 0xe7, 0x3e, 0xe0, 0x19, 0xf7, 0xf5, 0xc0,
    0x2a, 0x80, 0x50, 0x8a, 0x2, 0x53, 0xda, 0xd3,
    0x53, 0x40, 0xa0, 0xa, 0x41, 0x0, 0x3f, 0x90,
    0x28, 0x2, 0x90, 0x42, 0x53, 0xda, 0xd3, 0x53,
    0xa, 0x80, 0x50, 0x8a, 0x0,

    /* U+00F6 "ö" */
    0x0, 0x3e, 0x6, 0x38, 0x6, 0x24, 0x4, 0x20,
    0xc, 0xb0, 0x10, 0xa0, 0x19, 0xf7, 0xf5, 0xc0,
    0x2a, 0x80, 0x50, 0x8a, 0x2, 0x53, 0xda, 0xd3,
    0x53, 0x40, 0xa0, 0xa, 0x41, 0x0, 0x3f, 0x90,
    0x28, 0x2, 0x90, 0x42, 0x53, 0xda, 0xd3, 0x53,
    0xa, 0x80, 0x50, 0x8a, 0x0,

    /* U+00F7 "÷" */
    0x0, 0xff, 0xaf, 0x80, 0x3c, 0x46, 0x1, 0x88,
    0x97, 0xe4, 0x40, 0x1d, 0xdf, 0x28, 0xd5, 0x79,
    0x1, 0x57, 0xc2, 0x1, 0x5f, 0x0, 0x78, 0x8c,
    0x2,

    /* U+00F8 "ø" */
    0x0, 0xf1, 0xd8, 0x4, 0xfb, 0xfb, 0xd0, 0x0,
    0xa8, 0x5, 0x32, 0x80, 0x25, 0x3d, 0xb3, 0x32,
    0x1a, 0x4, 0x85, 0xcc, 0x81, 0x0, 0x6, 0x80,
    0x80, 0x1, 0x40, 0xa9, 0xb0, 0x90, 0x52, 0x63,
    0x35, 0xe9, 0xa9, 0x85, 0x11, 0xa8, 0x45, 0x0,
    0x3f, 0xb7, 0xf5, 0xc0, 0x0,

    /* U+00F9 "ù" */
    0x7, 0xf7, 0x0, 0xe7, 0xb9, 0x60, 0xe, 0x4e,
    0x60, 0xb, 0xb4, 0x2, 0x5f, 0x60, 0xf, 0xfe,
    0x89, 0x80, 0x8, 0x82, 0x0, 0xd0, 0x5, 0x6,
    0x4e, 0x20, 0x1, 0xa0, 0x18, 0x20, 0x0,

    /* U+00FA "ú" */
    0x0, 0x8b, 0xb0, 0x40, 0x21, 0xf7, 0xc1, 0x0,
    0x87, 0x64, 0x2, 0xed, 0x0, 0x97, 0xd8, 0x3,
    0xff, 0xa2, 0x60, 0x2, 0x20, 0x80, 0x34, 0x1,
    0x41, 0x93, 0x88, 0x0, 0x68, 0x6, 0x8, 0x0,
    0x0,

    /* U+00FB "û" */
    0x0, 0x47, 0xf0, 0x80, 0x4e, 0xba, 0xd8, 0x20,
    0x7, 0xd2, 0x8d, 0x10, 0xed, 0x0, 0x97, 0xd8,
    0x3, 0xff, 0xa2, 0x60, 0x2, 0x20, 0x80, 0x34,
    0x1, 0x41, 0x93, 0x88, 0x0, 0x68, 0x6, 0x8,
    0x0, 0x0,

    /* U+00FC "ü" */
    0x4, 0xe1, 0x8b, 0x0, 0x9d, 0x7, 0x8c, 0x2,
    0x3a, 0x6, 0x80, 0x7, 0x68, 0x4, 0xbe, 0xc0,
    0x1f, 0xfd, 0x13, 0x0, 0x11, 0x4, 0x1, 0xa0,
    0xa, 0xc, 0x9c, 0x40, 0x3, 0x40, 0x30, 0x40,
    0x0,

    /* U+00FD "ý" */
    0x0, 0xc3, 0xba, 0x20, 0xf, 0x6b, 0x69, 0x0,
    0x7b, 0x2c, 0x3, 0xb7, 0x80, 0x35, 0xf0, 0x2,
    0x85, 0x40, 0x4, 0x8c, 0x0, 0x60, 0xe0, 0x5,
    0x5, 0x0, 0x5, 0x50, 0x81, 0x90, 0x80, 0x29,
    0xa, 0x51, 0xe0, 0xc, 0x64, 0xdc, 0x2a, 0x1,
    0xd6, 0x28, 0xc0, 0x1e, 0x70, 0x4, 0x80, 0x7e,
    0x51, 0x0, 0xd9, 0x38, 0x12, 0x1, 0xce, 0xc7,
    0x46, 0x1, 0x80,

    /* U+00FE "þ" */
    0xde, 0x0, 0xff, 0xe7, 0xbf, 0x7e, 0x20, 0x4,
    0x30, 0xaa, 0x3b, 0x40, 0xa, 0xae, 0xb0, 0x24,
    0x0, 0x2a, 0x0, 0x33, 0x10, 0x7, 0xfc, 0x2c,
    0x0, 0x33, 0x10, 0x5, 0x37, 0x58, 0x12, 0x0,
    0x18, 0x55, 0x1d, 0xa0, 0x4, 0xfd, 0xf8, 0x80,
    0x1f, 0xfc, 0x80,

    /* U+00FF "ÿ" */
    0x0, 0x17, 0x13, 0x68, 0x7, 0x1a, 0x19, 0x20,
    0x7, 0xd, 0xa, 0x48, 0x6, 0xde, 0x0, 0xd7,
    0xc0, 0xa, 0x15, 0x0, 0x12, 0x30, 0x1, 0x83,
    0x80, 0x14, 0x14, 0x0, 0x15, 0x42, 0x6, 0x42,
    0x0, 0xa4, 0x29, 0x47, 0x80, 0x31, 0x93, 0x70,
    0xa8, 0x7, 0x58, 0xa3, 0x0, 0x79, 0xc0, 0x12,
    0x1, 0xf9, 0x44, 0x3, 0x64, 0xe0, 0x48, 0x7,
    0x3b, 0x1d, 0x18, 0x6,

    /* U+0100 "Ā" */
    0x0, 0x8b, 0xff, 0x50, 0x7, 0x8b, 0x77, 0x58,
    0x7, 0xc4, 0x58, 0x40, 0x3f, 0x6f, 0xa8, 0x7,
    0xe5, 0x21, 0x90, 0xf, 0xd2, 0x76, 0x66, 0x0,
    0xf1, 0x9a, 0x94, 0x64, 0x3, 0xd2, 0xc, 0xc,
    0xa4, 0x1, 0x85, 0x58, 0x1, 0x41, 0x60, 0x1a,
    0x41, 0xbf, 0xda, 0xc, 0x1, 0x98, 0x9d, 0xf3,
    0x3, 0x80, 0x18, 0x6e, 0x23, 0x48, 0xc8, 0x2,
    0xc1, 0x80, 0x39, 0x85, 0x40,

    /* U+0101 "ā" */
    0x4, 0xff, 0xd2, 0x0, 0x4e, 0xed, 0x0, 0x5,
    0xdf, 0xf5, 0x18, 0x2, 0x1, 0xd1, 0x18, 0x0,
    0xdc, 0x9a, 0x81, 0x40, 0x5d, 0xff, 0x40, 0x11,
    0x28, 0x6f, 0x20, 0x0, 0xe1, 0x48, 0x60, 0x13,
    0x85, 0x23, 0x40, 0x0, 0xa8, 0x6e, 0xce, 0x0,

    /* U+0102 "Ă" */
    0x0, 0x87, 0xc8, 0x2e, 0x0, 0x3c, 0x33, 0xbe,
    0xf2, 0x1, 0xf3, 0x7f, 0xb0, 0x40, 0x3f, 0x6f,
    0xa8, 0x7, 0xe5, 0x21, 0x90, 0xf, 0xd2, 0x76,
    0x66, 0x0, 0xf1, 0x9a, 0x94, 0x64, 0x3, 0xd2,
    0xc, 0xc, 0xa4, 0x1, 0x85, 0x58, 0x1, 0x41,
    0x60, 0x1a, 0x41, 0xbf, 0xda, 0xc, 0x1, 0x98,
    0x9d, 0xf3, 0x3, 0x80, 0x18, 0x6e, 0x23, 0x48,
    0xc8, 0x2, 0xc1, 0x80, 0x39, 0x85, 0x40,

    /* U+0103 "ă" */
    0x2, 0xf2, 0xc, 0x70, 0x1, 0x46, 0xfb, 0xb8,
    0x2, 0x7f, 0xf5, 0x80, 0x4b, 0x9d, 0xcb, 0x20,
    0x4, 0x3, 0xa2, 0x30, 0x1, 0xb9, 0x35, 0x2,
    0x80, 0xbb, 0xfe, 0x80, 0x22, 0x50, 0xde, 0x40,
    0x1, 0xc2, 0x90, 0xc0, 0x27, 0xa, 0x46, 0x80,
    0x1, 0x50, 0xdd, 0x9c, 0x0,

    /* U+0104 "Ą" */
    0x0, 0xed, 0xf5, 0x0, 0xfc, 0xa4, 0x32, 0x1,
    0xfa, 0x4e, 0xcc, 0xc0, 0x1e, 0x33, 0x52, 0x8c,
    0x80, 0x7a, 0x41, 0x81, 0x94, 0x80, 0x30, 0xab,
    0x0, 0x28, 0x2c, 0x3, 0x48, 0x37, 0xfb, 0x41,
    0x80, 0x33, 0x13, 0xbe, 0x60, 0x70, 0x3, 0xd,
    0xc4, 0x69, 0x19, 0x0, 0x58, 0x30, 0x7, 0x30,
    0xa8, 0x6f, 0x80, 0x78, 0xd9, 0x0, 0x3f, 0x1a,
    0x40, 0x7, 0xf1, 0xa7, 0x58,

    /* U+0105 "ą" */
    0x5, 0xce, 0xe5, 0x90, 0x2, 0x1, 0xd1, 0x18,
    0x0, 0xdc, 0x9a, 0x81, 0x40, 0x5d, 0xff, 0x40,
    0x11, 0x28, 0x73, 0x10, 0x0, 0x70, 0xa3, 0x30,
    0x4, 0xe1, 0x6d, 0x10, 0x0, 0x15, 0x4, 0xab,
    0x80, 0x4b, 0xbf, 0x8b, 0x2c, 0x1, 0x9c, 0x1c,
    0x40, 0x33, 0x8f, 0x48,

    /* U+0106 "Ć" */
    0x0, 0xf2, 0xb8, 0x80, 0x79, 0xe8, 0x84, 0x3,
    0x84, 0x31, 0x40, 0x3c, 0x2e, 0x60, 0x1e, 0x7d,
    0xfe, 0xb4, 0x0, 0xe, 0xc1, 0x21, 0x25, 0xb0,
    0x51, 0x37, 0xde, 0x73, 0x39, 0x21, 0x48, 0x4,
    0x32, 0x2e, 0xa, 0x1, 0xff, 0xc5, 0x70, 0x40,
    0xf, 0x89, 0xe, 0x40, 0x21, 0x91, 0xa, 0x26,
    0xfb, 0xb7, 0x33, 0x80, 0xec, 0x12, 0x25, 0x6c,

    /* U+0107 "ć" */
    0x0, 0xcf, 0xee, 0x1, 0x9a, 0x2d, 0xc0, 0x33,
    0x7a, 0x0, 0x67, 0xdf, 0xd7, 0x0, 0x4c, 0x3,
    0xc, 0x40, 0x98, 0xf6, 0x72, 0x64, 0x81, 0x40,
    0x13, 0x8, 0x0, 0xc0, 0x39, 0x2, 0x40, 0x27,
    0x12, 0x63, 0xda, 0xd8, 0x90, 0x98, 0x5, 0x8,
    0x80,

    /* U+0108 "Ĉ" */
    0x0, 0xc5, 0xc, 0x1, 0xe1, 0xf3, 0x88, 0x0,
    0x72, 0x5d, 0xb3, 0xc4, 0x3, 0x2b, 0x1, 0x38,
    0x80, 0x67, 0xdf, 0xeb, 0x40, 0x0, 0xec, 0x12,
    0x12, 0x5b, 0x5, 0x13, 0x7d, 0xe7, 0x33, 0x92,
    0x14, 0x80, 0x43, 0x22, 0xe0, 0xa0, 0x1f, 0xfc,
    0x57, 0x4, 0x0, 0xf8, 0x90, 0xe4, 0x2, 0x19,
    0x10, 0xa2, 0x6f, 0xbb, 0x73, 0x38, 0xe, 0xc1,
    0x22, 0x56, 0xc0,

    /* U+0109 "ĉ" */
    0x0, 0xe, 0xfc, 0x0, 0x43, 0x8f, 0x8c, 0xe0,
    0x1, 0xda, 0x3e, 0x70, 0x9, 0xf7, 0xf5, 0xc0,
    0x13, 0x0, 0xc3, 0x10, 0x26, 0x3d, 0x9c, 0x99,
    0x20, 0x50, 0x4, 0xc2, 0x0, 0x30, 0xe, 0x40,
    0x90, 0x9, 0xc4, 0x98, 0xf6, 0xb6, 0x24, 0x26,
    0x1, 0x42, 0x20,

    /* U+010A "Ċ" */
    0x0, 0xc3, 0xd0, 0x1, 0xf8, 0x44, 0x1, 0xf0,
    0xfc, 0x80, 0x7f, 0xf1, 0x1f, 0x7f, 0xad, 0x0,
    0x3, 0xb0, 0x48, 0x49, 0x6c, 0x14, 0x4d, 0xf7,
    0x9c, 0xce, 0x48, 0x52, 0x1, 0xc, 0x8b, 0x82,
    0x80, 0x7f, 0xf1, 0x5c, 0x10, 0x3, 0xe2, 0x43,
    0x90, 0x8, 0x64, 0x42, 0x89, 0xbe, 0xed, 0xcc,
    0xe0, 0x3b, 0x4, 0x89, 0x5b, 0x0,

    /* U+010B "ċ" */
    0x0, 0x9f, 0x88, 0x3, 0xbc, 0x40, 0x3d, 0x1e,
    0x40, 0x19, 0xf7, 0xf5, 0xc0, 0x13, 0x0, 0xc3,
    0x10, 0x26, 0x3d, 0x9c, 0x99, 0x20, 0x50, 0x4,
    0xc2, 0x0, 0x30, 0xe, 0x40, 0x90, 0x9, 0xc4,
    0x98, 0xf6, 0xb6, 0x24, 0x26, 0x1, 0x42, 0x20,

    /* U+010C "Č" */
    0x0, 0x95, 0x80, 0x9c, 0x40, 0x32, 0x5d, 0xb3,
    0xc4, 0x3, 0xf, 0x9c, 0x40, 0x3, 0xc5, 0xc,
    0x1, 0xe7, 0xdf, 0xeb, 0x40, 0x0, 0xec, 0x12,
    0x12, 0x5b, 0x5, 0x13, 0x7d, 0xe7, 0x33, 0x92,
    0x14, 0x80, 0x43, 0x22, 0xe0, 0xa0, 0x1f, 0xfc,
    0x57, 0x4, 0x0, 0xf8, 0x90, 0xe4, 0x2, 0x19,
    0x10, 0xa2, 0x6f, 0xbb, 0x73, 0x38, 0xe, 0xc1,
    0x22, 0x56, 0xc0,

    /* U+010D "č" */
    0x1, 0xd9, 0x2e, 0x80, 0x0, 0xe2, 0x6b, 0xc0,
    0x4, 0x3b, 0xf2, 0x1, 0x9f, 0x7f, 0x5c, 0x1,
    0x30, 0xc, 0x31, 0x2, 0x63, 0xd9, 0xc9, 0x92,
    0x5, 0x0, 0x4c, 0x20, 0x3, 0x0, 0xe4, 0x9,
    0x0, 0x9c, 0x49, 0x8f, 0x6b, 0x62, 0x42, 0x60,
    0x14, 0x22, 0x0,

    /* U+010E "Ď" */
    0x1, 0xd9, 0x3e, 0x70, 0xc, 0x3e, 0xf8, 0xce,
    0x1, 0xc5, 0xdf, 0x0, 0x1a, 0xff, 0xf7, 0x5a,
    0x0, 0x65, 0x58, 0x92, 0xe0, 0x2, 0x8a, 0xa6,
    0x69, 0x3a, 0x0, 0x78, 0xb8, 0x3c, 0x3, 0xe3,
    0x5, 0x0, 0xff, 0xe2, 0x98, 0x28, 0x7, 0x8b,
    0x83, 0xc0, 0x11, 0x54, 0xbd, 0x27, 0x40, 0x2,
    0xae, 0x4b, 0x80,

    /* U+010F "ď" */
    0x0, 0xfe, 0x4e, 0x0, 0xf9, 0x3d, 0xc4, 0x40,
    0x1f, 0xf0, 0x80, 0x7f, 0x97, 0x80, 0x28, 0xef,
    0xc3, 0x0, 0xf5, 0x39, 0xb0, 0xc0, 0x7, 0x1a,
    0x9e, 0xce, 0xa0, 0x7, 0x28, 0x48, 0x5, 0xc0,
    0x1f, 0xf0, 0x80, 0x72, 0x87, 0x0, 0x5e, 0x1,
    0xc6, 0xa9, 0x91, 0x68, 0x1, 0xea, 0x72, 0x77,
    0x48, 0x7, 0x0,

    /* U+0110 "Đ" */
    0x8, 0xff, 0xdd, 0x6a, 0x1, 0xe4, 0x55, 0x92,
    0xa8, 0x1, 0xdf, 0x54, 0xbe, 0x35, 0x70, 0x11,
    0x0, 0x8c, 0x3, 0xa1, 0x41, 0xcc, 0x15, 0xde,
    0x0, 0x13, 0x20, 0xb5, 0x8, 0xba, 0x0, 0xf2,
    0x10, 0x1a, 0x20, 0x0, 0x26, 0x40, 0x1f, 0x87,
    0x42, 0x80, 0x37, 0xd5, 0x2f, 0x8d, 0x5c, 0x3,
    0x22, 0xac, 0x95, 0x40, 0x0,

    /* U+0111 "đ" */
    0x0, 0xf2, 0x7b, 0x80, 0x77, 0xfa, 0xc2, 0x28,
    0x3, 0x66, 0x20, 0x1a, 0x0, 0x11, 0xd9, 0xe0,
    0xe, 0x20, 0xa7, 0x36, 0x18, 0x0, 0x8d, 0x4f,
    0x67, 0x50, 0x2, 0x50, 0x90, 0xb, 0x80, 0x3f,
    0x84, 0x2, 0x50, 0xe0, 0xb, 0xc0, 0x23, 0x54,
    0xc8, 0xb4, 0x0, 0xd4, 0xe4, 0xee, 0x90, 0x8,

    /* U+0112 "Ē" */
    0x7, 0xff, 0xca, 0x0, 0x6d, 0xdc, 0xa0, 0x1,
    0x22, 0xc0, 0xb, 0xff, 0xf3, 0x80, 0x15, 0x9b,
    0x18, 0x2, 0x26, 0x72, 0x0, 0x7f, 0xb7, 0xfe,
    0xe0, 0x9, 0x59, 0xb0, 0x5, 0x13, 0x34, 0x0,
    0x7f, 0xd1, 0x33, 0x98, 0x0, 0xac, 0xdb, 0x0,

    /* U+0113 "ē" */
    0x1, 0xff, 0xd8, 0x1, 0xf, 0x76, 0xd0, 0xc,
    0xd9, 0xd8, 0xe0, 0x15, 0x43, 0xb8, 0x65, 0xc0,
    0x95, 0xea, 0x31, 0x20, 0x10, 0x1f, 0xfe, 0x40,
    0x20, 0x3, 0xe6, 0x71, 0x20, 0x21, 0x9c, 0xe6,
    0x4, 0xa7, 0xd5, 0x96, 0xe0, 0xa, 0x83, 0x52,
    0x66, 0x0,

    /* U+0114 "Ĕ" */
    0x6, 0xd0, 0x1e, 0x30, 0x3, 0x3f, 0xf3, 0x18,
    0x5, 0x5f, 0xe8, 0x0, 0x5f, 0xff, 0x9c, 0x0,
    0xac, 0xd8, 0xc0, 0x11, 0x33, 0x90, 0x3, 0xfd,
    0xbf, 0xf7, 0x0, 0x4a, 0xcd, 0x80, 0x28, 0x99,
    0xa0, 0x3, 0xfe, 0x89, 0x9c, 0xc0, 0x5, 0x66,
    0xd8,

    /* U+0115 "ĕ" */
    0x0, 0x72, 0x4, 0xd0, 0x6, 0xba, 0xf4, 0x80,
    0xc, 0xbd, 0xfa, 0x40, 0x19, 0xf7, 0xf5, 0x80,
    0x2a, 0x87, 0x70, 0xcb, 0x81, 0x2b, 0xd4, 0x62,
    0x40, 0x20, 0x3f, 0xfc, 0x80, 0x40, 0x7, 0xcc,
    0xe2, 0x40, 0x43, 0x39, 0xcc, 0x9, 0x4f, 0xab,
    0x2d, 0xc0, 0x15, 0x6, 0xa4, 0xcc, 0x0,

    /* U+0116 "Ė" */
    0x0, 0xff, 0xba, 0xc0, 0x3c, 0x62, 0x1, 0xed,
    0xa0, 0xa, 0xff, 0xfc, 0xe0, 0x5, 0x66, 0xc6,
    0x0, 0x89, 0x9c, 0x80, 0x1f, 0xed, 0xff, 0xb8,
    0x2, 0x56, 0x6c, 0x1, 0x44, 0xcd, 0x0, 0x1f,
    0xf4, 0x4c, 0xe6, 0x0, 0x2b, 0x36, 0xc0,

    /* U+0117 "ė" */
    0x0, 0x9b, 0x88, 0x3, 0xc2, 0x30, 0x7, 0x9f,
    0xcc, 0x3, 0x9f, 0x7f, 0x58, 0x2, 0xa8, 0x77,
    0xc, 0xb8, 0x12, 0xbd, 0x46, 0x24, 0x2, 0x3,
    0xff, 0xc8, 0x4, 0x0, 0x7c, 0xce, 0x24, 0x4,
    0x33, 0x9c, 0xc0, 0x94, 0xfa, 0xb2, 0xdc, 0x1,
    0x50, 0x6a, 0x4c, 0xc0,

    /* U+0118 "Ę" */
    0xbf, 0xff, 0x38, 0x1, 0x59, 0xb1, 0x80, 0x22,
    0x67, 0x20, 0x7, 0xfb, 0x7f, 0xee, 0x0, 0x95,
    0x9b, 0x0, 0x51, 0x33, 0x40, 0x7, 0xfd, 0x13,
    0x39, 0x80, 0xa, 0xcd, 0xb2, 0xff, 0xf2, 0xaa,
    0xc0, 0x30, 0xac, 0x0, 0x70, 0xae, 0xe8,

    /* U+0119 "ę" */
    0x0, 0x3e, 0xfe, 0xb0, 0x5, 0x50, 0xee, 0x19,
    0x70, 0x25, 0x7a, 0x8c, 0x48, 0x4, 0x7, 0xff,
    0x90, 0x8, 0x0, 0xf9, 0x9c, 0x48, 0x8, 0x67,
    0x39, 0x81, 0x29, 0xf5, 0x65, 0xb8, 0x2, 0xa0,
    0xd4, 0xd1, 0xc0, 0x27, 0xdb, 0x2b, 0x0, 0xf6,
    0xb0, 0x7, 0xd4, 0xde, 0xa0,

    /* U+011A "Ě" */
    0x5, 0xf4, 0x6e, 0x30, 0x2, 0xd5, 0xce, 0x98,
    0x4, 0xbf, 0xe3, 0x0, 0x5f, 0xff, 0x9c, 0x0,
    0xac, 0xd8, 0xc0, 0x11, 0x33, 0x90, 0x3, 0xfd,
    0xbf, 0xf7, 0x0, 0x4a, 0xcd, 0x80, 0x28, 0x99,
    0xa0, 0x3, 0xfe, 0x89, 0x9c, 0xc0, 0x5, 0x66,
    0xd8,

    /* U+011B "ě" */
    0x0, 0x65, 0x16, 0xc8, 0x6, 0xd7, 0xd7, 0x90,
    0xc, 0x3b, 0xf4, 0x1, 0xcf, 0xbf, 0xac, 0x1,
    0x54, 0x3b, 0x86, 0x5c, 0x9, 0x5e, 0xa3, 0x12,
    0x1, 0x1, 0xff, 0xe4, 0x2, 0x0, 0x3e, 0x67,
    0x12, 0x2, 0x19, 0xce, 0x60, 0x4a, 0x7d, 0x59,
    0x6e, 0x0, 0xa8, 0x35, 0x26, 0x60, 0x0,

    /* U+011C "Ĝ" */
    0x0, 0xc3, 0xc, 0x1, 0xe1, 0xc3, 0x88, 0x0,
    0x72, 0x5d, 0xb3, 0xc4, 0x3, 0x2b, 0x1, 0x38,
    0x80, 0x67, 0xcf, 0xf6, 0x28, 0x0, 0x76, 0xd,
    0x10, 0x75, 0x1, 0x44, 0xdf, 0x76, 0xf7, 0xa2,
    0x42, 0x90, 0xd, 0x4, 0xe0, 0xa0, 0x1c, 0x22,
    0x0, 0xfd, 0xd4, 0xe0, 0xa0, 0x1f, 0x12, 0x14,
    0x80, 0x7d, 0x44, 0xdf, 0x76, 0xf0, 0x10, 0x1d,
    0x82, 0x44, 0x1c, 0xd0,

    /* U+011D "ĝ" */
    0x0, 0xa7, 0xf4, 0x40, 0x34, 0x26, 0xa6, 0x88,
    0x5, 0x1a, 0x53, 0x82, 0x1, 0x47, 0x7e, 0x37,
    0xc8, 0x53, 0x93, 0xba, 0x40, 0x6, 0xa9, 0x91,
    0x6c, 0x0, 0x50, 0xe0, 0xa, 0x80, 0x31, 0x80,
    0x79, 0x42, 0x80, 0x29, 0x0, 0x1a, 0x9e, 0xce,
    0x28, 0x8, 0x53, 0x9b, 0x4, 0x80, 0x43, 0x1d,
    0xf9, 0xc1, 0xa1, 0x9d, 0x73, 0x8e, 0x4a, 0x12,
    0xaa, 0x62, 0x5c, 0x0,

    /* U+011E "Ğ" */
    0x0, 0x91, 0x0, 0x7, 0x10, 0xc, 0x50, 0x9,
    0x2, 0x1, 0x99, 0x9f, 0x54, 0x0, 0xf5, 0x7f,
    0x28, 0x7, 0x3e, 0x7f, 0xb1, 0x40, 0x3, 0xb0,
    0x68, 0x83, 0xa8, 0xa, 0x26, 0xfb, 0xb7, 0xbd,
    0x12, 0x14, 0x80, 0x68, 0x27, 0x5, 0x0, 0xe1,
    0x10, 0x7, 0xee, 0xa7, 0x5, 0x0, 0xf8, 0x90,
    0xa4, 0x3, 0xea, 0x26, 0xfb, 0xb7, 0x80, 0x80,
    0xec, 0x12, 0x20, 0xe6, 0x80,

    /* U+011F "ğ" */
    0x0, 0x4d, 0x2, 0x78, 0x6, 0x86, 0xfa, 0xa0,
    0x6, 0x1c, 0xfe, 0x50, 0xd, 0x1d, 0xf8, 0xdf,
    0x21, 0x4e, 0x4e, 0xe9, 0x0, 0x1a, 0xa6, 0x45,
    0xb0, 0x1, 0x43, 0x80, 0x2a, 0x0, 0xc6, 0x1,
    0xe5, 0xa, 0x0, 0xa4, 0x0, 0x6a, 0x7b, 0x38,
    0xa0, 0x21, 0x4e, 0x6c, 0x12, 0x1, 0xc, 0x77,
    0xe7, 0x6, 0x86, 0x75, 0xce, 0x39, 0x28, 0x4a,
    0xa9, 0x89, 0x70, 0x0,

    /* U+0120 "Ġ" */
    0x0, 0xc3, 0xd2, 0x1, 0xf8, 0x4c, 0x3, 0xe1,
    0xfa, 0x0, 0xff, 0xe2, 0x3e, 0x7f, 0xb1, 0x40,
    0x3, 0xb0, 0x68, 0x83, 0xa8, 0xa, 0x26, 0xfb,
    0xb7, 0xbd, 0x12, 0x14, 0x80, 0x68, 0x27, 0x5,
    0x0, 0xe1, 0x10, 0x7, 0xee, 0xa7, 0x5, 0x0,
    0xf8, 0x90, 0xa4, 0x3, 0xea, 0x26, 0xfb, 0xb7,
    0x80, 0x80, 0xec, 0x12, 0x20, 0xe6, 0x80,

    /* U+0121 "ġ" */
    0x0, 0x8b, 0x9c, 0x3, 0xe1, 0xf0, 0xf, 0x17,
    0xc0, 0x7, 0x47, 0x7e, 0x37, 0xc8, 0x53, 0x93,
    0xba, 0x40, 0x6, 0xa9, 0x91, 0x6c, 0x0, 0x50,
    0xe0, 0xa, 0x80, 0x31, 0x80, 0x79, 0x42, 0x80,
    0x29, 0x0, 0x1a, 0x9e, 0xce, 0x28, 0x8, 0x53,
    0x9b, 0x4, 0x80, 0x43, 0x1d, 0xf9, 0xc1, 0xa1,
    0x9d, 0x73, 0x8e, 0x4a, 0x12, 0xaa, 0x62, 0x5c,
    0x0,

    /* U+0122 "Ģ" */
    0x0, 0x9f, 0x3f, 0xd8, 0xa0, 0x1, 0xd8, 0x34,
    0x41, 0xd4, 0x5, 0x13, 0x7d, 0xdb, 0xde, 0x89,
    0xa, 0x40, 0x34, 0x13, 0x82, 0x80, 0x70, 0x88,
    0x3, 0xf7, 0x53, 0x82, 0x80, 0x7c, 0x48, 0x52,
    0x1, 0xf5, 0x13, 0x7d, 0xdb, 0xc0, 0x40, 0x76,
    0x9, 0x10, 0x73, 0x40, 0x13, 0xef, 0xfb, 0x18,
    0x3, 0xdc, 0xa0, 0x1f, 0x8c, 0x3, 0xf9, 0x14,
    0x2,

    /* U+0123 "ģ" */
    0x0, 0xd2, 0xc0, 0x1f, 0x31, 0x0, 0x78, 0x44,
    0x60, 0x1e, 0x1e, 0x70, 0xe, 0x8e, 0xfc, 0x6f,
    0x90, 0xa7, 0x27, 0x74, 0x80, 0xd, 0x53, 0x22,
    0xd8, 0x0, 0xa1, 0xc0, 0x15, 0x0, 0x63, 0x0,
    0xf2, 0x85, 0x0, 0x52, 0x0, 0x35, 0x3d, 0x9c,
    0x50, 0x10, 0xa7, 0x36, 0x9, 0x0, 0x86, 0x3b,
    0xf3, 0x83, 0x43, 0x3a, 0xe7, 0x1c, 0x94, 0x25,
    0x54, 0xc4, 0xb8, 0x0,

    /* U+0124 "Ĥ" */
    0x0, 0xa7, 0xf4, 0x40, 0x3a, 0x13, 0x5f, 0x40,
    0x3a, 0x34, 0xab, 0x0, 0x2b, 0xf2, 0x0, 0xd9,
    0xe0, 0x1f, 0xfd, 0x5d, 0xff, 0xc6, 0x1, 0x91,
    0x57, 0x8, 0x6, 0x9a, 0xac, 0x40, 0x1f, 0xfd,
    0x40,

    /* U+0125 "ĥ" */
    0x4, 0xff, 0x20, 0x7, 0x1d, 0x4d, 0x5a, 0x0,
    0x63, 0xe6, 0x5f, 0x40, 0xf, 0x6f, 0x0, 0x7f,
    0xf4, 0x9b, 0x7f, 0xc, 0x3, 0xc, 0xb2, 0x1e,
    0x8, 0x6, 0xab, 0xb3, 0x83, 0x80, 0x65, 0x0,
    0x60, 0x8, 0x4, 0x20, 0x13, 0x87, 0x80, 0x7f,
    0xf4, 0x80,

    /* U+0126 "Ħ" */
    0x19, 0xf5, 0x11, 0xd7, 0xe6, 0x1c, 0xc1, 0x5d,
    0xd9, 0x3, 0x22, 0xd4, 0x22, 0xef, 0x18, 0x4d,
    0x21, 0x1, 0xa2, 0x66, 0x4, 0x20, 0xa, 0xff,
    0xf2, 0x80, 0x78, 0xd5, 0x70, 0x80, 0x7a, 0x2a,
    0xb2, 0x0, 0x7f, 0xf6, 0xc0,

    /* U+0127 "ħ" */
    0xd, 0xe0, 0xf, 0x79, 0xf, 0xfa, 0x80, 0x2c,
    0x11, 0x66, 0x20, 0x2, 0x33, 0x2, 0xf6, 0xe1,
    0x80, 0x43, 0x2c, 0x87, 0x82, 0x1, 0x55, 0xd9,
    0xc1, 0xc0, 0x25, 0x0, 0x60, 0x8, 0x0, 0x40,
    0x27, 0xf, 0x0, 0xff, 0xe7, 0x80,

    /* U+0128 "Ĩ" */
    0xa, 0xd4, 0x45, 0x1b, 0xcc, 0xaf, 0x8f, 0x53,
    0x7d, 0x0, 0x17, 0xe4, 0x1, 0xff, 0xeb,

    /* U+0129 "ĩ" */
    0xa, 0xd3, 0xd2, 0x14, 0x9e, 0x62, 0x1e, 0x4d,
    0xb0, 0xb, 0x78, 0x3, 0xff, 0xc0,

    /* U+012A "Ī" */
    0xbf, 0xf8, 0xeb, 0x76, 0x31, 0x22, 0x80, 0x17,
    0xe4, 0x1, 0xff, 0xe2,

    /* U+012B "ī" */
    0xff, 0xdd, 0xd8, 0x73, 0xc4, 0x3, 0xff, 0xa0,

    /* U+012C "Ĭ" */
    0x1f, 0x20, 0xb8, 0x19, 0xdf, 0x79, 0x6, 0xff,
    0x60, 0x80, 0x2f, 0xc8, 0x3, 0xff, 0xd6,

    /* U+012D "ĭ" */
    0xe, 0x32, 0xf0, 0x5, 0xee, 0x48, 0x1, 0x7b,
    0x8c, 0x1, 0x6f, 0x0, 0x7f, 0xf8, 0x0,

    /* U+012E "Į" */
    0xbf, 0x20, 0xf, 0xfe, 0x7e, 0x29, 0x56, 0x5,
    0x4b, 0x80,

    /* U+012F "į" */
    0xc, 0xd0, 0x1, 0x10, 0x43, 0xf8, 0x43, 0x3c,
    0x3, 0xff, 0xa4, 0xd0, 0x2, 0x88, 0x1, 0x4d,
    0x30,

    /* U+0130 "İ" */
    0x0, 0xa7, 0xc4, 0x60, 0x8e, 0x1b, 0xf2, 0x0,
    0xff, 0xe7, 0x80,

    /* U+0131 "ı" */
    0xde, 0x0, 0xff, 0xe1, 0x0,

    /* U+0132 "Ĳ" */
    0xcf, 0x0, 0xdf, 0xc0, 0x1f, 0xfd, 0x44, 0x40,
    0x7, 0x1c, 0x58, 0x4, 0x20, 0x24, 0x20, 0x14,
    0x82, 0x4f, 0x65, 0xeb, 0x94, 0xc9, 0x49, 0xd,
    0xb0, 0x40,

    /* U+0133 "ĳ" */
    0xc, 0xd0, 0x5, 0xf0, 0x81, 0x10, 0x41, 0x84,
    0xc3, 0xf8, 0x43, 0x38, 0x83, 0x3c, 0x1, 0x5c,
    0x1, 0xff, 0xee, 0xde, 0x0, 0x38, 0x7, 0x54,
    0x9a, 0x0, 0x42, 0xec, 0x72, 0x0,

    /* U+0134 "Ĵ" */
    0x0, 0x92, 0x10, 0x3, 0x25, 0x95, 0xa0, 0x4,
    0x77, 0x56, 0x60, 0x13, 0xa0, 0x23, 0x80, 0xb,
    0xff, 0x88, 0xd, 0x9a, 0x20, 0x8, 0x66, 0x67,
    0x0, 0xff, 0xeb, 0xa9, 0x0, 0x1c, 0x8, 0x2f,
    0x6b, 0x9, 0x40, 0x1a, 0x8a, 0x4d, 0x60,

    /* U+0135 "ĵ" */
    0x0, 0x17, 0xf9, 0x0, 0x2e, 0x69, 0xa1, 0x0,
    0x64, 0xb7, 0x8, 0x5, 0x9e, 0x1, 0xff, 0xea,
    0x11, 0x0, 0x55, 0x24, 0xa0, 0x2, 0x76, 0x4a,
    0x0, 0x0,

    /* U+0136 "Ķ" */
    0xbf, 0x20, 0x9, 0xfe, 0x40, 0x3c, 0xd0, 0xb2,
    0x1, 0xcd, 0x29, 0x40, 0x1c, 0xb2, 0x76, 0x1,
    0xc9, 0x41, 0xc0, 0x1e, 0x90, 0x4, 0x80, 0x78,
    0x75, 0x11, 0x0, 0x1d, 0xa5, 0x44, 0xe8, 0x1,
    0x84, 0x7, 0xc2, 0xc8, 0x3, 0xc5, 0x61, 0xe1,
    0x7e, 0x40, 0x12, 0x7e, 0x80, 0x63, 0x90, 0xf,
    0xcc, 0xc0, 0xf, 0xc2, 0xa0, 0x1c,

    /* U+0137 "ķ" */
    0xde, 0x0, 0xff, 0xe7, 0xe, 0xf9, 0x80, 0x43,
    0x85, 0x66, 0x0, 0x2c, 0x2a, 0x40, 0x0, 0xe1,
    0x22, 0x80, 0x61, 0x24, 0x50, 0xd, 0x7e, 0x14,
    0x40, 0x1, 0x42, 0xa0, 0xe0, 0xe, 0x56, 0x38,
    0xde, 0x0, 0xa7, 0xe0, 0x0, 0x52, 0x1, 0xe1,
    0x62, 0x0, 0xe1, 0x32, 0x0, 0x80,

    /* U+0138 "ĸ" */
    0xde, 0x0, 0xe, 0xf9, 0x80, 0x43, 0x85, 0x66,
    0x0, 0x2c, 0x2a, 0x40, 0x0, 0xe1, 0x22, 0x80,
    0x61, 0x24, 0x50, 0xd, 0x7e, 0x14, 0x40, 0x1,
    0x42, 0xa0, 0xe0, 0xe, 0x56, 0x38,

    /* U+0139 "Ĺ" */
    0x8, 0xf6, 0x0, 0xce, 0xd6, 0xc0, 0x19, 0xf9,
    0x0, 0x3a, 0xfc, 0x80, 0x3f, 0xfe, 0x71, 0x55,
    0x88, 0x0, 0xab, 0xcc,

    /* U+013A "ĺ" */
    0x0, 0x5f, 0x20, 0x53, 0x62, 0x5, 0x69, 0x0,
    0x37, 0x80, 0x3f, 0xfd, 0x0,

    /* U+013B "Ļ" */
    0xbf, 0x20, 0xf, 0xff, 0x9c, 0x55, 0x62, 0x0,
    0x2a, 0xf3, 0x5f, 0xff, 0x90, 0x2, 0x65, 0x0,
    0xf6, 0x70, 0x7, 0x8f, 0x80, 0x20,

    /* U+013C "ļ" */
    0xde, 0x0, 0xff, 0xe4, 0x6f, 0x33, 0x3e, 0x86,
    0x80,

    /* U+013D "Ľ" */
    0x0, 0xee, 0x60, 0xbf, 0x20, 0x8, 0xc0, 0x3c,
    0x6c, 0x1, 0xed, 0x30, 0xf, 0xfe, 0xfc, 0x55,
    0x62, 0x0, 0x2a, 0xf3, 0x0,

    /* U+013E "ľ" */
    0x0, 0xb5, 0xb7, 0x80, 0xcc, 0x1, 0x84, 0x2,
    0xe4, 0x0, 0xff, 0xee, 0x0,

    /* U+013F "Ŀ" */
    0xbf, 0x20, 0xf, 0xfe, 0x6a, 0xf9, 0x80, 0x71,
    0x3, 0x0, 0x73, 0xea, 0x80, 0x78, 0x80, 0x3f,
    0xf8, 0x11, 0x55, 0x88, 0x0, 0xab, 0xcc,

    /* U+0140 "ŀ" */
    0xde, 0x0, 0xff, 0xe6, 0x8f, 0x38, 0x7, 0xc3,
    0xce, 0x1, 0xff, 0xc3,

    /* U+0141 "Ł" */
    0x0, 0x47, 0xa0, 0x7, 0xff, 0x1c, 0xb0, 0xc0,
    0x3e, 0x96, 0x30, 0xe, 0x30, 0x7a, 0x0, 0xeb,
    0x40, 0xc0, 0xf, 0x7a, 0x80, 0x7e, 0x42, 0x0,
    0xff, 0xbe, 0xab, 0x20, 0x6, 0x45, 0x5c, 0x40,

    /* U+0142 "ł" */
    0x0, 0x5f, 0x80, 0x7f, 0xf1, 0x90, 0x3, 0xad,
    0x40, 0xc, 0x12, 0xa3, 0x84, 0xc, 0x2, 0x86,
    0x1, 0xa1, 0xc0, 0x3f, 0xf8, 0x60,

    /* U+0143 "Ń" */
    0x0, 0xc5, 0xd6, 0x20, 0x1c, 0x58, 0xf6, 0x20,
    0x1c, 0x5d, 0x20, 0x1a, 0xfc, 0xc0, 0x36, 0x78,
    0x5, 0xa2, 0x1, 0xf8, 0x74, 0x3, 0xf1, 0x9a,
    0x40, 0x3e, 0xe2, 0x66, 0x0, 0x7d, 0xe3, 0x26,
    0x1, 0xe2, 0xa0, 0xd1, 0x0, 0xf2, 0x40, 0x90,
    0x7, 0xce, 0xa0, 0x1f, 0xd4, 0x40, 0x0,

    /* U+0144 "ń" */
    0x0, 0x87, 0x74, 0x40, 0x1b, 0x5f, 0x48, 0x3,
    0x65, 0x0, 0x5b, 0xa7, 0xef, 0xc3, 0x0, 0x14,
    0x3a, 0x9e, 0x8, 0x2, 0xe6, 0xa0, 0x1c, 0x0,
    0x80, 0x3, 0x1, 0x1, 0x0, 0x9c, 0x3c, 0x3,
    0xff, 0x98,

    /* U+0145 "Ņ" */
    0xbf, 0x30, 0xd, 0x9e, 0x1, 0x68, 0x80, 0x7e,
    0x1d, 0x0, 0xfc, 0x66, 0x90, 0xf, 0xb8, 0x99,
    0x80, 0x1f, 0x78, 0xc9, 0x80, 0x78, 0xa8, 0x34,
    0x40, 0x3c, 0x90, 0x24, 0x1, 0xf3, 0xa8, 0x7,
    0xf5, 0x10, 0x2, 0xfc, 0x80, 0x36, 0xf8, 0x7,
    0x49, 0x80, 0x7c, 0x2e, 0xa0, 0x1f, 0x9, 0xb8,
    0x6,

    /* U+0146 "ņ" */
    0xdd, 0x3f, 0x7e, 0x18, 0x0, 0xa1, 0xd4, 0xf0,
    0x40, 0x17, 0x35, 0x0, 0xe0, 0x4, 0x0, 0x18,
    0x8, 0x8, 0x4, 0xe1, 0xe0, 0x1f, 0xfc, 0xcd,
    0xe0, 0x8, 0xfe, 0x0, 0x28, 0x40, 0xf, 0x26,
    0x80, 0x79, 0xe8, 0x2,

    /* U+0147 "Ň" */
    0x0, 0x46, 0x95, 0x60, 0x7, 0x42, 0x6b, 0xe8,
    0x7, 0xa7, 0xf4, 0x40, 0x2b, 0xf3, 0x0, 0xd9,
    0xe0, 0x16, 0x88, 0x7, 0xe1, 0xd0, 0xf, 0xc6,
    0x69, 0x0, 0xfb, 0x89, 0x98, 0x1, 0xf7, 0x8c,
    0x98, 0x7, 0x8a, 0x83, 0x44, 0x3, 0xc9, 0x2,
    0x40, 0x1f, 0x3a, 0x80, 0x7f, 0x51, 0x0, 0x0,

    /* U+0148 "ň" */
    0x5, 0xe3, 0x7e, 0x20, 0x2, 0xc6, 0x4e, 0x10,
    0x4, 0xdf, 0xc4, 0x0, 0xdd, 0x3f, 0x7e, 0x18,
    0x0, 0xa1, 0xd4, 0xf0, 0x40, 0x17, 0x35, 0x0,
    0xe0, 0x4, 0x0, 0x18, 0x8, 0x8, 0x4, 0xe1,
    0xe0, 0x1f, 0xfc, 0xc0,

    /* U+0149 "ŉ" */
    0xd, 0xc0, 0xf, 0xc2, 0x46, 0x1, 0xf8, 0x58,
    0xc0, 0x3f, 0x92, 0xfa, 0xdf, 0xbf, 0x8, 0x0,
    0x8c, 0x9, 0x8, 0x83, 0xc0, 0x4, 0x88, 0x3,
    0x2a, 0xd8, 0x50, 0x3, 0x9, 0x80, 0x30, 0x8,
    0x3, 0x18, 0x7, 0x8, 0x7, 0xff, 0x54,

    /* U+014A "Ŋ" */
    0xbf, 0x30, 0xd, 0x9e, 0x1, 0x68, 0x80, 0x7e,
    0x1d, 0x0, 0xfc, 0x66, 0x90, 0xf, 0xb8, 0x99,
    0x80, 0x1f, 0x78, 0xc9, 0x80, 0x78, 0xa8, 0x34,
    0x40, 0x3c, 0x90, 0x24, 0x1, 0xf3, 0xa8, 0x7,
    0xf5, 0x8, 0x2, 0xfc, 0x80, 0x80, 0x2, 0x40,
    0x1a, 0x36, 0xf4, 0x14, 0x3, 0x51, 0xa1, 0xbc,
    0x0,

    /* U+014B "ŋ" */
    0xdd, 0x3f, 0x7e, 0x18, 0x0, 0xa1, 0xd4, 0xf0,
    0x40, 0x17, 0x35, 0x0, 0xe0, 0x4, 0x0, 0x18,
    0x8, 0x8, 0x4, 0xe1, 0xe0, 0x1f, 0xfc, 0xcd,
    0xe0, 0x9, 0xc3, 0xc0, 0x25, 0x99, 0x2, 0x0,
    0x5a, 0xc7, 0x6,

    /* U+014C "Ō" */
    0x0, 0xa3, 0xff, 0x20, 0x7, 0xa7, 0x77, 0x20,
    0x7, 0x84, 0x8b, 0x0, 0x7c, 0xf9, 0xfd, 0x8a,
    0x1, 0x87, 0x60, 0xd0, 0x8e, 0xa8, 0x1, 0x59,
    0x37, 0xde, 0x71, 0xab, 0x81, 0x29, 0x48, 0x4,
    0x3a, 0x12, 0xe, 0xa, 0x1, 0xc2, 0x82, 0x20,
    0xf, 0xfe, 0x3, 0x82, 0x0, 0x70, 0xa0, 0x88,
    0x90, 0xe4, 0x2, 0x1d, 0x9, 0x0, 0x51, 0x37,
    0x5e, 0x71, 0xab, 0x80, 0x7, 0x60, 0xd0, 0x8e,
    0xa8, 0x0,

    /* U+014D "ō" */
    0x0, 0x77, 0xfd, 0xc0, 0x1b, 0xfb, 0xaf, 0x0,
    0xcd, 0x9d, 0x8c, 0x1, 0x54, 0x2, 0x84, 0x50,
    0x12, 0x9e, 0xd6, 0x9a, 0x9a, 0x5, 0x0, 0x52,
    0x8, 0x1, 0xfc, 0x81, 0x40, 0x14, 0x82, 0x12,
    0x9e, 0xd6, 0x9a, 0x98, 0x54, 0x2, 0x84, 0x50,
    0x0,

    /* U+014E "Ŏ" */
    0x0, 0x8d, 0x40, 0xc, 0x40, 0x1e, 0x7b, 0x13,
    0x93, 0x0, 0xf2, 0x3f, 0x64, 0x88, 0x7, 0xd3,
    0xfe, 0x60, 0xf, 0x9f, 0x3f, 0xb1, 0x40, 0x30,
    0xec, 0x1a, 0x11, 0xd5, 0x0, 0x2b, 0x26, 0xfb,
    0xce, 0x35, 0x70, 0x25, 0x29, 0x0, 0x87, 0x42,
    0x41, 0xc1, 0x40, 0x38, 0x50, 0x44, 0x1, 0xff,
    0xc0, 0x70, 0x40, 0xe, 0x14, 0x11, 0x12, 0x1c,
    0x80, 0x43, 0xa1, 0x20, 0xa, 0x26, 0xeb, 0xce,
    0x35, 0x70, 0x0, 0xec, 0x1a, 0x11, 0xd5, 0x0,
    0x0,

    /* U+014F "ŏ" */
    0x0, 0x63, 0x83, 0xe0, 0x6, 0xf9, 0xf9, 0xf0,
    0xc, 0x7d, 0xfc, 0x60, 0x19, 0xf7, 0xf5, 0xc0,
    0x2a, 0x80, 0x50, 0x8a, 0x2, 0x53, 0xda, 0xd3,
    0x53, 0x40, 0xa0, 0xa, 0x41, 0x0, 0x3f, 0x90,
    0x28, 0x2, 0x90, 0x42, 0x53, 0xda, 0xd3, 0x53,
    0xa, 0x80, 0x50, 0x8a, 0x0,

    /* U+0150 "Ő" */
    0x0, 0xff, 0xe2, 0x27, 0xb5, 0x70, 0x80, 0x7a,
    0x55, 0x6a, 0x10, 0xf, 0x6d, 0x1f, 0xa0, 0x7,
    0x9f, 0x3f, 0xb1, 0x40, 0x30, 0xec, 0x1a, 0x11,
    0xd5, 0x0, 0x2b, 0x26, 0xfb, 0xce, 0x35, 0x70,
    0x25, 0x29, 0x0, 0x87, 0x42, 0x41, 0xc1, 0x40,
    0x38, 0x50, 0x44, 0x1, 0xff, 0xc0, 0x70, 0x40,
    0xe, 0x14, 0x11, 0x12, 0x1c, 0x80, 0x43, 0xa1,
    0x20, 0xa, 0x26, 0xeb, 0xce, 0x35, 0x70, 0x0,
    0xec, 0x1a, 0x11, 0xd5, 0x0, 0x0,

    /* U+0151 "ő" */
    0x0, 0xab, 0x8b, 0xe8, 0x2, 0x35, 0xab, 0x2a,
    0x0, 0x8f, 0xd2, 0x74, 0x3, 0x3e, 0xfe, 0xb8,
    0x5, 0x50, 0xa, 0x11, 0x40, 0x4a, 0x7b, 0x5a,
    0x6a, 0x68, 0x14, 0x1, 0x48, 0x20, 0x7, 0xf2,
    0x5, 0x0, 0x52, 0x8, 0x4a, 0x7b, 0x5a, 0x6a,
    0x61, 0x50, 0xa, 0x11, 0x40,

    /* U+0152 "Œ" */
    0x0, 0x9f, 0x7f, 0xff, 0xb8, 0x0, 0x3b, 0x6,
    0xac, 0x80, 0x4c, 0xdc, 0x0, 0xa2, 0x7e, 0xa9,
    0x80, 0x49, 0x9d, 0x0, 0x48, 0x70, 0x1, 0xff,
    0xc0, 0x70, 0x40, 0xf, 0x37, 0xfe, 0x50, 0xf,
    0xf1, 0x33, 0x70, 0x38, 0x20, 0x7, 0x92, 0x67,
    0x18, 0x12, 0x1c, 0x0, 0x7f, 0xf0, 0x68, 0x9f,
    0xaa, 0x60, 0x12, 0x67, 0x84, 0x7, 0x5c, 0xd5,
    0x90, 0x9, 0x9b, 0x80,

    /* U+0153 "œ" */
    0x0, 0x3e, 0xfe, 0xb8, 0x2e, 0xff, 0x40, 0x5,
    0x50, 0x2e, 0x31, 0x94, 0xce, 0x8f, 0x40, 0x4a,
    0x99, 0x18, 0x86, 0x97, 0x14, 0xea, 0x48, 0x1c,
    0x1, 0x70, 0x27, 0xfc, 0xe0, 0xe0, 0x3, 0x0,
    0xe5, 0xcc, 0xe4, 0x40, 0x50, 0x5, 0x20, 0x82,
    0x66, 0x2, 0x12, 0x53, 0xda, 0xd3, 0x41, 0xda,
    0xbc, 0xb0, 0x5, 0x40, 0x28, 0x45, 0xd8, 0xd5,
    0x16, 0x0,

    /* U+0154 "Ŕ" */
    0x0, 0xd1, 0xec, 0x1, 0xce, 0xd6, 0xc0, 0x1c,
    0xfc, 0x80, 0x15, 0xff, 0xed, 0x91, 0x0, 0x95,
    0x60, 0x6c, 0x0, 0xa2, 0xa9, 0xaa, 0x4a, 0x1,
    0xef, 0x2, 0x0, 0xf7, 0x81, 0x0, 0x22, 0x65,
    0xaa, 0x4a, 0x0, 0x56, 0x61, 0x26, 0x0, 0x5b,
    0xfe, 0x15, 0x0, 0xfa, 0x86, 0x80, 0x3c, 0x8c,
    0x8a,

    /* U+0155 "ŕ" */
    0x0, 0x3f, 0xb8, 0x1, 0xa2, 0xdc, 0x0, 0xde,
    0x80, 0xd, 0xd3, 0x6b, 0x80, 0xa, 0x40, 0x80,
    0x28, 0xd5, 0x0, 0x9c, 0x3, 0x8, 0x7, 0xff,
    0x28,

    /* U+0156 "Ŗ" */
    0xbf, 0xfd, 0xb2, 0x20, 0x12, 0xac, 0xd, 0x80,
    0x14, 0x55, 0x35, 0x49, 0x40, 0x3d, 0xe0, 0x40,
    0x1e, 0xf0, 0x20, 0x4, 0x4c, 0xb5, 0x49, 0x40,
    0xa, 0xcc, 0x24, 0xc0, 0xb, 0x7f, 0xc2, 0xa0,
    0x1f, 0x50, 0xd0, 0x7, 0x91, 0x91, 0x6f, 0xc8,
    0x2, 0x9f, 0x50, 0x9, 0x20, 0x3, 0xe2, 0x70,
    0xf, 0x8d, 0x80, 0x30,

    /* U+0157 "ŗ" */
    0xdd, 0x36, 0xb8, 0x14, 0x81, 0x0, 0x23, 0x54,
    0x0, 0xe0, 0x10, 0x80, 0x7f, 0xf1, 0xb7, 0x80,
    0x26, 0x60, 0x5, 0xf4, 0x1, 0xd, 0x0, 0x40,

    /* U+0158 "Ř" */
    0x1, 0x30, 0x1, 0x10, 0x2, 0x1f, 0xb6, 0xd6,
    0x0, 0xda, 0xb3, 0x8, 0x1, 0x87, 0xbd, 0xc0,
    0x2b, 0xff, 0xdb, 0x22, 0x1, 0x2a, 0xc0, 0xd8,
    0x1, 0x45, 0x53, 0x54, 0x94, 0x3, 0xde, 0x4,
    0x1, 0xef, 0x2, 0x0, 0x44, 0xcb, 0x54, 0x94,
    0x0, 0xac, 0xc2, 0x4c, 0x0, 0xb7, 0xfc, 0x2a,
    0x1, 0xf5, 0xd, 0x0, 0x79, 0x19, 0x14,

    /* U+0159 "ř" */
    0x1d, 0x92, 0xe8, 0x1c, 0x4d, 0x78, 0x1, 0xdf,
    0x90, 0x6, 0xe9, 0xb5, 0xc0, 0x5, 0x20, 0x40,
    0x14, 0x6a, 0x80, 0x4e, 0x1, 0x84, 0x3, 0xff,
    0x92,

    /* U+015A "Ś" */
    0x0, 0xe7, 0x70, 0x7, 0xaa, 0x50, 0x3, 0x8f,
    0x7c, 0xc0, 0x38, 0xdc, 0x40, 0x30, 0xcf, 0x7f,
    0x5a, 0x0, 0x31, 0x89, 0x95, 0x38, 0xc, 0x97,
    0x26, 0xfe, 0xc0, 0x26, 0x10, 0x8, 0x40, 0xd8,
    0xfb, 0x1c, 0x80, 0x29, 0xc7, 0x8, 0xd9, 0x0,
    0x8e, 0x33, 0x8d, 0x8c, 0x18, 0x2, 0x15, 0x7,
    0x59, 0xea, 0x9c, 0x62, 0x45, 0x95, 0x46, 0x26,
    0xc0,

    /* U+015B "ś" */
    0x0, 0x8f, 0xe8, 0x2, 0x3c, 0x7a, 0x0, 0x8f,
    0xe0, 0x2, 0x5c, 0xfe, 0xc4, 0x3a, 0x17, 0x71,
    0x3a, 0x4, 0x42, 0x78, 0xd0, 0x2b, 0x25, 0x0,
    0xf1, 0xc1, 0xae, 0x0, 0xa3, 0x3c, 0x51, 0xba,
    0xa2, 0x85, 0x56, 0x77, 0x23, 0xc8,

    /* U+015C "Ŝ" */
    0x0, 0x92, 0x10, 0x3, 0x8e, 0xca, 0xd0, 0x3,
    0x25, 0xd5, 0x98, 0x6, 0x74, 0x4, 0x70, 0x8,
    0x67, 0xbf, 0xad, 0x0, 0x18, 0xc4, 0xca, 0x9c,
    0x6, 0x4b, 0x93, 0x7f, 0x60, 0x13, 0x8, 0x4,
    0x20, 0x6c, 0x7d, 0x8e, 0x40, 0x14, 0xe3, 0x84,
    0x6c, 0x80, 0x47, 0x19, 0xc6, 0xc6, 0xc, 0x1,
    0xa, 0x83, 0xac, 0xf5, 0x4e, 0x31, 0x22, 0xca,
    0xa3, 0x13, 0x60, 0x0,

    /* U+015D "ŝ" */
    0x0, 0x5f, 0xe0, 0x5, 0x4f, 0xaf, 0x60, 0xa,
    0xc2, 0xbb, 0x0, 0x17, 0x3f, 0xb1, 0xe, 0x85,
    0xdc, 0x4e, 0x81, 0x10, 0x9e, 0x34, 0xa, 0xc9,
    0x40, 0x3c, 0x70, 0x6b, 0x80, 0x28, 0xcf, 0x14,
    0x6e, 0xa8, 0xa1, 0x55, 0x9d, 0xc8, 0xf2,

    /* U+015E "Ş" */
    0x1, 0x9e, 0xfe, 0xb4, 0x0, 0x63, 0x13, 0x2a,
    0x70, 0x19, 0x2e, 0x4d, 0xfd, 0x80, 0x4c, 0x20,
    0x10, 0x81, 0xa9, 0xf6, 0x39, 0x0, 0x55, 0x8e,
    0x11, 0xb2, 0x1, 0x1c, 0x66, 0x9b, 0x18, 0x28,
    0x4, 0x4a, 0xe, 0xb5, 0xd5, 0x36, 0xc4, 0x8b,
    0x24, 0xac, 0xad, 0x80, 0x6, 0xcd, 0x1d, 0x91,
    0x0, 0xc7, 0x18, 0x1, 0xec, 0x87, 0x0, 0x80,

    /* U+015F "ş" */
    0x5, 0xcf, 0xec, 0x43, 0xa1, 0x77, 0x13, 0xa0,
    0x44, 0x27, 0x8d, 0x2, 0xb2, 0x50, 0xf, 0x18,
    0x1a, 0xe0, 0xe, 0x73, 0x85, 0x1b, 0xe9, 0xec,
    0x54, 0x91, 0x10, 0xee, 0x94, 0xbf, 0xf, 0x80,
    0xd, 0x3a, 0x1, 0xb2, 0x18, 0x0,

    /* U+0160 "Š" */
    0x0, 0x3a, 0x2, 0x38, 0x6, 0x4b, 0xab, 0x30,
    0xc, 0x76, 0x56, 0x80, 0x1c, 0x90, 0x80, 0x18,
    0x67, 0xbf, 0xad, 0x0, 0x18, 0xc4, 0xca, 0x9c,
    0x6, 0x4b, 0x93, 0x7f, 0x60, 0x13, 0x8, 0x4,
    0x20, 0x6c, 0x7d, 0x8e, 0x40, 0x14, 0xe3, 0x84,
    0x6c, 0x80, 0x47, 0x19, 0xc6, 0xc6, 0xc, 0x1,
    0xa, 0x83, 0xac, 0xf5, 0x4e, 0x31, 0x22, 0xca,
    0xa3, 0x13, 0x60, 0x0,

    /* U+0161 "š" */
    0xa, 0xc2, 0xbb, 0x0, 0x29, 0xf5, 0xec, 0x2,
    0xbf, 0xc0, 0x9, 0x73, 0xfb, 0x10, 0xe8, 0x5d,
    0xc4, 0xe8, 0x11, 0x9, 0xe3, 0x40, 0xac, 0x94,
    0x3, 0xc7, 0x6, 0xb8, 0x2, 0x8c, 0xf1, 0x46,
    0xea, 0x8a, 0x15, 0x59, 0xdc, 0x8f, 0x20,

    /* U+0162 "Ţ" */
    0xff, 0xfc, 0xcc, 0x55, 0x8, 0x2a, 0xe9, 0xaa,
    0x28, 0x45, 0x50, 0xc0, 0x3f, 0xfe, 0xd8, 0x84,
    0x1, 0xe5, 0xa, 0x0, 0xe4, 0xc6, 0xe0, 0x8,

    /* U+0163 "ţ" */
    0x9, 0xf2, 0x0, 0xfd, 0xac, 0x1b, 0xe5, 0x66,
    0xf, 0x6, 0xca, 0x14, 0xe2, 0x1, 0xff, 0xc7,
    0xf0, 0xe9, 0x40, 0x66, 0x1b, 0x88, 0x2, 0x3,
    0x54, 0x2, 0xac, 0x0, 0xb2, 0xd8, 0x0,

    /* U+0164 "Ť" */
    0x1, 0xe8, 0x3e, 0x60, 0x8, 0x71, 0xb2, 0x58,
    0x3, 0x17, 0x7b, 0x80, 0x5f, 0xff, 0x99, 0x8a,
    0xa1, 0x5, 0x5d, 0x35, 0x45, 0x8, 0xaa, 0x18,
    0x7, 0xff, 0xcc,

    /* U+0165 "ť" */
    0x0, 0xce, 0x80, 0x1a, 0x88, 0x23, 0x88, 0xc,
    0x4, 0x41, 0xab, 0xac, 0x1b, 0xe5, 0x66, 0xf,
    0x6, 0xca, 0x14, 0xe2, 0x1, 0xff, 0xc7, 0xc0,
    0xe9, 0x40, 0x56, 0x27, 0x10,

    /* U+0166 "Ŧ" */
    0xff, 0xfc, 0xcc, 0x55, 0x8, 0x2a, 0xe9, 0xaa,
    0x28, 0x45, 0x50, 0xc0, 0x44, 0x0, 0x11, 0x0,
    0x55, 0xc8, 0x19, 0xc4, 0x0, 0x8b, 0x30, 0x9b,
    0x20, 0x1, 0xa3, 0x82, 0x20, 0x3, 0xff, 0xa2,

    /* U+0167 "ŧ" */
    0x8, 0xf3, 0x0, 0xfd, 0x8e, 0x19, 0xe7, 0x26,
    0xd, 0x4, 0xa8, 0x14, 0xe3, 0x2e, 0x19, 0xe1,
    0xa, 0x15, 0x80, 0x24, 0x2, 0x60, 0xc, 0x9,
    0x92, 0x82, 0x39, 0xb9, 0x80,

    /* U+0168 "Ũ" */
    0x0, 0x4f, 0x75, 0x80, 0x1a, 0x3f, 0xec, 0x0,
    0xc2, 0x38, 0x2, 0xcf, 0x0, 0xef, 0xd0, 0xf,
    0xfe, 0xd0, 0x80, 0x70, 0xb0, 0x10, 0x4, 0x40,
    0xfa, 0x12, 0x1, 0x58, 0x63, 0x92, 0xf5, 0xeb,
    0xb, 0x6, 0x30, 0x21, 0xb7, 0x88,

    /* U+0169 "ũ" */
    0x4, 0xeb, 0x1d, 0x20, 0x7, 0xc6, 0x7b, 0x90,
    0x2, 0xd9, 0xfa, 0x80, 0x1d, 0xa0, 0x12, 0xfb,
    0x0, 0x7f, 0xf4, 0x4c, 0x0, 0x44, 0x10, 0x6,
    0x80, 0x28, 0x32, 0x71, 0x0, 0xd, 0x0, 0xc1,
    0x0, 0x0,

    /* U+016A "Ū" */
    0x0, 0x6f, 0xfd, 0xc0, 0x1b, 0x37, 0x6c, 0x0,
    0xc2, 0x45, 0x80, 0x19, 0xe0, 0x1d, 0xfa, 0x1,
    0xff, 0xda, 0x10, 0xe, 0x16, 0x2, 0x0, 0x88,
    0x1f, 0x42, 0x40, 0x2b, 0xc, 0x72, 0x5e, 0xbd,
    0x61, 0x60, 0xc6, 0x4, 0x36, 0xf1,

    /* U+016B "ū" */
    0xb, 0xff, 0xc4, 0x0, 0xae, 0xec, 0x41, 0xd8,
    0x23, 0x27, 0xb0, 0x7, 0xff, 0x44, 0xc0, 0x4,
    0x41, 0x0, 0x68, 0x2, 0x83, 0x27, 0x10, 0x0,
    0xd0, 0xc, 0x10, 0x0,

    /* U+016C "Ŭ" */
    0x0, 0x31, 0x0, 0xb8, 0x6, 0xcb, 0x9, 0xc0,
    0xd, 0xb, 0xeb, 0x20, 0x18, 0xb3, 0xf4, 0x80,
    0x19, 0xe0, 0x1d, 0xfa, 0x1, 0xff, 0xda, 0x10,
    0xe, 0x16, 0x2, 0x0, 0x88, 0x1f, 0x42, 0x40,
    0x2b, 0xc, 0x72, 0x5e, 0xbd, 0x61, 0x60, 0xc6,
    0x4, 0x36, 0xf1,

    /* U+016D "ŭ" */
    0x9, 0xa0, 0x3f, 0x0, 0xa1, 0xbf, 0x64, 0x2,
    0x1c, 0xfe, 0x60, 0x7, 0x68, 0x4, 0xbe, 0xc0,
    0x1f, 0xfd, 0x13, 0x0, 0x11, 0x4, 0x1, 0xa0,
    0xa, 0xc, 0x9c, 0x40, 0x3, 0x40, 0x30, 0x40,
    0x0,

    /* U+016E "Ů" */
    0x0, 0x9b, 0x1c, 0x3, 0xd5, 0x98, 0x10, 0xf,
    0xfe, 0x15, 0x66, 0x4, 0x3, 0x9b, 0x1c, 0x2,
    0xcf, 0x0, 0xef, 0xd0, 0xf, 0xfe, 0xd0, 0x80,
    0x70, 0xb0, 0x10, 0x4, 0x40, 0xfa, 0x12, 0x1,
    0x58, 0x63, 0x92, 0xf5, 0xeb, 0xb, 0x6, 0x30,
    0x21, 0xb7, 0x88,

    /* U+016F "ů" */
    0x0, 0x2e, 0x50, 0x7, 0x4e, 0x12, 0x0, 0x69,
    0xc2, 0x40, 0xc, 0xb9, 0x40, 0x17, 0x68, 0x4,
    0xbe, 0xc0, 0x1f, 0xfd, 0x13, 0x0, 0x11, 0x4,
    0x1, 0xa0, 0xa, 0xc, 0x9c, 0x40, 0x3, 0x40,
    0x30, 0x40, 0x0,

    /* U+0170 "Ű" */
    0x0, 0xff, 0xe0, 0x4f, 0x17, 0x50, 0x4, 0x4d,
    0x54, 0x3a, 0x0, 0x8b, 0xd2, 0x34, 0x1, 0x9e,
    0x1, 0xdf, 0xa0, 0x1f, 0xfd, 0xa1, 0x0, 0xe1,
    0x60, 0x20, 0x8, 0x81, 0xf4, 0x24, 0x2, 0xb0,
    0xc7, 0x25, 0xeb, 0xd6, 0x16, 0xc, 0x60, 0x43,
    0x6f, 0x10,

    /* U+0171 "ű" */
    0x0, 0x37, 0xa6, 0x68, 0x5, 0x10, 0x13, 0xf0,
    0xb, 0x9d, 0x7c, 0x83, 0xb4, 0x2, 0x5f, 0x60,
    0xf, 0xfe, 0x89, 0x80, 0x8, 0x82, 0x0, 0xd0,
    0x5, 0x6, 0x4e, 0x20, 0x1, 0xa0, 0x18, 0x20,
    0x0,

    /* U+0172 "Ų" */
    0xcf, 0x0, 0xef, 0xd0, 0xf, 0xff, 0x0, 0xb8,
    0x8, 0x7, 0x88, 0x10, 0x2, 0x40, 0x6a, 0x8,
    0x30, 0x39, 0xe, 0x36, 0x2c, 0xfc, 0x26, 0x40,
    0x9b, 0x50, 0x3b, 0x90, 0x9, 0xd, 0x71, 0x0,
    0x39, 0x30, 0x40, 0x3d, 0x73, 0xe2, 0x0,

    /* U+0173 "ų" */
    0xed, 0x0, 0x97, 0xd8, 0x3, 0xff, 0x9a, 0x60,
    0x11, 0x80, 0x8, 0x48, 0x1, 0x40, 0xa, 0xc,
    0xad, 0x30, 0x3, 0x41, 0xab, 0x48, 0x4, 0xfb,
    0xf5, 0x14, 0xc0, 0x19, 0xcd, 0x4, 0x3, 0x38,
    0x73, 0x0,

    /* U+0174 "Ŵ" */
    0x0, 0xf2, 0x7f, 0x90, 0x3, 0xfe, 0x3b, 0x9a,
    0xb4, 0x0, 0xff, 0x1f, 0xb2, 0xfa, 0x0, 0x73,
    0xfb, 0x0, 0x6e, 0xf1, 0x0, 0x93, 0xdd, 0x43,
    0x40, 0x24, 0x10, 0x70, 0xb, 0x41, 0x48, 0x88,
    0x20, 0xd, 0x0, 0x68, 0x4, 0xe4, 0x40, 0xa0,
    0x70, 0x3, 0xa2, 0xa0, 0x0, 0xc5, 0x40, 0xa,
    0x1a, 0x8, 0x3b, 0xe0, 0xa1, 0x61, 0x40, 0x2,
    0x22, 0x6, 0x83, 0xa8, 0x78, 0x29, 0x10, 0x2,
    0x50, 0x57, 0x41, 0x4, 0x41, 0x11, 0x40, 0x35,
    0x85, 0x8e, 0x80, 0x38, 0x64, 0x2c, 0x3, 0x19,
    0x8, 0x38, 0x1, 0x1, 0x4, 0xc0, 0x39, 0x41,
    0x4, 0x0, 0x28, 0xc, 0x1, 0x0,

    /* U+0175 "ŵ" */
    0x0, 0xc3, 0xbf, 0x40, 0x1f, 0xda, 0xfa, 0xf2,
    0x1, 0xfb, 0x28, 0xb6, 0x40, 0x36, 0x68, 0x4,
    0xfe, 0xa0, 0x17, 0x55, 0x8, 0xc0, 0x16, 0x1c,
    0x0, 0x41, 0xe7, 0xb, 0x2, 0x31, 0x41, 0xd,
    0x14, 0x14, 0x60, 0x50, 0xa0, 0x70, 0x77, 0x0,
    0x34, 0x4e, 0x91, 0x5, 0x48, 0x3a, 0x0, 0x70,
    0x82, 0xe0, 0x53, 0x81, 0x40, 0x0, 0xa2, 0x1,
    0x42, 0x80, 0xdc, 0x3, 0x68, 0x28, 0x0, 0x8c,
    0x28, 0x0,

    /* U+0176 "Ŷ" */
    0x0, 0xe3, 0x10, 0xf, 0xd7, 0x9e, 0x40, 0x1e,
    0x96, 0xe4, 0xf0, 0xf, 0x4e, 0x8d, 0x68, 0x6,
    0xdf, 0x20, 0xd, 0x7e, 0x21, 0xc1, 0x20, 0x12,
    0x22, 0x4, 0xd, 0x51, 0x0, 0x9, 0x27, 0x0,
    0xac, 0x24, 0x1c, 0xa4, 0x3, 0xc, 0x14, 0xc2,
    0x20, 0x3, 0x9c, 0x98, 0x24, 0x3, 0xe8, 0x6,
    0x20, 0xf, 0x84, 0x4, 0x3, 0xff, 0x9c,

    /* U+0177 "ŷ" */
    0x0, 0x9b, 0xfc, 0x60, 0x1c, 0xb1, 0x91, 0xc4,
    0x1, 0x97, 0x8d, 0xf4, 0x80, 0x2d, 0xe0, 0xd,
    0x7c, 0x0, 0xa1, 0x50, 0x1, 0x23, 0x0, 0x18,
    0x38, 0x1, 0x41, 0x40, 0x1, 0x54, 0x20, 0x64,
    0x20, 0xa, 0x42, 0x94, 0x78, 0x3, 0x19, 0x37,
    0xa, 0x80, 0x75, 0x8a, 0x30, 0x7, 0x9c, 0x1,
    0x20, 0x1f, 0x94, 0x40, 0x36, 0x4e, 0x4, 0x80,
    0x73, 0xb1, 0xd1, 0x80, 0x60,

    /* U+0178 "Ÿ" */
    0x0, 0x9b, 0x82, 0xa8, 0x1, 0xe2, 0x40, 0xdd,
    0x0, 0x79, 0x28, 0x1d, 0xc0, 0x1b, 0x7c, 0x80,
    0x35, 0xf8, 0x87, 0x4, 0x80, 0x48, 0x88, 0x10,
    0x35, 0x44, 0x0, 0x24, 0x9c, 0x2, 0xb0, 0x90,
    0x72, 0x90, 0xc, 0x30, 0x53, 0x8, 0x80, 0xe,
    0x72, 0x60, 0x90, 0xf, 0xa0, 0x18, 0x80, 0x3e,
    0x10, 0x10, 0xf, 0xfe, 0x70,

    /* U+0179 "Ź" */
    0x0, 0xc3, 0xd8, 0x20, 0x18, 0x71, 0x30, 0x40,
    0x30, 0xed, 0x0, 0x4b, 0xff, 0xf6, 0x32, 0xaf,
    0x8, 0x21, 0xd5, 0x6f, 0x14, 0x80, 0xc, 0x74,
    0x54, 0x1, 0x87, 0x43, 0xc4, 0x3, 0x68, 0xd1,
    0x0, 0x69, 0x37, 0x50, 0xc, 0xcc, 0x48, 0x0,
    0xc7, 0x20, 0x35, 0x5a, 0x54, 0x0, 0xab, 0xcc,

    /* U+017A "ź" */
    0x0, 0x8b, 0xb0, 0x40, 0x3, 0xe9, 0x82, 0x0,
    0x1d, 0xa0, 0x3, 0x7f, 0xf7, 0x2c, 0x44, 0x60,
    0xe6, 0xee, 0x53, 0x29, 0x0, 0xbc, 0x3c, 0x2,
    0xa2, 0xa2, 0x0, 0x3a, 0xba, 0x80, 0xe, 0x0,
    0xe, 0xf2, 0x0, 0x1e, 0x22,

    /* U+017B "Ż" */
    0x0, 0xff, 0xe0, 0xf, 0xc8, 0x7, 0xc2, 0x20,
    0xf, 0xf, 0x40, 0x4, 0xbf, 0xff, 0x63, 0x2a,
    0xf0, 0x82, 0x1d, 0x56, 0xf1, 0x48, 0x0, 0xc7,
    0x45, 0x40, 0x18, 0x74, 0x3c, 0x40, 0x36, 0x8d,
    0x10, 0x6, 0x93, 0x75, 0x0, 0xcc, 0xc4, 0x80,
    0xc, 0x72, 0x3, 0x55, 0xa5, 0x40, 0xa, 0xbc,
    0xc0,

    /* U+017C "ż" */
    0x0, 0xf, 0x40, 0x7, 0x8, 0x80, 0x30, 0xfc,
    0x80, 0x1b, 0xff, 0xb9, 0x62, 0x23, 0x7, 0x37,
    0x72, 0x99, 0x48, 0x5, 0xe1, 0xe0, 0x15, 0x15,
    0x10, 0x1, 0xd5, 0xd4, 0x0, 0x70, 0x0, 0x77,
    0x90, 0x0, 0xf1, 0x10,

    /* U+017D "Ž" */
    0x0, 0x3f, 0x1c, 0xe8, 0x80, 0x4e, 0xd8, 0xfe,
    0x20, 0x1a, 0x3f, 0x88, 0x0, 0xbf, 0xff, 0x63,
    0x2a, 0xf0, 0x82, 0x1d, 0x56, 0xf1, 0x48, 0x0,
    0xc7, 0x45, 0x40, 0x18, 0x74, 0x3c, 0x40, 0x36,
    0x8d, 0x10, 0x6, 0x93, 0x75, 0x0, 0xcc, 0xc4,
    0x80, 0xc, 0x72, 0x3, 0x55, 0xa5, 0x40, 0xa,
    0xbc, 0xc0,

    /* U+017E "ž" */
    0x7, 0xe3, 0x9d, 0x10, 0x79, 0xc4, 0xc1, 0x0,
    0x3f, 0xe8, 0x83, 0x7f, 0xf7, 0x2c, 0x44, 0x60,
    0xe6, 0xee, 0x53, 0x29, 0x0, 0xbc, 0x3c, 0x2,
    0xa2, 0xa2, 0x0, 0x3a, 0xba, 0x80, 0xe, 0x0,
    0xe, 0xf2, 0x0, 0x1e, 0x22,

    /* U+017F "ſ" */
    0x0, 0x3f, 0x7c, 0x1, 0xc1, 0xbe, 0x82, 0x4,
    0x41, 0x6e, 0x0, 0x40, 0x1c, 0x80, 0x19, 0x70,
    0x3, 0xff, 0xac,

    /* U+2022 "•" */
    0x0, 0x10, 0x3, 0x75, 0x2, 0x40, 0x82, 0xa1,
    0x20,

    /* U+2026 "…" */
    0x6, 0x20, 0x35, 0x0, 0x31, 0x2c, 0xf0, 0x6d,
    0x23, 0x4f, 0x30, 0xa0, 0x20, 0xaa, 0x85, 0x0
};


/*---------------------
 *  GLYPH DESCRIPTION
 *--------------------*/

static const lv_font_fmt_txt_glyph_dsc_t glyph_dsc[] = {
    {.bitmap_index = 0, .adv_w = 0, .box_w = 0, .box_h = 0, .ofs_x = 0, .ofs_y = 0} /* id = 0 reserved */,
    {.bitmap_index = 0, .adv_w = 62, .box_w = 0, .box_h = 0, .ofs_x = 0, .ofs_y = 0},
    {.bitmap_index = 0, .adv_w = 62, .box_w = 4, .box_h = 10, .ofs_x = 0, .ofs_y = 0},
    {.bitmap_index = 20, .adv_w = 93, .box_w = 5, .box_h = 5, .ofs_x = 0, .ofs_y = 5},
    {.bitmap_index = 33, .adv_w = 159, .box_w = 10, .box_h = 10, .ofs_x = 0, .ofs_y = 0},
    {.bitmap_index = 83, .adv_w = 141, .box_w = 9, .box_h = 14, .ofs_x = 0, .ofs_y = -2},
    {.bitmap_index = 141, .adv_w = 193, .box_w = 12, .box_h = 10, .ofs_x = 0, .ofs_y = 0},
    {.bitmap_index = 202, .adv_w = 158, .box_w = 10, .box_h = 11, .ofs_x = 0, .ofs_y = -1},
    {.bitmap_index = 256, .adv_w = 49, .box_w = 3, .box_h = 5, .ofs_x = 0, .ofs_y = 5},
    {.bitmap_index = 263, .adv_w = 78, .box_w = 4, .box_h = 14, .ofs_x = 1, .ofs_y = -3},
    {.bitmap_index = 291, .adv_w = 78, .box_w = 4, .box_h = 14, .ofs_x = 0, .ofs_y = -3},
    {.bitmap_index = 319, .adv_w = 93, .box_w = 6, .box_h = 6, .ofs_x = 0, .ofs_y = 5},
    {.bitmap_index = 338, .adv_w = 132, .box_w = 8, .box_h = 7, .ofs_x = 0, .ofs_y = 2},
    {.bitmap_index = 363, .adv_w = 55, .box_w = 3, .box_h = 5, .ofs_x = 0, .ofs_y = -2},
    {.bitmap_index = 371, .adv_w = 86, .box_w = 5, .box_h = 2, .ofs_x = 0, .ofs_y = 3},
    {.bitmap_index = 376, .adv_w = 55, .box_w = 3, .box_h = 3, .ofs_x = 0, .ofs_y = 0},
    {.bitmap_index = 381, .adv_w = 83, .box_w = 7, .box_h = 14, .ofs_x = -1, .ofs_y = -1},
    {.bitmap_index = 421, .adv_w = 151, .box_w = 9, .box_h = 10, .ofs_x = 0, .ofs_y = 0},
    {.bitmap_index = 463, .adv_w = 85, .box_w = 4, .box_h = 10, .ofs_x = 0, .ofs_y = 0},
    {.bitmap_index = 472, .adv_w = 130, .box_w = 8, .box_h = 10, .ofs_x = 0, .ofs_y = 0},
    {.bitmap_index = 512, .adv_w = 130, .box_w = 8, .box_h = 10, .ofs_x = 0, .ofs_y = 0},
    {.bitmap_index = 550, .adv_w = 152, .box_w = 10, .box_h = 10, .ofs_x = 0, .ofs_y = 0},
    {.bitmap_index = 588, .adv_w = 131, .box_w = 8, .box_h = 10, .ofs_x = 0, .ofs_y = 0},
    {.bitmap_index = 625, .adv_w = 140, .box_w = 9, .box_h = 10, .ofs_x = 0, .ofs_y = 0},
    {.bitmap_index = 670, .adv_w = 136, .box_w = 9, .box_h = 10, .ofs_x = 0, .ofs_y = 0},
    {.bitmap_index = 708, .adv_w = 146, .box_w = 9, .box_h = 10, .ofs_x = 0, .ofs_y = 0},
    {.bitmap_index = 754, .adv_w = 140, .box_w = 9, .box_h = 10, .ofs_x = 0, .ofs_y = 0},
    {.bitmap_index = 799, .adv_w = 55, .box_w = 3, .box_h = 8, .ofs_x = 0, .ofs_y = 0},
    {.bitmap_index = 811, .adv_w = 55, .box_w = 3, .box_h = 10, .ofs_x = 0, .ofs_y = -2},
    {.bitmap_index = 826, .adv_w = 132, .box_w = 8, .box_h = 8, .ofs_x = 0, .ofs_y = 1},
    {.bitmap_index = 856, .adv_w = 132, .box_w = 8, .box_h = 6, .ofs_x = 0, .ofs_y = 2},
    {.bitmap_index = 872, .adv_w = 132, .box_w = 8, .box_h = 8, .ofs_x = 0, .ofs_y = 1},
    {.bitmap_index = 903, .adv_w = 130, .box_w = 8, .box_h = 10, .ofs_x = 0, .ofs_y = 0},
    {.bitmap_index = 938, .adv_w = 232, .box_w = 14, .box_h = 13, .ofs_x = 0, .ofs_y = -3},
    {.bitmap_index = 1027, .adv_w = 168, .box_w = 12, .box_h = 10, .ofs_x = -1, .ofs_y = 0},
    {.bitmap_index = 1076, .adv_w = 170, .box_w = 10, .box_h = 10, .ofs_x = 1, .ofs_y = 0},
    {.bitmap_index = 1119, .adv_w = 163, .box_w = 10, .box_h = 10, .ofs_x = 0, .ofs_y = 0},
    {.bitmap_index = 1162, .adv_w = 185, .box_w = 10, .box_h = 10, .ofs_x = 1, .ofs_y = 0},
    {.bitmap_index = 1201, .adv_w = 150, .box_w = 8, .box_h = 10, .ofs_x = 1, .ofs_y = 0},
    {.bitmap_index = 1230, .adv_w = 143, .box_w = 8, .box_h = 10, .ofs_x = 1, .ofs_y = 0},
    {.bitmap_index = 1254, .adv_w = 173, .box_w = 10, .box_h = 10, .ofs_x = 0, .ofs_y = 0},
    {.bitmap_index = 1298, .adv_w = 181, .box_w = 10, .box_h = 10, .ofs_x = 1, .ofs_y = 0},
    {.bitmap_index = 1318, .adv_w = 71, .box_w = 3, .box_h = 10, .ofs_x = 1, .ofs_y = 0},
    {.bitmap_index = 1323, .adv_w = 118, .box_w = 8, .box_h = 10, .ofs_x = -1, .ofs_y = 0},
    {.bitmap_index = 1348, .adv_w = 163, .box_w = 10, .box_h = 10, .ofs_x = 1, .ofs_y = 0},
    {.bitmap_index = 1388, .adv_w = 134, .box_w = 8, .box_h = 10, .ofs_x = 1, .ofs_y = 0},
    {.bitmap_index = 1399, .adv_w = 214, .box_w = 12, .box_h = 10, .ofs_x = 1, .ofs_y = 0},
    {.bitmap_index = 1445, .adv_w = 181, .box_w = 10, .box_h = 10, .ofs_x = 1, .ofs_y = 0},
    {.bitmap_index = 1480, .adv_w = 189, .box_w = 12, .box_h = 10, .ofs_x = 0, .ofs_y = 0},
    {.bitmap_index = 1535, .adv_w = 163, .box_w = 9, .box_h = 10, .ofs_x = 1, .ofs_y = 0},
    {.bitmap_index = 1570, .adv_w = 189, .box_w = 12, .box_h = 13, .ofs_x = 0, .ofs_y = -3},
    {.bitmap_index = 1640, .adv_w = 164, .box_w = 9, .box_h = 10, .ofs_x = 1, .ofs_y = 0},
    {.bitmap_index = 1679, .adv_w = 141, .box_w = 9, .box_h = 10, .ofs_x = 0, .ofs_y = 0},
    {.bitmap_index = 1723, .adv_w = 135, .box_w = 9, .box_h = 10, .ofs_x = 0, .ofs_y = 0},
    {.bitmap_index = 1738, .adv_w = 177, .box_w = 9, .box_h = 10, .ofs_x = 1, .ofs_y = 0},
    {.bitmap_index = 1765, .adv_w = 163, .box_w = 12, .box_h = 10, .ofs_x = -1, .ofs_y = 0},
    {.bitmap_index = 1816, .adv_w = 256, .box_w = 16, .box_h = 10, .ofs_x = 0, .ofs_y = 0},
    {.bitmap_index = 1894, .adv_w = 155, .box_w = 10, .box_h = 10, .ofs_x = 0, .ofs_y = 0},
    {.bitmap_index = 1941, .adv_w = 148, .box_w = 11, .box_h = 10, .ofs_x = -1, .ofs_y = 0},
    {.bitmap_index = 1981, .adv_w = 149, .box_w = 9, .box_h = 10, .ofs_x = 0, .ofs_y = 0},
    {.bitmap_index = 2018, .adv_w = 78, .box_w = 4, .box_h = 14, .ofs_x = 1, .ofs_y = -3},
    {.bitmap_index = 2031, .adv_w = 83, .box_w = 7, .box_h = 14, .ofs_x = -1, .ofs_y = -1},
    {.bitmap_index = 2071, .adv_w = 78, .box_w = 4, .box_h = 14, .ofs_x = 0, .ofs_y = -3},
    {.bitmap_index = 2084, .adv_w = 132, .box_w = 8, .box_h = 6, .ofs_x = 0, .ofs_y = 2},
    {.bitmap_index = 2107, .adv_w = 112, .box_w = 7, .box_h = 2, .ofs_x = 0, .ofs_y = -2},
    {.bitmap_index = 2111, .adv_w = 134, .box_w = 5, .box_h = 2, .ofs_x = 1, .ofs_y = 9},
    {.bitmap_index = 2117, .adv_w = 136, .box_w = 8, .box_h = 8, .ofs_x = 0, .ofs_y = 0},
    {.bitmap_index = 2150, .adv_w = 154, .box_w = 9, .box_h = 11, .ofs_x = 1, .ofs_y = 0},
    {.bitmap_index = 2187, .adv_w = 130, .box_w = 8, .box_h = 8, .ofs_x = 0, .ofs_y = 0},
    {.bitmap_index = 2219, .adv_w = 154, .box_w = 9, .box_h = 11, .ofs_x = 0, .ofs_y = 0},
    {.bitmap_index = 2258, .adv_w = 139, .box_w = 9, .box_h = 8, .ofs_x = 0, .ofs_y = 0},
    {.bitmap_index = 2293, .adv_w = 83, .box_w = 6, .box_h = 11, .ofs_x = 0, .ofs_y = 0},
    {.bitmap_index = 2315, .adv_w = 155, .box_w = 9, .box_h = 11, .ofs_x = 0, .ofs_y = -3},
    {.bitmap_index = 2363, .adv_w = 153, .box_w = 8, .box_h = 11, .ofs_x = 1, .ofs_y = 0},
    {.bitmap_index = 2390, .adv_w = 65, .box_w = 4, .box_h = 11, .ofs_x = 0, .ofs_y = 0},
    {.bitmap_index = 2401, .adv_w = 66, .box_w = 6, .box_h = 14, .ofs_x = -2, .ofs_y = -3},
    {.bitmap_index = 2422, .adv_w = 142, .box_w = 8, .box_h = 11, .ofs_x = 1, .ofs_y = 0},
    {.bitmap_index = 2454, .adv_w = 65, .box_w = 2, .box_h = 11, .ofs_x = 1, .ofs_y = 0},
    {.bitmap_index = 2459, .adv_w = 236, .box_w = 13, .box_h = 8, .ofs_x = 1, .ofs_y = 0},
    {.bitmap_index = 2492, .adv_w = 153, .box_w = 8, .box_h = 8, .ofs_x = 1, .ofs_y = 0},
    {.bitmap_index = 2516, .adv_w = 144, .box_w = 9, .box_h = 8, .ofs_x = 0, .ofs_y = 0},
    {.bitmap_index = 2549, .adv_w = 154, .box_w = 9, .box_h = 11, .ofs_x = 1, .ofs_y = -3},
    {.bitmap_index = 2590, .adv_w = 154, .box_w = 9, .box_h = 11, .ofs_x = 0, .ofs_y = -3},
    {.bitmap_index = 2630, .adv_w = 94, .box_w = 5, .box_h = 8, .ofs_x = 1, .ofs_y = 0},
    {.bitmap_index = 2645, .adv_w = 115, .box_w = 7, .box_h = 8, .ofs_x = 0, .ofs_y = 0},
    {.bitmap_index = 2674, .adv_w = 95, .box_w = 6, .box_h = 10, .ofs_x = 0, .ofs_y = 0},
    {.bitmap_index = 2696, .adv_w = 153, .box_w = 8, .box_h = 8, .ofs_x = 1, .ofs_y = 0},
    {.bitmap_index = 2718, .adv_w = 129, .box_w = 10, .box_h = 8, .ofs_x = -1, .ofs_y = 0},
    {.bitmap_index = 2755, .adv_w = 206, .box_w = 13, .box_h = 8, .ofs_x = 0, .ofs_y = 0},
    {.bitmap_index = 2808, .adv_w = 128, .box_w = 8, .box_h = 8, .ofs_x = 0, .ofs_y = 0},
    {.bitmap_index = 2841, .adv_w = 129, .box_w = 10, .box_h = 11, .ofs_x = -1, .ofs_y = -3},
    {.bitmap_index = 2889, .adv_w = 119, .box_w = 7, .box_h = 8, .ofs_x = 0, .ofs_y = 0},
    {.bitmap_index = 2916, .adv_w = 83, .box_w = 5, .box_h = 14, .ofs_x = 0, .ofs_y = -3},
    {.bitmap_index = 2946, .adv_w = 68, .box_w = 2, .box_h = 14, .ofs_x = 1, .ofs_y = -3},
    {.bitmap_index = 2951, .adv_w = 83, .box_w = 5, .box_h = 14, .ofs_x = 0, .ofs_y = -3},
    {.bitmap_index = 2982, .adv_w = 132, .box_w = 8, .box_h = 4, .ofs_x = 0, .ofs_y = 3},
    {.bitmap_index = 2996, .adv_w = 62, .box_w = 0, .box_h = 0, .ofs_x = 0, .ofs_y = 0},
    {.bitmap_index = 2996, .adv_w = 62, .box_w = 4, .box_h = 10, .ofs_x = 0, .ofs_y = -2},
    {.bitmap_index = 3016, .adv_w = 130, .box_w = 8, .box_h = 12, .ofs_x = 0, .ofs_y = -2},
    {.bitmap_index = 3060, .adv_w = 147, .box_w = 9, .box_h = 10, .ofs_x = 0, .ofs_y = 0},
    {.bitmap_index = 3100, .adv_w = 157, .box_w = 10, .box_h = 10, .ofs_x = 0, .ofs_y = 0},
    {.bitmap_index = 3148, .adv_w = 162, .box_w = 12, .box_h = 10, .ofs_x = -1, .ofs_y = 0},
    {.bitmap_index = 3203, .adv_w = 68, .box_w = 2, .box_h = 14, .ofs_x = 1, .ofs_y = -3},
    {.bitmap_index = 3213, .adv_w = 114, .box_w = 7, .box_h = 13, .ofs_x = 0, .ofs_y = -3},
    {.bitmap_index = 3259, .adv_w = 134, .box_w = 5, .box_h = 2, .ofs_x = 2, .ofs_y = 9},
    {.bitmap_index = 3264, .adv_w = 178, .box_w = 11, .box_h = 11, .ofs_x = 0, .ofs_y = 0},
    {.bitmap_index = 3325, .adv_w = 91, .box_w = 5, .box_h = 5, .ofs_x = 0, .ofs_y = 5},
    {.bitmap_index = 3338, .adv_w = 120, .box_w = 8, .box_h = 6, .ofs_x = 0, .ofs_y = 1},
    {.bitmap_index = 3363, .adv_w = 132, .box_w = 8, .box_h = 5, .ofs_x = 0, .ofs_y = 2},
    {.bitmap_index = 3377, .adv_w = 86, .box_w = 5, .box_h = 2, .ofs_x = 0, .ofs_y = 3},
    {.bitmap_index = 3382, .adv_w = 178, .box_w = 11, .box_h = 11, .ofs_x = 0, .ofs_y = 0},
    {.bitmap_index = 3442, .adv_w = 134, .box_w = 6, .box_h = 2, .ofs_x = 1, .ofs_y = 9},
    {.bitmap_index = 3447, .adv_w = 94, .box_w = 6, .box_h = 5, .ofs_x = 0, .ofs_y = 6},
    {.bitmap_index = 3462, .adv_w = 132, .box_w = 8, .box_h = 10, .ofs_x = 0, .ofs_y = 0},
    {.bitmap_index = 3495, .adv_w = 96, .box_w = 6, .box_h = 5, .ofs_x = 0, .ofs_y = 5},
    {.bitmap_index = 3511, .adv_w = 96, .box_w = 6, .box_h = 5, .ofs_x = 0, .ofs_y = 5},
    {.bitmap_index = 3526, .adv_w = 134, .box_w = 4, .box_h = 2, .ofs_x = 3, .ofs_y = 9},
    {.bitmap_index = 3530, .adv_w = 154, .box_w = 8, .box_h = 11, .ofs_x = 1, .ofs_y = -3},
    {.bitmap_index = 3556, .adv_w = 149, .box_w = 9, .box_h = 13, .ofs_x = 0, .ofs_y = -2},
    {.bitmap_index = 3585, .adv_w = 64, .box_w = 4, .box_h = 3, .ofs_x = 0, .ofs_y = 3},
    {.bitmap_index = 3592, .adv_w = 134, .box_w = 4, .box_h = 4, .ofs_x = 2, .ofs_y = -3},
    {.bitmap_index = 3601, .adv_w = 96, .box_w = 5, .box_h = 5, .ofs_x = 1, .ofs_y = 5},
    {.bitmap_index = 3611, .adv_w = 95, .box_w = 6, .box_h = 5, .ofs_x = 0, .ofs_y = 5},
    {.bitmap_index = 3627, .adv_w = 120, .box_w = 7, .box_h = 6, .ofs_x = 0, .ofs_y = 1},
    {.bitmap_index = 3649, .adv_w = 233, .box_w = 14, .box_h = 11, .ofs_x = 1, .ofs_y = -1},
    {.bitmap_index = 3717, .adv_w = 233, .box_w = 13, .box_h = 11, .ofs_x = 1, .ofs_y = -1},
    {.bitmap_index = 3781, .adv_w = 233, .box_w = 15, .box_h = 11, .ofs_x = 0, .ofs_y = -1},
    {.bitmap_index = 3858, .adv_w = 130, .box_w = 9, .box_h = 11, .ofs_x = 0, .ofs_y = -3},
    {.bitmap_index = 3899, .adv_w = 168, .box_w = 12, .box_h = 13, .ofs_x = -1, .ofs_y = 0},
    {.bitmap_index = 3960, .adv_w = 168, .box_w = 12, .box_h = 13, .ofs_x = -1, .ofs_y = 0},
    {.bitmap_index = 4020, .adv_w = 168, .box_w = 12, .box_h = 13, .ofs_x = -1, .ofs_y = 0},
    {.bitmap_index = 4082, .adv_w = 168, .box_w = 12, .box_h = 13, .ofs_x = -1, .ofs_y = 0},
    {.bitmap_index = 4145, .adv_w = 168, .box_w = 12, .box_h = 13, .ofs_x = -1, .ofs_y = 0},
    {.bitmap_index = 4207, .adv_w = 168, .box_w = 12, .box_h = 15, .ofs_x = -1, .ofs_y = 0},
    {.bitmap_index = 4274, .adv_w = 238, .box_w = 16, .box_h = 10, .ofs_x = -1, .ofs_y = 0},
    {.bitmap_index = 4333, .adv_w = 163, .box_w = 10, .box_h = 13, .ofs_x = 0, .ofs_y = -3},
    {.bitmap_index = 4388, .adv_w = 150, .box_w = 8, .box_h = 13, .ofs_x = 1, .ofs_y = 0},
    {.bitmap_index = 4427, .adv_w = 150, .box_w = 8, .box_h = 13, .ofs_x = 1, .ofs_y = 0},
    {.bitmap_index = 4467, .adv_w = 150, .box_w = 8, .box_h = 13, .ofs_x = 1, .ofs_y = 0},
    {.bitmap_index = 4508, .adv_w = 150, .box_w = 8, .box_h = 13, .ofs_x = 1, .ofs_y = 0},
    {.bitmap_index = 4549, .adv_w = 71, .box_w = 5, .box_h = 13, .ofs_x = -1, .ofs_y = 0},
    {.bitmap_index = 4563, .adv_w = 71, .box_w = 4, .box_h = 13, .ofs_x = 1, .ofs_y = 0},
    {.bitmap_index = 4574, .adv_w = 71, .box_w = 6, .box_h = 13, .ofs_x = -1, .ofs_y = 0},
    {.bitmap_index = 4589, .adv_w = 71, .box_w = 5, .box_h = 13, .ofs_x = 0, .ofs_y = 0},
    {.bitmap_index = 4602, .adv_w = 187, .box_w = 12, .box_h = 10, .ofs_x = 0, .ofs_y = 0},
    {.bitmap_index = 4655, .adv_w = 181, .box_w = 10, .box_h = 13, .ofs_x = 1, .ofs_y = 0},
    {.bitmap_index = 4704, .adv_w = 189, .box_w = 12, .box_h = 14, .ofs_x = 0, .ofs_y = 0},
    {.bitmap_index = 4773, .adv_w = 189, .box_w = 12, .box_h = 14, .ofs_x = 0, .ofs_y = 0},
    {.bitmap_index = 4842, .adv_w = 189, .box_w = 12, .box_h = 14, .ofs_x = 0, .ofs_y = 0},
    {.bitmap_index = 4914, .adv_w = 189, .box_w = 12, .box_h = 13, .ofs_x = 0, .ofs_y = 0},
    {.bitmap_index = 4980, .adv_w = 189, .box_w = 12, .box_h = 13, .ofs_x = 0, .ofs_y = 0},
    {.bitmap_index = 5048, .adv_w = 132, .box_w = 6, .box_h = 7, .ofs_x = 1, .ofs_y = 2},
    {.bitmap_index = 5068, .adv_w = 189, .box_w = 12, .box_h = 13, .ofs_x = 0, .ofs_y = -1},
    {.bitmap_index = 5140, .adv_w = 177, .box_w = 9, .box_h = 14, .ofs_x = 1, .ofs_y = 0},
    {.bitmap_index = 5181, .adv_w = 177, .box_w = 9, .box_h = 14, .ofs_x = 1, .ofs_y = 0},
    {.bitmap_index = 5222, .adv_w = 177, .box_w = 9, .box_h = 14, .ofs_x = 1, .ofs_y = 0},
    {.bitmap_index = 5265, .adv_w = 177, .box_w = 9, .box_h = 13, .ofs_x = 1, .ofs_y = 0},
    {.bitmap_index = 5305, .adv_w = 148, .box_w = 11, .box_h = 14, .ofs_x = -1, .ofs_y = 0},
    {.bitmap_index = 5360, .adv_w = 163, .box_w = 9, .box_h = 10, .ofs_x = 1, .ofs_y = 0},
    {.bitmap_index = 5398, .adv_w = 153, .box_w = 9, .box_h = 11, .ofs_x = 1, .ofs_y = 0},
    {.bitmap_index = 5442, .adv_w = 136, .box_w = 8, .box_h = 11, .ofs_x = 0, .ofs_y = 0},
    {.bitmap_index = 5485, .adv_w = 136, .box_w = 8, .box_h = 11, .ofs_x = 0, .ofs_y = 0},
    {.bitmap_index = 5528, .adv_w = 136, .box_w = 8, .box_h = 11, .ofs_x = 0, .ofs_y = 0},
    {.bitmap_index = 5574, .adv_w = 136, .box_w = 8, .box_h = 11, .ofs_x = 0, .ofs_y = 0},
    {.bitmap_index = 5620, .adv_w = 136, .box_w = 8, .box_h = 11, .ofs_x = 0, .ofs_y = 0},
    {.bitmap_index = 5665, .adv_w = 136, .box_w = 8, .box_h = 12, .ofs_x = 0, .ofs_y = 0},
    {.bitmap_index = 5713, .adv_w = 222, .box_w = 14, .box_h = 8, .ofs_x = 0, .ofs_y = 0},
    {.bitmap_index = 5769, .adv_w = 130, .box_w = 8, .box_h = 11, .ofs_x = 0, .ofs_y = -3},
    {.bitmap_index = 5812, .adv_w = 139, .box_w = 9, .box_h = 11, .ofs_x = 0, .ofs_y = 0},
    {.bitmap_index = 5857, .adv_w = 139, .box_w = 9, .box_h = 11, .ofs_x = 0, .ofs_y = 0},
    {.bitmap_index = 5902, .adv_w = 139, .box_w = 9, .box_h = 11, .ofs_x = 0, .ofs_y = 0},
    {.bitmap_index = 5949, .adv_w = 139, .box_w = 9, .box_h = 11, .ofs_x = 0, .ofs_y = 0},
    {.bitmap_index = 5996, .adv_w = 65, .box_w = 5, .box_h = 11, .ofs_x = -1, .ofs_y = 0},
    {.bitmap_index = 6009, .adv_w = 65, .box_w = 5, .box_h = 11, .ofs_x = 0, .ofs_y = 0},
    {.bitmap_index = 6022, .adv_w = 65, .box_w = 6, .box_h = 11, .ofs_x = -1, .ofs_y = 0},
    {.bitmap_index = 6037, .adv_w = 65, .box_w = 4, .box_h = 11, .ofs_x = 0, .ofs_y = 0},
    {.bitmap_index = 6048, .adv_w = 145, .box_w = 9, .box_h = 11, .ofs_x = 0, .ofs_y = 0},
    {.bitmap_index = 6099, .adv_w = 153, .box_w = 8, .box_h = 11, .ofs_x = 1, .ofs_y = 0},
    {.bitmap_index = 6135, .adv_w = 144, .box_w = 9, .box_h = 11, .ofs_x = 0, .ofs_y = 0},
    {.bitmap_index = 6178, .adv_w = 144, .box_w = 9, .box_h = 11, .ofs_x = 0, .ofs_y = 0},
    {.bitmap_index = 6221, .adv_w = 144, .box_w = 9, .box_h = 11, .ofs_x = 0, .ofs_y = 0},
    {.bitmap_index = 6265, .adv_w = 144, .box_w = 9, .box_h = 11, .ofs_x = 0, .ofs_y = 0},
    {.bitmap_index = 6310, .adv_w = 144, .box_w = 9, .box_h = 11, .ofs_x = 0, .ofs_y = 0},
    {.bitmap_index = 6355, .adv_w = 132, .box_w = 8, .box_h = 9, .ofs_x = 0, .ofs_y = 1},
    {.bitmap_index = 6380, .adv_w = 144, .box_w = 9, .box_h = 10, .ofs_x = 0, .ofs_y = -1},
    {.bitmap_index = 6425, .adv_w = 153, .box_w = 8, .box_h = 11, .ofs_x = 1, .ofs_y = 0},
    {.bitmap_index = 6456, .adv_w = 153, .box_w = 8, .box_h = 11, .ofs_x = 1, .ofs_y = 0},
    {.bitmap_index = 6489, .adv_w = 153, .box_w = 8, .box_h = 11, .ofs_x = 1, .ofs_y = 0},
    {.bitmap_index = 6523, .adv_w = 153, .box_w = 8, .box_h = 11, .ofs_x = 1, .ofs_y = 0},
    {.bitmap_index = 6556, .adv_w = 129, .box_w = 10, .box_h = 14, .ofs_x = -1, .ofs_y = -3},
    {.bitmap_index = 6615, .adv_w = 154, .box_w = 9, .box_h = 14, .ofs_x = 1, .ofs_y = -3},
    {.bitmap_index = 6658, .adv_w = 129, .box_w = 10, .box_h = 14, .ofs_x = -1, .ofs_y = -3},
    {.bitmap_index = 6718, .adv_w = 168, .box_w = 12, .box_h = 13, .ofs_x = -1, .ofs_y = 0},
    {.bitmap_index = 6779, .adv_w = 136, .box_w = 8, .box_h = 10, .ofs_x = 0, .ofs_y = 0},
    {.bitmap_index = 6819, .adv_w = 168, .box_w = 12, .box_h = 13, .ofs_x = -1, .ofs_y = 0},
    {.bitmap_index = 6882, .adv_w = 136, .box_w = 8, .box_h = 11, .ofs_x = 0, .ofs_y = 0},
    {.bitmap_index = 6927, .adv_w = 168, .box_w = 12, .box_h = 13, .ofs_x = -1, .ofs_y = -3},
    {.bitmap_index = 6988, .adv_w = 136, .box_w = 8, .box_h = 11, .ofs_x = 0, .ofs_y = -3},
    {.bitmap_index = 7032, .adv_w = 163, .box_w = 10, .box_h = 14, .ofs_x = 0, .ofs_y = 0},
    {.bitmap_index = 7088, .adv_w = 130, .box_w = 8, .box_h = 11, .ofs_x = 0, .ofs_y = 0},
    {.bitmap_index = 7129, .adv_w = 163, .box_w = 10, .box_h = 14, .ofs_x = 0, .ofs_y = 0},
    {.bitmap_index = 7188, .adv_w = 130, .box_w = 8, .box_h = 11, .ofs_x = 0, .ofs_y = 0},
    {.bitmap_index = 7231, .adv_w = 163, .box_w = 10, .box_h = 14, .ofs_x = 0, .ofs_y = 0},
    {.bitmap_index = 7285, .adv_w = 130, .box_w = 8, .box_h = 11, .ofs_x = 0, .ofs_y = 0},
    {.bitmap_index = 7325, .adv_w = 163, .box_w = 10, .box_h = 14, .ofs_x = 0, .ofs_y = 0},
    {.bitmap_index = 7384, .adv_w = 130, .box_w = 8, .box_h = 11, .ofs_x = 0, .ofs_y = 0},
    {.bitmap_index = 7427, .adv_w = 185, .box_w = 10, .box_h = 13, .ofs_x = 1, .ofs_y = 0},
    {.bitmap_index = 7478, .adv_w = 154, .box_w = 12, .box_h = 12, .ofs_x = 0, .ofs_y = 0},
    {.bitmap_index = 7529, .adv_w = 187, .box_w = 12, .box_h = 10, .ofs_x = 0, .ofs_y = 0},
    {.bitmap_index = 7582, .adv_w = 154, .box_w = 10, .box_h = 11, .ofs_x = 0, .ofs_y = 0},
    {.bitmap_index = 7630, .adv_w = 150, .box_w = 8, .box_h = 13, .ofs_x = 1, .ofs_y = 0},
    {.bitmap_index = 7670, .adv_w = 139, .box_w = 9, .box_h = 10, .ofs_x = 0, .ofs_y = 0},
    {.bitmap_index = 7712, .adv_w = 150, .box_w = 8, .box_h = 13, .ofs_x = 1, .ofs_y = 0},
    {.bitmap_index = 7753, .adv_w = 139, .box_w = 9, .box_h = 11, .ofs_x = 0, .ofs_y = 0},
    {.bitmap_index = 7800, .adv_w = 150, .box_w = 8, .box_h = 14, .ofs_x = 1, .ofs_y = 0},
    {.bitmap_index = 7839, .adv_w = 139, .box_w = 9, .box_h = 11, .ofs_x = 0, .ofs_y = 0},
    {.bitmap_index = 7883, .adv_w = 150, .box_w = 8, .box_h = 13, .ofs_x = 1, .ofs_y = -3},
    {.bitmap_index = 7922, .adv_w = 139, .box_w = 9, .box_h = 11, .ofs_x = 0, .ofs_y = -3},
    {.bitmap_index = 7967, .adv_w = 150, .box_w = 8, .box_h = 13, .ofs_x = 1, .ofs_y = 0},
    {.bitmap_index = 8008, .adv_w = 139, .box_w = 9, .box_h = 11, .ofs_x = 0, .ofs_y = 0},
    {.bitmap_index = 8055, .adv_w = 173, .box_w = 10, .box_h = 14, .ofs_x = 0, .ofs_y = 0},
    {.bitmap_index = 8115, .adv_w = 155, .box_w = 9, .box_h = 14, .ofs_x = 0, .ofs_y = -3},
    {.bitmap_index = 8175, .adv_w = 173, .box_w = 10, .box_h = 14, .ofs_x = 0, .ofs_y = 0},
    {.bitmap_index = 8236, .adv_w = 155, .box_w = 9, .box_h = 14, .ofs_x = 0, .ofs_y = -3},
    {.bitmap_index = 8296, .adv_w = 173, .box_w = 10, .box_h = 14, .ofs_x = 0, .ofs_y = 0},
    {.bitmap_index = 8351, .adv_w = 155, .box_w = 9, .box_h = 14, .ofs_x = 0, .ofs_y = -3},
    {.bitmap_index = 8408, .adv_w = 173, .box_w = 10, .box_h = 14, .ofs_x = 0, .ofs_y = -4},
    {.bitmap_index = 8465, .adv_w = 155, .box_w = 9, .box_h = 15, .ofs_x = 0, .ofs_y = -3},
    {.bitmap_index = 8525, .adv_w = 181, .box_w = 10, .box_h = 13, .ofs_x = 1, .ofs_y = 0},
    {.bitmap_index = 8558, .adv_w = 153, .box_w = 10, .box_h = 14, .ofs_x = -1, .ofs_y = 0},
    {.bitmap_index = 8600, .adv_w = 186, .box_w = 12, .box_h = 10, .ofs_x = 0, .ofs_y = 0},
    {.bitmap_index = 8637, .adv_w = 153, .box_w = 9, .box_h = 11, .ofs_x = 0, .ofs_y = 0},
    {.bitmap_index = 8675, .adv_w = 71, .box_w = 6, .box_h = 13, .ofs_x = -1, .ofs_y = 0},
    {.bitmap_index = 8690, .adv_w = 65, .box_w = 6, .box_h = 11, .ofs_x = -1, .ofs_y = 0},
    {.bitmap_index = 8704, .adv_w = 71, .box_w = 5, .box_h = 13, .ofs_x = 0, .ofs_y = 0},
    {.bitmap_index = 8716, .adv_w = 65, .box_w = 4, .box_h = 10, .ofs_x = 0, .ofs_y = 0},
    {.bitmap_index = 8724, .adv_w = 71, .box_w = 6, .box_h = 13, .ofs_x = -1, .ofs_y = 0},
    {.bitmap_index = 8739, .adv_w = 65, .box_w = 6, .box_h = 11, .ofs_x = -1, .ofs_y = 0},
    {.bitmap_index = 8754, .adv_w = 71, .box_w = 3, .box_h = 13, .ofs_x = 1, .ofs_y = -3},
    {.bitmap_index = 8764, .adv_w = 65, .box_w = 4, .box_h = 14, .ofs_x = 0, .ofs_y = -3},
    {.bitmap_index = 8781, .adv_w = 71, .box_w = 3, .box_h = 14, .ofs_x = 1, .ofs_y = 0},
    {.bitmap_index = 8792, .adv_w = 65, .box_w = 2, .box_h = 8, .ofs_x = 1, .ofs_y = 0},
    {.bitmap_index = 8797, .adv_w = 162, .box_w = 8, .box_h = 10, .ofs_x = 1, .ofs_y = 0},
    {.bitmap_index = 8823, .adv_w = 131, .box_w = 8, .box_h = 14, .ofs_x = 0, .ofs_y = -3},
    {.bitmap_index = 8853, .adv_w = 118, .box_w = 8, .box_h = 14, .ofs_x = -1, .ofs_y = 0},
    {.bitmap_index = 8892, .adv_w = 66, .box_w = 7, .box_h = 14, .ofs_x = -2, .ofs_y = -3},
    {.bitmap_index = 8918, .adv_w = 163, .box_w = 10, .box_h = 14, .ofs_x = 1, .ofs_y = -4},
    {.bitmap_index = 8972, .adv_w = 142, .box_w = 8, .box_h = 15, .ofs_x = 1, .ofs_y = -4},
    {.bitmap_index = 9018, .adv_w = 140, .box_w = 8, .box_h = 8, .ofs_x = 1, .ofs_y = 0},
    {.bitmap_index = 9048, .adv_w = 134, .box_w = 8, .box_h = 13, .ofs_x = 1, .ofs_y = 0},
    {.bitmap_index = 9068, .adv_w = 65, .box_w = 5, .box_h = 14, .ofs_x = 0, .ofs_y = 0},
    {.bitmap_index = 9081, .adv_w = 134, .box_w = 8, .box_h = 14, .ofs_x = 1, .ofs_y = -4},
    {.bitmap_index = 9103, .adv_w = 65, .box_w = 2, .box_h = 15, .ofs_x = 1, .ofs_y = -4},
    {.bitmap_index = 9112, .adv_w = 134, .box_w = 8, .box_h = 11, .ofs_x = 1, .ofs_y = 0},
    {.bitmap_index = 9133, .adv_w = 65, .box_w = 5, .box_h = 12, .ofs_x = 1, .ofs_y = 0},
    {.bitmap_index = 9146, .adv_w = 134, .box_w = 8, .box_h = 10, .ofs_x = 1, .ofs_y = 0},
    {.bitmap_index = 9169, .adv_w = 85, .box_w = 5, .box_h = 11, .ofs_x = 1, .ofs_y = 0},
    {.bitmap_index = 9181, .adv_w = 136, .box_w = 10, .box_h = 10, .ofs_x = -1, .ofs_y = 0},
    {.bitmap_index = 9213, .adv_w = 69, .box_w = 6, .box_h = 11, .ofs_x = -1, .ofs_y = 0},
    {.bitmap_index = 9235, .adv_w = 181, .box_w = 10, .box_h = 13, .ofs_x = 1, .ofs_y = 0},
    {.bitmap_index = 9282, .adv_w = 153, .box_w = 8, .box_h = 11, .ofs_x = 1, .ofs_y = 0},
    {.bitmap_index = 9316, .adv_w = 181, .box_w = 10, .box_h = 14, .ofs_x = 1, .ofs_y = -4},
    {.bitmap_index = 9365, .adv_w = 153, .box_w = 8, .box_h = 12, .ofs_x = 1, .ofs_y = -4},
    {.bitmap_index = 9401, .adv_w = 181, .box_w = 10, .box_h = 13, .ofs_x = 1, .ofs_y = 0},
    {.bitmap_index = 9449, .adv_w = 153, .box_w = 8, .box_h = 11, .ofs_x = 1, .ofs_y = 0},
    {.bitmap_index = 9485, .adv_w = 168, .box_w = 11, .box_h = 11, .ofs_x = -1, .ofs_y = 0},
    {.bitmap_index = 9524, .adv_w = 181, .box_w = 10, .box_h = 13, .ofs_x = 1, .ofs_y = -3},
    {.bitmap_index = 9573, .adv_w = 153, .box_w = 8, .box_h = 11, .ofs_x = 1, .ofs_y = -3},
    {.bitmap_index = 9608, .adv_w = 189, .box_w = 12, .box_h = 13, .ofs_x = 0, .ofs_y = 0},
    {.bitmap_index = 9674, .adv_w = 144, .box_w = 9, .box_h = 10, .ofs_x = 0, .ofs_y = 0},
    {.bitmap_index = 9715, .adv_w = 189, .box_w = 12, .box_h = 14, .ofs_x = 0, .ofs_y = 0},
    {.bitmap_index = 9788, .adv_w = 144, .box_w = 9, .box_h = 11, .ofs_x = 0, .ofs_y = 0},
    {.bitmap_index = 9833, .adv_w = 189, .box_w = 12, .box_h = 14, .ofs_x = 0, .ofs_y = 0},
    {.bitmap_index = 9903, .adv_w = 144, .box_w = 9, .box_h = 11, .ofs_x = 0, .ofs_y = 0},
    {.bitmap_index = 9948, .adv_w = 253, .box_w = 16, .box_h = 10, .ofs_x = 0, .ofs_y = 0},
    {.bitmap_index = 10008, .adv_w = 239, .box_w = 15, .box_h = 8, .ofs_x = 0, .ofs_y = 0},
    {.bitmap_index = 10066, .adv_w = 164, .box_w = 9, .box_h = 13, .ofs_x = 1, .ofs_y = 0},
    {.bitmap_index = 10115, .adv_w = 94, .box_w = 6, .box_h = 11, .ofs_x = 1, .ofs_y = 0},
    {.bitmap_index = 10140, .adv_w = 164, .box_w = 9, .box_h = 14, .ofs_x = 1, .ofs_y = -4},
    {.bitmap_index = 10192, .adv_w = 94, .box_w = 5, .box_h = 12, .ofs_x = 1, .ofs_y = -4},
    {.bitmap_index = 10216, .adv_w = 164, .box_w = 9, .box_h = 14, .ofs_x = 1, .ofs_y = 0},
    {.bitmap_index = 10271, .adv_w = 94, .box_w = 6, .box_h = 11, .ofs_x = 0, .ofs_y = 0},
    {.bitmap_index = 10296, .adv_w = 141, .box_w = 9, .box_h = 14, .ofs_x = 0, .ofs_y = 0},
    {.bitmap_index = 10353, .adv_w = 115, .box_w = 7, .box_h = 11, .ofs_x = 0, .ofs_y = 0},
    {.bitmap_index = 10391, .adv_w = 141, .box_w = 9, .box_h = 14, .ofs_x = 0, .ofs_y = 0},
    {.bitmap_index = 10451, .adv_w = 115, .box_w = 7, .box_h = 11, .ofs_x = 0, .ofs_y = 0},
    {.bitmap_index = 10490, .adv_w = 141, .box_w = 9, .box_h = 13, .ofs_x = 0, .ofs_y = -3},
    {.bitmap_index = 10546, .adv_w = 115, .box_w = 7, .box_h = 11, .ofs_x = 0, .ofs_y = -3},
    {.bitmap_index = 10584, .adv_w = 141, .box_w = 9, .box_h = 14, .ofs_x = 0, .ofs_y = 0},
    {.bitmap_index = 10644, .adv_w = 115, .box_w = 7, .box_h = 11, .ofs_x = 0, .ofs_y = 0},
    {.bitmap_index = 10683, .adv_w = 135, .box_w = 9, .box_h = 13, .ofs_x = 0, .ofs_y = -3},
    {.bitmap_index = 10707, .adv_w = 95, .box_w = 6, .box_h = 13, .ofs_x = 0, .ofs_y = -3},
    {.bitmap_index = 10738, .adv_w = 135, .box_w = 9, .box_h = 13, .ofs_x = 0, .ofs_y = 0},
    {.bitmap_index = 10765, .adv_w = 95, .box_w = 6, .box_h = 12, .ofs_x = 0, .ofs_y = 0},
    {.bitmap_index = 10794, .adv_w = 135, .box_w = 9, .box_h = 10, .ofs_x = 0, .ofs_y = 0},
    {.bitmap_index = 10826, .adv_w = 97, .box_w = 6, .box_h = 10, .ofs_x = 0, .ofs_y = 0},
    {.bitmap_index = 10855, .adv_w = 177, .box_w = 9, .box_h = 13, .ofs_x = 1, .ofs_y = 0},
    {.bitmap_index = 10893, .adv_w = 153, .box_w = 8, .box_h = 11, .ofs_x = 1, .ofs_y = 0},
    {.bitmap_index = 10927, .adv_w = 177, .box_w = 9, .box_h = 13, .ofs_x = 1, .ofs_y = 0},
    {.bitmap_index = 10965, .adv_w = 153, .box_w = 8, .box_h = 10, .ofs_x = 1, .ofs_y = 0},
    {.bitmap_index = 10993, .adv_w = 177, .box_w = 9, .box_h = 14, .ofs_x = 1, .ofs_y = 0},
    {.bitmap_index = 11036, .adv_w = 153, .box_w = 8, .box_h = 11, .ofs_x = 1, .ofs_y = 0},
    {.bitmap_index = 11069, .adv_w = 177, .box_w = 9, .box_h = 15, .ofs_x = 1, .ofs_y = 0},
    {.bitmap_index = 11112, .adv_w = 153, .box_w = 8, .box_h = 12, .ofs_x = 1, .ofs_y = 0},
    {.bitmap_index = 11147, .adv_w = 177, .box_w = 9, .box_h = 14, .ofs_x = 1, .ofs_y = 0},
    {.bitmap_index = 11189, .adv_w = 153, .box_w = 8, .box_h = 11, .ofs_x = 1, .ofs_y = 0},
    {.bitmap_index = 11222, .adv_w = 177, .box_w = 9, .box_h = 14, .ofs_x = 1, .ofs_y = -4},
    {.bitmap_index = 11261, .adv_w = 153, .box_w = 8, .box_h = 11, .ofs_x = 1, .ofs_y = -3},
    {.bitmap_index = 11295, .adv_w = 256, .box_w = 16, .box_h = 13, .ofs_x = 0, .ofs_y = 0},
    {.bitmap_index = 11389, .adv_w = 206, .box_w = 13, .box_h = 11, .ofs_x = 0, .ofs_y = 0},
    {.bitmap_index = 11455, .adv_w = 148, .box_w = 11, .box_h = 14, .ofs_x = -1, .ofs_y = 0},
    {.bitmap_index = 11510, .adv_w = 129, .box_w = 10, .box_h = 14, .ofs_x = -1, .ofs_y = -3},
    {.bitmap_index = 11571, .adv_w = 148, .box_w = 11, .box_h = 13, .ofs_x = -1, .ofs_y = 0},
    {.bitmap_index = 11624, .adv_w = 149, .box_w = 9, .box_h = 13, .ofs_x = 0, .ofs_y = 0},
    {.bitmap_index = 11672, .adv_w = 119, .box_w = 7, .box_h = 11, .ofs_x = 0, .ofs_y = 0},
    {.bitmap_index = 11709, .adv_w = 149, .box_w = 9, .box_h = 14, .ofs_x = 0, .ofs_y = 0},
    {.bitmap_index = 11758, .adv_w = 119, .box_w = 7, .box_h = 11, .ofs_x = 0, .ofs_y = 0},
    {.bitmap_index = 11794, .adv_w = 149, .box_w = 9, .box_h = 13, .ofs_x = 0, .ofs_y = 0},
    {.bitmap_index = 11844, .adv_w = 119, .box_w = 7, .box_h = 11, .ofs_x = 0, .ofs_y = 0},
    {.bitmap_index = 11881, .adv_w = 71, .box_w = 6, .box_h = 11, .ofs_x = 0, .ofs_y = 0},
    {.bitmap_index = 11900, .adv_w = 75, .box_w = 4, .box_h = 4, .ofs_x = 0, .ofs_y = 3},
    {.bitmap_index = 11909, .adv_w = 166, .box_w = 10, .box_h = 3, .ofs_x = 0, .ofs_y = 0}
};

/*---------------------
 *  CHARACTER MAPPING
 *--------------------*/

static const uint16_t unicode_list_2[] = {
    0x0, 0x4
};

/*Collect the unicode lists and glyph_id offsets*/
static const lv_font_fmt_txt_cmap_t cmaps[] =
{
    {
        .range_start = 32, .range_length = 95, .glyph_id_start = 1,
        .unicode_list = NULL, .glyph_id_ofs_list = NULL, .list_length = 0, .type = LV_FONT_FMT_TXT_CMAP_FORMAT0_TINY
    },
    {
        .range_start = 160, .range_length = 224, .glyph_id_start = 96,
        .unicode_list = NULL, .glyph_id_ofs_list = NULL, .list_length = 0, .type = LV_FONT_FMT_TXT_CMAP_FORMAT0_TINY
    },
    {
        .range_start = 8226, .range_length = 5, .glyph_id_start = 320,
        .unicode_list = unicode_list_2, .glyph_id_ofs_list = NULL, .list_length = 2, .type = LV_FONT_FMT_TXT_CMAP_SPARSE_TINY
    }
};

/*-----------------
 *    KERNING
 *----------------*/


/*Map glyph_ids to kern left classes*/
static const uint8_t kern_left_class_mapping[] =
{
    0, 0, 1, 2, 0, 3, 4, 5,
    2, 6, 7, 8, 9, 10, 9, 10,
    11, 12, 0, 13, 14, 15, 16, 17,
    18, 19, 12, 20, 20, 0, 0, 0,
    21, 22, 23, 24, 25, 22, 26, 27,
    28, 29, 29, 30, 31, 32, 29, 29,
    22, 33, 34, 35, 3, 36, 30, 37,
    37, 38, 39, 40, 41, 42, 43, 0,
    44, 0, 45, 46, 47, 48, 49, 50,
    51, 45, 52, 52, 53, 48, 45, 45,
    46, 46, 54, 55, 56, 57, 51, 58,
    58, 59, 58, 60, 41, 0, 0, 9,
    0, 61, 47, 62, 63, 64, 0, 65,
    0, 22, 8, 66, 0, 9, 22, 0,
    67, 0, 0, 0, 0, 51, 29, 9,
    0, 0, 8, 9, 0, 0, 0, 68,
    23, 23, 23, 23, 23, 23, 26, 25,
    26, 26, 26, 26, 29, 29, 29, 29,
    22, 29, 22, 22, 22, 22, 22, 0,
    22, 30, 30, 30, 30, 39, 69, 46,
    45, 45, 45, 45, 45, 45, 49, 47,
    49, 49, 49, 49, 51, 51, 70, 51,
    71, 45, 46, 46, 46, 46, 46, 9,
    46, 51, 51, 51, 51, 58, 46, 58,
    23, 45, 23, 45, 23, 72, 25, 47,
    25, 47, 25, 47, 25, 47, 22, 73,
    22, 48, 26, 49, 26, 49, 26, 49,
    26, 74, 26, 49, 28, 51, 28, 51,
    28, 51, 28, 51, 29, 45, 29, 45,
    29, 51, 29, 51, 29, 51, 29, 75,
    29, 51, 30, 51, 30, 51, 31, 53,
    53, 32, 48, 32, 48, 32, 73, 32,
    48, 32, 48, 29, 45, 29, 45, 29,
    45, 45, 29, 45, 22, 46, 22, 46,
    22, 46, 26, 49, 35, 55, 35, 55,
    35, 55, 3, 56, 3, 56, 3, 56,
    3, 56, 36, 57, 36, 76, 36, 57,
    30, 51, 30, 51, 30, 51, 30, 51,
    30, 51, 30, 77, 37, 58, 39, 58,
    39, 40, 60, 40, 60, 40, 60, 0,
    9, 10
};

/*Map glyph_ids to kern right classes*/
static const uint8_t kern_right_class_mapping[] =
{
    0, 0, 1, 2, 0, 3, 4, 5,
    2, 6, 7, 8, 9, 10, 9, 10,
    11, 12, 13, 14, 15, 16, 17, 12,
    18, 19, 20, 21, 21, 0, 0, 0,
    22, 23, 24, 25, 23, 25, 25, 25,
    23, 25, 25, 26, 25, 25, 25, 25,
    23, 25, 23, 25, 3, 27, 28, 29,
    29, 30, 31, 32, 33, 34, 35, 0,
    36, 0, 37, 38, 39, 39, 39, 40,
    39, 38, 41, 42, 38, 38, 43, 43,
    39, 43, 39, 43, 44, 45, 46, 47,
    47, 48, 47, 49, 0, 0, 35, 9,
    0, 50, 39, 51, 52, 53, 0, 54,
    0, 23, 8, 9, 9, 9, 23, 0,
    55, 0, 0, 0, 0, 43, 56, 9,
    0, 0, 8, 57, 0, 0, 0, 58,
    24, 24, 24, 24, 24, 24, 24, 23,
    25, 25, 25, 25, 25, 25, 25, 25,
    25, 25, 23, 23, 23, 23, 23, 0,
    23, 28, 28, 28, 28, 31, 25, 38,
    37, 37, 37, 37, 37, 37, 37, 39,
    39, 39, 39, 39, 59, 43, 60, 61,
    39, 43, 39, 39, 39, 39, 39, 9,
    39, 46, 46, 46, 46, 47, 38, 47,
    24, 37, 24, 37, 24, 37, 23, 39,
    23, 39, 23, 39, 23, 39, 25, 39,
    25, 39, 25, 39, 25, 39, 25, 39,
    25, 39, 25, 39, 23, 39, 23, 39,
    23, 39, 23, 39, 25, 38, 25, 62,
    25, 63, 25, 64, 25, 65, 25, 66,
    25, 43, 25, 66, 26, 67, 25, 38,
    43, 25, 38, 25, 38, 25, 38, 25,
    38, 25, 38, 25, 43, 25, 43, 25,
    43, 43, 25, 43, 23, 39, 23, 39,
    23, 39, 23, 39, 25, 43, 25, 43,
    25, 43, 3, 44, 3, 44, 3, 44,
    3, 44, 27, 45, 27, 45, 27, 45,
    28, 46, 28, 46, 28, 46, 28, 46,
    28, 46, 28, 46, 29, 47, 31, 47,
    31, 32, 49, 32, 49, 32, 49, 0,
    9, 10
};

/*Kern values between classes*/
static const int8_t kern_class_values[] =
{
    0, 0, 0, 0, 0, 0, 0, 0,
    0, 0, 0, 0, 2, 0, 0, 0,
    0, 1, 0, 0, 0, 0, 0, 0,
    0, 0, 0, 0, 0, 0, 0, 0,
    0, 0, 0, 0, 0, 0, 0, 0,
    0, 0, 0, 0, 0, 0, 0, 0,
    0, 0, 0, 0, 3, 0, 0, 0,
    0, 0, 0, 0, 0, 0, 0, 0,
    0, 0, 0, 0, 10, 0, 6, -4,
    0, 0, 0, 0, -12, -13, 1, 10,
    4, 3, -9, 1, 10, 0, 9, 2,
    7, 0, 0, 0, 0, 0, 0, 0,
    0, 0, 0, 0, 13, 2, -1, 0,
    0, 0, 0, 0, 0, 0, 0, 0,
    0, 0, 0, 0, 0, 0, -4, 4,
    0, 4, 9, 0, -8, 0, 0, 0,
    0, 0, 0, 0, 0, 0, 0, -7,
    0, 0, 0, 0, 0, -4, 3, 4,
    0, 0, -2, 0, -1, 2, 0, -2,
    0, -2, -1, -4, 0, 0, 0, 0,
    -2, 0, 0, -3, -3, 0, 0, -2,
    0, -4, 0, 0, 0, 0, 0, 0,
    0, 0, 0, 0, -2, -2, 0, 0,
    0, 0, 0, 0, -3, 0, 0, -2,
    0, 0, 0, 0, 0, 0, 0, 0,
    0, 0, -6, 0, -28, 0, 0, -4,
    0, 4, 7, 0, 0, -4, 2, 2,
    7, 4, -3, 4, 0, 0, -12, 0,
    0, 0, 0, 0, 0, 0, 0, 0,
    0, 0, -8, 0, 0, 0, 0, 0,
    0, 0, 0, 0, 0, 0, 0, 0,
    0, 0, 0, 0, 0, 0, 0, -6,
    0, 0, 0, 0, 0, 0, 0, 0,
    0, 0, 0, 0, -3, -10, 0, -9,
    -1, 0, 0, 0, 0, 0, 8, 0,
    -7, -2, 0, 0, 0, -3, 0, 0,
    -2, -16, 0, 0, 0, 0, 0, 0,
    0, 0, 0, 0, 0, -18, -2, 7,
    0, 0, 0, 0, 0, 0, 0, 0,
    0, 0, 0, 0, 0, -2, 0, 0,
    0, 0, -10, -11, 0, 0, 0, 0,
    0, 0, 0, 0, 0, 0, 0, 0,
    0, 0, 0, 0, 0, 0, 0, 0,
    0, 8, 0, 2, 0, 0, -4, 0,
    0, 0, 0, 0, 0, 0, 0, 0,
    0, 0, 0, 0, 0, 0, 0, 0,
    9, 2, 0, 0, 0, 0, 0, 0,
    0, 0, 0, 0, 0, 0, 0, 0,
    0, 0, 0, 4, 0, 0, 0, 0,
    0, 0, 0, 0, 0, 0, 0, 0,
    0, 0, 0, 0, 0, 0, 0, 0,
    0, 0, 0, 0, 0, 0, 0, 0,
    0, 0, 0, 0, 0, 0, 0, 0,
    0, 0, 0, 0, -8, 0, 0, 0,
    0, 0, 0, 0, 0, 0, 0, 0,
    0, 0, 0, 0, 0, 0, 0, 0,
    0, 0, 0, 0, 0, 0, 0, 0,
    0, 0, 0, 0, 0, 0, 0, 0,
    0, 0, 0, 0, 0, 2, 4, 2,
    7, -2, 0, 0, 4, -2, -8, -30,
    1, 6, 4, 0, -3, 0, 7, 0,
    7, 0, 7, 0, -21, 0, -3, 7,
    0, 7, -2, 4, 2, 0, 0, 0,
    -2, 0, 0, -3, 0, 0, 0, 18,
    0, 7, 0, 9, 3, 3, 0, 0,
    1, 0, 0, 7, 8, 3, -18, 18,
    18, 18, 0, 7, 18, 18, 18, 0,
    0, 0, 0, -8, 0, 0, 0, 0,
    0, -2, 0, 1, -4, -3, -4, 1,
    0, -2, 0, 0, 0, -9, 0, 0,
    0, 0, 0, 0, 0, 0, 0, 0,
    0, -15, 0, 0, 0, 0, 0, 0,
    0, 0, 0, 0, 0, 0, 0, 0,
    0, 0, 0, 1, -6, 2, 0, -19,
    -2, 0, 0, 0, 0, 0, 0, 0,
    0, 0, 0, 0, -12, 0, -15, 0,
    0, 0, 0, -2, 0, 21, -3, -3,
    2, 2, -1, 0, -3, 2, 0, 0,
    -12, 0, 0, 0, 0, 0, 0, 0,
    0, 0, 0, 0, -21, 0, 2, 0,
    0, 0, 0, 0, 0, 0, 0, 0,
    0, 0, 0, 0, 0, 0, -2, -7,
    0, -15, -30, 0, 2, 0, 0, 0,
    0, 0, 0, 0, 0, 0, 0, 13,
    0, 0, -8, 0, 8, 0, -16, -21,
    -16, -4, 7, 0, 0, -15, 0, 2,
    -6, 0, -3, 0, 0, 0, 0, 0,
    0, 0, 0, 0, 0, 0, 0, 4,
    7, -27, 0, 0, 0, 0, 0, 0,
    0, 0, 0, 0, 0, 0, 0, -15,
    -2, 0, 9, -4, 10, 0, -10, -17,
    0, 0, 0, 0, 0, 0, 0, 0,
    0, 0, 1, 0, 0, 0, 0, 0,
    1, 1, -3, -4, 0, 0, 0, -2,
    0, 0, -1, 0, 0, 0, -4, 0,
    -2, 0, -6, -4, 0, -6, -8, -8,
    -4, 0, -4, 0, -4, 0, 0, 0,
    0, 0, -2, 0, 0, 2, 0, 1,
    -2, 0, 0, 0, 0, -3, 0, 0,
    0, 0, -7, 0, 0, 0, 0, 0,
    0, 0, 0, -2, 0, 0, 0, 2,
    -1, 0, 0, 0, -1, 2, 2, 0,
    0, 0, 0, -3, 0, 0, 0, 0,
    0, 0, 0, 0, 0, 3, -1, 0,
    -3, 0, -4, 0, 0, -1, 0, 7,
    0, 0, -2, 0, 0, 0, 0, 0,
    0, 0, 0, -1, -1, 0, 0, 0,
    0, 0, 0, 0, 0, 0, 0, 0,
    0, 0, 0, 0, 0, 0, 0, 0,
    -2, 0, -2, 0, 0, 0, 0, 0,
    0, 0, 0, 0, -1, -1, 0, -2,
    -2, 0, 0, 0, 0, 0, 0, 0,
    0, -2, 0, -2, -2, -2, 0, 0,
    0, 0, 0, 0, 0, 0, 0, 0,
    -1, 0, 0, 0, 0, -2, -3, 0,
    0, 0, 0, 0, 0, -3, 0, 0,
    0, 0, 0, 0, 0, 0, 0, 0,
    0, -1, 0, -7, -1, -7, 4, 0,
    0, -4, 2, 4, 6, 0, -6, 0,
    -2, 0, 0, -10, 2, -1, 2, -12,
    2, 0, 0, 0, -12, 0, -12, -2,
    -19, -1, 0, -11, 0, 4, 6, 0,
    3, 0, 0, 0, 0, 0, 0, 0,
    -4, -3, 0, 0, 2, 2, -2, 5,
    -7, -4, 0, 2, 0, 0, 0, 0,
    0, 0, 0, 0, 0, 0, 0, 0,
    -2, 0, 0, 0, -2, 0, 0, 0,
    0, 0, -1, -1, 0, -1, -3, 0,
    0, 0, 0, 0, 0, 0, -2, -2,
    0, -2, -3, -2, 0, 0, -2, 0,
    0, 0, 0, 0, 0, 0, 0, 0,
    0, 0, 0, -2, -2, 0, 0, 0,
    0, 0, 0, -2, 0, 0, 0, 0,
    0, 0, 0, 0, 0, 0, 0, 0,
    0, -1, 0, -4, 2, 0, 0, -2,
    1, 2, 2, 0, 0, 0, 0, 0,
    0, -1, 0, 0, 0, 0, 0, 1,
    0, 0, -2, 0, -2, -1, -2, 0,
    0, 0, 0, 0, 0, 0, 2, 0,
    0, -2, 0, 0, 0, 0, -3, -3,
    0, 0, 0, 2, 0, 4, -4, 0,
    0, 0, 0, 0, 0, 0, 0, 0,
    0, 0, -2, 0, 7, -1, 0, -7,
    0, 0, 6, -11, -11, -9, -4, 2,
    0, -2, -15, -4, 0, -4, 0, -4,
    3, -4, -14, 0, -6, 0, 0, 1,
    0, 2, -1, 0, 2, 1, -7, -9,
    0, -11, 0, 0, -5, -5, -7, -2,
    -6, 0, -3, -6, -6, -3, -4, 3,
    -2, 2, 6, -3, -13, -5, -5, -5,
    0, -5, -5, -5, -5, -5, 0, 0,
    0, -2, 0, 0, 0, 1, 0, 2,
    0, 0, 0, 0, 0, 0, 0, 0,
    0, 0, 0, -2, 0, -1, 0, 0,
    -2, 0, -4, -5, -5, 0, 0, -7,
    0, 0, 0, 0, 0, 0, 0, -2,
    0, 0, 0, 0, 0, -2, 0, 0,
    0, 0, -2, 2, 0, 0, 0, -4,
    0, 0, 0, 0, 0, 0, 0, 0,
    -2, 0, 2, 0, 0, 0, 0, 0,
    0, 0, 0, 11, 0, 0, 0, 0,
    0, 0, 1, 0, 0, 0, -2, 0,
    0, 0, 0, 0, 0, 0, 0, 0,
    0, 0, -4, 0, 2, 0, 0, 0,
    0, 0, 0, 0, 0, 0, 0, 0,
    0, 0, 0, 0, 0, -9, 0, 0,
    0, 0, 0, 0, 0, 0, 0, 0,
    0, 0, 0, 0, -1, 0, 0, 0,
    -3, 0, 0, 0, 0, -11, -7, 0,
    0, 0, -3, -11, 0, 0, -2, 2,
    0, -5, 0, 0, 0, 0, 0, 0,
    0, 0, 0, 0, -3, 0, 0, -4,
    0, 0, 0, 0, 0, 0, 0, 0,
    0, 0, 0, 0, 0, -1, 0, 0,
    -3, 0, 2, 0, 2, -24, 0, 0,
    0, 0, 0, 0, 0, 0, 0, 0,
    -4, 0, 0, 0, 0, 2, 0, 1,
    -4, -4, 0, -2, -2, -3, 0, 0,
    0, 0, 0, 0, -7, 0, -2, 0,
    -3, -2, 0, -5, -6, -7, -2, 0,
    -4, 1, -7, 0, 0, 0, 0, 0,
    18, 0, 0, 1, 0, 0, -3, 0,
    0, 0, 0, 0, 0, 2, 0, 0,
    -4, 0, 0, 0, 0, 0, 0, 0,
    0, 18, 0, -10, 0, 0, 0, 0,
    0, -21, -4, 7, 7, -2, -9, 0,
    2, -3, 0, -11, -1, -3, 2, -16,
    -2, 4, 0, 3, -8, -3, -8, -8,
    -9, 0, 0, -13, 0, 12, 0, 0,
    -1, 0, 0, 0, 0, -1, -1, -2,
    -6, -8, 0, 2, 0, 0, 0, 0,
    -21, -18, 2, 4, 0, 0, 0, 0,
    0, 0, 0, 0, 0, 0, 0, 0,
    0, 0, 0, 0, 0, 0, 0, 0,
    0, 0, 0, 0, 0, 0, 0, 0,
    0, 0, 0, 0, 0, 0, 0, -2,
    0, -1, -2, -3, 0, 0, -4, 0,
    -2, 0, 0, 0, 0, 0, 0, 0,
    0, 0, 0, 0, 0, 0, 0, 0,
    0, 0, 0, 0, 0, 0, 0, 0,
    0, 0, 0, 0, 0, 0, 0, 0,
    0, 0, 0, 0, -4, 0, 0, 4,
    0, 3, 0, -4, 2, -1, 0, -4,
    -2, 0, -3, -2, -2, 0, -3, -3,
    0, 0, -2, 0, -1, -3, -2, 0,
    0, -2, 0, 2, -1, 0, -4, 0,
    0, 0, 0, -4, 0, -3, 0, -3,
    -3, -2, 0, 0, 0, -1, 2, 1,
    0, -2, 0, 0, 0, 0, 0, 0,
    0, 0, 0, 0, 0, 0, 0, 0,
    0, 0, 0, -4, 2, 0, -3, 0,
    -1, -2, -5, -1, -1, -1, 0, -1,
    -2, 0, 0, 0, 0, 0, 0, -2,
    -2, -2, 0, 0, 0, 0, 2, -1,
    0, -1, 0, 0, 0, 0, -1, -2,
    -1, -2, -2, -2, -1, 0, 0, 0,
    -1, 0, 0, 0, 0, 0, 0, 0,
    0, 0, 0, 0, 0, 0, 2, 9,
    0, 0, -6, 0, -1, 4, 0, -2,
    -9, -3, 3, 0, 0, -10, -3, 2,
    -3, 2, 0, 0, -2, -7, 0, -3,
    1, 0, 0, -3, 0, 0, 0, 2,
    2, -4, -4, 0, -3, 0, 0, -3,
    -2, -2, 0, -3, 1, -4, -3, -2,
    0, 0, 0, -1, 7, 2, -3, -10,
    -2, 4, 2, 0, 2, 2, 2, -2,
    3, 0, 0, 0, 0, 0, 0, 0,
    0, 0, 2, 0, 0, 0, 0, 0,
    0, 0, 0, 0, 0, 0, 0, 0,
    0, 0, 0, 0, 0, 0, 0, 0,
    0, 0, -3, 0, 0, 0, 0, 0,
    0, 0, 0, 0, 0, 0, 0, 0,
    0, 0, 0, 0, 0, 0, 0, 0,
    0, 0, 0, 0, 0, 0, 0, 0,
    0, 0, 0, 0, 0, 0, 0, 0,
    0, 0, 0, 0, 0, 0, 0, 0,
    0, 0, 0, 0, 0, 0, 0, 0,
    0, 0, 0, 0, 0, 0, 0, 0,
    -1, 0, 0, 0, 0, 0, 0, 0,
    0, 0, 0, 0, 0, 0, 0, 0,
    0, 0, 0, 0, 0, 0, 0, 0,
    0, 0, 0, 0, 0, 0, 0, 0,
    0, 0, 0, 0, 0, 0, 0, 0,
    0, 0, 0, 0, 0, 0, 0, 0,
    -2, -2, 0, 0, 0, 0, 0, 0,
    0, 0, 0, 0, 0, 0, -3, 0,
    0, -3, 0, 0, -2, -2, 0, 0,
    0, 0, -2, 0, 0, 0, 0, 0,
    -1, 0, 0, 0, 0, 0, -1, 0,
    0, 0, 0, 0, 0, 0, 0, 0,
    -1, 0, 0, 0, 0, 0, 0, 0,
    0, -1, 0, 0, -3, 0, -4, 0,
    0, 0, -8, 0, 1, -5, 4, 0,
    -1, -10, 0, 0, -5, -2, 0, -9,
    -6, -7, 0, 0, -10, -2, -9, -9,
    -11, 0, -4, 0, 2, 15, -3, 0,
    -5, 0, 0, 0, -2, -3, -6, -4,
    -8, -10, -6, 0, 0, 0, 0, 0,
    -2, -2, 0, 0, -2, -2, -2, 0,
    -2, -2, -2, -2, 0, 0, 0, -1,
    0, 0, 0, 0, -16, -1, 7, 4,
    -4, -8, 0, 0, -5, 0, -11, -1,
    -2, 4, -20, -3, 0, 0, 0, -15,
    -2, -11, -2, -16, 0, 0, -16, 0,
    12, 0, 0, -1, 0, 0, 0, 0,
    0, -1, -1, -9, -1, 0, 0, 0,
    0, 0, 0, -15, -18, 1, 0, 0,
    0, 0, 0, 0, 0, 0, 0, 0,
    0, 0, 0, 0, -7, 0, -2, 0,
    0, -6, -10, 0, 0, -1, -3, -7,
    -2, 0, -2, 0, 0, 0, 0, -10,
    -2, -7, -7, -2, -4, -6, -2, -3,
    0, -4, -2, -8, -3, 0, -3, 0,
    0, -2, -3, 0, 1, 0, -1, -7,
    0, 0, 0, 0, 0, 0, 4, 0,
    0, -11, -3, -3, -3, 0, -3, -3,
    -3, -3, -2, 0, -4, 0, 0, 0,
    0, 2, 0, 1, -4, 10, 0, -2,
    -2, -3, 0, 0, 0, 0, 0, 0,
    -7, 0, -2, 0, -3, -2, 0, -5,
    -6, -7, -2, 0, -4, 2, 9, 0,
    0, 0, 0, 0, 18, 0, 0, 1,
    0, 0, -3, 0, 0, 0, 0, 0,
    0, 2, 0, 0, -4, 0, 0, 0,
    0, 0, 0, 0, 0, 18, 0, 0,
    0, 0, 0, 0, 0, 0, 0, 0,
    0, 0, 0, 0, -1, -4, 0, 0,
    0, 0, 0, -1, 0, 0, 0, -2,
    -2, 0, 0, -4, -2, 0, 0, -4,
    0, 3, -1, 0, 0, 0, 0, 0,
    0, 0, 1, 0, 0, 0, 0, 0,
    0, 0, 0, 0, 3, 0, 0, -2,
    0, 0, 0, 0, 0, 0, 0, 0,
    0, 4, 2, -2, 0, -7, -3, 0,
    7, -8, -7, -4, -4, 9, 4, 2,
    -19, -2, 4, -2, 0, -2, 3, -2,
    -8, 0, -2, 2, -3, -2, -7, -2,
    0, 0, 7, 4, 0, -6, 0, -12,
    0, 0, 8, -3, -9, 0, -3, -7,
    -7, -2, -4, 0, 0, 0, 0, 9,
    7, -3, -12, 2, 9, 4, 0, 7,
    7, 5, -3, 8, 2, 0, -3, 0,
    -6, 0, 2, 7, -6, -8, -9, -6,
    7, 0, 0, -17, -2, 2, -4, -2,
    -6, 0, -5, -8, -3, -3, -2, 0,
    0, -6, -5, -2, 0, 7, 6, -2,
    -12, 0, -12, 0, -2, -4, -8, -13,
    0, -7, -4, -7, -7, -7, 0, 0,
    0, 0, 6, 4, -3, -16, 4, 9,
    6, 0, 7, 6, 10, -3, 8, 0,
    0, -3, 0, -4, -2, 0, -2, -4,
    0, 3, -8, 2, 0, 0, -12, 0,
    -2, -5, -4, -2, -7, -6, -8, -5,
    0, -7, -2, -6, -3, -7, -2, 0,
    0, 0, 10, -4, 0, -7, 0, 0,
    0, -2, -4, -6, -6, -7, -9, -3,
    -2, 0, 0, 0, 0, -4, 0, -2,
    0, -2, -2, -2, 0, -2, -2, -2,
    -2, 0, 4, 0, -3, 0, -11, -2,
    2, 4, -7, -8, -4, -8, 8, -2,
    1, -21, -4, 4, -5, -4, -8, 0,
    -7, -9, -2, -2, -2, -2, -5, -7,
    0, 0, 0, 7, 7, -1, -15, 0,
    -13, 0, -4, 7, -9, -16, -4, -8,
    -9, -11, -8, -9, 0, 0, 0, -4,
    4, 4, -4, -18, 8, 8, 7, 0,
    7, 7, 9, -4, 7, 0, 0, 0,
    0, -2, 0, 0, 2, -2, 4, 1,
    -4, 4, 0, 0, -5, 0, 0, 0,
    0, 0, 0, -2, 0, 0, 0, 0,
    0, 0, -2, 0, 0, 0, 0, 2,
    7, 0, 0, -2, 0, 0, 0, 0,
    0, -1, -1, -2, 0, 0, 0, 0,
    0, 0, 0, 0, 0, 0, 0, 0,
    0, 0, 0, 0, 0, 0, 0, 0,
    0, 2, 0, 0, 0, 0, 2, 0,
    -1, 0, 9, 0, 4, 0, 0, -3,
    0, 4, 0, 0, 0, 2, 0, 0,
    0, 0, 0, 0, 0, 0, 0, 0,
    0, 7, 0, 7, 0, 0, 0, 0,
    0, 0, 0, 0, 0, 0, 0, 0,
    0, 0, 0, 0, 4, 0, 0, 0,
    0, 0, 0, 0, 0, 0, 0, 0,
    0, 0, 0, 0, -13, 0, -2, 3,
    0, 7, 0, 0, 21, 2, -4, -4,
    2, 2, -1, 0, -11, 0, 0, 11,
    -13, 0, 0, 0, 0, 0, 0, 0,
    0, 0, 0, 0, -16, 9, 31, 0,
    0, 0, 0, 0, 0, 0, 0, 0,
    0, 0, 0, 0, 9, 0, 0, 0,
    7, -13, -7, 2, 7, 0, 0, 0,
    0, 0, 0, 0, 0, 0, 0, 0,
    0, 0, 0, 0, 0, 0, 0, 0,
    0, 0, 0, 0, 0, 0, 0, 0,
    0, 0, 0, 0, 0, 0, 0, 0,
    -3, 0, 0, -3, -2, 0, 0, 0,
    0, 0, 0, 0, 0, 0, 0, 0,
    0, 0, 0, 0, 0, 0, 0, 0,
    0, 0, 0, 0, 0, 0, 0, 0,
    0, 0, 0, 0, 0, 0, 0, 0,
    0, 0, -1, 0, -6, 0, 0, 0,
    0, 0, 2, 28, -4, -2, 7, 6,
    -6, 2, 0, 0, 2, 2, -3, 0,
    0, 0, 0, 0, 0, 0, 0, 0,
    0, 0, -29, 7, 0, 0, 0, 0,
    0, 0, 0, 0, 0, 0, 0, 0,
    0, 0, 3, 3, -1, -2, 6, 0,
    -14, 2, 0, 0, 0, 0, 0, 0,
    0, 0, 0, 0, 0, 0, 0, -6,
    0, 0, 0, -6, 0, 0, 0, 0,
    -4, -1, 0, 0, 0, -4, 0, -2,
    0, -10, 0, 0, 0, 0, 0, 0,
    0, 0, 0, 0, 0, -15, 0, 0,
    0, 0, 0, 0, 0, 0, 0, 0,
    0, 0, -2, 0, 0, 0, 0, 0,
    0, 0, -4, -4, 0, 0, 0, 0,
    0, 0, 0, 0, 0, 0, 0, 0,
    -3, 0, -6, 0, 0, 0, -3, 2,
    -2, 0, 0, -6, -2, -5, 0, 0,
    -6, 0, -2, 0, -10, 0, -3, 0,
    0, -17, -3, -9, -3, -9, 0, 0,
    -15, 0, -6, -2, 0, 0, 0, 0,
    0, 0, 0, 0, 0, -3, -4, -2,
    0, 0, 0, 0, 0, -4, -5, 0,
    -2, 0, 0, 0, 0, 0, 0, 0,
    0, 0, 0, 0, 0, 0, -4, 0,
    -5, 3, -3, 4, 0, -1, -5, -1,
    -3, -3, 0, -2, -1, -1, 2, -6,
    0, 0, 0, 0, -18, -2, -4, 0,
    -7, 0, -1, -10, -2, 0, 0, -1,
    -2, 0, -1, 0, 0, 0, 2, 0,
    -2, -3, -1, 0, 0, 0, 0, -2,
    4, 0, 0, -1, 0, 0, 0, -1,
    0, 0, 0, 0, 0, 0, 0, 0,
    0, 0, 0, 0, 0, 0, 0, 0,
    0, 0, 0, 0, 0, 0, 0, 0,
    0, 0, 0, 0, 0, 0, 0, 0,
    0, 0, 0, 0, 0, 0, 0, 0,
    0, 0, 0, 0, 0, 0, 0, 0,
    0, 6, 0, 0, 0, 0, 0, 0,
    0, 0, 0, 0, 0, 0, 0, 0,
    0, 0, 0, 0, 0, 0, 0, 0,
    0, -4, 0, -1, 0, 0, 0, -4,
    2, 0, 0, 0, -6, -2, -4, 0,
    0, -6, 0, -2, 0, -10, 0, 0,
    0, 0, -21, 0, -4, -8, -11, 0,
    0, -15, 0, -2, -3, 0, 0, 0,
    0, 0, 0, 0, 0, 0, -2, -3,
    -1, 0, 0, 0, 0, 0, -3, -4,
    0, -2, 0, 0, 0, 0, 0, 0,
    0, 0, 0, 0, 0, 0, 3, -3,
    0, 8, 10, -2, -2, -7, 2, 10,
    3, 4, -6, 2, 9, 2, 6, 4,
    6, 0, 0, 0, 0, 0, 0, 0,
    0, 0, 0, 0, 14, 10, -4, -2,
    1, -2, 1, 1, 10, 0, 0, 0,
    0, 2, 0, 0, 0, 0, 0, 0,
    0, 8, 9, 0, -3, 15, 11, 13,
    7, 13, 11, 18, 0, 10, 0, 0,
    -3, 0, 0, 0, 0, 0, 0, 0,
    0, 0, -1, 0, 0, 0, 0, 0,
    0, 0, 0, 4, 0, 0, 0, 0,
    -17, -2, -2, -8, -10, 0, 0, -15,
    0, 0, 0, 0, 0, 0, 0, 0,
    0, 0, 0, 0, 0, 0, 0, 0,
    0, 0, 0, 0, 0, 0, 0, 0,
    0, 0, 0, 0, 0, 0, 0, 0,
    0, 0, 0, -3, 0, 0, 0, 0,
    0, 0, 0, 0, 0, -1, 0, 0,
    0, 0, 0, 0, 0, 0, 4, 0,
    0, 0, 0, -17, -2, -2, -8, -10,
    0, 0, -6, 0, 0, 0, 0, 0,
    0, 0, 0, 0, 0, 0, 0, 0,
    0, 0, 0, 0, 0, 0, 0, 0,
    0, 0, 0, 0, 0, 0, 0, 0,
    0, 0, 0, 0, 0, 0, 0, 0,
    -2, 0, 0, 0, -6, 2, 0, -2,
    2, 4, 2, -7, 0, 0, -2, 2,
    0, 2, 0, 0, 0, 0, -4, 0,
    -2, -1, -4, 0, -2, -9, 0, 13,
    -2, 0, -5, 0, 0, 0, -1, -4,
    0, -2, -7, -4, -3, 0, 0, 0,
    0, 0, 0, 0, 0, 0, -1, -1,
    -1, 0, -1, -1, -1, -1, 0, 0,
    0, -3, 0, 0, 0, 0, 0, 0,
    0, 0, 0, -1, 0, 0, 0, 0,
    0, 0, 0, 0, 4, 0, 0, 0,
    0, -17, -2, -2, -8, -10, 0, 0,
    -15, 0, 0, 0, 0, 0, 0, 0,
    11, 0, 0, 0, 0, 0, 0, 0,
    0, 0, 0, 0, 0, 0, 0, 0,
    0, 0, 0, 0, 0, 0, 0, 0,
    0, 11, 0, 0, -3, 0, -7, -2,
    -2, 7, -2, -2, -9, 0, 1, 0,
    -1, -6, 0, 5, 0, 2, 0, 2,
    -5, -9, -2, 0, -7, -3, -6, -9,
    -8, 0, -3, -4, -2, -3, -10, -1,
    -2, 0, -1, 0, -1, 0, 3, 0,
    3, -1, 0, 0, 0, 0, 0, 2,
    7, 7, 0, -8, -1, -1, -1, -1,
    -1, -1, -1, -1, 0, 0, 0, 0,
    0, 0, 0, 0, 0, 0, 0, 0,
    0, -1, -2, -2, 0, 0, -6, 0,
    -1, 0, -3, 0, 0, 0, 0, 0,
    0, 0, 0, 0, 0, 0, -13, 0,
    0, 0, 0, 0, 0, 0, 0, 0,
    0, 0, 0, -2, -2, 0, 0, 0,
    0, 0, 0, -3, -5, 0, 0, 0,
    0, 0, 0, 0, 0, 0, 0, 0,
    0, 0, 0, 0, -2, 0, 0, -3,
    -2, 2, 0, -3, -4, -1, 0, -6,
    -1, -4, -2, -2, 0, -3, 0, 0,
    0, 0, 0, 0, 0, 0, 0, 0,
    0, -15, 0, 7, 0, 0, -4, 0,
    0, 0, 0, 0, -3, 0, -2, 0,
    0, 0, 0, 0, 0, -2, -1, -4,
    0, 0, 0, 0, 0, 0, 0, 0,
    0, 0, 0, 0, 0, -1, 0, -6,
    0, 0, 9, -3, -7, -7, 1, 3,
    3, 0, -7, 1, 3, 1, 7, 1,
    8, -1, -6, 0, 0, -6, 0, 0,
    -7, -6, 0, 0, -4, 0, -3, -4,
    0, -3, 0, 0, -3, 0, -2, 3,
    0, -2, -7, -2, 0, 0, 0, 0,
    0, 8, 7, 0, -8, 0, 0, 0,
    0, 0, 0, 0, 0, -3, 0, 0,
    -2, 0, -4, 0, 0, 3, -6, 0,
    2, -2, 2, 1, 0, -8, 0, -1,
    0, 0, -2, 3, -2, 0, 0, 0,
    -7, -2, -5, 0, -7, 0, 0, -10,
    0, 8, -2, 0, -4, 0, 0, 4,
    0, -2, 0, -2, -7, 0, -2, 0,
    0, 0, 0, 0, 2, 0, 0, 0,
    0, 0, 0, 0, 0, 0, 0, 0,
    4, 0, 0, 0, 0, -1, 0, 0,
    2, -3, 0, 0, 0, -2, -1, 0,
    -2, 0, 0, 0, 0, 0, 0, 0,
    0, 0, 0, 0, 0, 0, 0, 0,
    0, 0, -13, 0, 4, 0, 0, -2,
    0, 0, 0, 0, 0, 0, 0, -2,
    -2, 0, 0, 0, 0, 0, 0, 0,
    0, 0, 0, 0, 0, 0, 0, 0,
    0, 0, 0, 0, 0, 0, 0, 0,
    0, 0, 0, 0, 0, 0, 9, 0,
    -4, 0, 0, 0, 0, 0, 0, 0,
    0, 0, 0, 0, 0, 0, 0, 0,
    0, 0, 0, 0, 0, -12, 0, 3,
    0, 0, 0, 0, 0, 0, 0, 0,
    0, 0, 0, 0, 0, 0, 0, 0,
    -4, 0, 0, 0, 0, 0, 0, 0,
    0, 0, 0, 0, 0, 0, 0, 0,
    0, -2, 0, -8, 0, 0, 4, -7,
    0, 3, -8, 3, -2, -2, -7, -3,
    1, -7, -4, -7, 0, -3, -10, 0,
    -4, 0, 0, 0, -2, 2, 0, 0,
    3, 0, 3, -9, 0, -7, 0, 0,
    -6, -4, -9, -4, -6, -4, -6, -9,
    -6, 0, 0, 0, -2, 0, 2, -3,
    -4, -4, 7, 2, 0, 3, 2, 6,
    -4, 6, 0, 0, 0, 0, 0, 0,
    0, 0, 1, -2, 0, 0, 0, -2,
    0, 0, 0, -2, 0, 0, 0, 0,
    0, 0, 0, 0, 0, 0, 0, 0,
    0, 0, 0, 0, 0, -1, 0, 0,
    0, 0, 0, 0, 0, 0, 0, 0,
    0, 0, 0, 0, 0, 0, 0, 0,
    0, 0, 0, -1, 0, 0, 0, 0,
    0, 0, 0, 0, 0, 3, 4, 0,
    0, 0, 0, 4, 0, -6, -7, -7,
    -3, 7, 0, 2, -2, 0, 6, -2,
    0, -9, 0, 0, 0, 0, 0, 0,
    0, 0, 0, 0, 0, 0, 11, 4,
    -2, 0, 0, 0, 0, 0, 0, 0,
    0, 0, 0, 0, 0, 0, -4, 0,
    0, 0, 0, 0, 0, 0, -9, 0,
    0, 0, 0, 0, 0, 0, 0, 0,
    0, 0, 0, 0, 0, 0, 0, 0,
    4, 0, 4, 0, 0, 0, 0, 3,
    0, 1, 2, 0, 0, 0, 0, 0,
    0, 0, 0, 0, 0, 0, 0, 0,
    0, 0, 0, 1, 0, 0, 0, 0,
    0, 0, 0, 0, 0, 0, 0, 0,
    0, 0, 0, 0, 0, 0, 0, 0,
    0, 0, 0, 0, 0, 0, 0, 0,
    0, 0, 0, 0, 0, 0, 0, 0,
    0, 0, 0, -2, 0, 2, 0, 0,
    0, 0, 1, 1, 0, 0, 0, 0,
    -2, 0, 0, 0, 0, 0, 0, 0,
    0, 0, 0, 0, -12, 0, 2, 0,
    0, 0, 0, 0, 0, 0, 0, 0,
    0, 0, 0, 0, 0, 0, 0, 0,
    0, 0, 0, 0, 1, 0, 0, 0,
    0, 0, 0, 0, 0, 0, 0, 4,
    0, 6, 0, 0, 0, 0, 0, -15,
    -12, 0, 10, 7, 4, -9, 1, 9,
    0, 8, 0, 4, 0, 0, 0, 0,
    0, 0, 0, 0, 0, 0, 0, 12,
    0, 0, 0, 0, 0, 0, 0, 0,
    0, 0, 0, 0, 0, 0, 0, 0,
    0, 0, 0, 0, 0, 0, 0, -13,
    0, 0, 0, 0, 0, 0, 0, 0,
    0, 0, -9, 0, -13, -3, 0, 0,
    0, -9, 0, 9, -11, -10, 0, 0,
    -10, 0, -10, -10, 0, 0, -30, 0,
    0, 0, 0, 0, 0, 0, 0, 0,
    0, 0, -20, 2, 11, 0, 0, 0,
    0, 0, 0, 0, 0, 0, 0, 0,
    0, 0, 0, 2, -3, -11, 0, -13,
    -20, -2, -4, 0, 0, 0, 0, 0,
    0, 0, 0, 0, 0, 0, 0, 0,
    0, 0, 0, 0, 0, -5, -7, 0,
    -4, -6, -4, 0, -2, 0, 0, 0,
    0, -7, 0, -7, 0, -9, -6, 0,
    -2, -7, -7, -4, 0, -9, 0, -7,
    -2, 0, 0, 0, 0, -2, 0, 0,
    1, 0, 0, -2, 0, 0, 0, 0,
    0, 0, 0, 0, 0, -6, 0, 0,
    0, 0, 0, 0, 0, 0, -2, 0,
    0, -3, 0, 0, 0, 0, 18, 0,
    0, 0, 0, -1, 0, 0, 0, 0,
    0, 0, 0, 0, 9, 0, 0, 0,
    0, -17, -2, -2, -8, -10, 0, 0,
    -15, 0, 0, 0, 0, 0, 0, 0,
    0, 0, 0, 0, 0, 0, 0, 0,
    0, 0, 0, 0, 0, 0, 0, 0,
    0, 0, 0, 0, 0, 0, 0, 0,
    0, 0, 0, 0, 0, 0, 0, 0,
    0, 2, 0, -4, 0, 1, 0, 0,
    -1, 0, 0, 0, 0, 0, 0, -1,
    0, 0, 0, 0, 0, 0, 0, 0,
    0, 0, 0, -2, 0, -4, 0, 0,
    0, 0, 0, 0, 0, 0, 0, 0,
    0, 0, 0, 0, 0, 0, 0, 0,
    4, 0, 0, -1, 0, 0, 0, 0,
    0, 0, 0, 0, 0, 0, 0, 0,
    -6, 0, 0, 0, -6, 0, 0, 0,
    0, -4, -1, 0, 0, 0, -4, 0,
    -2, 0, -10, 0, 0, 0, 0, 0,
    0, 0, 0, 0, 0, 0, -15, 0,
    0, 0, 0, 0, 0, 0, 4, 0,
    0, 0, 0, -2, 0, 0, 0, 0,
    0, 0, 0, -4, -4, 0, 0, 0,
    0, 0, 0, 0, 0, 0, 0, 4,
    0, 0, 0, 0, 0, 0, 0, 0,
    0, 0, 0, 0, 0, 0, 0, 0,
    0, 0, 0, 0, 0, 0, 0, 0,
    0, 0, 0, 0, 0, 0, 0, 0,
    0, 0, 0, 0, 0, 21, 0, 0,
    22, 21, 2, 0, 14, 2, 2, 2,
    2, 0, 0, 0, 0, 0, 0, 0,
    0, 0, 2, 2, 2, 21, 2, 2,
    2, 2, 0, 0, -4, 0, -1, 0,
    0, 0, -4, 2, 0, 0, 0, -6,
    -2, -4, 0, 0, -6, 0, -2, 0,
    -10, 0, 0, 0, 0, -21, 0, -4,
    -8, -11, 0, 0, -15, 0, -2, -3,
    0, 0, 0, 0, 7, 0, 0, 0,
    0, -2, -3, -1, 0, 0, 0, 0,
    0, -3, -4, 0, -2, 0, 0, 0,
    0, 0, 0, 0, 0, 7, 0, 0,
    -3, 0, 0, 0, 0, 0, 0, 0,
    0, 0, -1, 0, 0, 0, 0, 0,
    0, 0, 0, 4, 0, 0, 0, 0,
    -17, -2, -2, -8, -10, 0, 0, -15,
    0, 0, 0, 0, 0, 0, 0, 16,
    0, 0, 0, 0, 0, 0, 0, 0,
    0, 0, 0, 0, 0, 0, 0, 0,
    0, 0, 0, 0, 0, 0, 0, 0,
    16, 0, 0, 0, 0, -2, 0, 0,
    -3, -2, 2, 0, -3, -4, -1, 0,
    -6, -1, -4, -2, -2, 0, -3, 0,
    0, 0, 0, 0, 0, 0, 0, 0,
    0, 0, -15, 0, 7, 0, 0, -4,
    0, 0, 3, 4, 0, -3, 0, -2,
    0, 0, 0, 0, 0, 0, -2, -1,
    -4, 0, 0, 4, 4, 4, 0, 4,
    4, 4, 4, 3, 0, 0, -3, 0,
    0, 0, 0, 0, 0, 0, 0, 0,
    -1, 0, 0, 0, 0, 0, 0, 0,
    0, 4, 0, 0, 0, 0, -17, -2,
    -2, -8, -10, 0, 0, -15, 0, 0,
    0, 0, 0, 0, 0, 10, 0, 0,
    0, 0, 0, 0, 0, 0, 0, 0,
    0, 0, 0, 0, 0, 0, 0, 0,
    0, 0, 0, 0, 0, 0, 10
};


/*Collect the kern class' data in one place*/
static const lv_font_fmt_txt_kern_classes_t kern_classes =
{
    .class_pair_values   = kern_class_values,
    .left_class_mapping  = kern_left_class_mapping,
    .right_class_mapping = kern_right_class_mapping,
    .left_class_cnt      = 77,
    .right_class_cnt     = 67,
};

/*--------------------
 *  ALL CUSTOM DATA
 *--------------------*/

#if LVGL_VERSION_MAJOR == 8
/*Store all the custom data of the font*/
static  lv_font_fmt_txt_glyph_cache_t cache;
#endif

#if LVGL_VERSION_MAJOR >= 8
static const lv_font_fmt_txt_dsc_t font_dsc = {
#else
static lv_font_fmt_txt_dsc_t font_dsc = {
#endif
    .glyph_bitmap = glyph_bitmap,
    .glyph_dsc = glyph_dsc,
    .cmaps = cmaps,
    .kern_dsc = &kern_classes,
    .kern_scale = 16,
    .cmap_num = 3,
    .bpp = 4,
    .kern_classes = 1,
    .bitmap_format = 1,
#if LVGL_VERSION_MAJOR == 8
    .cache = &cache
#endif
};



/*-----------------
 *  PUBLIC FONT
 *----------------*/

/*Initialize a public general font descriptor*/
#if LVGL_VERSION_MAJOR >= 8
const lv_font_t ui_semibold_14 = {
#else
lv_font_t ui_semibold_14 = {
#endif
    .get_glyph_dsc = lv_font_get_glyph_dsc_fmt_txt,    /*Function pointer to get glyph's data*/
    .get_glyph_bitmap = lv_font_get_bitmap_fmt_txt,    /*Function pointer to get glyph's bitmap*/
    .line_height = 19,          /*The maximum line height required by the font*/
    .base_line = 4,             /*Baseline measured from the bottom of the line*/
#if !(LVGL_VERSION_MAJOR == 6 && LVGL_VERSION_MINOR == 0)
    .subpx = LV_FONT_SUBPX_NONE,
#endif
#if LV_VERSION_CHECK(7, 4, 0) || LVGL_VERSION_MAJOR >= 8
    .underline_position = -1,
    .underline_thickness = 1,
#endif
    .dsc = &font_dsc,          /*The custom font data. Will be accessed by `get_glyph_bitmap/dsc` */
#if LV_VERSION_CHECK(8, 2, 0) || LVGL_VERSION_MAJOR >= 9
    .fallback = NULL,
#endif
    .user_data = NULL,
};



#endif /*#if UI_SEMIBOLD_14*/
