// Auto-generated by scripts/build/gen-lockscreen-wallpaper-pager.py.
// Native 480x222 T-LoRa Pager wallpaper derived from the shared
// WADAMESH RGB565 artwork while preserving the Pager-specific layout.
#pragma once
#include <stdint.h>

#define LOCKSCREEN_WALLPAPER_PAGER_W 480
#define LOCKSCREEN_WALLPAPER_PAGER_H 222

static const uint16_t lockscreen_wallpaper_pager_rgb565[106560] = {
  0x0863,0x0883,0x0862,0x0883,0x0863,0x0883,0x0862,0x0883,0x0863,0x0883,0x0862,0x0883,0x0863,0x0883,0x0862,0x0883,
  0x0863,0x0883,0x0862,0x0883,0x0863,0x0883,0x0862,0x0883,0x0863,0x0883,0x0862,0x0883,0x0863,0x0883,0x0862,0x0883,
  0x0863,0x0883,0x0862,0x0883,0x0863,0x0883,0x0862,0x0883,0x0863,0x0883,0x0862,0x0883,0x0863,0x0883,0x0862,0x0883,
  0x0863,0x0883,0x0862,0x0883,0x0863,0x0883,0x0862,0x0883,0x0863,0x0883,0x0862,0x0883,0x0863,0x0883,0x0862,0x0883,
  0x0863,0x0883,0x0862,0x0883,0x0863,0x0883,0x0862,0x0883,0x0863,0x0883,0x0862,0x0883,0x0863,0x0883,0x0862,0x0883,
  0x0863,0x0883,0x0862,0x0883,0x0863,0x0883,0x0862,0x0883,0x0863,0x0883,0x0862,0x0883,0x0863,0x0883,0x0862,0x0883,
  0x0863,0x0883,0x0862,0x0883,0x0863,0x0883,0x0862,0x0883,0x0863,0x0883,0x0862,0x0883,0x0863,0x0883,0x0862,0x0883,
  0x0863,0x0883,0x0862,0x0883,0x0863,0x0883,0x0862,0x0883,0x0863,0x0883,0x0862,0x0883,0x0863,0x0883,0x0862,0x0883,
  0x0863,0x0883,0x0862,0x0883,0x0863,0x0883,0x0862,0x0883,0x0863,0x0883,0x0862,0x0883,0x0863,0x0883,0x0862,0x0883,
  0x0863,0x0883,0x0862,0x0883,0x0863,0x0883,0x0862,0x0883,0x0863,0x0883,0x0862,0x0883,0x0863,0x0883,0x0862,0x0883,
  0x0863,0x0883,0x0862,0x0883,0x0863,0x0883,0x0862,0x0883,0x0863,0x0883,0x0862,0x0883,0x0863,0x0883,0x0862,0x0883,
  0x0863,0x0883,0x0862,0x0883,0x0863,0x0883,0x0862,0x0883,0x0863,0x0883,0x0862,0x0883,0x0863,0x0883,0x0862,0x0883,
  0x0863,0x0883,0x0862,0x0883,0x0863,0x0883,0x0862,0x0883,0x0863,0x0883,0x0862,0x0883,0x0863,0x0883,0x0862,0x0883,
  0x0863,0x0883,0x0862,0x0883,0x0863,0x0883,0x0862,0x0883,0x0863,0x0883,0x0862,0x0883,0x0863,0x0883,0x0862,0x0883,
  0x0863,0x0883,0x0862,0x0883,0x0863,0x0883,0x0862,0x0883,0x0863,0x0883,0x0862,0x0883,0x0863,0x0883,0x0862,0x0883,
  0x0863,0x0883,0x0862,0x0883,0x0863,0x0883,0x0862,0x0883,0x0863,0x0883,0x0862,0x0883,0x0863,0x0883,0x0862,0x0883,
  0x0863,0x0883,0x0862,0x0883,0x0863,0x0883,0x0862,0x0883,0x0863,0x0883,0x0862,0x0883,0x0863,0x0883,0x0862,0x0883,
  0x0863,0x0883,0x0862,0x0883,0x0863,0x0883,0x0862,0x0883,0x0863,0x0883,0x0862,0x0883,0x0863,0x0883,0x0862,0x0883,
  0x0863,0x0883,0x0862,0x0883,0x0863,0x0883,0x0862,0x0883,0x0863,0x0883,0x0862,0x0883,0x0863,0x0883,0x0862,0x0883,
  0x0863,0x0883,0x0862,0x0883,0x0863,0x0883,0x0862,0x0883,0x0863,0x0883,0x0862,0x0883,0x0863,0x0883,0x0862,0x0883,
  0x0863,0x0883,0x0862,0x0883,0x0863,0x0883,0x0862,0x0883,0x0863,0x0883,0x0862,0x0883,0x0863,0x0883,0x0862,0x0883,
  0x0863,0x0883,0x0862,0x0883,0x0863,0x0883,0x0862,0x0883,0x0863,0x0883,0x0862,0x0883,0x0863,0x0883,0x0862,0x0883,
  0x0863,0x0883,0x0862,0x0883,0x0863,0x0883,0x0862,0x0883,0x0863,0x0883,0x0862,0x0883,0x0863,0x0883,0x0862,0x0883,
  0x0863,0x0883,0x0862,0x0883,0x0863,0x0883,0x0862,0x0883,0x0863,0x0883,0x0862,0x0883,0x0863,0x0883,0x0862,0x0883,
  0x0863,0x0883,0x0862,0x0883,0x0863,0x0883,0x0862,0x0883,0x0863,0x0883,0x0862,0x0883,0x0863,0x0883,0x0862,0x0883,
  0x0863,0x0883,0x0862,0x0883,0x0863,0x0883,0x0862,0x0883,0x0863,0x0883,0x0862,0x0883,0x0863,0x0883,0x0862,0x0883,
  0x0863,0x0883,0x0862,0x0883,0x0863,0x0883,0x0862,0x0883,0x0863,0x0883,0x0862,0x0883,0x0863,0x0883,0x0862,0x0883,
  0x0863,0x0883,0x0862,0x0883,0x0863,0x0883,0x0862,0x0883,0x0863,0x0883,0x0862,0x0883,0x0863,0x0883,0x0862,0x0883,
  0x0863,0x0883,0x0862,0x0883,0x0863,0x0883,0x0862,0x0883,0x0863,0x0883,0x0862,0x0883,0x0863,0x0883,0x0862,0x0883,
  0x0863,0x0883,0x0862,0x0883,0x0863,0x0883,0x0862,0x0883,0x0863,0x0883,0x0862,0x0883,0x0863,0x0883,0x0862,0x0883,
  0x0882,0x0863,0x0883,0x0862,0x0883,0x0862,0x0883,0x0863,0x0882,0x0863,0x0883,0x0862,0x0883,0x0862,0x0883,0x0863,
  0x0882,0x0863,0x0883,0x0862,0x0883,0x0862,0x0883,0x0863,0x0882,0x0863,0x0883,0x0862,0x0883,0x0862,0x0883,0x0863,
  0x0882,0x0863,0x0883,0x0862,0x0883,0x0862,0x0883,0x0863,0x0882,0x0863,0x0883,0x0862,0x0883,0x0862,0x0883,0x0863,
  0x0882,0x0863,0x0883,0x0862,0x0883,0x0862,0x0883,0x0863,0x0882,0x0863,0x0883,0x0862,0x0883,0x0862,0x0883,0x0863,
  0x0882,0x0863,0x0883,0x0862,0x0883,0x0862,0x0883,0x0863,0x0882,0x0863,0x0883,0x0862,0x0883,0x0862,0x0883,0x0863,
  0x0882,0x0863,0x0883,0x0862,0x0883,0x0862,0x0883,0x0863,0x0882,0x0863,0x0883,0x0862,0x0883,0x0862,0x0883,0x0863,
  0x0882,0x0863,0x0883,0x0862,0x0883,0x0862,0x0883,0x0863,0x0882,0x0863,0x0883,0x0862,0x0883,0x0862,0x0883,0x0863,
  0x0882,0x0863,0x0883,0x0862,0x0883,0x0862,0x0883,0x0863,0x0882,0x0863,0x0883,0x0862,0x0883,0x0862,0x0883,0x0863,
  0x0882,0x0863,0x0883,0x0862,0x0883,0x0862,0x0883,0x0863,0x0882,0x0863,0x0883,0x0862,0x0883,0x0862,0x0883,0x0863,
  0x0882,0x0863,0x0883,0x0862,0x0883,0x0862,0x0883,0x0863,0x0882,0x0863,0x0883,0x0862,0x0883,0x0862,0x0883,0x0863,
  0x0882,0x0863,0x0883,0x0862,0x0883,0x0862,0x0883,0x0863,0x0882,0x0863,0x0883,0x0862,0x0883,0x0862,0x0883,0x0863,
  0x0882,0x0863,0x0883,0x0862,0x0883,0x0862,0x0883,0x0863,0x0882,0x0863,0x0883,0x0862,0x0883,0x0862,0x0883,0x0863,
  0x0882,0x0863,0x0883,0x0862,0x0883,0x0862,0x0883,0x0863,0x0882,0x0863,0x0883,0x0862,0x0883,0x0862,0x0883,0x0863,
  0x0882,0x0863,0x0883,0x0862,0x0883,0x0862,0x0883,0x0863,0x0882,0x0863,0x0883,0x0862,0x0883,0x0862,0x0883,0x0863,
  0x0882,0x0863,0x0883,0x0862,0x0883,0x0862,0x0883,0x0863,0x0882,0x0863,0x0883,0x0862,0x0883,0x0862,0x0883,0x0863,
  0x0882,0x0863,0x0883,0x0862,0x0883,0x0862,0x0883,0x0863,0x0882,0x0863,0x0883,0x0862,0x0883,0x0862,0x0883,0x0863,
  0x0882,0x0863,0x0883,0x0862,0x0883,0x0862,0x0883,0x0863,0x0882,0x0863,0x0883,0x0862,0x0883,0x0862,0x0883,0x0863,
  0x0882,0x0863,0x0883,0x0862,0x0883,0x0862,0x0883,0x0863,0x0882,0x0863,0x0883,0x0862,0x0883,0x0862,0x0883,0x0863,
  0x0882,0x0863,0x0883,0x0862,0x0883,0x0862,0x0883,0x0863,0x0882,0x0863,0x0883,0x0862,0x0883,0x0862,0x0883,0x0863,
  0x0882,0x0863,0x0883,0x0862,0x0883,0x0862,0x0883,0x0863,0x0882,0x0863,0x0883,0x0862,0x0883,0x0862,0x0883,0x0863,
  0x0882,0x0863,0x0883,0x0862,0x0883,0x0862,0x0883,0x0863,0x0882,0x0863,0x0883,0x0862,0x0883,0x0862,0x0883,0x0863,
  0x0882,0x0863,0x0883,0x0862,0x0883,0x0862,0x0883,0x0863,0x0882,0x0863,0x0883,0x0862,0x0883,0x0862,0x0883,0x0863,
  0x0882,0x0863,0x0883,0x0862,0x0883,0x0862,0x0883,0x0863,0x0882,0x0863,0x0883,0x0862,0x0883,0x0862,0x0883,0x0863,
  0x0882,0x0863,0x0883,0x0862,0x0883,0x0862,0x0883,0x0863,0x0882,0x0863,0x0883,0x0862,0x0883,0x0862,0x0883,0x0863,
  0x0882,0x0863,0x0883,0x0862,0x0883,0x0862,0x0883,0x0863,0x0882,0x0863,0x0883,0x0862,0x0883,0x0862,0x0883,0x0863,
  0x0882,0x0863,0x0883,0x0862,0x0883,0x0862,0x0883,0x0863,0x0882,0x0863,0x0883,0x0862,0x0883,0x0862,0x0883,0x0863,
  0x0882,0x0863,0x0883,0x0862,0x0883,0x0862,0x0883,0x0863,0x0882,0x0863,0x0883,0x0862,0x0883,0x0862,0x0883,0x0863,
  0x0882,0x0863,0x0883,0x0862,0x0883,0x0862,0x0883,0x0863,0x0882,0x0863,0x0883,0x0862,0x0883,0x0862,0x0883,0x0863,
  0x0882,0x0863,0x0883,0x0862,0x0883,0x0862,0x0883,0x0863,0x0882,0x0863,0x0883,0x0862,0x0883,0x0862,0x0883,0x0863,
  0x0882,0x0863,0x0883,0x0862,0x0883,0x0862,0x0883,0x0863,0x0882,0x0863,0x0883,0x0862,0x0883,0x0862,0x0883,0x0863,
  0x0863,0x0882,0x0863,0x0863,0x0883,0x0863,0x0862,0x0883,0x0863,0x0862,0x0883,0x0863,0x0863,0x0883,0x0862,0x0863,
  0x0883,0x0862,0x0863,0x0883,0x0863,0x0863,0x0882,0x0863,0x0863,0x0882,0x0863,0x0863,0x0883,0x0863,0x0862,0x0883,
  0x0863,0x0862,0x0883,0x0863,0x0863,0x0883,0x0862,0x0863,0x0883,0x0862,0x0863,0x0883,0x0863,0x0863,0x0882,0x0863,
  0x0863,0x0882,0x0863,0x0863,0x0883,0x0863,0x0862,0x0883,0x0863,0x0862,0x0883,0x0863,0x0863,0x0883,0x0862,0x0863,
  0x0883,0x0862,0x0863,0x0883,0x0863,0x0863,0x0882,0x0863,0x0863,0x0882,0x0863,0x0863,0x0883,0x0863,0x0862,0x0883,
  0x0863,0x0862,0x0883,0x0863,0x0863,0x0883,0x0862,0x0863,0x0883,0x0862,0x0863,0x0883,0x0863,0x0863,0x0882,0x0863,
  0x0863,0x0882,0x0863,0x0863,0x0883,0x0863,0x0862,0x0883,0x0863,0x0862,0x0883,0x0863,0x0863,0x0883,0x0862,0x0863,
  0x0883,0x0862,0x0863,0x0883,0x0863,0x0863,0x0882,0x0863,0x0863,0x0882,0x0863,0x0863,0x0883,0x0863,0x0862,0x0883,
  0x0863,0x0862,0x0883,0x0863,0x0863,0x0883,0x0862,0x0863,0x0883,0x0862,0x0863,0x0883,0x0863,0x0863,0x0882,0x0863,
  0x0863,0x0882,0x0863,0x0863,0x0883,0x0863,0x0862,0x0883,0x0863,0x0862,0x0883,0x0863,0x0863,0x0883,0x0862,0x0863,
  0x0883,0x0862,0x0863,0x0883,0x0863,0x0863,0x0882,0x0863,0x0863,0x0882,0x0863,0x0863,0x0883,0x0863,0x0862,0x0883,
  0x0863,0x0862,0x0883,0x0863,0x0863,0x0883,0x0862,0x0863,0x0883,0x0862,0x0863,0x0883,0x0863,0x0863,0x0882,0x0863,
  0x0863,0x0882,0x0863,0x0863,0x0883,0x0863,0x0862,0x0883,0x0863,0x0862,0x0883,0x0863,0x0863,0x0883,0x0862,0x0863,
  0x0883,0x0862,0x0863,0x0883,0x0863,0x0863,0x0882,0x0863,0x0863,0x0882,0x0863,0x0863,0x0883,0x0863,0x0862,0x0883,
  0x0863,0x0862,0x0883,0x0863,0x0863,0x0883,0x0862,0x0863,0x0883,0x0862,0x0863,0x0883,0x0863,0x0863,0x0882,0x0863,
  0x0863,0x0882,0x0863,0x0863,0x0883,0x0863,0x0862,0x0883,0x0863,0x0862,0x0883,0x0863,0x0863,0x0883,0x0862,0x0863,
  0x0883,0x0862,0x0863,0x0883,0x0863,0x0863,0x0882,0x0863,0x0863,0x0882,0x0863,0x0863,0x0883,0x0863,0x0862,0x0883,
  0x0863,0x0862,0x0883,0x0863,0x0863,0x0883,0x0862,0x0863,0x0883,0x0862,0x0863,0x0883,0x0863,0x0863,0x0882,0x0863,
  0x0863,0x0882,0x0863,0x0863,0x0883,0x0863,0x0862,0x0883,0x0863,0x0862,0x0883,0x0863,0x0863,0x0883,0x0862,0x0863,
  0x0883,0x0862,0x0863,0x0883,0x0863,0x0863,0x0882,0x0863,0x0863,0x0882,0x0863,0x0863,0x0883,0x0863,0x0862,0x0883,
  0x0863,0x0862,0x0883,0x0863,0x0863,0x0883,0x0862,0x0863,0x0883,0x0862,0x0863,0x0883,0x0863,0x0863,0x0882,0x0863,
  0x0863,0x0882,0x0863,0x0863,0x0883,0x0863,0x0862,0x0883,0x0863,0x0862,0x0883,0x0863,0x0863,0x0883,0x0862,0x0863,
  0x0883,0x0862,0x0863,0x0883,0x0863,0x0863,0x0882,0x0863,0x0863,0x0882,0x0863,0x0863,0x0883,0x0863,0x0862,0x0883,
  0x0863,0x0862,0x0883,0x0863,0x0863,0x0883,0x0862,0x0863,0x0883,0x0862,0x0863,0x0883,0x0863,0x0863,0x0882,0x0863,
  0x0863,0x0882,0x0863,0x0863,0x0883,0x0863,0x0862,0x0883,0x0863,0x0862,0x0883,0x0863,0x0863,0x0883,0x0862,0x0863,
  0x0883,0x0862,0x0863,0x0883,0x0863,0x0863,0x0882,0x0863,0x0863,0x0882,0x0863,0x0863,0x0883,0x0863,0x0862,0x0883,
  0x0863,0x0862,0x0883,0x0863,0x0863,0x0883,0x0862,0x0863,0x0883,0x0862,0x0863,0x0883,0x0863,0x0863,0x0882,0x0863,
  0x0863,0x0882,0x0863,0x0863,0x0883,0x0863,0x0862,0x0883,0x0863,0x0862,0x0883,0x0863,0x0863,0x0883,0x0862,0x0863,
  0x0883,0x0862,0x0863,0x0883,0x0863,0x0863,0x0882,0x0863,0x0863,0x0882,0x0863,0x0863,0x0883,0x0863,0x0862,0x0883,
  0x0863,0x0862,0x0883,0x0863,0x0863,0x0883,0x0862,0x0863,0x0883,0x0862,0x0863,0x0883,0x0863,0x0863,0x0882,0x0863,
  0x0863,0x0883,0x0862,0x0883,0x0862,0x0883,0x0863,0x0882,0x0863,0x0883,0x0862,0x0883,0x0862,0x0883,0x0863,0x0882,
  0x0863,0x0883,0x0862,0x0883,0x0862,0x0883,0x0863,0x0882,0x0863,0x0883,0x0862,0x0883,0x0862,0x0883,0x0863,0x0882,
  0x0863,0x0883,0x0862,0x0883,0x0862,0x0883,0x0863,0x0882,0x0863,0x0883,0x0862,0x0883,0x0862,0x0883,0x0863,0x0882,
  0x0863,0x0883,0x0862,0x0883,0x0862,0x0883,0x0863,0x0882,0x0863,0x0883,0x0862,0x0883,0x0862,0x0883,0x0863,0x0882,
  0x0863,0x0883,0x0862,0x0883,0x0862,0x0883,0x0863,0x0882,0x0863,0x0883,0x0862,0x0883,0x0862,0x0883,0x0863,0x0882,
  0x0863,0x0883,0x0862,0x0883,0x0862,0x0883,0x0863,0x0882,0x0863,0x0883,0x0862,0x0883,0x0862,0x0883,0x0863,0x0882,
  0x0863,0x0883,0x0862,0x0883,0x0862,0x0883,0x0863,0x0882,0x0863,0x0883,0x0862,0x0883,0x0862,0x0883,0x0863,0x0882,
  0x0863,0x0883,0x0862,0x0883,0x0862,0x0883,0x0863,0x0882,0x0863,0x0883,0x0862,0x0883,0x0862,0x0883,0x0863,0x0882,
  0x0863,0x0883,0x0862,0x0883,0x0862,0x0883,0x0863,0x0882,0x0863,0x0883,0x0862,0x0883,0x0862,0x0883,0x0863,0x0882,
  0x0863,0x0883,0x0862,0x0883,0x0862,0x0883,0x0863,0x0882,0x0863,0x0883,0x0862,0x0883,0x0862,0x0883,0x0863,0x0882,
  0x0863,0x0883,0x0862,0x0883,0x0862,0x0883,0x0863,0x0882,0x0863,0x0883,0x0862,0x0883,0x0862,0x0883,0x0863,0x0882,
  0x0863,0x0883,0x0862,0x0883,0x0862,0x0883,0x0863,0x0882,0x0863,0x0883,0x0862,0x0883,0x0862,0x0883,0x0863,0x0882,
  0x0863,0x0883,0x0862,0x0883,0x0862,0x0883,0x0863,0x0882,0x0863,0x0883,0x0862,0x0883,0x0862,0x0883,0x0863,0x0882,
  0x0863,0x0883,0x0862,0x0883,0x0862,0x0883,0x0863,0x0882,0x0863,0x0883,0x0862,0x0883,0x0862,0x0883,0x0863,0x0882,
  0x0863,0x0883,0x0862,0x0883,0x0862,0x0883,0x0863,0x0882,0x0863,0x0883,0x0862,0x0883,0x0862,0x0883,0x0863,0x0882,
  0x0863,0x0883,0x0862,0x0883,0x0862,0x0883,0x0863,0x0882,0x0863,0x0883,0x0862,0x0883,0x0862,0x0883,0x0863,0x0882,
  0x0863,0x0883,0x0862,0x0883,0x0862,0x0883,0x0863,0x0882,0x0863,0x0883,0x0862,0x0883,0x0862,0x0883,0x0863,0x0882,
  0x0863,0x0883,0x0862,0x0883,0x0862,0x0883,0x0863,0x0882,0x0863,0x0883,0x0862,0x0883,0x0862,0x0883,0x0863,0x0882,
  0x0863,0x0883,0x0862,0x0883,0x0862,0x0883,0x0863,0x0882,0x0863,0x0883,0x0862,0x0883,0x0862,0x0883,0x0863,0x0882,
  0x0863,0x0883,0x0862,0x0883,0x0862,0x0883,0x0863,0x0882,0x0863,0x0883,0x0862,0x0883,0x0862,0x0883,0x0863,0x0882,
  0x0863,0x0883,0x0862,0x0883,0x0862,0x0883,0x0863,0x0882,0x0863,0x0883,0x0862,0x0883,0x0862,0x0883,0x0863,0x0882,
  0x0863,0x0883,0x0862,0x0883,0x0862,0x0883,0x0863,0x0882,0x0863,0x0883,0x0862,0x0883,0x0862,0x0883,0x0863,0x0882,
  0x0863,0x0883,0x0862,0x0883,0x0862,0x0883,0x0863,0x0882,0x0863,0x0883,0x0862,0x0883,0x0862,0x0883,0x0863,0x0882,
  0x0863,0x0883,0x0862,0x0883,0x0862,0x0883,0x0863,0x0882,0x0863,0x0883,0x0862,0x0883,0x0862,0x0883,0x0863,0x0882,
  0x0863,0x0883,0x0862,0x0883,0x0862,0x0883,0x0863,0x0882,0x0863,0x0883,0x0862,0x0883,0x0862,0x0883,0x0863,0x0882,
  0x0863,0x0883,0x0862,0x0883,0x0862,0x0883,0x0863,0x0882,0x0863,0x0883,0x0862,0x0883,0x0862,0x0883,0x0863,0x0882,
  0x0863,0x0883,0x0862,0x0883,0x0862,0x0883,0x0863,0x0882,0x0863,0x0883,0x0862,0x0883,0x0862,0x0883,0x0863,0x0882,
  0x0863,0x0883,0x0862,0x0883,0x0862,0x0883,0x0863,0x0882,0x0863,0x0883,0x0862,0x0883,0x0862,0x0883,0x0863,0x0882,
  0x0863,0x0883,0x0862,0x0883,0x0862,0x0883,0x0863,0x0882,0x0863,0x0883,0x0862,0x0883,0x0862,0x0883,0x0863,0x0882,
  0x0863,0x0883,0x0862,0x0883,0x0862,0x0883,0x0863,0x0882,0x0863,0x0883,0x0862,0x0883,0x0862,0x0883,0x0863,0x0882,
  0x0883,0x0862,0x0883,0x0863,0x0883,0x0862,0x0883,0x0863,0x0882,0x0863,0x0883,0x0862,0x0883,0x0862,0x0883,0x0863,
  0x0882,0x0863,0x0883,0x0862,0x0883,0x0862,0x0883,0x0863,0x0882,0x0863,0x0883,0x0862,0x0883,0x0862,0x0883,0x0863,
  0x0882,0x0863,0x0883,0x0862,0x0883,0x0862,0x0883,0x0863,0x0882,0x0863,0x0883,0x0862,0x0883,0x0862,0x0883,0x0863,
  0x0882,0x0863,0x0883,0x0862,0x0883,0x0862,0x0883,0x0863,0x0882,0x0863,0x0883,0x0862,0x0883,0x0862,0x0883,0x0863,
  0x0882,0x0863,0x0883,0x0862,0x0883,0x0862,0x0883,0x0863,0x0882,0x0863,0x0883,0x0862,0x0883,0x0862,0x0883,0x0863,
  0x0882,0x0863,0x0883,0x0862,0x0883,0x0862,0x0883,0x0863,0x0882,0x0863,0x0883,0x0862,0x0883,0x0862,0x0883,0x0863,
  0x0882,0x0863,0x0883,0x0862,0x0883,0x0862,0x0883,0x0863,0x0882,0x0863,0x0883,0x0862,0x0883,0x0862,0x0883,0x0863,
  0x0882,0x0863,0x0883,0x0862,0x0883,0x0862,0x0883,0x0863,0x0882,0x0863,0x0883,0x0862,0x0883,0x0862,0x0883,0x0863,
  0x0882,0x0863,0x0883,0x0862,0x0883,0x0862,0x0883,0x0863,0x0882,0x0863,0x0883,0x0862,0x0883,0x0862,0x0883,0x0863,
  0x0882,0x0863,0x0883,0x0862,0x0883,0x0862,0x0883,0x0863,0x0882,0x0863,0x0883,0x0862,0x0883,0x0862,0x0883,0x0863,
  0x0882,0x0863,0x0883,0x0862,0x0883,0x0862,0x0883,0x0863,0x0882,0x0863,0x0883,0x0862,0x0883,0x0862,0x0883,0x0863,
  0x0882,0x0863,0x0883,0x0862,0x0883,0x0862,0x0883,0x0863,0x0882,0x0863,0x0883,0x0862,0x0883,0x0862,0x0883,0x0863,
  0x0882,0x0863,0x0883,0x0862,0x0883,0x0862,0x0883,0x0863,0x0882,0x0863,0x0883,0x0862,0x0883,0x0862,0x0883,0x0863,
  0x0882,0x0863,0x0883,0x0862,0x0883,0x0862,0x0883,0x0863,0x0882,0x0863,0x0883,0x0862,0x0883,0x0862,0x0883,0x0863,
  0x0882,0x0863,0x0883,0x0862,0x0883,0x0862,0x0883,0x0863,0x0882,0x0863,0x0883,0x0862,0x0883,0x0862,0x0883,0x0863,
  0x0882,0x0863,0x0883,0x0862,0x0883,0x0862,0x0883,0x0863,0x0882,0x0863,0x0883,0x0862,0x0883,0x0862,0x0883,0x0863,
  0x0882,0x0863,0x0883,0x0862,0x0883,0x0862,0x0883,0x0863,0x0882,0x0863,0x0883,0x0862,0x0883,0x0862,0x0883,0x0863,
  0x0882,0x0863,0x0883,0x0862,0x0883,0x0862,0x0883,0x0863,0x0882,0x0863,0x0883,0x0862,0x0883,0x0862,0x0883,0x0863,
  0x0882,0x0863,0x0883,0x0862,0x0883,0x0862,0x0883,0x0863,0x0882,0x0863,0x0883,0x0862,0x0883,0x0862,0x0883,0x0863,
  0x0882,0x0863,0x0883,0x0862,0x0883,0x0862,0x0883,0x0863,0x0882,0x0863,0x0883,0x0862,0x0883,0x0862,0x0883,0x0863,
  0x0882,0x0863,0x0883,0x0862,0x0883,0x0862,0x0883,0x0863,0x0882,0x0863,0x0883,0x0862,0x0883,0x0862,0x0883,0x0863,
  0x0882,0x0863,0x0883,0x0862,0x0883,0x0862,0x0883,0x0863,0x0882,0x0863,0x0883,0x0862,0x0883,0x0862,0x0883,0x0863,
  0x0882,0x0863,0x0883,0x0862,0x0883,0x0862,0x0883,0x0863,0x0882,0x0863,0x0883,0x0862,0x0883,0x0862,0x0883,0x0863,
  0x0882,0x0863,0x0883,0x0862,0x0883,0x0862,0x0883,0x0863,0x0882,0x0863,0x0883,0x0862,0x0883,0x0862,0x0883,0x0863,
  0x0882,0x0863,0x0883,0x0862,0x0883,0x0862,0x0883,0x0863,0x0882,0x0863,0x0883,0x0862,0x0883,0x0862,0x0883,0x0863,
  0x0882,0x0863,0x0883,0x0862,0x0883,0x0862,0x0883,0x0863,0x0882,0x0863,0x0883,0x0862,0x0883,0x0862,0x0883,0x0863,
  0x0882,0x0863,0x0883,0x0862,0x0883,0x0862,0x0883,0x0863,0x0882,0x0863,0x0883,0x0862,0x0883,0x0862,0x0883,0x0863,
  0x0882,0x0863,0x0883,0x0862,0x0883,0x0862,0x0883,0x0863,0x0882,0x0863,0x0883,0x0862,0x0883,0x0862,0x0883,0x0863,
  0x0882,0x0863,0x0883,0x0862,0x0883,0x0862,0x0883,0x0863,0x0882,0x0863,0x0883,0x0862,0x0883,0x0862,0x0883,0x0863,
  0x0882,0x0863,0x0883,0x0862,0x0883,0x0862,0x0883,0x0863,0x0882,0x0863,0x0883,0x0862,0x0883,0x0862,0x0883,0x0863,
  0x0863,0x0883,0x0862,0x0883,0x0862,0x0883,0x0862,0x0883,0x0863,0x0882,0x0863,0x0883,0x0863,0x0883,0x0862,0x0883,
  0x0863,0x0882,0x0863,0x0883,0x0863,0x0883,0x0862,0x0883,0x0863,0x0882,0x0863,0x0883,0x0863,0x0883,0x0862,0x0883,
  0x0863,0x0882,0x0863,0x0883,0x0863,0x0883,0x0862,0x0883,0x0863,0x0882,0x0863,0x0883,0x0863,0x0883,0x0862,0x0883,
  0x0863,0x0882,0x0863,0x0883,0x0863,0x0883,0x0862,0x0883,0x0863,0x0882,0x0863,0x0883,0x0863,0x0883,0x0862,0x0883,
  0x0863,0x0882,0x0863,0x0883,0x0863,0x0883,0x0862,0x0883,0x0863,0x0882,0x0863,0x0883,0x0863,0x0883,0x0862,0x0883,
  0x0863,0x0882,0x0863,0x0883,0x0863,0x0883,0x0862,0x0883,0x0863,0x0882,0x0863,0x0883,0x0863,0x0883,0x0862,0x0883,
  0x0863,0x0882,0x0863,0x0883,0x0863,0x0883,0x0862,0x0883,0x0863,0x0882,0x0863,0x0883,0x0863,0x0883,0x0862,0x0883,
  0x0863,0x0882,0x0863,0x0883,0x0863,0x0883,0x0862,0x0883,0x0863,0x0882,0x0863,0x0883,0x0863,0x0883,0x0862,0x0883,
  0x0863,0x0882,0x0863,0x0883,0x0863,0x0883,0x0862,0x0883,0x0863,0x0882,0x0863,0x0883,0x0863,0x0883,0x0862,0x0883,
  0x0863,0x0882,0x0863,0x0883,0x0863,0x0883,0x0862,0x0883,0x0863,0x0882,0x0863,0x0883,0x0863,0x0883,0x0862,0x0883,
  0x0863,0x0882,0x0863,0x0883,0x0863,0x0883,0x0862,0x0883,0x0863,0x0882,0x0863,0x0883,0x0863,0x0883,0x0862,0x0883,
  0x0863,0x0882,0x0863,0x0883,0x0863,0x0883,0x0862,0x0883,0x0863,0x0882,0x0863,0x0883,0x0863,0x0883,0x0862,0x0883,
  0x0863,0x0882,0x0863,0x0883,0x0863,0x0883,0x0862,0x0883,0x0863,0x0882,0x0863,0x0883,0x0863,0x0883,0x0862,0x0883,
  0x0863,0x0882,0x0863,0x0883,0x0863,0x0883,0x0862,0x0883,0x0863,0x0882,0x0863,0x0883,0x0863,0x0883,0x0862,0x0883,
  0x0863,0x0882,0x0863,0x0883,0x0863,0x0883,0x0862,0x0883,0x0863,0x0882,0x0863,0x0883,0x0863,0x0883,0x0862,0x0883,
  0x0863,0x0882,0x0863,0x0883,0x0863,0x0883,0x0862,0x0883,0x0863,0x0882,0x0863,0x0883,0x0863,0x0883,0x0862,0x0883,
  0x0863,0x0882,0x0863,0x0883,0x0863,0x0883,0x0862,0x0883,0x0863,0x0882,0x0863,0x0883,0x0863,0x0883,0x0862,0x0883,
  0x0863,0x0882,0x0863,0x0883,0x0863,0x0883,0x0862,0x0883,0x0863,0x0882,0x0863,0x0883,0x0863,0x0883,0x0862,0x0883,
  0x0863,0x0882,0x0863,0x0883,0x0863,0x0883,0x0862,0x0883,0x0863,0x0882,0x0863,0x0883,0x0863,0x0883,0x0862,0x0883,
  0x0863,0x0882,0x0863,0x0883,0x0863,0x0883,0x0862,0x0883,0x0863,0x0882,0x0863,0x0883,0x0863,0x0883,0x0862,0x0883,
  0x0863,0x0882,0x0863,0x0883,0x0863,0x0883,0x0862,0x0883,0x0863,0x0882,0x0863,0x0883,0x0863,0x0883,0x0862,0x0883,
  0x0863,0x0882,0x0863,0x0883,0x0863,0x0883,0x0862,0x0883,0x0863,0x0882,0x0863,0x0883,0x0863,0x0883,0x0862,0x0883,
  0x0863,0x0882,0x0863,0x0883,0x0863,0x0883,0x0862,0x0883,0x0863,0x0882,0x0863,0x0883,0x0863,0x0883,0x0862,0x0883,
  0x0863,0x0882,0x0863,0x0883,0x0863,0x0883,0x0862,0x0883,0x0863,0x0882,0x0863,0x0883,0x0863,0x0883,0x0862,0x0883,
  0x0863,0x0882,0x0863,0x0883,0x0863,0x0883,0x0862,0x0883,0x0863,0x0882,0x0863,0x0883,0x0863,0x0883,0x0862,0x0883,
  0x0863,0x0882,0x0863,0x0883,0x0863,0x0883,0x0862,0x0883,0x0863,0x0882,0x0863,0x0883,0x0863,0x0883,0x0862,0x0883,
  0x0863,0x0882,0x0863,0x0883,0x0863,0x0883,0x0862,0x0883,0x0863,0x0882,0x0863,0x0883,0x0863,0x0883,0x0862,0x0883,
  0x0863,0x0882,0x0863,0x0883,0x0863,0x0883,0x0862,0x0883,0x0863,0x0882,0x0863,0x0883,0x0863,0x0883,0x0862,0x0883,
  0x0863,0x0882,0x0863,0x0883,0x0863,0x0883,0x0862,0x0883,0x0863,0x0882,0x0863,0x0883,0x0863,0x0883,0x0862,0x0883,
  0x0863,0x0882,0x0863,0x0883,0x0863,0x0883,0x0862,0x0883,0x0863,0x0882,0x0863,0x0883,0x0863,0x0883,0x0862,0x0883,
  0x0862,0x0883,0x0863,0x0863,0x0883,0x0863,0x0863,0x0882,0x0863,0x0863,0x0882,0x0863,0x0862,0x0883,0x0863,0x0862,
  0x0883,0x0863,0x0862,0x0883,0x0862,0x0863,0x0883,0x0862,0x0863,0x0883,0x0862,0x0863,0x0882,0x0863,0x0863,0x0882,
  0x0863,0x0863,0x0882,0x0863,0x0862,0x0883,0x0863,0x0862,0x0883,0x0863,0x0862,0x0883,0x0862,0x0863,0x0883,0x0862,
  0x0863,0x0883,0x0862,0x0863,0x0882,0x0863,0x0863,0x0882,0x0863,0x0863,0x0882,0x0863,0x0862,0x0883,0x0863,0x0862,
  0x0883,0x0863,0x0862,0x0883,0x0862,0x0863,0x0883,0x0862,0x0863,0x0883,0x0862,0x0863,0x0882,0x0863,0x0863,0x0882,
  0x0863,0x0863,0x0882,0x0863,0x0862,0x0883,0x0863,0x0862,0x0883,0x0863,0x0862,0x0883,0x0862,0x0863,0x0883,0x0862,
  0x0863,0x0883,0x0862,0x0863,0x0882,0x0863,0x0863,0x0882,0x0863,0x0863,0x0882,0x0863,0x0862,0x0883,0x0863,0x0862,
  0x0883,0x0863,0x0862,0x0883,0x0862,0x0863,0x0883,0x0862,0x0863,0x0883,0x0862,0x0863,0x0882,0x0863,0x0863,0x0882,
  0x0863,0x0863,0x0882,0x0863,0x0862,0x0883,0x0863,0x0862,0x0883,0x0863,0x0862,0x0883,0x0862,0x0863,0x0883,0x0862,
  0x0863,0x0883,0x0862,0x0863,0x0882,0x0863,0x0863,0x0882,0x0863,0x0863,0x0882,0x0863,0x0862,0x0883,0x0863,0x0862,
  0x0883,0x0863,0x0862,0x0883,0x0862,0x0863,0x0883,0x0862,0x0863,0x0883,0x0862,0x0863,0x0882,0x0863,0x0863,0x0882,
  0x0863,0x0863,0x0882,0x0863,0x0862,0x0883,0x0863,0x0862,0x0883,0x0863,0x0862,0x0883,0x0862,0x0863,0x0883,0x0862,
  0x0863,0x0883,0x0862,0x0863,0x0882,0x0863,0x0863,0x0882,0x0863,0x0863,0x0882,0x0863,0x0862,0x0883,0x0863,0x0862,
  0x0883,0x0863,0x0862,0x0883,0x0862,0x0863,0x0883,0x0862,0x0863,0x0883,0x0862,0x0863,0x0882,0x0863,0x0863,0x0882,
  0x0863,0x0863,0x0882,0x0863,0x0862,0x0883,0x0863,0x0862,0x0883,0x0863,0x0862,0x0883,0x0862,0x0863,0x0883,0x0862,
  0x0863,0x0883,0x0862,0x0863,0x0882,0x0863,0x0863,0x0882,0x0863,0x0863,0x0882,0x0863,0x0862,0x0883,0x0863,0x0862,
  0x0883,0x0863,0x0862,0x0883,0x0862,0x0863,0x0883,0x0862,0x0863,0x0883,0x0862,0x0863,0x0882,0x0863,0x0863,0x0882,
  0x0863,0x0863,0x0882,0x0863,0x0862,0x0883,0x0863,0x0862,0x0883,0x0863,0x0862,0x0883,0x0862,0x0863,0x0883,0x0862,
  0x0863,0x0883,0x0862,0x0863,0x0882,0x0863,0x0863,0x0882,0x0863,0x0863,0x0882,0x0863,0x0862,0x0883,0x0863,0x0862,
  0x0883,0x0863,0x0862,0x0883,0x0862,0x0863,0x0883,0x0862,0x0863,0x0883,0x0862,0x0863,0x0882,0x0863,0x0863,0x0882,
  0x0863,0x0863,0x0882,0x0863,0x0862,0x0883,0x0863,0x0862,0x0883,0x0863,0x0862,0x0883,0x0862,0x0863,0x0883,0x0862,
  0x0863,0x0883,0x0862,0x0863,0x0882,0x0863,0x0863,0x0882,0x0863,0x0863,0x0882,0x0863,0x0862,0x0883,0x0863,0x0862,
  0x0883,0x0863,0x0862,0x0883,0x0862,0x0863,0x0883,0x0862,0x0863,0x0883,0x0862,0x0863,0x0882,0x0863,0x0863,0x0882,
  0x0863,0x0863,0x0882,0x0863,0x0862,0x0883,0x0863,0x0862,0x0883,0x0863,0x0862,0x0883,0x0862,0x0863,0x0883,0x0862,
  0x0863,0x0883,0x0862,0x0863,0x0882,0x0863,0x0863,0x0882,0x0863,0x0863,0x0882,0x0863,0x0862,0x0883,0x0863,0x0862,
  0x0883,0x0863,0x0862,0x0883,0x0862,0x0863,0x0883,0x0862,0x0863,0x0883,0x0862,0x0863,0x0882,0x0863,0x0863,0x0882,
  0x0863,0x0863,0x0882,0x0863,0x0862,0x0883,0x0863,0x0862,0x0883,0x0863,0x0862,0x0883,0x0862,0x0863,0x0883,0x0862,
  0x0863,0x0883,0x0862,0x0863,0x0882,0x0863,0x0863,0x0882,0x0863,0x0863,0x0882,0x0863,0x0862,0x0883,0x0863,0x0862,
  0x0883,0x0863,0x0862,0x0883,0x0862,0x0863,0x0883,0x0862,0x0863,0x0883,0x0862,0x0863,0x0882,0x0863,0x0863,0x0882,
  0x0863,0x0863,0x0882,0x0863,0x0862,0x0883,0x0863,0x0862,0x0883,0x0863,0x0862,0x0883,0x0862,0x0863,0x0883,0x0862,
  0x0883,0x0883,0x0882,0x0883,0x0882,0x0883,0x0883,0x0863,0x0883,0x0883,0x0883,0x0883,0x0883,0x0863,0x0883,0x0883,
  0x0883,0x0883,0x0883,0x0863,0x0883,0x0883,0x0883,0x0883,0x0883,0x0863,0x0883,0x0883,0x0883,0x0883,0x0883,0x0863,
  0x0883,0x0883,0x0883,0x0883,0x0883,0x0863,0x0883,0x0883,0x0883,0x0883,0x0883,0x0863,0x0883,0x0883,0x0883,0x0883,
  0x0883,0x0863,0x0883,0x0883,0x0883,0x0883,0x0883,0x0863,0x0883,0x0883,0x0883,0x0883,0x0883,0x0863,0x0883,0x0883,
  0x0883,0x0883,0x0883,0x0863,0x0883,0x0883,0x0883,0x0883,0x0883,0x0863,0x0883,0x0883,0x0883,0x0883,0x0883,0x0863,
  0x0883,0x0883,0x0883,0x0883,0x0883,0x0863,0x0883,0x0883,0x0883,0x0883,0x0883,0x0863,0x0883,0x0883,0x0883,0x0883,
  0x0883,0x0863,0x0883,0x0883,0x0883,0x0883,0x0883,0x0863,0x0883,0x0883,0x0883,0x0883,0x0883,0x0863,0x0883,0x0883,
  0x0883,0x0883,0x0883,0x0863,0x0883,0x0883,0x0883,0x0883,0x0883,0x0863,0x0883,0x0883,0x0883,0x0883,0x0883,0x0863,
  0x0883,0x0883,0x0883,0x0883,0x0883,0x0863,0x0883,0x0883,0x0883,0x0883,0x0883,0x0863,0x0883,0x0883,0x0883,0x0883,
  0x0883,0x0863,0x0883,0x0883,0x0883,0x0883,0x0883,0x0863,0x0883,0x0883,0x0883,0x0883,0x0883,0x0863,0x0883,0x0883,
  0x0883,0x0883,0x0883,0x0863,0x0883,0x0883,0x0883,0x0883,0x0883,0x0863,0x0883,0x0883,0x0883,0x0883,0x0883,0x0863,
  0x0883,0x0883,0x0883,0x0883,0x0883,0x0863,0x0883,0x0883,0x0883,0x0883,0x0883,0x0863,0x0883,0x0883,0x0883,0x0883,
  0x0883,0x0863,0x0883,0x0883,0x0883,0x0883,0x0883,0x0863,0x0883,0x0883,0x0883,0x0883,0x0883,0x0863,0x0883,0x0883,
  0x0883,0x0883,0x0883,0x0863,0x0883,0x0883,0x0883,0x0883,0x0883,0x0863,0x0883,0x0883,0x0883,0x0883,0x0883,0x0863,
  0x0883,0x0883,0x0883,0x0883,0x0883,0x0863,0x0883,0x0883,0x0883,0x0883,0x0883,0x0863,0x0883,0x0883,0x0883,0x0883,
  0x0883,0x0863,0x0883,0x0883,0x0883,0x0883,0x0883,0x0863,0x0883,0x0883,0x0883,0x0883,0x0883,0x0863,0x0883,0x0883,
  0x0883,0x0883,0x0883,0x0863,0x0883,0x0883,0x0883,0x0883,0x0883,0x0863,0x0883,0x0883,0x0883,0x0883,0x0883,0x0863,
  0x0883,0x0883,0x0883,0x0883,0x0883,0x0863,0x0883,0x0883,0x0883,0x0883,0x0883,0x0863,0x0883,0x0883,0x0883,0x0883,
  0x0883,0x0863,0x0883,0x0883,0x0883,0x0883,0x0883,0x0863,0x0883,0x0883,0x0883,0x0883,0x0883,0x0863,0x0883,0x0883,
  0x0883,0x0883,0x0883,0x0863,0x0883,0x0883,0x0883,0x0883,0x0883,0x0863,0x0883,0x0883,0x0883,0x0883,0x0883,0x0863,
  0x0883,0x0883,0x0883,0x0883,0x0883,0x0863,0x0883,0x0883,0x0883,0x0883,0x0883,0x0863,0x0883,0x0883,0x0883,0x0883,
  0x0883,0x0863,0x0883,0x0883,0x0883,0x0883,0x0883,0x0863,0x0883,0x0883,0x0883,0x0883,0x0883,0x0863,0x0883,0x0883,
  0x0883,0x0883,0x0883,0x0863,0x0883,0x0883,0x0883,0x0883,0x0883,0x0863,0x0883,0x0883,0x0883,0x0883,0x0883,0x0863,
  0x0883,0x0883,0x0883,0x0883,0x0883,0x0863,0x0883,0x0883,0x0883,0x0883,0x0883,0x0863,0x0883,0x0883,0x0883,0x0883,
  0x0883,0x0863,0x0883,0x0883,0x0883,0x0883,0x0883,0x0863,0x0883,0x0883,0x0883,0x0883,0x0883,0x0863,0x0883,0x0883,
  0x0883,0x0883,0x0883,0x0863,0x0883,0x0883,0x0883,0x0883,0x0883,0x0863,0x0883,0x0883,0x0883,0x0883,0x0883,0x0863,
  0x0883,0x0883,0x0883,0x0883,0x0883,0x0863,0x0883,0x0883,0x0883,0x0883,0x0883,0x0863,0x0883,0x0883,0x0883,0x0883,
  0x0883,0x0863,0x0883,0x0883,0x0883,0x0883,0x0883,0x0863,0x0883,0x0883,0x0883,0x0883,0x0883,0x0863,0x0883,0x0883,
  0x0883,0x0883,0x0883,0x0863,0x0883,0x0883,0x0883,0x0883,0x0883,0x0863,0x0883,0x0883,0x0883,0x0883,0x0883,0x0863,
  0x0883,0x0883,0x0883,0x0883,0x0883,0x0863,0x0883,0x0883,0x0883,0x0883,0x0883,0x0863,0x0883,0x0883,0x0883,0x0883,
  0x0883,0x0863,0x0883,0x0863,0x0883,0x0863,0x0882,0x0883,0x0882,0x0863,0x0882,0x0863,0x0882,0x0883,0x0882,0x0863,
  0x0882,0x0863,0x0882,0x0883,0x0882,0x0863,0x0882,0x0863,0x0882,0x0883,0x0882,0x0863,0x0882,0x0863,0x0882,0x0883,
  0x0882,0x0863,0x0882,0x0863,0x0882,0x0883,0x0882,0x0863,0x0882,0x0863,0x0882,0x0883,0x0882,0x0863,0x0882,0x0863,
  0x0882,0x0883,0x0882,0x0863,0x0882,0x0863,0x0882,0x0883,0x0882,0x0863,0x0882,0x0863,0x0882,0x0883,0x0882,0x0863,
  0x0882,0x0863,0x0882,0x0883,0x0882,0x0863,0x0882,0x0863,0x0882,0x0883,0x0882,0x0863,0x0882,0x0863,0x0882,0x0883,
  0x0882,0x0863,0x0882,0x0863,0x0882,0x0883,0x0882,0x0863,0x0882,0x0863,0x0882,0x0883,0x0882,0x0863,0x0882,0x0863,
  0x0882,0x0883,0x0882,0x0863,0x0882,0x0863,0x0882,0x0883,0x0882,0x0863,0x0882,0x0863,0x0882,0x0883,0x0882,0x0863,
  0x0882,0x0863,0x0882,0x0883,0x0882,0x0863,0x0882,0x0863,0x0882,0x0883,0x0882,0x0863,0x0882,0x0863,0x0882,0x0883,
  0x0882,0x0863,0x0882,0x0863,0x0882,0x0883,0x0882,0x0863,0x0882,0x0863,0x0882,0x0883,0x0882,0x0863,0x0882,0x0863,
  0x0882,0x0883,0x0882,0x0863,0x0882,0x0863,0x0882,0x0883,0x0882,0x0863,0x0882,0x0863,0x0882,0x0883,0x0882,0x0863,
  0x0882,0x0863,0x0882,0x0883,0x0882,0x0863,0x0882,0x0863,0x0882,0x0883,0x0882,0x0863,0x0882,0x0863,0x0882,0x0883,
  0x0882,0x0863,0x0882,0x0863,0x0882,0x0883,0x0882,0x0863,0x0882,0x0863,0x0882,0x0883,0x0882,0x0863,0x0882,0x0863,
  0x0882,0x0883,0x0882,0x0863,0x0882,0x0863,0x0882,0x0883,0x0882,0x0863,0x0882,0x0863,0x0882,0x0883,0x0882,0x0863,
  0x0882,0x0863,0x0882,0x0883,0x0882,0x0863,0x0882,0x0863,0x0882,0x0883,0x0882,0x0863,0x0882,0x0863,0x0882,0x0883,
  0x0882,0x0863,0x0882,0x0863,0x0882,0x0883,0x0882,0x0863,0x0882,0x0863,0x0882,0x0883,0x0882,0x0863,0x0882,0x0863,
  0x0882,0x0883,0x0882,0x0863,0x0882,0x0863,0x0882,0x0883,0x0882,0x0863,0x0882,0x0863,0x0882,0x0883,0x0882,0x0863,
  0x0882,0x0863,0x0882,0x0883,0x0882,0x0863,0x0882,0x0863,0x0882,0x0883,0x0882,0x0863,0x0882,0x0863,0x0882,0x0883,
  0x0882,0x0863,0x0882,0x0863,0x0882,0x0883,0x0882,0x0863,0x0882,0x0863,0x0882,0x0883,0x0882,0x0863,0x0882,0x0863,
  0x0882,0x0883,0x0882,0x0863,0x0882,0x0863,0x0882,0x0883,0x0882,0x0863,0x0882,0x0863,0x0882,0x0883,0x0882,0x0863,
  0x0882,0x0863,0x0882,0x0883,0x0882,0x0863,0x0882,0x0863,0x0882,0x0883,0x0882,0x0863,0x0882,0x0863,0x0882,0x0883,
  0x0882,0x0863,0x0882,0x0863,0x0882,0x0883,0x0882,0x0863,0x0882,0x0863,0x0882,0x0883,0x0882,0x0863,0x0882,0x0863,
  0x0882,0x0883,0x0882,0x0863,0x0882,0x0863,0x0882,0x0883,0x0882,0x0863,0x0882,0x0863,0x0882,0x0883,0x0882,0x0863,
  0x0882,0x0863,0x0882,0x0883,0x0882,0x0863,0x0882,0x0863,0x0882,0x0883,0x0882,0x0863,0x0882,0x0863,0x0882,0x0883,
  0x0882,0x0863,0x0882,0x0863,0x0882,0x0883,0x0882,0x0863,0x0882,0x0863,0x0882,0x0883,0x0882,0x0863,0x0882,0x0863,
  0x0882,0x0883,0x0882,0x0863,0x0882,0x0863,0x0882,0x0883,0x0882,0x0863,0x0882,0x0863,0x0882,0x0883,0x0882,0x0863,
  0x0882,0x0863,0x0882,0x0883,0x0882,0x0863,0x0882,0x0863,0x0882,0x0883,0x0882,0x0863,0x0882,0x0863,0x0882,0x0883,
  0x0882,0x0863,0x0882,0x0863,0x0882,0x0883,0x0882,0x0863,0x0882,0x0863,0x0882,0x0883,0x0882,0x0863,0x0882,0x0863,
  0x0882,0x0883,0x0882,0x0863,0x0882,0x0863,0x0882,0x0883,0x0882,0x0863,0x0882,0x0863,0x0882,0x0883,0x0882,0x0863,
  0x0882,0x0863,0x0882,0x0883,0x0882,0x0863,0x0882,0x0863,0x0882,0x0883,0x0882,0x0863,0x0882,0x0863,0x0882,0x0883,
  0x0882,0x0863,0x0882,0x0863,0x0882,0x0883,0x0882,0x0863,0x0882,0x0863,0x0882,0x0883,0x0882,0x0863,0x0882,0x0863,
  0x0883,0x0882,0x0863,0x0883,0x0882,0x0883,0x0863,0x0883,0x0883,0x0883,0x0863,0x0883,0x0883,0x0863,0x0883,0x0883,
  0x0883,0x0883,0x0863,0x0883,0x0883,0x0883,0x0863,0x0883,0x0883,0x0863,0x0883,0x0883,0x0883,0x0883,0x0863,0x0883,
  0x0883,0x0883,0x0863,0x0883,0x0883,0x0863,0x0883,0x0883,0x0883,0x0883,0x0863,0x0883,0x0883,0x0883,0x0863,0x0883,
  0x0883,0x0863,0x0883,0x0883,0x0883,0x0883,0x0863,0x0883,0x0883,0x0883,0x0863,0x0883,0x0883,0x0863,0x0883,0x0883,
  0x0883,0x0883,0x0863,0x0883,0x0883,0x0883,0x0863,0x0883,0x0883,0x0863,0x0883,0x0883,0x0883,0x0883,0x0863,0x0883,
  0x0883,0x0883,0x0863,0x0883,0x0883,0x0863,0x0883,0x0883,0x0883,0x0883,0x0863,0x0883,0x0883,0x0883,0x0863,0x0883,
  0x0883,0x0863,0x0883,0x0883,0x0883,0x0883,0x0863,0x0883,0x0883,0x0883,0x0863,0x0883,0x0883,0x0863,0x0883,0x0883,
  0x0883,0x0883,0x0863,0x0883,0x0883,0x0883,0x0863,0x0883,0x0883,0x0863,0x0883,0x0883,0x0883,0x0883,0x0863,0x0883,
  0x0883,0x0883,0x0863,0x0883,0x0883,0x0863,0x0883,0x0883,0x0883,0x0883,0x0863,0x0883,0x0883,0x0883,0x0863,0x0883,
  0x0883,0x0863,0x0883,0x0883,0x0883,0x0883,0x0863,0x0883,0x0883,0x0883,0x0863,0x0883,0x0883,0x0863,0x0883,0x0883,
  0x0883,0x0883,0x0863,0x0883,0x0883,0x0883,0x0863,0x0883,0x0883,0x0863,0x0883,0x0883,0x0883,0x0883,0x0863,0x0883,
  0x0883,0x0883,0x0863,0x0883,0x0883,0x0863,0x0883,0x0883,0x0883,0x0883,0x0863,0x0883,0x0883,0x0883,0x0863,0x0883,
  0x0883,0x0863,0x0883,0x0883,0x0883,0x0883,0x0863,0x0883,0x0883,0x0883,0x0863,0x0883,0x0883,0x0863,0x0883,0x0883,
  0x0883,0x0883,0x0863,0x0883,0x0883,0x0883,0x0863,0x0883,0x0883,0x0863,0x0883,0x0883,0x0883,0x0883,0x0863,0x0883,
  0x0883,0x0883,0x0863,0x0883,0x0883,0x0863,0x0883,0x0883,0x0883,0x0883,0x0863,0x0883,0x0883,0x0883,0x0863,0x0883,
  0x0883,0x0863,0x0883,0x0883,0x0883,0x0883,0x0863,0x0883,0x0883,0x0883,0x0863,0x0883,0x0883,0x0863,0x0883,0x0883,
  0x0883,0x0883,0x0863,0x0883,0x0883,0x0883,0x0863,0x0883,0x0883,0x0863,0x0883,0x0883,0x0883,0x0883,0x0863,0x0883,
  0x0883,0x0883,0x0863,0x0883,0x0883,0x0863,0x0883,0x0883,0x0883,0x0883,0x0863,0x0883,0x0883,0x0883,0x0863,0x0883,
  0x0883,0x0863,0x0883,0x0883,0x0883,0x0883,0x0863,0x0883,0x0883,0x0883,0x0863,0x0883,0x0883,0x0863,0x0883,0x0883,
  0x0883,0x0883,0x0863,0x0883,0x0883,0x0883,0x0863,0x0883,0x0883,0x0863,0x0883,0x0883,0x0883,0x0883,0x0863,0x0883,
  0x0883,0x0883,0x0863,0x0883,0x0883,0x0863,0x0883,0x0883,0x0883,0x0883,0x0863,0x0883,0x0883,0x0883,0x0863,0x0883,
  0x0883,0x0863,0x0883,0x0883,0x0883,0x0883,0x0863,0x0883,0x0883,0x0883,0x0863,0x0883,0x0883,0x0863,0x0883,0x0883,
  0x0883,0x0883,0x0863,0x0883,0x0883,0x0883,0x0863,0x0883,0x0883,0x0863,0x0883,0x0883,0x0883,0x0883,0x0863,0x0883,
  0x0883,0x0883,0x0863,0x0883,0x0883,0x0863,0x0883,0x0883,0x0883,0x0883,0x0863,0x0883,0x0883,0x0883,0x0863,0x0883,
  0x0883,0x0863,0x0883,0x0883,0x0883,0x0883,0x0863,0x0883,0x0883,0x0883,0x0863,0x0883,0x0883,0x0863,0x0883,0x0883,
  0x0883,0x0883,0x0863,0x0883,0x0883,0x0883,0x0863,0x0883,0x0883,0x0863,0x0883,0x0883,0x0883,0x0883,0x0863,0x0883,
  0x0883,0x0883,0x0863,0x0883,0x0883,0x0863,0x0883,0x0883,0x0883,0x0883,0x0863,0x0883,0x0883,0x0883,0x0863,0x0883,
  0x0883,0x0863,0x0883,0x0883,0x0883,0x0883,0x0863,0x0883,0x0883,0x0883,0x0863,0x0883,0x0883,0x0863,0x0883,0x0883,
  0x0883,0x0883,0x0863,0x0883,0x0883,0x0883,0x0863,0x0883,0x0883,0x0863,0x0883,0x0883,0x0883,0x0883,0x0863,0x0883,
  0x0883,0x0883,0x0863,0x0883,0x0883,0x0863,0x0883,0x0883,0x0883,0x0883,0x0863,0x0883,0x0883,0x0883,0x0863,0x0883,
  0x0883,0x0863,0x0883,0x0883,0x0863,0x0883,0x0883,0x0862,0x0883,0x0863,0x0882,0x0883,0x0883,0x0882,0x0863,0x0883,
  0x0862,0x0883,0x0883,0x0862,0x0883,0x0863,0x0882,0x0883,0x0863,0x0882,0x0883,0x0863,0x0882,0x0863,0x0883,0x0882,
  0x0863,0x0883,0x0882,0x0883,0x0863,0x0882,0x0883,0x0863,0x0882,0x0863,0x0883,0x0882,0x0863,0x0883,0x0882,0x0883,
  0x0863,0x0882,0x0883,0x0863,0x0882,0x0863,0x0883,0x0882,0x0863,0x0883,0x0882,0x0883,0x0863,0x0882,0x0883,0x0863,
  0x0882,0x0863,0x0883,0x0882,0x0863,0x0883,0x0882,0x0883,0x0863,0x0882,0x0883,0x0863,0x0882,0x0863,0x0883,0x0882,
  0x0863,0x0883,0x0882,0x0883,0x0863,0x0882,0x0883,0x0863,0x0882,0x0863,0x0883,0x0882,0x0863,0x0883,0x0882,0x0883,
  0x0863,0x0882,0x0883,0x0863,0x0882,0x0863,0x0883,0x0882,0x0863,0x0883,0x0882,0x0883,0x0863,0x0882,0x0883,0x0863,
  0x0882,0x0863,0x0883,0x0882,0x0863,0x0883,0x0882,0x0883,0x0863,0x0882,0x0883,0x0863,0x0882,0x0863,0x0883,0x0882,
  0x0863,0x0883,0x0882,0x0883,0x0863,0x0882,0x0883,0x0863,0x0882,0x0863,0x0883,0x0882,0x0863,0x0883,0x0882,0x0883,
  0x0863,0x0882,0x0883,0x0863,0x0882,0x0863,0x0883,0x0882,0x0863,0x0883,0x0882,0x0883,0x0863,0x0882,0x0883,0x0863,
  0x0882,0x0863,0x0883,0x0882,0x0863,0x0883,0x0882,0x0883,0x0863,0x0882,0x0883,0x0863,0x0882,0x0863,0x0883,0x0882,
  0x0863,0x0883,0x0882,0x0883,0x0863,0x0882,0x0883,0x0863,0x0882,0x0863,0x0883,0x0882,0x0863,0x0883,0x0882,0x0883,
  0x0863,0x0882,0x0883,0x0863,0x0882,0x0863,0x0883,0x0882,0x0863,0x0883,0x0882,0x0883,0x0863,0x0882,0x0883,0x0863,
  0x0882,0x0863,0x0883,0x0882,0x0863,0x0883,0x0882,0x0883,0x0863,0x0882,0x0883,0x0863,0x0882,0x0863,0x0883,0x0882,
  0x0863,0x0883,0x0882,0x0883,0x0863,0x0882,0x0883,0x0863,0x0882,0x0863,0x0883,0x0882,0x0863,0x0883,0x0882,0x0883,
  0x0863,0x0882,0x0883,0x0863,0x0882,0x0863,0x0883,0x0882,0x0863,0x0883,0x0882,0x0883,0x0863,0x0882,0x0883,0x0863,
  0x0882,0x0863,0x0883,0x0882,0x0863,0x0883,0x0882,0x0883,0x0863,0x0882,0x0883,0x0863,0x0882,0x0863,0x0883,0x0882,
  0x0863,0x0883,0x0882,0x0883,0x0863,0x0882,0x0883,0x0863,0x0882,0x0863,0x0883,0x0882,0x0863,0x0883,0x0882,0x0883,
  0x0863,0x0882,0x0883,0x0863,0x0882,0x0863,0x0883,0x0882,0x0863,0x0883,0x0882,0x0883,0x0863,0x0882,0x0883,0x0863,
  0x0882,0x0863,0x0883,0x0882,0x0863,0x0883,0x0882,0x0883,0x0863,0x0882,0x0883,0x0863,0x0882,0x0863,0x0883,0x0882,
  0x0863,0x0883,0x0882,0x0883,0x0863,0x0882,0x0883,0x0863,0x0882,0x0863,0x0883,0x0882,0x0863,0x0883,0x0882,0x0883,
  0x0863,0x0882,0x0883,0x0863,0x0882,0x0863,0x0883,0x0882,0x0863,0x0883,0x0882,0x0883,0x0863,0x0882,0x0883,0x0863,
  0x0882,0x0863,0x0883,0x0882,0x0863,0x0883,0x0882,0x0883,0x0863,0x0882,0x0883,0x0863,0x0882,0x0863,0x0883,0x0882,
  0x0863,0x0883,0x0882,0x0883,0x0863,0x0882,0x0883,0x0863,0x0882,0x0863,0x0883,0x0882,0x0863,0x0883,0x0882,0x0883,
  0x0863,0x0882,0x0883,0x0863,0x0882,0x0863,0x0883,0x0882,0x0863,0x0883,0x0882,0x0883,0x0863,0x0882,0x0883,0x0863,
  0x0882,0x0863,0x0883,0x0882,0x0863,0x0883,0x0882,0x0883,0x0863,0x0882,0x0883,0x0863,0x0882,0x0863,0x0883,0x0882,
  0x0863,0x0883,0x0882,0x0883,0x0863,0x0882,0x0883,0x0863,0x0882,0x0863,0x0883,0x0882,0x0863,0x0883,0x0882,0x0883,
  0x0863,0x0882,0x0883,0x0863,0x0882,0x0863,0x0883,0x0882,0x0863,0x0883,0x0882,0x0883,0x0863,0x0882,0x0883,0x0863,
  0x0882,0x0863,0x0883,0x0882,0x0863,0x0883,0x0882,0x0883,0x0863,0x0882,0x0883,0x0863,0x0882,0x0863,0x0883,0x0882,
  0x0863,0x0883,0x0882,0x0883,0x0863,0x0882,0x0883,0x0863,0x0882,0x0863,0x0883,0x0882,0x0863,0x0883,0x0882,0x0883,
  0x0883,0x0882,0x0883,0x0862,0x0883,0x0882,0x0863,0x0883,0x0883,0x0883,0x0883,0x0863,0x0883,0x0863,0x0883,0x0883,
  0x0883,0x0863,0x0883,0x0883,0x0883,0x0883,0x0883,0x0863,0x0883,0x0883,0x0863,0x0883,0x0883,0x0883,0x0863,0x0883,
  0x0883,0x0863,0x0883,0x0863,0x0883,0x0883,0x0863,0x0883,0x0883,0x0883,0x0863,0x0883,0x0883,0x0863,0x0883,0x0863,
  0x0883,0x0883,0x0863,0x0883,0x0883,0x0883,0x0863,0x0883,0x0883,0x0863,0x0883,0x0863,0x0883,0x0883,0x0863,0x0883,
  0x0883,0x0883,0x0863,0x0883,0x0883,0x0863,0x0883,0x0863,0x0883,0x0883,0x0863,0x0883,0x0883,0x0883,0x0863,0x0883,
  0x0883,0x0863,0x0883,0x0863,0x0883,0x0883,0x0863,0x0883,0x0883,0x0883,0x0863,0x0883,0x0883,0x0863,0x0883,0x0863,
  0x0883,0x0883,0x0863,0x0883,0x0883,0x0883,0x0863,0x0883,0x0883,0x0863,0x0883,0x0863,0x0883,0x0883,0x0863,0x0883,
  0x0883,0x0883,0x0863,0x0883,0x0883,0x0863,0x0883,0x0863,0x0883,0x0883,0x0863,0x0883,0x0883,0x0883,0x0863,0x0883,
  0x0883,0x0863,0x0883,0x0863,0x0883,0x0883,0x0863,0x0883,0x0883,0x0883,0x0863,0x0883,0x0883,0x0863,0x0883,0x0863,
  0x0883,0x0883,0x0863,0x0883,0x0883,0x0883,0x0863,0x0883,0x0883,0x0863,0x0883,0x0863,0x0883,0x0883,0x0863,0x0883,
  0x0883,0x0883,0x0863,0x0883,0x0883,0x0863,0x0883,0x0863,0x0883,0x0883,0x0863,0x0883,0x0883,0x0883,0x0863,0x0883,
  0x0883,0x0863,0x0883,0x0863,0x0883,0x0883,0x0863,0x0883,0x0883,0x0883,0x0863,0x0883,0x0883,0x0863,0x0883,0x0863,
  0x0883,0x0883,0x0863,0x0883,0x0883,0x0883,0x0863,0x0883,0x0883,0x0863,0x0883,0x0863,0x0883,0x0883,0x0863,0x0883,
  0x0883,0x0883,0x0863,0x0883,0x0883,0x0863,0x0883,0x0863,0x0883,0x0883,0x0863,0x0883,0x0883,0x0883,0x0863,0x0883,
  0x0883,0x0863,0x0883,0x0863,0x0883,0x0883,0x0863,0x0883,0x0883,0x0883,0x0863,0x0883,0x0883,0x0863,0x0883,0x0863,
  0x0883,0x0883,0x0863,0x0883,0x0883,0x0883,0x0863,0x0883,0x0883,0x0863,0x0883,0x0863,0x0883,0x0883,0x0863,0x0883,
  0x0883,0x0883,0x0863,0x0883,0x0883,0x0863,0x0883,0x0863,0x0883,0x0883,0x0863,0x0883,0x0883,0x0883,0x0863,0x0883,
  0x0883,0x0863,0x0883,0x0863,0x0883,0x0883,0x0863,0x0883,0x0883,0x0883,0x0863,0x0883,0x0883,0x0863,0x0883,0x0863,
  0x0883,0x0883,0x0863,0x0883,0x0883,0x0883,0x0863,0x0883,0x0883,0x0863,0x0883,0x0863,0x0883,0x0883,0x0863,0x0883,
  0x0883,0x0883,0x0863,0x0883,0x0883,0x0863,0x0883,0x0863,0x0883,0x0883,0x0863,0x0883,0x0883,0x0883,0x0863,0x0883,
  0x0883,0x0863,0x0883,0x0863,0x0883,0x0883,0x0863,0x0883,0x0883,0x0883,0x0863,0x0883,0x0883,0x0863,0x0883,0x0863,
  0x0883,0x0883,0x0863,0x0883,0x0883,0x0883,0x0863,0x0883,0x0883,0x0863,0x0883,0x0863,0x0883,0x0883,0x0863,0x0883,
  0x0883,0x0883,0x0863,0x0883,0x0883,0x0863,0x0883,0x0863,0x0883,0x0883,0x0863,0x0883,0x0883,0x0883,0x0863,0x0883,
  0x0883,0x0863,0x0883,0x0863,0x0883,0x0883,0x0863,0x0883,0x0883,0x0883,0x0863,0x0883,0x0883,0x0863,0x0883,0x0863,
  0x0883,0x0883,0x0863,0x0883,0x0883,0x0883,0x0863,0x0883,0x0883,0x0863,0x0883,0x0863,0x0883,0x0883,0x0863,0x0883,
  0x0883,0x0883,0x0863,0x0883,0x0883,0x0863,0x0883,0x0863,0x0883,0x0883,0x0863,0x0883,0x0883,0x0883,0x0863,0x0883,
  0x0883,0x0863,0x0883,0x0863,0x0883,0x0883,0x0863,0x0883,0x0883,0x0883,0x0863,0x0883,0x0883,0x0863,0x0883,0x0863,
  0x0883,0x0883,0x0863,0x0883,0x0883,0x0883,0x0863,0x0883,0x0883,0x0863,0x0883,0x0863,0x0883,0x0883,0x0863,0x0883,
  0x0883,0x0883,0x0863,0x0883,0x0883,0x0863,0x0883,0x0863,0x0883,0x0883,0x0863,0x0883,0x0883,0x0883,0x0863,0x0883,
  0x0883,0x0863,0x0883,0x0863,0x0883,0x0883,0x0863,0x0883,0x0883,0x0883,0x0863,0x0883,0x0883,0x0863,0x0883,0x0863,
  0x0883,0x0863,0x0883,0x1083,0x0863,0x0883,0x0883,0x1083,0x0862,0x0883,0x0863,0x0882,0x0883,0x0882,0x0863,0x0882,
  0x0883,0x0882,0x0863,0x0883,0x0862,0x0883,0x0862,0x0883,0x0882,0x0883,0x0882,0x0863,0x0883,0x0882,0x0883,0x0862,
  0x0883,0x0882,0x0883,0x0882,0x0883,0x0863,0x0882,0x0883,0x0862,0x0883,0x0882,0x0863,0x0882,0x0883,0x0883,0x0882,
  0x0883,0x0862,0x0883,0x0882,0x0863,0x0882,0x0883,0x0863,0x0882,0x0883,0x0882,0x0883,0x0882,0x0863,0x0882,0x0883,
  0x0863,0x0882,0x0883,0x0862,0x0883,0x0882,0x0883,0x0882,0x0883,0x0863,0x0882,0x0883,0x0862,0x0883,0x0882,0x0863,
  0x0882,0x0883,0x0883,0x0882,0x0883,0x0862,0x0883,0x0882,0x0863,0x0882,0x0883,0x0863,0x0882,0x0883,0x0882,0x0883,
  0x0882,0x0863,0x0882,0x0883,0x0863,0x0882,0x0883,0x0862,0x0883,0x0882,0x0883,0x0882,0x0883,0x0863,0x0882,0x0883,
  0x0862,0x0883,0x0882,0x0863,0x0882,0x0883,0x0883,0x0882,0x0883,0x0862,0x0883,0x0882,0x0863,0x0882,0x0883,0x0863,
  0x0882,0x0883,0x0882,0x0883,0x0882,0x0863,0x0882,0x0883,0x0863,0x0882,0x0883,0x0862,0x0883,0x0882,0x0883,0x0882,
  0x0883,0x0863,0x0882,0x0883,0x0862,0x0883,0x0882,0x0863,0x0882,0x0883,0x0883,0x0882,0x0883,0x0862,0x0883,0x0882,
  0x0863,0x0882,0x0883,0x0863,0x0882,0x0883,0x0882,0x0883,0x0882,0x0863,0x0882,0x0883,0x0863,0x0882,0x0883,0x0862,
  0x0883,0x0882,0x0883,0x0882,0x0883,0x0863,0x0882,0x0883,0x0862,0x0883,0x0882,0x0863,0x0882,0x0883,0x0883,0x0882,
  0x0883,0x0862,0x0883,0x0882,0x0863,0x0882,0x0883,0x0863,0x0882,0x0883,0x0882,0x0883,0x0882,0x0863,0x0882,0x0883,
  0x0863,0x0882,0x0883,0x0862,0x0883,0x0882,0x0883,0x0882,0x0883,0x0863,0x0882,0x0883,0x0862,0x0883,0x0882,0x0863,
  0x0882,0x0883,0x0883,0x0882,0x0883,0x0862,0x0883,0x0882,0x0863,0x0882,0x0883,0x0863,0x0882,0x0883,0x0882,0x0883,
  0x0882,0x0863,0x0882,0x0883,0x0863,0x0882,0x0883,0x0862,0x0883,0x0882,0x0883,0x0882,0x0883,0x0863,0x0882,0x0883,
  0x0862,0x0883,0x0882,0x0863,0x0882,0x0883,0x0883,0x0882,0x0883,0x0862,0x0883,0x0882,0x0863,0x0882,0x0883,0x0863,
  0x0882,0x0883,0x0882,0x0883,0x0882,0x0863,0x0882,0x0883,0x0863,0x0882,0x0883,0x0862,0x0883,0x0882,0x0883,0x0882,
  0x0883,0x0863,0x0882,0x0883,0x0862,0x0883,0x0882,0x0863,0x0882,0x0883,0x0883,0x0882,0x0883,0x0862,0x0883,0x0882,
  0x0863,0x0882,0x0883,0x0863,0x0882,0x0883,0x0882,0x0883,0x0882,0x0863,0x0882,0x0883,0x0863,0x0882,0x0883,0x0862,
  0x0883,0x0882,0x0883,0x0882,0x0883,0x0863,0x0882,0x0883,0x0862,0x0883,0x0882,0x0863,0x0882,0x0883,0x0883,0x0882,
  0x0883,0x0862,0x0883,0x0882,0x0863,0x0882,0x0883,0x0863,0x0882,0x0883,0x0882,0x0883,0x0882,0x0863,0x0882,0x0883,
  0x0863,0x0882,0x0883,0x0862,0x0883,0x0882,0x0883,0x0882,0x0883,0x0863,0x0882,0x0883,0x0862,0x0883,0x0882,0x0863,
  0x0882,0x0883,0x0883,0x0882,0x0883,0x0862,0x0883,0x0882,0x0863,0x0882,0x0883,0x0863,0x0882,0x0883,0x0882,0x0883,
  0x0882,0x0863,0x0882,0x0883,0x0863,0x0882,0x0883,0x0862,0x0883,0x0882,0x0883,0x0882,0x0883,0x0863,0x0882,0x0883,
  0x0862,0x0883,0x0882,0x0863,0x0882,0x0883,0x0883,0x0882,0x0883,0x0862,0x0883,0x0882,0x0863,0x0882,0x0883,0x0863,
  0x0882,0x0883,0x0882,0x0883,0x0882,0x0863,0x0882,0x0883,0x0863,0x0882,0x0883,0x0862,0x0883,0x0882,0x0883,0x0882,
  0x0883,0x0863,0x0882,0x0883,0x0862,0x0883,0x0882,0x0863,0x0882,0x0883,0x0883,0x0882,0x0883,0x0862,0x0883,0x0882,
  0x0863,0x0882,0x0883,0x0863,0x0882,0x0883,0x0882,0x0883,0x0882,0x0863,0x0882,0x0883,0x0863,0x0882,0x0883,0x0862,
  0x0883,0x0882,0x0883,0x0882,0x0883,0x0863,0x0882,0x0883,0x0862,0x0883,0x0882,0x0863,0x0882,0x0883,0x0883,0x0882,
  0x0883,0x0883,0x0863,0x0883,0x0883,0x0883,0x0863,0x0883,0x0883,0x0883,0x0883,0x1063,0x0883,0x0883,0x1083,0x0863,
  0x0883,0x1063,0x0883,0x0883,0x1083,0x0883,0x0883,0x1083,0x0863,0x0883,0x1063,0x0883,0x0883,0x1063,0x0883,0x0883,
  0x1063,0x0883,0x0863,0x1083,0x0863,0x0883,0x1083,0x0883,0x0883,0x1063,0x0883,0x0883,0x1083,0x0863,0x0883,0x1063,
  0x0883,0x0883,0x1083,0x0863,0x0883,0x1083,0x0883,0x0883,0x1063,0x0883,0x0863,0x1083,0x0863,0x0883,0x1083,0x0883,
  0x0883,0x1063,0x0883,0x0883,0x1083,0x0863,0x0883,0x1063,0x0883,0x0883,0x1083,0x0863,0x0883,0x1083,0x0883,0x0883,
  0x1063,0x0883,0x0863,0x1083,0x0863,0x0883,0x1083,0x0883,0x0883,0x1063,0x0883,0x0883,0x1083,0x0863,0x0883,0x1063,
  0x0883,0x0883,0x1083,0x0863,0x0883,0x1083,0x0883,0x0883,0x1063,0x0883,0x0863,0x1083,0x0863,0x0883,0x1083,0x0883,
  0x0883,0x1063,0x0883,0x0883,0x1083,0x0863,0x0883,0x1063,0x0883,0x0883,0x1083,0x0863,0x0883,0x1083,0x0883,0x0883,
  0x1063,0x0883,0x0863,0x1083,0x0863,0x0883,0x1083,0x0883,0x0883,0x1063,0x0883,0x0883,0x1083,0x0863,0x0883,0x1063,
  0x0883,0x0883,0x1083,0x0863,0x0883,0x1083,0x0883,0x0883,0x1063,0x0883,0x0863,0x1083,0x0863,0x0883,0x1083,0x0883,
  0x0883,0x1063,0x0883,0x0883,0x1083,0x0863,0x0883,0x1063,0x0883,0x0883,0x1083,0x0863,0x0883,0x1083,0x0883,0x0883,
  0x1063,0x0883,0x0863,0x1083,0x0863,0x0883,0x1083,0x0883,0x0883,0x1063,0x0883,0x0883,0x1083,0x0863,0x0883,0x1063,
  0x0883,0x0883,0x1083,0x0863,0x0883,0x1083,0x0883,0x0883,0x1063,0x0883,0x0863,0x1083,0x0863,0x0883,0x1083,0x0883,
  0x0883,0x1063,0x0883,0x0883,0x1083,0x0863,0x0883,0x1063,0x0883,0x0883,0x1083,0x0863,0x0883,0x1083,0x0883,0x0883,
  0x1063,0x0883,0x0863,0x1083,0x0863,0x0883,0x1083,0x0883,0x0883,0x1063,0x0883,0x0883,0x1083,0x0863,0x0883,0x1063,
  0x0883,0x0883,0x1083,0x0863,0x0883,0x1083,0x0883,0x0883,0x1063,0x0883,0x0863,0x1083,0x0863,0x0883,0x1083,0x0883,
  0x0883,0x1063,0x0883,0x0883,0x1083,0x0863,0x0883,0x1063,0x0883,0x0883,0x1083,0x0863,0x0883,0x1083,0x0883,0x0883,
  0x1063,0x0883,0x0863,0x1083,0x0863,0x0883,0x1083,0x0883,0x0883,0x1063,0x0883,0x0883,0x1083,0x0863,0x0883,0x1063,
  0x0883,0x0883,0x1083,0x0863,0x0883,0x1083,0x0883,0x0883,0x1063,0x0883,0x0863,0x1083,0x0863,0x0883,0x1083,0x0883,
  0x0883,0x1063,0x0883,0x0883,0x1083,0x0863,0x0883,0x1063,0x0883,0x0883,0x1083,0x0863,0x0883,0x1083,0x0883,0x0883,
  0x1063,0x0883,0x0863,0x1083,0x0863,0x0883,0x1083,0x0883,0x0883,0x1063,0x0883,0x0883,0x1083,0x0863,0x0883,0x1063,
  0x0883,0x0883,0x1083,0x0863,0x0883,0x1083,0x0883,0x0883,0x1063,0x0883,0x0863,0x1083,0x0863,0x0883,0x1083,0x0883,
  0x0883,0x1063,0x0883,0x0883,0x1083,0x0863,0x0883,0x1063,0x0883,0x0883,0x1083,0x0863,0x0883,0x1083,0x0883,0x0883,
  0x1063,0x0883,0x0863,0x1083,0x0863,0x0883,0x1083,0x0883,0x0883,0x1063,0x0883,0x0883,0x1083,0x0863,0x0883,0x1063,
  0x0883,0x0883,0x1083,0x0863,0x0883,0x1083,0x0883,0x0883,0x1063,0x0883,0x0863,0x1083,0x0863,0x0883,0x1083,0x0883,
  0x0883,0x1063,0x0883,0x0883,0x1083,0x0863,0x0883,0x1063,0x0883,0x0883,0x1083,0x0863,0x0883,0x1083,0x0883,0x0883,
  0x1063,0x0883,0x0863,0x1083,0x0863,0x0883,0x1083,0x0883,0x0883,0x1063,0x0883,0x0883,0x1083,0x0863,0x0883,0x1063,
  0x0883,0x0883,0x1083,0x0863,0x0883,0x1083,0x0883,0x0883,0x1063,0x0883,0x0863,0x1083,0x0863,0x0883,0x1083,0x0883,
  0x0883,0x1063,0x0883,0x0883,0x1083,0x0863,0x0883,0x1063,0x0883,0x0883,0x1083,0x0863,0x0883,0x1083,0x0883,0x0883,
  0x1063,0x0883,0x0863,0x1083,0x0863,0x0883,0x1083,0x0883,0x0883,0x1063,0x0883,0x0883,0x1083,0x0863,0x0883,0x0863,
  0x0883,0x0883,0x0883,0x0883,0x0883,0x0882,0x0883,0x0883,0x0883,0x0883,0x0883,0x0883,0x0883,0x0883,0x0883,0x0883,
  0x0883,0x0883,0x0883,0x0883,0x0883,0x0883,0x0883,0x0883,0x0883,0x0883,0x0883,0x0883,0x0883,0x0883,0x0883,0x0883,
  0x0883,0x0883,0x0883,0x0883,0x0883,0x0883,0x0883,0x0883,0x0883,0x0883,0x0883,0x0883,0x0883,0x0883,0x0883,0x0883,
  0x0883,0x0883,0x0883,0x0883,0x0883,0x0883,0x0883,0x0883,0x0883,0x0883,0x0883,0x0883,0x0883,0x0883,0x0883,0x0883,
  0x0883,0x0883,0x0883,0x0883,0x0883,0x0883,0x0883,0x0883,0x0883,0x0883,0x0883,0x0883,0x0883,0x0883,0x0883,0x0883,
  0x0883,0x0883,0x0883,0x0883,0x0883,0x0883,0x0883,0x0883,0x0883,0x0883,0x0883,0x0883,0x0883,0x0883,0x0883,0x0883,
  0x0883,0x0883,0x0883,0x0883,0x0883,0x0883,0x0883,0x0883,0x0883,0x0883,0x0883,0x0883,0x0883,0x0883,0x0883,0x0883,
  0x0883,0x0883,0x0883,0x0883,0x0883,0x0883,0x0883,0x0883,0x0883,0x0883,0x0883,0x0883,0x0883,0x0883,0x0883,0x0883,
  0x0883,0x0883,0x0883,0x0883,0x0883,0x0883,0x0883,0x0883,0x0883,0x0883,0x0883,0x0883,0x0883,0x0883,0x0883,0x0883,
  0x0883,0x0883,0x0883,0x0883,0x0883,0x0883,0x0883,0x0883,0x0883,0x0883,0x0883,0x0883,0x0883,0x0883,0x0883,0x0883,
  0x0883,0x0883,0x0883,0x0883,0x0883,0x0883,0x0883,0x0883,0x0883,0x0883,0x0883,0x0883,0x0883,0x0883,0x0883,0x0883,
  0x0883,0x0883,0x0883,0x0883,0x0883,0x0883,0x0883,0x0883,0x0883,0x0883,0x0883,0x0883,0x0883,0x0883,0x0883,0x0883,
  0x0883,0x0883,0x0883,0x0883,0x0883,0x0883,0x0883,0x0883,0x0883,0x0883,0x0883,0x0883,0x0883,0x0883,0x0883,0x0883,
  0x0883,0x0883,0x0883,0x0883,0x0883,0x0883,0x0883,0x0883,0x0883,0x0883,0x0883,0x0883,0x0883,0x0883,0x0883,0x0883,
  0x0883,0x0883,0x0883,0x0883,0x0883,0x0883,0x0883,0x0883,0x0883,0x0883,0x0883,0x0883,0x0883,0x0883,0x0883,0x0883,
  0x0883,0x0883,0x0883,0x0883,0x0883,0x0883,0x0883,0x0883,0x0883,0x0883,0x0883,0x0883,0x0883,0x0883,0x0883,0x0883,
  0x0883,0x0883,0x0883,0x0883,0x0883,0x0883,0x0883,0x0883,0x0883,0x0883,0x0883,0x0883,0x0883,0x0883,0x0883,0x0883,
  0x0883,0x0883,0x0883,0x0883,0x0883,0x0883,0x0883,0x0883,0x0883,0x0883,0x0883,0x0883,0x0883,0x0883,0x0883,0x0883,
  0x0883,0x0883,0x0883,0x0883,0x0883,0x0883,0x0883,0x0883,0x0883,0x0883,0x0883,0x0883,0x0883,0x0883,0x0883,0x0883,
  0x0883,0x0883,0x0883,0x0883,0x0883,0x0883,0x0883,0x0883,0x0883,0x0883,0x0883,0x0883,0x0883,0x0883,0x0883,0x0883,
  0x0883,0x0883,0x0883,0x0883,0x0883,0x0883,0x0883,0x0883,0x0883,0x0883,0x0883,0x0883,0x0883,0x0883,0x0883,0x0883,
  0x0883,0x0883,0x0883,0x0883,0x0883,0x0883,0x0883,0x0883,0x0883,0x0883,0x0883,0x0883,0x0883,0x0883,0x0883,0x0883,
  0x0883,0x0883,0x0883,0x0883,0x0883,0x0883,0x0883,0x0883,0x0883,0x0883,0x0883,0x0883,0x0883,0x0883,0x0883,0x0883,
  0x0883,0x0883,0x0883,0x0883,0x0883,0x0883,0x0883,0x0883,0x0883,0x0883,0x0883,0x0883,0x0883,0x0883,0x0883,0x0883,
  0x0883,0x0883,0x0883,0x0883,0x0883,0x0883,0x0883,0x0883,0x0883,0x0883,0x0883,0x0883,0x0883,0x0883,0x0883,0x0883,
  0x0883,0x0883,0x0883,0x0883,0x0883,0x0883,0x0883,0x0883,0x0883,0x0883,0x0883,0x0883,0x0883,0x0883,0x0883,0x0883,
  0x0883,0x0883,0x0883,0x0883,0x0883,0x0883,0x0883,0x0883,0x0883,0x0883,0x0883,0x0883,0x0883,0x0883,0x0883,0x0883,
  0x0883,0x0883,0x0883,0x0883,0x0883,0x0883,0x0883,0x0883,0x0883,0x0883,0x0883,0x0883,0x0883,0x0883,0x0883,0x0883,
  0x0883,0x0883,0x0883,0x0883,0x0883,0x0883,0x0883,0x0883,0x0883,0x0883,0x0883,0x0883,0x0883,0x0883,0x0883,0x0883,
  0x0883,0x0883,0x0883,0x0883,0x0883,0x0883,0x0883,0x0883,0x0883,0x0883,0x0883,0x0883,0x0883,0x0883,0x0883,0x0883,
  0x0883,0x0883,0x1083,0x0882,0x0883,0x1083,0x0883,0x0883,0x1083,0x0882,0x0883,0x0883,0x0883,0x0883,0x0883,0x0883,
  0x0883,0x0883,0x0883,0x0883,0x0883,0x0883,0x0863,0x0883,0x0883,0x0883,0x0883,0x0883,0x0883,0x0883,0x0883,0x0883,
  0x0883,0x0883,0x0883,0x0883,0x0883,0x0883,0x0883,0x0883,0x0883,0x0883,0x0883,0x0883,0x0883,0x0883,0x0883,0x0883,
  0x0883,0x0883,0x0883,0x0883,0x0883,0x0883,0x0883,0x0883,0x0883,0x0883,0x0883,0x0883,0x0883,0x0883,0x0883,0x0883,
  0x0883,0x0883,0x0883,0x0883,0x0883,0x0883,0x0883,0x0883,0x0883,0x0883,0x0883,0x0883,0x0883,0x0883,0x0883,0x0883,
  0x0883,0x0883,0x0883,0x0883,0x0883,0x0883,0x0883,0x0883,0x0883,0x0883,0x0883,0x0883,0x0883,0x0883,0x0883,0x0883,
  0x0883,0x0883,0x0883,0x0883,0x0883,0x0883,0x0883,0x0883,0x0883,0x0883,0x0883,0x0883,0x0883,0x0883,0x0883,0x0883,
  0x0883,0x0883,0x0883,0x0883,0x0883,0x0883,0x0883,0x0883,0x0883,0x0883,0x0883,0x0883,0x0883,0x0883,0x0883,0x0883,
  0x0883,0x0883,0x0883,0x0883,0x0883,0x0883,0x0883,0x0883,0x0883,0x0883,0x0883,0x0883,0x0883,0x0883,0x0883,0x0883,
  0x0883,0x0883,0x0883,0x0883,0x0883,0x0883,0x0883,0x0883,0x0883,0x0883,0x0883,0x0883,0x0883,0x0883,0x0883,0x0883,
  0x0883,0x0883,0x0883,0x0883,0x0883,0x0883,0x0883,0x0883,0x0883,0x0883,0x0883,0x0883,0x0883,0x0883,0x0883,0x0883,
  0x0883,0x0883,0x0883,0x0883,0x0883,0x0883,0x0883,0x0883,0x0883,0x0883,0x0883,0x0883,0x0883,0x0883,0x0883,0x0883,
  0x0883,0x0883,0x0883,0x0883,0x0883,0x0883,0x0883,0x0883,0x0883,0x0883,0x0883,0x0883,0x0883,0x0883,0x0883,0x0883,
  0x0883,0x0883,0x0883,0x0883,0x0883,0x0883,0x0883,0x0883,0x0883,0x0883,0x0883,0x0883,0x0883,0x0883,0x0883,0x0883,
  0x0883,0x0883,0x0883,0x0883,0x0883,0x0883,0x0883,0x0883,0x0883,0x0883,0x0883,0x0883,0x0883,0x0883,0x0883,0x0883,
  0x0883,0x0883,0x0883,0x0883,0x0883,0x0883,0x0883,0x0883,0x0883,0x0883,0x0883,0x0883,0x0883,0x0883,0x0883,0x0883,
  0x0883,0x0883,0x0883,0x0883,0x0883,0x0883,0x0883,0x0883,0x0883,0x0883,0x0883,0x0883,0x0883,0x0883,0x0883,0x0883,
  0x0883,0x0883,0x0883,0x0883,0x0883,0x0883,0x0883,0x0883,0x0883,0x0883,0x0883,0x0883,0x0883,0x0883,0x0883,0x0883,
  0x0883,0x0883,0x0883,0x0883,0x0883,0x0883,0x0883,0x0883,0x0883,0x0883,0x0883,0x0883,0x0883,0x0883,0x0883,0x0883,
  0x0883,0x0883,0x0883,0x0883,0x0883,0x0883,0x0883,0x0883,0x0883,0x0883,0x0883,0x0883,0x0883,0x0883,0x0883,0x0883,
  0x0883,0x0883,0x0883,0x0883,0x0883,0x0883,0x0883,0x0883,0x0883,0x0883,0x0883,0x0883,0x0883,0x0883,0x0883,0x0883,
  0x0883,0x0883,0x0883,0x0883,0x0883,0x0883,0x0883,0x0883,0x0883,0x0883,0x0883,0x0883,0x0883,0x0883,0x0883,0x0883,
  0x0883,0x0883,0x0883,0x0883,0x0883,0x0883,0x0883,0x0883,0x0883,0x0883,0x0883,0x0883,0x0883,0x0883,0x0883,0x0883,
  0x0883,0x0883,0x0883,0x0883,0x0883,0x0883,0x0883,0x0883,0x0883,0x0883,0x0883,0x0883,0x0883,0x0883,0x0883,0x0883,
  0x0883,0x0883,0x0883,0x0883,0x0883,0x0883,0x0883,0x0883,0x0883,0x0883,0x0883,0x0883,0x0883,0x0883,0x0883,0x0883,
  0x0883,0x0883,0x0883,0x0883,0x0883,0x0883,0x0883,0x0883,0x0883,0x0883,0x0883,0x0883,0x0883,0x0883,0x0883,0x0883,
  0x0883,0x0883,0x0883,0x0883,0x0883,0x0883,0x0883,0x0883,0x0883,0x0883,0x0883,0x0883,0x0883,0x0883,0x0883,0x0883,
  0x0883,0x0883,0x0883,0x0883,0x0883,0x0883,0x0883,0x0883,0x0883,0x0883,0x0883,0x0883,0x0883,0x0883,0x0883,0x0883,
  0x0883,0x0883,0x0883,0x0883,0x0883,0x0883,0x0883,0x0883,0x0883,0x0883,0x0883,0x0883,0x0883,0x0883,0x0883,0x0883,
  0x0883,0x0883,0x0883,0x0883,0x0883,0x0883,0x0883,0x0883,0x0883,0x0883,0x0883,0x0883,0x0883,0x0883,0x0883,0x0883,
  0x0883,0x0883,0x0883,0x0883,0x0883,0x0883,0x0883,0x0883,0x0883,0x0883,0x1083,0x0883,0x1083,0x0883,0x1082,0x0883,
  0x1083,0x0883,0x1083,0x0882,0x1083,0x0883,0x1083,0x0883,0x1083,0x0883,0x1082,0x0883,0x1083,0x0883,0x1082,0x0883,
  0x0883,0x1083,0x0883,0x1083,0x0882,0x1083,0x0883,0x1083,0x0882,0x1083,0x0883,0x1083,0x0883,0x1082,0x0883,0x0883,
  0x1083,0x0882,0x1083,0x0883,0x1083,0x0883,0x1082,0x0883,0x1083,0x0883,0x1082,0x0883,0x1083,0x0883,0x0883,0x1082,
  0x0883,0x1083,0x0883,0x1082,0x0883,0x1083,0x0883,0x1083,0x0882,0x1083,0x0883,0x1083,0x0882,0x0883,0x1083,0x0883,
  0x1083,0x0882,0x1083,0x0883,0x1083,0x0882,0x1083,0x0883,0x1083,0x0883,0x1082,0x0883,0x0883,0x1083,0x0882,0x1083,
  0x0883,0x1083,0x0883,0x1082,0x0883,0x1083,0x0883,0x1082,0x0883,0x1083,0x0883,0x0883,0x1082,0x0883,0x1083,0x0883,
  0x1082,0x0883,0x1083,0x0883,0x1083,0x0882,0x1083,0x0883,0x1083,0x0882,0x0883,0x1083,0x0883,0x1083,0x0882,0x1083,
  0x0883,0x1083,0x0882,0x1083,0x0883,0x1083,0x0883,0x1082,0x0883,0x0883,0x1083,0x0882,0x1083,0x0883,0x1083,0x0883,
  0x1082,0x0883,0x1083,0x0883,0x1082,0x0883,0x1083,0x0883,0x0883,0x1082,0x0883,0x1083,0x0883,0x1082,0x0883,0x1083,
  0x0883,0x1083,0x0882,0x1083,0x0883,0x1083,0x0882,0x0883,0x1083,0x0883,0x1083,0x0882,0x1083,0x0883,0x1083,0x0882,
  0x1083,0x0883,0x1083,0x0883,0x1082,0x0883,0x0883,0x1083,0x0882,0x1083,0x0883,0x1083,0x0883,0x1082,0x0883,0x1083,
  0x0883,0x1082,0x0883,0x1083,0x0883,0x0883,0x1082,0x0883,0x1083,0x0883,0x1082,0x0883,0x1083,0x0883,0x1083,0x0882,
  0x1083,0x0883,0x1083,0x0882,0x0883,0x1083,0x0883,0x1083,0x0882,0x1083,0x0883,0x1083,0x0882,0x1083,0x0883,0x1083,
  0x0883,0x1082,0x0883,0x0883,0x1083,0x0882,0x1083,0x0883,0x1083,0x0883,0x1082,0x0883,0x1083,0x0883,0x1082,0x0883,
  0x1083,0x0883,0x0883,0x1082,0x0883,0x1083,0x0883,0x1082,0x0883,0x1083,0x0883,0x1083,0x0882,0x1083,0x0883,0x1083,
  0x0882,0x0883,0x1083,0x0883,0x1083,0x0882,0x1083,0x0883,0x1083,0x0882,0x1083,0x0883,0x1083,0x0883,0x1082,0x0883,
  0x0883,0x1083,0x0882,0x1083,0x0883,0x1083,0x0883,0x1082,0x0883,0x1083,0x0883,0x1082,0x0883,0x1083,0x0883,0x0883,
  0x1082,0x0883,0x1083,0x0883,0x1082,0x0883,0x1083,0x0883,0x1083,0x0882,0x1083,0x0883,0x1083,0x0882,0x0883,0x1083,
  0x0883,0x1083,0x0882,0x1083,0x0883,0x1083,0x0882,0x1083,0x0883,0x1083,0x0883,0x1082,0x0883,0x0883,0x1083,0x0882,
  0x1083,0x0883,0x1083,0x0883,0x1082,0x0883,0x1083,0x0883,0x1082,0x0883,0x1083,0x0883,0x0883,0x1082,0x0883,0x1083,
  0x0883,0x1082,0x0883,0x1083,0x0883,0x1083,0x0882,0x1083,0x0883,0x1083,0x0882,0x0883,0x1083,0x0883,0x1083,0x0882,
  0x1083,0x0883,0x1083,0x0882,0x1083,0x0883,0x1083,0x0883,0x1082,0x0883,0x0883,0x1083,0x0882,0x1083,0x0883,0x1083,
  0x0883,0x1082,0x0883,0x1083,0x0883,0x1082,0x0883,0x1083,0x0883,0x0883,0x1082,0x0883,0x1083,0x0883,0x1082,0x0883,
  0x1083,0x0883,0x1083,0x0882,0x1083,0x0883,0x1083,0x0882,0x0883,0x1083,0x0883,0x1083,0x0882,0x1083,0x0883,0x1083,
  0x0882,0x1083,0x0883,0x1083,0x0883,0x1082,0x0883,0x0883,0x1083,0x0882,0x1083,0x0883,0x1083,0x0883,0x1082,0x0883,
  0x1083,0x0883,0x1082,0x0883,0x1083,0x0883,0x0883,0x1082,0x0883,0x1083,0x0883,0x1082,0x0883,0x1083,0x0883,0x1083,
  0x0882,0x1083,0x0883,0x1083,0x0882,0x0883,0x1083,0x0883,0x1083,0x0882,0x1083,0x0883,0x1083,0x0882,0x1083,0x0883,
  0x1083,0x0883,0x1082,0x0883,0x0883,0x1083,0x0882,0x1083,0x0883,0x1083,0x0883,0x1082,0x0883,0x1083,0x0883,0x1082,
  0x0883,0x1083,0x0883,0x0883,0x1082,0x0883,0x1083,0x0883,0x1082,0x0883,0x1083,0x0883,0x1083,0x0882,0x1083,0x0883,
  0x0883,0x1083,0x0883,0x1083,0x0883,0x1083,0x0883,0x1083,0x0863,0x0883,0x0883,0x0883,0x0882,0x0863,0x0883,0x0883,
  0x0883,0x0883,0x0883,0x0883,0x0883,0x0883,0x0882,0x0883,0x0883,0x0883,0x0883,0x0883,0x0883,0x0883,0x0883,0x0883,
  0x1083,0x0883,0x0882,0x0883,0x0883,0x0883,0x0883,0x0883,0x0883,0x0883,0x0883,0x0883,0x0883,0x0883,0x0883,0x1083,
  0x0883,0x0883,0x0883,0x0883,0x0883,0x0883,0x0883,0x0883,0x0883,0x0883,0x0883,0x0883,0x0883,0x0883,0x1083,0x0883,
  0x0883,0x0883,0x0883,0x0883,0x0883,0x0883,0x0883,0x0883,0x0883,0x0883,0x0883,0x0883,0x0883,0x1083,0x0883,0x0883,
  0x0883,0x0883,0x0883,0x0883,0x0883,0x0883,0x0883,0x0883,0x0883,0x0883,0x0883,0x0883,0x1083,0x0883,0x0883,0x0883,
  0x0883,0x0883,0x0883,0x0883,0x0883,0x0883,0x0883,0x0883,0x0883,0x0883,0x0883,0x1083,0x0883,0x0883,0x0883,0x0883,
  0x0883,0x0883,0x0883,0x0883,0x0883,0x0883,0x0883,0x0883,0x0883,0x0883,0x1083,0x0883,0x0883,0x0883,0x0883,0x0883,
  0x0883,0x0883,0x0883,0x0883,0x0883,0x0883,0x0883,0x0883,0x0883,0x1083,0x0883,0x0883,0x0883,0x0883,0x0883,0x0883,
  0x0883,0x0883,0x0883,0x0883,0x0883,0x0883,0x0883,0x0883,0x1083,0x0883,0x0883,0x0883,0x0883,0x0883,0x0883,0x0883,
  0x0883,0x0883,0x0883,0x0883,0x0883,0x0883,0x0883,0x1083,0x0883,0x0883,0x0883,0x0883,0x0883,0x0883,0x0883,0x0883,
  0x0883,0x0883,0x0883,0x0883,0x0883,0x0883,0x1083,0x0883,0x0883,0x0883,0x0883,0x0883,0x0883,0x0883,0x0883,0x0883,
  0x0883,0x0883,0x0883,0x0883,0x0883,0x1083,0x0883,0x0883,0x0883,0x0883,0x0883,0x0883,0x0883,0x0883,0x0883,0x0883,
  0x0883,0x0883,0x0883,0x0883,0x1083,0x0883,0x0883,0x0883,0x0883,0x0883,0x0883,0x0883,0x0883,0x0883,0x0883,0x0883,
  0x0883,0x0883,0x0883,0x1083,0x0883,0x0883,0x0883,0x0883,0x0883,0x0883,0x0883,0x0883,0x0883,0x0883,0x0883,0x0883,
  0x0883,0x0883,0x1083,0x0883,0x0883,0x0883,0x0883,0x0883,0x0883,0x0883,0x0883,0x0883,0x0883,0x0883,0x0883,0x0883,
  0x0883,0x1083,0x0883,0x0883,0x0883,0x0883,0x0883,0x0883,0x0883,0x0883,0x0883,0x0883,0x0883,0x0883,0x0883,0x0883,
  0x1083,0x0883,0x0883,0x0883,0x0883,0x0883,0x0883,0x0883,0x0883,0x0883,0x0883,0x0883,0x0883,0x0883,0x0883,0x1083,
  0x0883,0x0883,0x0883,0x0883,0x0883,0x0883,0x0883,0x0883,0x0883,0x0883,0x0883,0x0883,0x0883,0x0883,0x1083,0x0883,
  0x0883,0x0883,0x0883,0x0883,0x0883,0x0883,0x0883,0x0883,0x0883,0x0883,0x0883,0x0883,0x0883,0x1083,0x0883,0x0883,
  0x0883,0x0883,0x0883,0x0883,0x0883,0x0883,0x0883,0x0883,0x0883,0x0883,0x0883,0x0883,0x1083,0x0883,0x0883,0x0883,
  0x0883,0x0883,0x0883,0x0883,0x0883,0x0883,0x0883,0x0883,0x0883,0x0883,0x0883,0x1083,0x0883,0x0883,0x0883,0x0883,
  0x0883,0x0883,0x0883,0x0883,0x0883,0x0883,0x0883,0x0883,0x0883,0x0883,0x1083,0x0883,0x0883,0x0883,0x0883,0x0883,
  0x0883,0x0883,0x0883,0x0883,0x0883,0x0883,0x0883,0x0883,0x0883,0x1083,0x0883,0x0883,0x0883,0x0883,0x0883,0x0883,
  0x0883,0x0883,0x0883,0x0883,0x0883,0x0883,0x0883,0x0883,0x1083,0x0883,0x0883,0x0883,0x0883,0x0883,0x0883,0x0883,
  0x0883,0x0883,0x0883,0x0883,0x0883,0x0883,0x0883,0x1083,0x0883,0x0883,0x0883,0x0883,0x0883,0x0883,0x0883,0x0883,
  0x0883,0x0883,0x0883,0x0883,0x0883,0x0883,0x1083,0x0883,0x0883,0x0883,0x0883,0x0883,0x0883,0x0883,0x0883,0x0883,
  0x0883,0x0883,0x0883,0x0883,0x0883,0x1083,0x0883,0x0883,0x0883,0x0883,0x0883,0x0883,0x0883,0x0883,0x0883,0x0883,
  0x0883,0x0883,0x0883,0x0883,0x1083,0x0883,0x0883,0x0883,0x0883,0x0883,0x0883,0x0883,0x0883,0x0883,0x0883,0x0883,
  0x0883,0x0883,0x0883,0x1083,0x0883,0x0883,0x0883,0x0883,0x0883,0x0883,0x0883,0x0883,0x0883,0x0883,0x0883,0x0883,
  0x0883,0x0883,0x0883,0x0883,0x0883,0x0883,0x0862,0x0883,0x0883,0x1083,0x0883,0x0883,0x1083,0x0883,0x0883,0x1083,
  0x0883,0x0883,0x1083,0x0863,0x0883,0x1083,0x0883,0x0883,0x1083,0x0883,0x0883,0x1083,0x0883,0x0883,0x1083,0x0883,
  0x0883,0x0883,0x0883,0x1083,0x0883,0x0883,0x1083,0x0883,0x0863,0x1083,0x0883,0x0882,0x1063,0x0883,0x0883,0x0883,
  0x0883,0x0863,0x1083,0x0883,0x0882,0x1063,0x0883,0x0883,0x1083,0x0883,0x0883,0x1083,0x0883,0x0882,0x0883,0x0883,
  0x0863,0x1083,0x0883,0x0883,0x1063,0x0883,0x0882,0x1083,0x0883,0x0863,0x1083,0x0883,0x0883,0x0863,0x0883,0x0882,
  0x1083,0x0883,0x0883,0x1083,0x0883,0x0883,0x1083,0x0883,0x0862,0x1083,0x0883,0x0883,0x0863,0x0883,0x0883,0x1083,
  0x0883,0x0862,0x1083,0x0883,0x0883,0x1063,0x0883,0x0883,0x1083,0x0883,0x0882,0x0883,0x0883,0x0883,0x1083,0x0883,
  0x0863,0x1083,0x0883,0x0882,0x1063,0x0883,0x0883,0x1083,0x0883,0x0863,0x0883,0x0883,0x0882,0x1063,0x0883,0x0883,
  0x1083,0x0883,0x0883,0x1083,0x0883,0x0882,0x1083,0x0883,0x0863,0x0883,0x0883,0x0883,0x1063,0x0883,0x0882,0x1083,
  0x0883,0x0863,0x1083,0x0883,0x0883,0x1063,0x0883,0x0882,0x0883,0x0883,0x0883,0x1083,0x0883,0x0883,0x1083,0x0883,
  0x0862,0x1083,0x0883,0x0883,0x1063,0x0883,0x0883,0x0883,0x0883,0x0862,0x1083,0x0883,0x0883,0x1063,0x0883,0x0883,
  0x1083,0x0883,0x0882,0x1083,0x0883,0x0883,0x0883,0x0883,0x0863,0x1083,0x0883,0x0882,0x1063,0x0883,0x0883,0x1083,
  0x0883,0x0863,0x1083,0x0883,0x0882,0x0863,0x0883,0x0883,0x1083,0x0883,0x0883,0x1083,0x0883,0x0882,0x1083,0x0883,
  0x0863,0x1083,0x0883,0x0883,0x0863,0x0883,0x0882,0x1083,0x0883,0x0863,0x1083,0x0883,0x0883,0x1063,0x0883,0x0882,
  0x1083,0x0883,0x0883,0x0883,0x0883,0x0883,0x1083,0x0883,0x0862,0x1083,0x0883,0x0883,0x1063,0x0883,0x0883,0x1083,
  0x0883,0x0862,0x0883,0x0883,0x0883,0x1063,0x0883,0x0883,0x1083,0x0883,0x0882,0x1083,0x0883,0x0883,0x1083,0x0883,
  0x0863,0x0883,0x0883,0x0882,0x1063,0x0883,0x0883,0x1083,0x0883,0x0863,0x1083,0x0883,0x0882,0x1063,0x0883,0x0883,
  0x0883,0x0883,0x0883,0x1083,0x0883,0x0882,0x1083,0x0883,0x0863,0x1083,0x0883,0x0883,0x1063,0x0883,0x0882,0x0883,
  0x0883,0x0863,0x1083,0x0883,0x0883,0x1063,0x0883,0x0882,0x1083,0x0883,0x0883,0x1083,0x0883,0x0883,0x0883,0x0883,
  0x0862,0x1083,0x0883,0x0883,0x1063,0x0883,0x0883,0x1083,0x0883,0x0862,0x1083,0x0883,0x0883,0x0863,0x0883,0x0883,
  0x1083,0x0883,0x0882,0x1083,0x0883,0x0883,0x1083,0x0883,0x0863,0x1083,0x0883,0x0882,0x0863,0x0883,0x0883,0x1083,
  0x0883,0x0863,0x1083,0x0883,0x0882,0x1063,0x0883,0x0883,0x1083,0x0883,0x0883,0x0883,0x0883,0x0882,0x1083,0x0883,
  0x0863,0x1083,0x0883,0x0883,0x1063,0x0883,0x0882,0x1083,0x0883,0x0863,0x0883,0x0883,0x0883,0x1063,0x0883,0x0882,
  0x1083,0x0883,0x0883,0x1083,0x0883,0x0883,0x1083,0x0883,0x0862,0x0883,0x0883,0x0883,0x1063,0x0883,0x0883,0x1083,
  0x0883,0x0862,0x1083,0x0883,0x0883,0x1063,0x0883,0x0883,0x0883,0x0883,0x0882,0x1083,0x0883,0x0883,0x1083,0x0883,
  0x0863,0x1083,0x0883,0x0882,0x1063,0x0883,0x0883,0x0883,0x0883,0x0863,0x1083,0x0883,0x0882,0x1063,0x0883,0x0883,
  0x1083,0x0883,0x0883,0x1083,0x0883,0x0882,0x0883,0x0883,0x0863,0x1083,0x0883,0x0883,0x1063,0x0883,0x0882,0x1083,
  0x0883,0x0863,0x1083,0x0883,0x0883,0x0863,0x0883,0x0882,0x1083,0x0883,0x0883,0x1083,0x0883,0x0883,0x1083,0x0883,
  0x0862,0x1083,0x0883,0x0883,0x0863,0x0883,0x0883,0x1083,0x0883,0x0862,0x1083,0x0883,0x0883,0x1063,0x0883,0x0883,
  0x1083,0x0883,0x0882,0x0883,0x0883,0x0883,0x1083,0x0883,0x0863,0x1083,0x0883,0x0882,0x1063,0x0883,0x0883,0x1083,
  0x0883,0x1083,0x0883,0x0883,0x1063,0x0883,0x0883,0x1083,0x0883,0x0883,0x0883,0x1083,0x0883,0x0883,0x0883,0x0883,
  0x0883,0x0883,0x0883,0x0883,0x0883,0x0883,0x0883,0x0883,0x0883,0x0883,0x0883,0x0883,0x0883,0x0863,0x0883,0x0883,
  0x0883,0x1083,0x0883,0x0883,0x0883,0x0883,0x0863,0x0883,0x0883,0x0883,0x0883,0x0883,0x0883,0x0883,0x1083,0x0883,
  0x0883,0x0883,0x0883,0x0883,0x0883,0x0883,0x0883,0x0883,0x0883,0x0863,0x0883,0x0883,0x0883,0x1083,0x0863,0x0883,
  0x0883,0x0883,0x0883,0x0883,0x0883,0x0883,0x0883,0x0883,0x0883,0x0883,0x0883,0x0883,0x1083,0x0883,0x0883,0x0883,
  0x0883,0x0863,0x0883,0x0883,0x0883,0x0883,0x0863,0x0883,0x0883,0x0883,0x0883,0x1083,0x0883,0x0883,0x0883,0x0883,
  0x0883,0x0883,0x0883,0x0883,0x0883,0x0883,0x0883,0x0883,0x0883,0x0863,0x1083,0x0883,0x0883,0x0883,0x0863,0x0883,
  0x0883,0x0883,0x0883,0x0883,0x0883,0x0883,0x0883,0x0883,0x0883,0x1083,0x0883,0x0883,0x0883,0x0883,0x0883,0x0883,
  0x0883,0x0863,0x0883,0x0883,0x0883,0x0883,0x0863,0x0883,0x1083,0x0883,0x0883,0x0883,0x0883,0x0883,0x0883,0x0883,
  0x0883,0x0883,0x0883,0x0883,0x0883,0x0883,0x0883,0x1083,0x0883,0x0863,0x0883,0x0883,0x0883,0x0883,0x0863,0x0883,
  0x0883,0x0883,0x0883,0x0883,0x0883,0x0883,0x1083,0x0883,0x0883,0x0883,0x0883,0x0883,0x0883,0x0883,0x0883,0x0883,
  0x0883,0x0863,0x0883,0x0883,0x0883,0x1083,0x0863,0x0883,0x0883,0x0883,0x0883,0x0883,0x0883,0x0883,0x0883,0x0883,
  0x0883,0x0883,0x0883,0x0883,0x1083,0x0883,0x0883,0x0883,0x0883,0x0863,0x0883,0x0883,0x0883,0x0883,0x0863,0x0883,
  0x0883,0x0883,0x0883,0x1083,0x0883,0x0883,0x0883,0x0883,0x0883,0x0883,0x0883,0x0883,0x0883,0x0883,0x0883,0x0883,
  0x0883,0x0863,0x1083,0x0883,0x0883,0x0883,0x0863,0x0883,0x0883,0x0883,0x0883,0x0883,0x0883,0x0883,0x0883,0x0883,
  0x0883,0x1083,0x0883,0x0883,0x0883,0x0883,0x0883,0x0883,0x0883,0x0863,0x0883,0x0883,0x0883,0x0883,0x0863,0x0883,
  0x1083,0x0883,0x0883,0x0883,0x0883,0x0883,0x0883,0x0883,0x0883,0x0883,0x0883,0x0883,0x0883,0x0883,0x0883,0x1083,
  0x0883,0x0863,0x0883,0x0883,0x0883,0x0883,0x0863,0x0883,0x0883,0x0883,0x0883,0x0883,0x0883,0x0883,0x1083,0x0883,
  0x0883,0x0883,0x0883,0x0883,0x0883,0x0883,0x0883,0x0883,0x0883,0x0863,0x0883,0x0883,0x0883,0x1083,0x0863,0x0883,
  0x0883,0x0883,0x0883,0x0883,0x0883,0x0883,0x0883,0x0883,0x0883,0x0883,0x0883,0x0883,0x1083,0x0883,0x0883,0x0883,
  0x0883,0x0863,0x0883,0x0883,0x0883,0x0883,0x0863,0x0883,0x0883,0x0883,0x0883,0x1083,0x0883,0x0883,0x0883,0x0883,
  0x0883,0x0883,0x0883,0x0883,0x0883,0x0883,0x0883,0x0883,0x0883,0x0863,0x1083,0x0883,0x0883,0x0883,0x0863,0x0883,
  0x0883,0x0883,0x0883,0x0883,0x0883,0x0883,0x0883,0x0883,0x0883,0x1083,0x0883,0x0883,0x0883,0x0883,0x0883,0x0883,
  0x0883,0x0863,0x0883,0x0883,0x0883,0x0883,0x0863,0x0883,0x1083,0x0883,0x0883,0x0883,0x0883,0x0883,0x0883,0x0883,
  0x0883,0x0883,0x0883,0x0883,0x0883,0x0883,0x0883,0x1083,0x0883,0x0863,0x0883,0x0883,0x0883,0x0883,0x0863,0x0883,
  0x0883,0x0883,0x0883,0x0883,0x0883,0x0883,0x1083,0x0883,0x0883,0x0883,0x0883,0x0883,0x0883,0x0883,0x0883,0x0883,
  0x0883,0x0863,0x0883,0x0883,0x0883,0x1083,0x0863,0x0883,0x0883,0x0883,0x0883,0x0883,0x0883,0x0883,0x0883,0x0883,
  0x0883,0x0883,0x0883,0x0883,0x1083,0x0883,0x0883,0x0883,0x0883,0x0863,0x0883,0x0883,0x0883,0x0883,0x0863,0x0883,
  0x0883,0x0883,0x0883,0x1083,0x0883,0x0883,0x0883,0x0883,0x0883,0x0883,0x0883,0x0883,0x0883,0x0883,0x0883,0x0883,
  0x0883,0x0863,0x1083,0x0883,0x0883,0x0883,0x0863,0x0883,0x0883,0x0883,0x0883,0x0883,0x0883,0x0883,0x0883,0x0883,
  0x0883,0x0883,0x0883,0x0883,0x0883,0x0883,0x1083,0x0883,0x0883,0x0883,0x0883,0x0883,0x0883,0x1083,0x0883,0x1083,
  0x0883,0x1083,0x0883,0x1083,0x0883,0x1083,0x0883,0x1083,0x0883,0x1083,0x0863,0x1083,0x0883,0x1083,0x0883,0x1083,
  0x0883,0x0863,0x0883,0x0883,0x1083,0x0883,0x1083,0x0883,0x1083,0x0883,0x1083,0x0883,0x1083,0x0883,0x0883,0x0883,
  0x1083,0x0883,0x1083,0x0883,0x1083,0x0883,0x1083,0x0883,0x1083,0x0883,0x1083,0x0883,0x0883,0x0883,0x0883,0x1083,
  0x0883,0x1083,0x0883,0x1083,0x0883,0x1083,0x0883,0x1083,0x0883,0x1083,0x0883,0x0883,0x0883,0x0883,0x1083,0x0883,
  0x1083,0x0883,0x1083,0x0883,0x1083,0x0883,0x1083,0x0883,0x1083,0x0883,0x0883,0x0883,0x0883,0x1083,0x0883,0x1083,
  0x0883,0x1083,0x0883,0x1083,0x0883,0x1083,0x0883,0x1083,0x0883,0x0883,0x0883,0x0883,0x1083,0x0883,0x1083,0x0883,
  0x1083,0x0883,0x1083,0x0883,0x1083,0x0883,0x1083,0x0883,0x0883,0x0883,0x0883,0x1083,0x0883,0x1083,0x0883,0x1083,
  0x0883,0x1083,0x0883,0x1083,0x0883,0x1083,0x0883,0x0883,0x0883,0x0883,0x1083,0x0883,0x1083,0x0883,0x1083,0x0883,
  0x1083,0x0883,0x1083,0x0883,0x1083,0x0883,0x0883,0x0883,0x0883,0x1083,0x0883,0x1083,0x0883,0x1083,0x0883,0x1083,
  0x0883,0x1083,0x0883,0x1083,0x0883,0x0883,0x0883,0x0883,0x1083,0x0883,0x1083,0x0883,0x1083,0x0883,0x1083,0x0883,
  0x1083,0x0883,0x1083,0x0883,0x0883,0x0883,0x0883,0x1083,0x0883,0x1083,0x0883,0x1083,0x0883,0x1083,0x0883,0x1083,
  0x0883,0x1083,0x0883,0x0883,0x0883,0x0883,0x1083,0x0883,0x1083,0x0883,0x1083,0x0883,0x1083,0x0883,0x1083,0x0883,
  0x1083,0x0883,0x0883,0x0883,0x0883,0x1083,0x0883,0x1083,0x0883,0x1083,0x0883,0x1083,0x0883,0x1083,0x0883,0x1083,
  0x0883,0x0883,0x0883,0x0883,0x1083,0x0883,0x1083,0x0883,0x1083,0x0883,0x1083,0x0883,0x1083,0x0883,0x1083,0x0883,
  0x0883,0x0883,0x0883,0x1083,0x0883,0x1083,0x0883,0x1083,0x0883,0x1083,0x0883,0x1083,0x0883,0x1083,0x0883,0x0883,
  0x0883,0x0883,0x1083,0x0883,0x1083,0x0883,0x1083,0x0883,0x1083,0x0883,0x1083,0x0883,0x1083,0x0883,0x0883,0x0883,
  0x0883,0x1083,0x0883,0x1083,0x0883,0x1083,0x0883,0x1083,0x0883,0x1083,0x0883,0x1083,0x0883,0x0883,0x0883,0x0883,
  0x1083,0x0883,0x1083,0x0883,0x1083,0x0883,0x1083,0x0883,0x1083,0x0883,0x1083,0x0883,0x0883,0x0883,0x0883,0x1083,
  0x0883,0x1083,0x0883,0x1083,0x0883,0x1083,0x0883,0x1083,0x0883,0x1083,0x0883,0x0883,0x0883,0x0883,0x1083,0x0883,
  0x1083,0x0883,0x1083,0x0883,0x1083,0x0883,0x1083,0x0883,0x1083,0x0883,0x0883,0x0883,0x0883,0x1083,0x0883,0x1083,
  0x0883,0x1083,0x0883,0x1083,0x0883,0x1083,0x0883,0x1083,0x0883,0x0883,0x0883,0x0883,0x1083,0x0883,0x1083,0x0883,
  0x1083,0x0883,0x1083,0x0883,0x1083,0x0883,0x1083,0x0883,0x0883,0x0883,0x0883,0x1083,0x0883,0x1083,0x0883,0x1083,
  0x0883,0x1083,0x0883,0x1083,0x0883,0x1083,0x0883,0x0883,0x0883,0x0883,0x1083,0x0883,0x1083,0x0883,0x1083,0x0883,
  0x1083,0x0883,0x1083,0x0883,0x1083,0x0883,0x0883,0x0883,0x0883,0x1083,0x0883,0x1083,0x0883,0x1083,0x0883,0x1083,
  0x0883,0x1083,0x0883,0x1083,0x0883,0x0883,0x0883,0x0883,0x1083,0x0883,0x1083,0x0883,0x1083,0x0883,0x1083,0x0883,
  0x1083,0x0883,0x1083,0x0883,0x0883,0x0883,0x0883,0x1083,0x0883,0x1083,0x0883,0x1083,0x0883,0x1083,0x0883,0x1083,
  0x0883,0x1083,0x0883,0x0883,0x0883,0x0883,0x1083,0x0883,0x1083,0x0883,0x1083,0x0883,0x1083,0x0883,0x1083,0x0883,
  0x1083,0x0883,0x0883,0x0883,0x0883,0x1083,0x0883,0x1083,0x0883,0x1083,0x0883,0x1083,0x0883,0x1083,0x0883,0x1083,
  0x0883,0x0883,0x0883,0x0883,0x1083,0x0883,0x1083,0x0883,0x1083,0x0883,0x1083,0x0883,0x1083,0x0883,0x1083,0x0883,
  0x0883,0x1083,0x0883,0x1083,0x0883,0x0883,0x0883,0x0883,0x1083,0x0883,0x1083,0x0883,0x0883,0x0883,0x0883,0x0883,
  0x0883,0x0883,0x0883,0x0883,0x0883,0x0883,0x0883,0x0883,0x0883,0x0883,0x0883,0x0883,0x0883,0x0883,0x0883,0x0883,
  0x0883,0x0883,0x1083,0x0883,0x0883,0x0883,0x0883,0x0883,0x0883,0x0883,0x0883,0x0883,0x0883,0x0883,0x1083,0x0883,
  0x0883,0x0883,0x0883,0x0883,0x0883,0x0883,0x0883,0x0883,0x0883,0x0883,0x0883,0x0883,0x1083,0x0883,0x0883,0x0883,
  0x0883,0x0883,0x0883,0x0883,0x0883,0x0883,0x0883,0x0883,0x0883,0x0883,0x0883,0x1083,0x0883,0x0883,0x0883,0x0883,
  0x0883,0x0883,0x0883,0x0883,0x0883,0x0883,0x0883,0x0883,0x0883,0x0883,0x1083,0x0883,0x0883,0x0883,0x0883,0x0883,
  0x0883,0x0883,0x0883,0x0883,0x0883,0x0883,0x0883,0x0883,0x0883,0x1083,0x0883,0x0883,0x0883,0x0883,0x0883,0x0883,
  0x0883,0x0883,0x0883,0x0883,0x0883,0x0883,0x0883,0x0883,0x1083,0x0883,0x0883,0x0883,0x0883,0x0883,0x0883,0x0883,
  0x0883,0x0883,0x0883,0x0883,0x0883,0x0883,0x0883,0x1083,0x0883,0x0883,0x0883,0x0883,0x0883,0x0883,0x0883,0x0883,
  0x0883,0x0883,0x0883,0x0883,0x0883,0x0883,0x1083,0x0883,0x0883,0x0883,0x0883,0x0883,0x0883,0x0883,0x0883,0x0883,
  0x0883,0x0883,0x0883,0x0883,0x0883,0x1083,0x0883,0x0883,0x0883,0x0883,0x0883,0x0883,0x0883,0x0883,0x0883,0x0883,
  0x0883,0x0883,0x0883,0x0883,0x1083,0x0883,0x0883,0x0883,0x0883,0x0883,0x0883,0x0883,0x0883,0x0883,0x0883,0x0883,
  0x0883,0x0883,0x0883,0x1083,0x0883,0x0883,0x0883,0x0883,0x0883,0x0883,0x0883,0x0883,0x0883,0x0883,0x0883,0x0883,
  0x0883,0x0883,0x1083,0x0883,0x0883,0x0883,0x0883,0x0883,0x0883,0x0883,0x0883,0x0883,0x0883,0x0883,0x0883,0x0883,
  0x0883,0x1083,0x0883,0x0883,0x0883,0x0883,0x0883,0x0883,0x0883,0x0883,0x0883,0x0883,0x0883,0x0883,0x0883,0x0883,
  0x1083,0x0883,0x0883,0x0883,0x0883,0x0883,0x0883,0x0883,0x0883,0x0883,0x0883,0x0883,0x0883,0x0883,0x0883,0x1083,
  0x0883,0x0883,0x0883,0x0883,0x0883,0x0883,0x0883,0x0883,0x0883,0x0883,0x0883,0x0883,0x0883,0x0883,0x1083,0x0883,
  0x0883,0x0883,0x0883,0x0883,0x0883,0x0883,0x0883,0x0883,0x0883,0x0883,0x0883,0x0883,0x0883,0x1083,0x0883,0x0883,
  0x0883,0x0883,0x0883,0x0883,0x0883,0x0883,0x0883,0x0883,0x0883,0x0883,0x0883,0x0883,0x1083,0x0883,0x0883,0x0883,
  0x0883,0x0883,0x0883,0x0883,0x0883,0x0883,0x0883,0x0883,0x0883,0x0883,0x0883,0x1083,0x0883,0x0883,0x0883,0x0883,
  0x0883,0x0883,0x0883,0x0883,0x0883,0x0883,0x0883,0x0883,0x0883,0x0883,0x1083,0x0883,0x0883,0x0883,0x0883,0x0883,
  0x0883,0x0883,0x0883,0x0883,0x0883,0x0883,0x0883,0x0883,0x0883,0x1083,0x0883,0x0883,0x0883,0x0883,0x0883,0x0883,
  0x0883,0x0883,0x0883,0x0883,0x0883,0x0883,0x0883,0x0883,0x1083,0x0883,0x0883,0x0883,0x0883,0x0883,0x0883,0x0883,
  0x0883,0x0883,0x0883,0x0883,0x0883,0x0883,0x0883,0x1083,0x0883,0x0883,0x0883,0x0883,0x0883,0x0883,0x0883,0x0883,
  0x0883,0x0883,0x0883,0x0883,0x0883,0x0883,0x1083,0x0883,0x0883,0x0883,0x0883,0x0883,0x0883,0x0883,0x0883,0x0883,
  0x0883,0x0883,0x0883,0x0883,0x0883,0x1083,0x0883,0x0883,0x0883,0x0883,0x0883,0x0883,0x0883,0x0883,0x0883,0x0883,
  0x0883,0x0883,0x0883,0x0883,0x1083,0x0883,0x0883,0x0883,0x0883,0x0883,0x0883,0x0883,0x0883,0x0883,0x0883,0x0883,
  0x0883,0x0883,0x0883,0x1083,0x0883,0x0883,0x0883,0x0883,0x0883,0x0883,0x0883,0x0883,0x0883,0x0883,0x0883,0x0883,
  0x0883,0x0883,0x1083,0x0883,0x0883,0x0883,0x0883,0x0883,0x0883,0x0883,0x0883,0x0883,0x0883,0x0883,0x0883,0x0883,
  0x0883,0x1083,0x0883,0x0883,0x0883,0x0883,0x0883,0x0883,0x0883,0x0883,0x0883,0x0883,0x0883,0x0883,0x0883,0x0883,
  0x0883,0x0883,0x0883,0x0883,0x08a3,0x1083,0x0883,0x08a3,0x0883,0x0883,0x0883,0x0883,0x1083,0x0883,0x0883,0x1083,
  0x0883,0x0883,0x1083,0x0883,0x0883,0x1083,0x0883,0x0883,0x1083,0x0883,0x08a3,0x1083,0x0883,0x08a3,0x1083,0x0883,
  0x1083,0x08a3,0x0883,0x0883,0x1083,0x0883,0x0883,0x10a3,0x0883,0x0883,0x1083,0x0883,0x0883,0x0883,0x0883,0x0883,
  0x1083,0x0883,0x0883,0x1083,0x0883,0x0883,0x1083,0x0883,0x0883,0x10a3,0x0883,0x0883,0x0883,0x1083,0x0883,0x10a3,
  0x0883,0x1083,0x0883,0x0883,0x1083,0x0883,0x0883,0x1083,0x0883,0x0883,0x1083,0x0883,0x0883,0x1083,0x0883,0x1083,
  0x0883,0x08a3,0x1083,0x0883,0x0883,0x1083,0x0883,0x08a3,0x1083,0x0883,0x0883,0x0883,0x1083,0x0883,0x1083,0x0883,
  0x0883,0x1083,0x0883,0x0883,0x1083,0x0883,0x0883,0x1083,0x0883,0x08a3,0x0883,0x1083,0x0883,0x1083,0x0883,0x08a3,
  0x1083,0x0883,0x0883,0x1083,0x0883,0x0883,0x1083,0x0883,0x0883,0x0883,0x1083,0x0883,0x1083,0x0883,0x0883,0x1083,
  0x0883,0x08a3,0x1083,0x0883,0x0883,0x1083,0x0883,0x08a3,0x0883,0x1083,0x0883,0x1083,0x0883,0x0883,0x1083,0x0883,
  0x0883,0x1083,0x0883,0x0883,0x1083,0x0883,0x0883,0x0883,0x1083,0x08a3,0x1083,0x0883,0x0883,0x1083,0x0883,0x08a3,
  0x1083,0x0883,0x0883,0x1083,0x0883,0x0883,0x0883,0x1083,0x0883,0x1083,0x0883,0x0883,0x1083,0x0883,0x0883,0x1083,
  0x0883,0x08a3,0x1083,0x0883,0x0883,0x0883,0x1083,0x08a3,0x1083,0x0883,0x0883,0x1083,0x0883,0x0883,0x1083,0x0883,
  0x0883,0x1083,0x0883,0x0883,0x0883,0x1083,0x0883,0x1083,0x0883,0x08a3,0x1083,0x0883,0x0883,0x1083,0x0883,0x08a3,
  0x1083,0x0883,0x0883,0x0883,0x1083,0x0883,0x1083,0x0883,0x0883,0x1083,0x0883,0x0883,0x1083,0x0883,0x0883,0x1083,
  0x0883,0x08a3,0x0883,0x1083,0x0883,0x1083,0x0883,0x08a3,0x1083,0x0883,0x0883,0x1083,0x0883,0x0883,0x1083,0x0883,
  0x0883,0x0883,0x1083,0x0883,0x1083,0x0883,0x0883,0x1083,0x0883,0x08a3,0x1083,0x0883,0x0883,0x1083,0x0883,0x08a3,
  0x0883,0x1083,0x0883,0x1083,0x0883,0x0883,0x1083,0x0883,0x0883,0x1083,0x0883,0x0883,0x1083,0x0883,0x0883,0x0883,
  0x1083,0x08a3,0x1083,0x0883,0x0883,0x1083,0x0883,0x08a3,0x1083,0x0883,0x0883,0x1083,0x0883,0x0883,0x0883,0x1083,
  0x0883,0x1083,0x0883,0x0883,0x1083,0x0883,0x0883,0x1083,0x0883,0x08a3,0x1083,0x0883,0x0883,0x0883,0x1083,0x08a3,
  0x1083,0x0883,0x0883,0x1083,0x0883,0x0883,0x1083,0x0883,0x0883,0x1083,0x0883,0x0883,0x0883,0x1083,0x0883,0x1083,
  0x0883,0x08a3,0x1083,0x0883,0x0883,0x1083,0x0883,0x08a3,0x1083,0x0883,0x0883,0x0883,0x1083,0x0883,0x1083,0x0883,
  0x0883,0x1083,0x0883,0x0883,0x1083,0x0883,0x0883,0x1083,0x0883,0x08a3,0x0883,0x1083,0x0883,0x1083,0x0883,0x08a3,
  0x1083,0x0883,0x0883,0x1083,0x0883,0x0883,0x1083,0x0883,0x0883,0x0883,0x1083,0x0883,0x1083,0x0883,0x0883,0x1083,
  0x0883,0x08a3,0x1083,0x0883,0x0883,0x1083,0x0883,0x08a3,0x0883,0x1083,0x0883,0x1083,0x0883,0x0883,0x1083,0x0883,
  0x0883,0x1083,0x0883,0x0883,0x1083,0x0883,0x0883,0x0883,0x1083,0x08a3,0x1083,0x0883,0x0883,0x1083,0x0883,0x08a3,
  0x1083,0x0883,0x0883,0x1083,0x0883,0x0883,0x0883,0x1083,0x0883,0x1083,0x0883,0x0883,0x1083,0x0883,0x0883,0x1083,
  0x0883,0x08a3,0x1083,0x0883,0x0883,0x0883,0x1083,0x08a3,0x1083,0x0883,0x0883,0x1083,0x0883,0x0883,0x1083,0x0883,
  0x0883,0x1083,0x0883,0x0883,0x0883,0x1083,0x0883,0x1083,0x0883,0x08a3,0x1083,0x0883,0x0883,0x1083,0x0883,0x08a3,
  0x1083,0x0883,0x0883,0x0883,0x1083,0x0883,0x1083,0x0883,0x0883,0x1083,0x0883,0x0883,0x1083,0x0883,0x0883,0x1083,
  0x0883,0x08a3,0x0883,0x1083,0x0883,0x1083,0x0883,0x08a3,0x1083,0x0883,0x0883,0x1083,0x0883,0x0883,0x1083,0x0883,
  0x0883,0x10a3,0x0883,0x0883,0x1083,0x0883,0x0883,0x1083,0x0883,0x08a3,0x1083,0x08a3,0x0883,0x0883,0x08a3,0x0883,
  0x0883,0x10a3,0x0883,0x0883,0x08a3,0x0883,0x0883,0x10a3,0x0883,0x0883,0x0883,0x0883,0x0883,0x1083,0x0883,0x08a3,
  0x0883,0x0883,0x1083,0x08a3,0x0883,0x08a3,0x0883,0x0883,0x0883,0x10a3,0x0883,0x08a3,0x1083,0x08a3,0x1083,0x08a3,
  0x0883,0x08a3,0x0883,0x08a3,0x0883,0x10a3,0x0883,0x08a3,0x0883,0x0883,0x0883,0x1083,0x08a3,0x0883,0x0883,0x0883,
  0x0883,0x08a3,0x0883,0x08a3,0x0883,0x10a3,0x0883,0x08a3,0x0883,0x08a3,0x0883,0x08a3,0x0883,0x08a3,0x0883,0x08a3,
  0x0883,0x1083,0x0883,0x0883,0x08a3,0x0883,0x0883,0x1083,0x0883,0x08a3,0x0883,0x10a3,0x0883,0x08a3,0x0883,0x08a3,
  0x1083,0x08a3,0x0883,0x08a3,0x0883,0x08a3,0x1083,0x08a3,0x0883,0x0883,0x1083,0x0883,0x08a3,0x0883,0x0883,0x1083,
  0x0883,0x08a3,0x0883,0x08a3,0x0883,0x10a3,0x0883,0x08a3,0x0883,0x10a3,0x0883,0x08a3,0x0883,0x08a3,0x1083,0x08a3,
  0x0883,0x0883,0x0883,0x0883,0x10a3,0x0883,0x0883,0x0883,0x1083,0x08a3,0x0883,0x08a3,0x0883,0x10a3,0x0883,0x08a3,
  0x0883,0x08a3,0x0883,0x10a3,0x0883,0x08a3,0x0883,0x10a3,0x0883,0x0883,0x0883,0x0883,0x10a3,0x0883,0x0883,0x0883,
  0x0883,0x08a3,0x1083,0x08a3,0x0883,0x08a3,0x1083,0x08a3,0x0883,0x08a3,0x0883,0x10a3,0x0883,0x08a3,0x0883,0x08a3,
  0x0883,0x1083,0x0883,0x0883,0x08a3,0x1083,0x0883,0x0883,0x0883,0x08a3,0x1083,0x08a3,0x0883,0x08a3,0x0883,0x08a3,
  0x1083,0x08a3,0x0883,0x08a3,0x1083,0x08a3,0x0883,0x08a3,0x0883,0x1083,0x0883,0x0883,0x08a3,0x0883,0x0883,0x1083,
  0x0883,0x08a3,0x0883,0x10a3,0x0883,0x08a3,0x0883,0x08a3,0x1083,0x08a3,0x0883,0x08a3,0x0883,0x08a3,0x1083,0x08a3,
  0x0883,0x0883,0x1083,0x0883,0x08a3,0x0883,0x0883,0x1083,0x0883,0x08a3,0x0883,0x08a3,0x0883,0x10a3,0x0883,0x08a3,
  0x0883,0x10a3,0x0883,0x08a3,0x0883,0x08a3,0x1083,0x08a3,0x0883,0x0883,0x0883,0x0883,0x10a3,0x0883,0x0883,0x0883,
  0x1083,0x08a3,0x0883,0x08a3,0x0883,0x10a3,0x0883,0x08a3,0x0883,0x08a3,0x0883,0x10a3,0x0883,0x08a3,0x0883,0x10a3,
  0x0883,0x0883,0x0883,0x0883,0x10a3,0x0883,0x0883,0x0883,0x0883,0x08a3,0x1083,0x08a3,0x0883,0x08a3,0x1083,0x08a3,
  0x0883,0x08a3,0x0883,0x10a3,0x0883,0x08a3,0x0883,0x08a3,0x0883,0x1083,0x0883,0x0883,0x08a3,0x1083,0x0883,0x0883,
  0x0883,0x08a3,0x1083,0x08a3,0x0883,0x08a3,0x0883,0x08a3,0x1083,0x08a3,0x0883,0x08a3,0x1083,0x08a3,0x0883,0x08a3,
  0x0883,0x1083,0x0883,0x0883,0x08a3,0x0883,0x0883,0x1083,0x0883,0x08a3,0x0883,0x10a3,0x0883,0x08a3,0x0883,0x08a3,
  0x1083,0x08a3,0x0883,0x08a3,0x0883,0x08a3,0x1083,0x08a3,0x0883,0x0883,0x1083,0x0883,0x08a3,0x0883,0x0883,0x1083,
  0x0883,0x08a3,0x0883,0x08a3,0x0883,0x10a3,0x0883,0x08a3,0x0883,0x10a3,0x0883,0x08a3,0x0883,0x08a3,0x1083,0x08a3,
  0x0883,0x0883,0x0883,0x0883,0x10a3,0x0883,0x0883,0x0883,0x1083,0x08a3,0x0883,0x08a3,0x0883,0x10a3,0x0883,0x08a3,
  0x0883,0x08a3,0x0883,0x10a3,0x0883,0x08a3,0x0883,0x10a3,0x0883,0x0883,0x0883,0x0883,0x10a3,0x0883,0x0883,0x0883,
  0x0883,0x08a3,0x1083,0x08a3,0x0883,0x08a3,0x1083,0x08a3,0x0883,0x08a3,0x0883,0x10a3,0x0883,0x08a3,0x0883,0x08a3,
  0x0883,0x1083,0x0883,0x0883,0x08a3,0x1083,0x0883,0x0883,0x0883,0x08a3,0x1083,0x08a3,0x0883,0x08a3,0x0883,0x08a3,
  0x1083,0x08a3,0x0883,0x08a3,0x1083,0x08a3,0x0883,0x08a3,0x0883,0x1083,0x0883,0x0883,0x08a3,0x0883,0x0883,0x1083,
  0x0883,0x08a3,0x0883,0x10a3,0x0883,0x08a3,0x0883,0x08a3,0x1083,0x08a3,0x0883,0x08a3,0x0883,0x08a3,0x1083,0x08a3,
  0x0883,0x0883,0x1083,0x0883,0x08a3,0x0883,0x0883,0x1083,0x0883,0x08a3,0x0883,0x08a3,0x0883,0x10a3,0x0883,0x08a3,
  0x0883,0x0883,0x1083,0x08a3,0x0883,0x08a3,0x1083,0x08a3,0x0883,0x1083,0x0883,0x0883,0x1083,0x0883,0x1083,0x0883,
  0x1083,0x0883,0x0883,0x1083,0x0883,0x10a3,0x0883,0x0883,0x0883,0x10a3,0x0883,0x10a3,0x0883,0x0883,0x0883,0x1083,
  0x0883,0x08a3,0x0883,0x1083,0x0883,0x1083,0x0883,0x1083,0x0883,0x0883,0x0883,0x1083,0x0883,0x0883,0x0883,0x1083,
  0x0883,0x1083,0x0883,0x1083,0x0883,0x0883,0x0883,0x1083,0x0883,0x1083,0x08a3,0x0883,0x1083,0x0883,0x10a3,0x0883,
  0x1083,0x0883,0x1083,0x0883,0x1083,0x0883,0x0883,0x1083,0x0883,0x1083,0x0883,0x1083,0x0883,0x1083,0x0883,0x1083,
  0x0883,0x0883,0x08a3,0x1083,0x0883,0x1083,0x08a3,0x0883,0x0883,0x1083,0x0883,0x0883,0x0883,0x1083,0x0883,0x1083,
  0x0883,0x0883,0x1083,0x0883,0x1083,0x0883,0x0883,0x0883,0x1083,0x0883,0x08a3,0x0883,0x1083,0x0883,0x10a3,0x0883,
  0x0883,0x1083,0x0883,0x1083,0x0883,0x0883,0x0883,0x1083,0x0883,0x0883,0x0883,0x1083,0x0883,0x1083,0x0883,0x0883,
  0x1083,0x0883,0x10a3,0x0883,0x0883,0x0883,0x10a3,0x0883,0x0883,0x0883,0x1083,0x0883,0x1083,0x0883,0x0883,0x1083,
  0x0883,0x1083,0x0883,0x0883,0x0883,0x1083,0x0883,0x0883,0x0883,0x1083,0x08a3,0x1083,0x0883,0x0883,0x10a3,0x0883,
  0x1083,0x0883,0x0883,0x0883,0x1083,0x0883,0x0883,0x0883,0x1083,0x0883,0x1083,0x0883,0x0883,0x1083,0x0883,0x1083,
  0x0883,0x0883,0x08a3,0x1083,0x0883,0x0883,0x08a3,0x1083,0x0883,0x1083,0x0883,0x0883,0x1083,0x0883,0x1083,0x0883,
  0x0883,0x0883,0x1083,0x0883,0x0883,0x0883,0x1083,0x0883,0x1083,0x0883,0x08a3,0x1083,0x0883,0x1083,0x08a3,0x0883,
  0x0883,0x1083,0x0883,0x0883,0x0883,0x1083,0x0883,0x1083,0x0883,0x0883,0x1083,0x0883,0x1083,0x0883,0x0883,0x0883,
  0x1083,0x0883,0x08a3,0x0883,0x1083,0x0883,0x10a3,0x0883,0x0883,0x1083,0x0883,0x1083,0x0883,0x0883,0x0883,0x1083,
  0x0883,0x0883,0x0883,0x1083,0x0883,0x1083,0x0883,0x0883,0x1083,0x0883,0x10a3,0x0883,0x0883,0x0883,0x10a3,0x0883,
  0x0883,0x0883,0x1083,0x0883,0x1083,0x0883,0x0883,0x1083,0x0883,0x1083,0x0883,0x0883,0x0883,0x1083,0x0883,0x0883,
  0x0883,0x1083,0x08a3,0x1083,0x0883,0x0883,0x10a3,0x0883,0x1083,0x0883,0x0883,0x0883,0x1083,0x0883,0x0883,0x0883,
  0x1083,0x0883,0x1083,0x0883,0x0883,0x1083,0x0883,0x1083,0x0883,0x0883,0x08a3,0x1083,0x0883,0x0883,0x08a3,0x1083,
  0x0883,0x1083,0x0883,0x0883,0x1083,0x0883,0x1083,0x0883,0x0883,0x0883,0x1083,0x0883,0x0883,0x0883,0x1083,0x0883,
  0x1083,0x0883,0x08a3,0x1083,0x0883,0x1083,0x08a3,0x0883,0x0883,0x1083,0x0883,0x0883,0x0883,0x1083,0x0883,0x1083,
  0x0883,0x0883,0x1083,0x0883,0x1083,0x0883,0x0883,0x0883,0x1083,0x0883,0x08a3,0x0883,0x1083,0x0883,0x10a3,0x0883,
  0x0883,0x1083,0x0883,0x1083,0x0883,0x0883,0x0883,0x1083,0x0883,0x0883,0x0883,0x1083,0x0883,0x1083,0x0883,0x0883,
  0x1083,0x0883,0x10a3,0x0883,0x0883,0x0883,0x10a3,0x0883,0x0883,0x0883,0x1083,0x0883,0x1083,0x0883,0x0883,0x1083,
  0x0883,0x1083,0x0883,0x0883,0x0883,0x1083,0x0883,0x0883,0x0883,0x1083,0x08a3,0x1083,0x0883,0x0883,0x10a3,0x0883,
  0x1083,0x0883,0x0883,0x0883,0x1083,0x0883,0x0883,0x0883,0x1083,0x0883,0x1083,0x0883,0x0883,0x1083,0x0883,0x1083,
  0x0883,0x0883,0x08a3,0x1083,0x0883,0x0883,0x08a3,0x1083,0x0883,0x1083,0x0883,0x0883,0x1083,0x0883,0x1083,0x0883,
  0x0883,0x0883,0x1083,0x0883,0x0883,0x0883,0x1083,0x0883,0x1083,0x0883,0x08a3,0x1083,0x0883,0x1083,0x08a3,0x0883,
  0x0883,0x1083,0x0883,0x0883,0x0883,0x1083,0x0883,0x1083,0x0883,0x0883,0x1083,0x0883,0x1083,0x0883,0x0883,0x0883,
  0x1083,0x0883,0x08a3,0x0883,0x1083,0x0883,0x10a3,0x0883,0x0883,0x1083,0x0883,0x1083,0x0883,0x0883,0x0883,0x1083,
  0x1083,0x0883,0x0883,0x1083,0x0883,0x1083,0x0883,0x0883,0x1083,0x0883,0x08a3,0x1083,0x08a3,0x0883,0x10a3,0x0883,
  0x08a3,0x1083,0x08a3,0x0883,0x1083,0x0883,0x1083,0x0883,0x1083,0x0883,0x0883,0x1083,0x0883,0x10a3,0x0883,0x08a3,
  0x1083,0x0883,0x1083,0x0883,0x0883,0x08a3,0x1083,0x08a3,0x1083,0x0883,0x10a3,0x0883,0x0883,0x10a3,0x0883,0x0883,
  0x08a3,0x1083,0x0883,0x0883,0x10a3,0x0883,0x1083,0x08a3,0x1083,0x0883,0x1083,0x0883,0x08a3,0x0883,0x0883,0x1083,
  0x08a3,0x0883,0x1083,0x08a3,0x0883,0x1083,0x08a3,0x0883,0x1083,0x08a3,0x0883,0x1083,0x08a3,0x0883,0x1083,0x08a3,
  0x1083,0x0883,0x1083,0x0883,0x08a3,0x1083,0x0883,0x1083,0x08a3,0x0883,0x1083,0x08a3,0x1083,0x0883,0x08a3,0x0883,
  0x1083,0x08a3,0x0883,0x1083,0x08a3,0x1083,0x0883,0x10a3,0x0883,0x1083,0x0883,0x1083,0x08a3,0x0883,0x0883,0x1083,
  0x08a3,0x0883,0x1083,0x08a3,0x1083,0x0883,0x10a3,0x0883,0x1083,0x08a3,0x1083,0x0883,0x08a3,0x0883,0x1083,0x08a3,
  0x0883,0x1083,0x0883,0x1083,0x08a3,0x1083,0x0883,0x1083,0x08a3,0x1083,0x0883,0x08a3,0x0883,0x1083,0x08a3,0x0883,
  0x1083,0x08a3,0x1083,0x0883,0x10a3,0x0883,0x1083,0x08a3,0x1083,0x0883,0x0883,0x0883,0x10a3,0x0883,0x0883,0x1083,
  0x08a3,0x1083,0x0883,0x10a3,0x0883,0x1083,0x08a3,0x1083,0x0883,0x08a3,0x0883,0x1083,0x08a3,0x0883,0x1083,0x08a3,
  0x1083,0x0883,0x1083,0x0883,0x10a3,0x0883,0x1083,0x0883,0x08a3,0x0883,0x1083,0x08a3,0x0883,0x1083,0x08a3,0x1083,
  0x0883,0x10a3,0x0883,0x1083,0x08a3,0x1083,0x0883,0x08a3,0x0883,0x1083,0x0883,0x0883,0x10a3,0x0883,0x1083,0x0883,
  0x10a3,0x0883,0x1083,0x08a3,0x1083,0x0883,0x08a3,0x0883,0x1083,0x08a3,0x0883,0x1083,0x08a3,0x1083,0x0883,0x10a3,
  0x0883,0x1083,0x0883,0x1083,0x08a3,0x0883,0x0883,0x1083,0x08a3,0x0883,0x1083,0x08a3,0x1083,0x0883,0x10a3,0x0883,
  0x1083,0x08a3,0x1083,0x0883,0x08a3,0x0883,0x1083,0x08a3,0x0883,0x1083,0x0883,0x1083,0x08a3,0x1083,0x0883,0x1083,
  0x08a3,0x1083,0x0883,0x08a3,0x0883,0x1083,0x08a3,0x0883,0x1083,0x08a3,0x1083,0x0883,0x10a3,0x0883,0x1083,0x08a3,
  0x1083,0x0883,0x0883,0x0883,0x10a3,0x0883,0x0883,0x1083,0x08a3,0x1083,0x0883,0x10a3,0x0883,0x1083,0x08a3,0x1083,
  0x0883,0x08a3,0x0883,0x1083,0x08a3,0x0883,0x1083,0x08a3,0x1083,0x0883,0x1083,0x0883,0x10a3,0x0883,0x1083,0x0883,
  0x08a3,0x0883,0x1083,0x08a3,0x0883,0x1083,0x08a3,0x1083,0x0883,0x10a3,0x0883,0x1083,0x08a3,0x1083,0x0883,0x08a3,
  0x0883,0x1083,0x0883,0x0883,0x10a3,0x0883,0x1083,0x0883,0x10a3,0x0883,0x1083,0x08a3,0x1083,0x0883,0x08a3,0x0883,
  0x1083,0x08a3,0x0883,0x1083,0x08a3,0x1083,0x0883,0x10a3,0x0883,0x1083,0x0883,0x1083,0x08a3,0x0883,0x0883,0x1083,
  0x08a3,0x0883,0x1083,0x08a3,0x1083,0x0883,0x10a3,0x0883,0x1083,0x08a3,0x1083,0x0883,0x08a3,0x0883,0x1083,0x08a3,
  0x0883,0x1083,0x0883,0x1083,0x08a3,0x1083,0x0883,0x1083,0x08a3,0x1083,0x0883,0x08a3,0x0883,0x1083,0x08a3,0x0883,
  0x1083,0x08a3,0x1083,0x0883,0x10a3,0x0883,0x1083,0x08a3,0x1083,0x0883,0x0883,0x0883,0x10a3,0x0883,0x0883,0x1083,
  0x08a3,0x1083,0x0883,0x10a3,0x0883,0x1083,0x08a3,0x1083,0x0883,0x08a3,0x0883,0x1083,0x08a3,0x0883,0x1083,0x08a3,
  0x1083,0x0883,0x1083,0x0883,0x10a3,0x0883,0x1083,0x0883,0x08a3,0x0883,0x1083,0x08a3,0x0883,0x1083,0x08a3,0x1083,
  0x0883,0x10a3,0x0883,0x1083,0x08a3,0x1083,0x0883,0x08a3,0x0883,0x1083,0x0883,0x0883,0x10a3,0x0883,0x1083,0x0883,
  0x10a3,0x0883,0x1083,0x08a3,0x1083,0x0883,0x08a3,0x0883,0x1083,0x08a3,0x0883,0x1083,0x08a3,0x1083,0x0883,0x10a3,
  0x0883,0x1083,0x0883,0x1083,0x08a3,0x0883,0x0883,0x1083,0x08a3,0x0883,0x1083,0x08a3,0x1083,0x0883,0x10a4,0x0883,
  0x0883,0x10a3,0x0884,0x08a3,0x1083,0x0884,0x08a3,0x1084,0x0883,0x0883,0x1084,0x0883,0x1084,0x0883,0x0883,0x1084,
  0x0883,0x0884,0x1083,0x0883,0x08a4,0x0883,0x0883,0x10a4,0x0883,0x10a3,0x0884,0x0883,0x1083,0x0884,0x1083,0x0883,
  0x0884,0x1083,0x08a3,0x0884,0x1083,0x0883,0x0884,0x0883,0x0883,0x1084,0x0883,0x0884,0x1083,0x0884,0x1083,0x0884,
  0x1083,0x0884,0x08a3,0x1083,0x0884,0x0883,0x0884,0x1083,0x0884,0x08a3,0x0884,0x1083,0x0883,0x1084,0x0883,0x0884,
  0x1083,0x0884,0x0883,0x1084,0x0883,0x0883,0x1084,0x0883,0x0884,0x1083,0x0884,0x0883,0x1084,0x0883,0x0883,0x0884,
  0x0883,0x10a4,0x0883,0x0884,0x1083,0x0884,0x0883,0x0883,0x1084,0x0883,0x0884,0x1083,0x0884,0x0883,0x1084,0x0883,
  0x0883,0x1084,0x0883,0x0884,0x0883,0x0884,0x1083,0x0884,0x0883,0x08a3,0x1084,0x0883,0x0884,0x1083,0x0884,0x0883,
  0x1084,0x0883,0x0883,0x0884,0x0883,0x1084,0x0883,0x0884,0x0883,0x1084,0x0883,0x0883,0x1084,0x0883,0x0884,0x1083,
  0x0884,0x08a3,0x0884,0x0883,0x1083,0x0884,0x0883,0x0884,0x1083,0x0884,0x0883,0x1084,0x0883,0x0883,0x1084,0x0883,
  0x0884,0x0883,0x0884,0x1083,0x0884,0x0883,0x0883,0x1084,0x0883,0x08a4,0x1083,0x0884,0x0883,0x1084,0x0883,0x0883,
  0x0884,0x0883,0x1084,0x0883,0x0884,0x0883,0x1084,0x0883,0x0883,0x1084,0x0883,0x0884,0x1083,0x0884,0x0883,0x0884,
  0x0883,0x10a3,0x0884,0x0883,0x0884,0x1083,0x0884,0x0883,0x1084,0x0883,0x0883,0x1084,0x0883,0x0884,0x0883,0x0884,
  0x1083,0x0884,0x0883,0x0883,0x1084,0x0883,0x0884,0x1083,0x0884,0x08a3,0x1084,0x0883,0x0883,0x0884,0x0883,0x1084,
  0x0883,0x0884,0x0883,0x1084,0x0883,0x0883,0x1084,0x0883,0x0884,0x1083,0x0884,0x0883,0x0884,0x0883,0x1083,0x0884,
  0x0883,0x08a4,0x1083,0x0884,0x0883,0x1084,0x0883,0x0883,0x1084,0x0883,0x0884,0x0883,0x0884,0x1083,0x0884,0x0883,
  0x0883,0x1084,0x0883,0x0884,0x1083,0x0884,0x0883,0x1084,0x0883,0x08a3,0x0884,0x0883,0x1084,0x0883,0x0884,0x0883,
  0x1084,0x0883,0x0883,0x1084,0x0883,0x0884,0x1083,0x0884,0x0883,0x0884,0x0883,0x1083,0x0884,0x0883,0x0884,0x1083,
  0x0884,0x08a3,0x1084,0x0883,0x0883,0x1084,0x0883,0x0884,0x0883,0x0884,0x1083,0x0884,0x0883,0x0883,0x1084,0x0883,
  0x0884,0x1083,0x0884,0x0883,0x1084,0x0883,0x0883,0x0884,0x0883,0x10a4,0x0883,0x0884,0x0883,0x1084,0x0883,0x0883,
  0x1084,0x0883,0x0884,0x1083,0x0884,0x0883,0x0884,0x0883,0x1083,0x0884,0x0883,0x0884,0x1083,0x0884,0x0883,0x1084,
  0x0883,0x08a3,0x1084,0x0883,0x0884,0x0883,0x0884,0x1083,0x0884,0x0883,0x0883,0x1084,0x0883,0x0884,0x1083,0x0884,
  0x0883,0x1084,0x0883,0x0883,0x0884,0x0883,0x1084,0x0883,0x0884,0x08a3,0x1084,0x0883,0x0883,0x1084,0x0883,0x0884,
  0x1083,0x0884,0x0883,0x0884,0x0883,0x1083,0x0884,0x0883,0x0884,0x1083,0x0884,0x0883,0x1084,0x0883,0x0883,0x1084,
  0x0883,0x08a4,0x0883,0x0884,0x1083,0x0884,0x0883,0x0883,0x1084,0x0883,0x0884,0x1083,0x0884,0x0883,0x1084,0x0883,
  0x0883,0x0884,0x0883,0x1084,0x0883,0x0884,0x0883,0x1084,0x0883,0x08a3,0x1084,0x0883,0x0884,0x1083,0x0884,0x0883,
  0x0884,0x0883,0x1083,0x0884,0x0883,0x0884,0x1083,0x0884,0x0883,0x1084,0x0883,0x0883,0x1084,0x0883,0x0884,0x0883,
  0x0884,0x10a3,0x0884,0x0883,0x0883,0x1084,0x0883,0x0884,0x1083,0x0884,0x0883,0x1084,0x0883,0x0883,0x0884,0x0883,
  0x1084,0x0883,0x0884,0x0883,0x1084,0x0883,0x0883,0x1084,0x0883,0x08a4,0x1083,0x0884,0x0883,0x0884,0x0883,0x1083,
  0x0884,0x0883,0x0884,0x1083,0x0884,0x0883,0x1084,0x0883,0x0883,0x1084,0x0883,0x0884,0x0883,0x0884,0x1083,0x0884,
  0x0883,0x08a3,0x1084,0x0883,0x0884,0x1083,0x0884,0x0883,0x1084,0x0883,0x0883,0x0884,0x0883,0x1083,0x0883,0x0883,
  0x0883,0x0883,0x1083,0x0883,0x0883,0x1083,0x0883,0x0883,0x10a3,0x0883,0x0883,0x08a3,0x0883,0x1083,0x08a3,0x0883,
  0x1083,0x08a3,0x0883,0x1083,0x0883,0x1083,0x0883,0x0883,0x0883,0x0883,0x1083,0x08a3,0x0883,0x08a3,0x0883,0x1083,
  0x08a3,0x0883,0x1083,0x0883,0x08a3,0x1083,0x0883,0x10a3,0x0883,0x08a3,0x1083,0x08a3,0x0883,0x08a3,0x0883,0x10a3,
  0x0883,0x0883,0x1083,0x0883,0x1083,0x08a3,0x1083,0x0883,0x0883,0x1083,0x0883,0x08a3,0x1083,0x0883,0x10a3,0x0883,
  0x08a3,0x1083,0x08a3,0x0883,0x10a3,0x0883,0x08a3,0x1083,0x08a3,0x0883,0x1083,0x08a3,0x0883,0x10a3,0x0883,0x1083,
  0x0883,0x0883,0x1083,0x08a3,0x0883,0x1083,0x08a3,0x1083,0x08a3,0x1083,0x08a3,0x0883,0x10a3,0x0883,0x08a3,0x1083,
  0x08a3,0x0883,0x1083,0x08a3,0x1083,0x08a3,0x0883,0x1083,0x0883,0x1083,0x0883,0x08a3,0x1083,0x0883,0x10a3,0x0883,
  0x08a3,0x1083,0x08a3,0x1083,0x08a3,0x0883,0x10a3,0x0883,0x10a3,0x0883,0x0883,0x10a3,0x0883,0x10a3,0x0883,0x0883,
  0x1083,0x0883,0x1083,0x08a3,0x0883,0x1083,0x08a3,0x1083,0x08a3,0x0883,0x10a3,0x0883,0x10a3,0x0883,0x08a3,0x1083,
  0x08a3,0x1083,0x0883,0x08a3,0x1083,0x08a3,0x1083,0x0883,0x0883,0x1083,0x0883,0x10a3,0x0883,0x0883,0x10a3,0x0883,
  0x10a3,0x0883,0x08a3,0x1083,0x08a3,0x1083,0x08a3,0x0883,0x10a3,0x0883,0x1083,0x08a3,0x0883,0x10a3,0x0883,0x1083,
  0x0883,0x0883,0x1083,0x08a3,0x1083,0x0883,0x08a3,0x1083,0x08a3,0x1083,0x08a3,0x0883,0x10a3,0x0883,0x10a3,0x0883,
  0x08a3,0x1083,0x0883,0x10a3,0x0883,0x08a3,0x1083,0x0883,0x1083,0x0883,0x0883,0x10a3,0x0883,0x1083,0x08a3,0x0883,
  0x10a3,0x0883,0x10a3,0x0883,0x08a3,0x1083,0x08a3,0x1083,0x08a3,0x0883,0x1083,0x08a3,0x1083,0x08a3,0x0883,0x1083,
  0x0883,0x1083,0x0883,0x08a3,0x1083,0x0883,0x10a3,0x0883,0x08a3,0x1083,0x08a3,0x1083,0x08a3,0x0883,0x10a3,0x0883,
  0x10a3,0x0883,0x0883,0x10a3,0x0883,0x10a3,0x0883,0x0883,0x1083,0x0883,0x1083,0x08a3,0x0883,0x1083,0x08a3,0x1083,
  0x08a3,0x0883,0x10a3,0x0883,0x10a3,0x0883,0x08a3,0x1083,0x08a3,0x1083,0x0883,0x08a3,0x1083,0x08a3,0x1083,0x0883,
  0x0883,0x1083,0x0883,0x10a3,0x0883,0x0883,0x10a3,0x0883,0x10a3,0x0883,0x08a3,0x1083,0x08a3,0x1083,0x08a3,0x0883,
  0x10a3,0x0883,0x1083,0x08a3,0x0883,0x10a3,0x0883,0x1083,0x0883,0x0883,0x1083,0x08a3,0x1083,0x0883,0x08a3,0x1083,
  0x08a3,0x1083,0x08a3,0x0883,0x10a3,0x0883,0x10a3,0x0883,0x08a3,0x1083,0x0883,0x10a3,0x0883,0x08a3,0x1083,0x0883,
  0x1083,0x0883,0x0883,0x10a3,0x0883,0x1083,0x08a3,0x0883,0x10a3,0x0883,0x10a3,0x0883,0x08a3,0x1083,0x08a3,0x1083,
  0x08a3,0x0883,0x1083,0x08a3,0x1083,0x08a3,0x0883,0x1083,0x0883,0x1083,0x0883,0x08a3,0x1083,0x0883,0x10a3,0x0883,
  0x08a3,0x1083,0x08a3,0x1083,0x08a3,0x0883,0x10a3,0x0883,0x10a3,0x0883,0x0883,0x10a3,0x0883,0x10a3,0x0883,0x0883,
  0x1083,0x0883,0x1083,0x08a3,0x0883,0x1083,0x08a3,0x1083,0x08a3,0x0883,0x10a3,0x0883,0x10a3,0x0883,0x08a3,0x1083,
  0x08a3,0x1083,0x0883,0x08a3,0x1083,0x08a3,0x1083,0x0883,0x0883,0x1083,0x0883,0x10a3,0x0883,0x0883,0x10a3,0x0883,
  0x10a3,0x0883,0x08a3,0x1083,0x08a3,0x1083,0x08a3,0x0883,0x10a3,0x0883,0x1083,0x08a3,0x0883,0x10a3,0x0883,0x1083,
  0x0883,0x0883,0x1083,0x08a3,0x1083,0x0883,0x08a3,0x1083,0x08a3,0x1083,0x08a3,0x0883,0x10a3,0x0883,0x10a3,0x0883,
  0x08a3,0x1083,0x0883,0x10a3,0x0883,0x08a3,0x1083,0x0883,0x1083,0x0883,0x0883,0x10a3,0x0883,0x1083,0x08a3,0x0883,
  0x10a3,0x0883,0x10a3,0x0883,0x08a3,0x1083,0x08a3,0x1083,0x08a3,0x0883,0x1083,0x08a3,0x1083,0x08a3,0x0883,0x1083,
  0x0883,0x1083,0x0883,0x08a3,0x1083,0x0883,0x10a3,0x0883,0x08a3,0x1083,0x08a3,0x1083,0x08a3,0x0884,0x1083,0x08a3,
  0x10a3,0x0884,0x08a3,0x10a3,0x0884,0x08a3,0x10a3,0x0883,0x08a4,0x1083,0x08a3,0x1083,0x08a4,0x0883,0x1083,0x08a4,
  0x0883,0x10a3,0x0883,0x08a4,0x10a3,0x0883,0x10a4,0x08a3,0x1083,0x08a4,0x0883,0x10a3,0x0884,0x1083,0x08a3,0x0884,
  0x10a3,0x0883,0x08a4,0x1083,0x08a3,0x0884,0x10a3,0x0883,0x10a4,0x0883,0x0883,0x10a3,0x0883,0x1083,0x08a3,0x0883,
  0x10a3,0x0883,0x08a4,0x08a3,0x0883,0x10a3,0x0883,0x08a3,0x10a3,0x08a3,0x1083,0x0884,0x08a3,0x0883,0x08a3,0x1083,
  0x0883,0x08a3,0x1083,0x0883,0x08a4,0x1083,0x0883,0x08a3,0x1083,0x08a3,0x0883,0x10a3,0x0883,0x0884,0x10a3,0x08a3,
  0x10a3,0x0883,0x08a3,0x1083,0x08a3,0x0883,0x10a4,0x0883,0x0883,0x08a3,0x1083,0x0883,0x08a3,0x1083,0x0883,0x08a4,
  0x1083,0x08a3,0x0883,0x10a3,0x0883,0x1083,0x08a3,0x08a3,0x08a4,0x0883,0x10a3,0x0883,0x08a3,0x0883,0x08a3,0x1083,
  0x0883,0x08a4,0x1083,0x0883,0x10a3,0x0883,0x0883,0x08a3,0x0883,0x10a3,0x0884,0x08a3,0x0883,0x0883,0x10a3,0x08a3,
  0x08a3,0x1083,0x08a3,0x1084,0x08a3,0x0883,0x08a3,0x0883,0x1083,0x08a3,0x0883,0x0883,0x08a4,0x1083,0x0883,0x08a3,
  0x1083,0x08a3,0x1083,0x08a3,0x0883,0x0884,0x08a3,0x10a3,0x08a3,0x0883,0x08a3,0x0883,0x10a3,0x0883,0x08a4,0x1083,
  0x0883,0x10a3,0x0883,0x0883,0x08a3,0x0883,0x1083,0x08a4,0x0883,0x08a3,0x0883,0x10a3,0x0883,0x0883,0x10a3,0x08a3,
  0x10a4,0x0883,0x08a3,0x0883,0x08a3,0x1083,0x08a3,0x0883,0x0883,0x08a4,0x1083,0x0883,0x08a3,0x1083,0x0883,0x10a3,
  0x0883,0x08a3,0x0884,0x08a3,0x1083,0x0883,0x08a3,0x08a3,0x08a3,0x1083,0x08a3,0x0884,0x10a3,0x0883,0x10a3,0x0883,
  0x0883,0x08a3,0x0883,0x1083,0x08a4,0x0883,0x0883,0x08a3,0x1083,0x08a3,0x0883,0x10a3,0x0883,0x1084,0x08a3,0x08a3,
  0x08a3,0x0883,0x10a3,0x0883,0x08a3,0x0883,0x08a4,0x1083,0x0883,0x08a3,0x1083,0x0883,0x10a3,0x0883,0x0883,0x08a4,
  0x0883,0x10a3,0x0883,0x08a3,0x0883,0x0883,0x10a3,0x08a3,0x08a4,0x1083,0x08a3,0x1083,0x08a3,0x0883,0x08a3,0x0883,
  0x1083,0x08a4,0x0883,0x0883,0x08a3,0x1083,0x0883,0x08a3,0x1083,0x08a3,0x1084,0x08a3,0x0883,0x0883,0x08a3,0x10a3,
  0x08a3,0x0883,0x08a3,0x0884,0x10a3,0x0883,0x08a3,0x1083,0x0883,0x10a3,0x0883,0x0883,0x08a4,0x0883,0x1083,0x08a3,
  0x0883,0x08a3,0x0883,0x10a3,0x0883,0x0884,0x10a3,0x08a3,0x10a3,0x0883,0x08a3,0x0883,0x08a3,0x1083,0x08a4,0x0883,
  0x0883,0x08a3,0x1083,0x0883,0x08a3,0x1083,0x0883,0x10a4,0x0883,0x08a3,0x0883,0x08a3,0x1083,0x0883,0x08a3,0x08a3,
  0x08a4,0x1083,0x08a3,0x0883,0x10a3,0x0883,0x10a3,0x0883,0x0883,0x08a4,0x0883,0x1083,0x08a3,0x0883,0x0883,0x08a3,
  0x1083,0x08a3,0x0884,0x10a3,0x0883,0x1083,0x08a3,0x08a3,0x08a3,0x0883,0x10a3,0x0884,0x08a3,0x0883,0x08a3,0x1083,
  0x0883,0x08a3,0x1083,0x0883,0x10a4,0x0883,0x0883,0x08a3,0x0883,0x10a3,0x0883,0x08a3,0x0883,0x0884,0x10a3,0x08a3,
  0x08a3,0x1083,0x08a3,0x1083,0x08a3,0x0883,0x08a4,0x0883,0x1083,0x08a3,0x0883,0x0883,0x08a3,0x1083,0x0883,0x08a4,
  0x1083,0x08a3,0x1083,0x08a3,0x0883,0x0883,0x08a3,0x10a3,0x08a4,0x0883,0x08a3,0x0883,0x10a3,0x0883,0x08a3,0x1083,
  0x0883,0x10a4,0x0883,0x0883,0x08a3,0x0883,0x1083,0x08a3,0x0883,0x08a3,0x0884,0x10a3,0x0883,0x0883,0x10a3,0x08a3,
  0x10a3,0x0883,0x08a3,0x0884,0x08a3,0x1083,0x08a3,0x0883,0x0883,0x08a3,0x1083,0x0883,0x08a4,0x1083,0x0883,0x10a3,
  0x0883,0x08a3,0x0883,0x08a3,0x1083,0x0884,0x08a3,0x08a3,0x08a3,0x1083,0x08a3,0x0883,0x10a3,0x0883,0x10a4,0x0883,
  0x0883,0x08a3,0x0883,0x1083,0x08a3,0x0883,0x0883,0x08a4,0x1083,0x08a3,0x0883,0x10a3,0x0883,0x1083,0x08a3,0x08a3,
  0x08a4,0x0883,0x10a3,0x0883,0x08a3,0x0883,0x08a3,0x1083,0x0883,0x08a4,0x1083,0x0883,0x10a3,0x0883,0x08a3,0x1083,
  0x0883,0x10a3,0x0883,0x0883,0x10a3,0x0883,0x0884,0x10a3,0x0883,0x08a3,0x1084,0x08a3,0x1083,0x08a3,0x0883,0x10a3,
  0x0883,0x08a3,0x1083,0x0883,0x08a3,0x0883,0x08a3,0x1083,0x08a3,0x1083,0x08a3,0x0883,0x10a3,0x0883,0x10a3,0x0883,
  0x08a3,0x1083,0x08a3,0x0883,0x1083,0x08a3,0x0883,0x08a3,0x0883,0x10a3,0x0884,0x08a3,0x1083,0x08a4,0x1083,0x08a4,
  0x0883,0x10a3,0x0883,0x1083,0x08a4,0x0883,0x10a4,0x0883,0x0884,0x0883,0x08a3,0x1083,0x08a3,0x1084,0x08a3,0x0884,
  0x10a3,0x0884,0x08a3,0x1083,0x08a3,0x0883,0x10a4,0x0883,0x08a4,0x1083,0x08a4,0x0883,0x10a3,0x0883,0x0883,0x0884,
  0x08a3,0x1084,0x08a3,0x0884,0x10a3,0x0883,0x08a3,0x1083,0x08a4,0x1083,0x08a4,0x1083,0x08a4,0x0883,0x10a3,0x0883,
  0x08a3,0x1084,0x08a3,0x0884,0x08a3,0x0884,0x1083,0x0883,0x10a3,0x0883,0x08a4,0x1083,0x08a4,0x1083,0x08a4,0x0883,
  0x10a3,0x0883,0x08a3,0x0884,0x08a3,0x1084,0x08a3,0x1084,0x08a3,0x0883,0x10a3,0x0883,0x10a4,0x0883,0x0884,0x1083,
  0x08a4,0x0883,0x08a3,0x0883,0x10a3,0x0884,0x10a3,0x0884,0x08a3,0x1084,0x08a3,0x1083,0x08a3,0x0883,0x10a4,0x0883,
  0x08a4,0x0883,0x08a4,0x1083,0x08a3,0x1083,0x0883,0x0884,0x10a3,0x0884,0x10a3,0x0884,0x08a3,0x1083,0x08a3,0x0883,
  0x08a4,0x0883,0x10a4,0x0883,0x10a4,0x0883,0x08a3,0x1083,0x08a3,0x1084,0x08a3,0x0884,0x10a3,0x0884,0x0883,0x0883,
  0x08a3,0x1083,0x08a4,0x1083,0x08a4,0x0883,0x10a4,0x0883,0x10a3,0x0883,0x08a3,0x1084,0x08a3,0x0884,0x08a3,0x0884,
  0x10a3,0x0883,0x10a3,0x0883,0x08a4,0x1083,0x0884,0x1083,0x08a4,0x0883,0x10a3,0x0883,0x08a3,0x0884,0x08a3,0x1084,
  0x08a3,0x1084,0x08a3,0x0883,0x10a3,0x0883,0x10a4,0x0883,0x08a4,0x1083,0x08a4,0x0883,0x08a3,0x0883,0x1083,0x0884,
  0x10a3,0x0884,0x08a3,0x1084,0x08a3,0x1083,0x08a3,0x0883,0x10a4,0x0883,0x08a4,0x0883,0x08a4,0x1083,0x08a3,0x1083,
  0x08a3,0x0884,0x10a3,0x0884,0x10a3,0x0884,0x0883,0x1083,0x08a3,0x0883,0x08a4,0x0883,0x10a4,0x0883,0x10a4,0x0883,
  0x08a3,0x1083,0x08a3,0x1084,0x08a3,0x0884,0x10a3,0x0884,0x08a3,0x0883,0x08a3,0x1083,0x08a4,0x1083,0x0884,0x0883,
  0x10a4,0x0883,0x10a3,0x0883,0x08a3,0x1084,0x08a3,0x0884,0x08a3,0x0884,0x10a3,0x0883,0x10a3,0x0883,0x08a4,0x1083,
  0x08a4,0x1083,0x08a4,0x0883,0x10a3,0x0883,0x0883,0x0884,0x08a3,0x1084,0x08a3,0x1084,0x08a3,0x0883,0x10a3,0x0883,
  0x10a4,0x0883,0x08a4,0x1083,0x08a4,0x0883,0x08a3,0x0883,0x10a3,0x0884,0x10a3,0x0884,0x08a3,0x1084,0x0883,0x1083,
  0x08a3,0x0883,0x10a4,0x0883,0x08a4,0x0883,0x08a4,0x1083,0x08a3,0x1083,0x08a3,0x0884,0x10a3,0x0884,0x10a3,0x0884,
  0x08a3,0x1083,0x08a3,0x0883,0x08a4,0x0883,0x1084,0x0883,0x10a4,0x0883,0x08a3,0x1083,0x08a3,0x1084,0x08a3,0x0884,
  0x10a3,0x0884,0x08a3,0x0883,0x08a3,0x1083,0x08a4,0x1083,0x08a4,0x0883,0x10a4,0x0883,0x10a3,0x0883,0x0883,0x1084,
  0x08a3,0x0884,0x08a3,0x0884,0x10a3,0x0883,0x10a3,0x0883,0x08a4,0x1083,0x08a4,0x1083,0x08a4,0x0883,0x10a3,0x0883,
  0x08a3,0x0884,0x08a3,0x1084,0x08a3,0x1084,0x0883,0x0883,0x10a3,0x0883,0x10a4,0x0883,0x08a4,0x1083,0x08a4,0x0883,
  0x08a3,0x0883,0x10a3,0x0884,0x10a3,0x0884,0x08a3,0x1084,0x08a3,0x1083,0x08a3,0x0883,0x10a4,0x0883,0x0884,0x0883,
  0x08a4,0x1083,0x08a3,0x1083,0x08a3,0x0884,0x10a3,0x0884,0x10a3,0x0884,0x08a3,0x1083,0x08a3,0x0883,0x08a4,0x0883,
  0x10a4,0x0883,0x10a4,0x0883,0x08a3,0x1083,0x0883,0x1084,0x08a3,0x0884,0x10a3,0x0884,0x08a3,0x0883,0x08a3,0x1083,
  0x08a4,0x1083,0x08a4,0x0883,0x10a4,0x0883,0x10a3,0x0883,0x08a3,0x1084,0x08a3,0x0884,0x08a3,0x0884,0x1083,0x0883,
  0x10a3,0x0883,0x08a4,0x1083,0x08a4,0x1083,0x08a4,0x0883,0x10a3,0x0883,0x08a3,0x0884,0x08a3,0x1083,0x08a4,0x0883,
  0x08a3,0x0883,0x10a3,0x0884,0x08a3,0x1083,0x08a3,0x0883,0x10a3,0x0883,0x0883,0x08a3,0x0883,0x10a3,0x0884,0x08a3,
  0x1083,0x0884,0x08a3,0x1083,0x08a4,0x1083,0x0883,0x08a4,0x0883,0x08a3,0x1084,0x08a3,0x0883,0x08a4,0x0883,0x10a3,
  0x0884,0x0883,0x10a3,0x0884,0x08a3,0x1083,0x08a4,0x1083,0x0883,0x08a3,0x1083,0x08a3,0x0883,0x08a3,0x0883,0x1083,
  0x08a3,0x0883,0x10a4,0x0883,0x10a3,0x0883,0x08a3,0x1083,0x08a3,0x1083,0x08a3,0x0884,0x10a3,0x0883,0x10a3,0x0883,
  0x08a3,0x1083,0x08a3,0x0883,0x10a4,0x0883,0x08a3,0x1083,0x0883,0x08a3,0x1083,0x0883,0x08a3,0x1084,0x08a3,0x1083,
  0x08a3,0x0883,0x1083,0x08a3,0x0883,0x1083,0x08a4,0x0883,0x08a3,0x0883,0x08a3,0x0883,0x10a3,0x0883,0x08a3,0x1084,
  0x0883,0x08a3,0x1083,0x0883,0x10a3,0x0883,0x08a3,0x1083,0x08a4,0x1083,0x0883,0x08a3,0x1083,0x0883,0x10a3,0x0883,
  0x08a3,0x1084,0x08a3,0x1083,0x08a3,0x0883,0x10a3,0x0883,0x1083,0x08a3,0x0884,0x1083,0x08a3,0x1083,0x08a3,0x0883,
  0x10a3,0x0883,0x1083,0x08a4,0x0883,0x1083,0x08a3,0x1083,0x08a3,0x0883,0x10a3,0x0883,0x10a4,0x0883,0x08a3,0x1083,
  0x0883,0x10a3,0x0883,0x0883,0x10a3,0x0884,0x10a3,0x0883,0x08a3,0x1083,0x0883,0x10a3,0x0883,0x0883,0x10a4,0x0883,
  0x10a3,0x0883,0x08a3,0x1083,0x08a3,0x1083,0x08a3,0x0884,0x1083,0x08a3,0x1083,0x0883,0x08a3,0x1083,0x08a3,0x1083,
  0x08a4,0x0883,0x1083,0x08a3,0x1083,0x0883,0x08a3,0x1083,0x08a3,0x1084,0x08a3,0x0883,0x10a3,0x0883,0x10a3,0x0883,
  0x0883,0x10a3,0x0884,0x1083,0x08a3,0x0883,0x10a3,0x0883,0x10a3,0x0883,0x0883,0x10a4,0x0883,0x1083,0x08a3,0x0883,
  0x10a3,0x0883,0x10a3,0x0883,0x08a4,0x1083,0x08a3,0x1083,0x0883,0x08a3,0x1083,0x0883,0x10a3,0x0884,0x08a3,0x1083,
  0x08a3,0x1083,0x0883,0x08a3,0x1083,0x0883,0x10a4,0x0883,0x08a3,0x1083,0x08a3,0x1083,0x08a3,0x0883,0x10a3,0x0884,
  0x1083,0x08a3,0x0883,0x1083,0x08a3,0x1083,0x08a3,0x0883,0x10a4,0x0883,0x1083,0x08a3,0x0883,0x1083,0x08a3,0x1083,
  0x08a3,0x0884,0x10a3,0x0883,0x10a3,0x0883,0x08a3,0x1083,0x0883,0x10a3,0x0884,0x0883,0x10a3,0x0883,0x10a3,0x0883,
  0x08a3,0x1083,0x0883,0x10a4,0x0883,0x0883,0x10a3,0x0883,0x10a3,0x0883,0x08a3,0x1083,0x08a4,0x1083,0x08a3,0x0883,
  0x1083,0x08a3,0x1083,0x0883,0x08a3,0x1084,0x08a3,0x1083,0x08a3,0x0883,0x1083,0x08a3,0x1083,0x0883,0x08a4,0x1083,
  0x08a3,0x1083,0x08a3,0x0883,0x10a3,0x0883,0x10a3,0x0884,0x0883,0x10a3,0x0883,0x1083,0x08a3,0x0883,0x10a3,0x0883,
  0x10a4,0x0883,0x0883,0x10a3,0x0883,0x1083,0x08a3,0x0883,0x10a3,0x0884,0x10a3,0x0883,0x08a3,0x1083,0x08a3,0x1083,
  0x0883,0x08a3,0x1084,0x0883,0x10a3,0x0883,0x08a3,0x1083,0x08a3,0x1083,0x0883,0x08a4,0x1083,0x0883,0x10a3,0x0883,
  0x08a3,0x1083,0x08a3,0x1083,0x08a4,0x0883,0x10a3,0x0883,0x1083,0x08a3,0x0883,0x1083,0x08a3,0x1084,0x08a3,0x0883,
  0x10a3,0x0883,0x1083,0x08a3,0x0883,0x1083,0x08a4,0x1083,0x08a3,0x0883,0x10a3,0x0883,0x10a3,0x0883,0x08a3,0x1084,
  0x0883,0x10a3,0x0883,0x0883,0x10a3,0x0883,0x10a3,0x0883,0x08a4,0x1083,0x0883,0x10a3,0x0883,0x0883,0x10a3,0x0883,
  0x10a3,0x0884,0x08a3,0x1083,0x08a3,0x1083,0x08a3,0x0883,0x1083,0x08a3,0x1084,0x0883,0x08a3,0x1083,0x08a3,0x1083,
  0x08a3,0x0883,0x1083,0x08a4,0x1083,0x0883,0x08a3,0x1083,0x08a3,0x1083,0x08a3,0x0883,0x10a4,0x0883,0x10a3,0x0883,
  0x0883,0x10a3,0x0883,0x1083,0x08a3,0x0884,0x10a3,0x0883,0x10a3,0x0883,0x0883,0x10a3,0x0883,0x1083,0x08a4,0x0883,
  0x10a3,0x0883,0x10a3,0x0883,0x08a3,0x1083,0x08a3,0x1084,0x0883,0x08a3,0x1083,0x0883,0x10a3,0x0883,0x08a3,0x1083,
  0x08a4,0x1083,0x0883,0x08a3,0x1083,0x0883,0x10a3,0x0883,0x08a3,0x1084,0x08a3,0x1083,0x08a3,0x0883,0x1083,0x08a3,
  0x1083,0x08a4,0x0883,0x10a3,0x0883,0x08a4,0x1083,0x08a4,0x0883,0x10a4,0x0883,0x10a4,0x0883,0x0883,0x10a3,0x0884,
  0x08a3,0x1083,0x08a4,0x0883,0x10a3,0x0884,0x10a3,0x0883,0x10a3,0x0884,0x0883,0x10a3,0x0883,0x1083,0x08a4,0x0883,
  0x10a3,0x0883,0x08a4,0x1083,0x08a3,0x0883,0x1083,0x08a4,0x1083,0x08a4,0x0883,0x1084,0x08a3,0x1084,0x08a3,0x0884,
  0x10a3,0x0883,0x08a3,0x0883,0x08a4,0x1083,0x0883,0x08a4,0x1083,0x08a4,0x1083,0x08a3,0x0883,0x08a4,0x0883,0x10a3,
  0x0884,0x0883,0x10a4,0x0883,0x0883,0x10a3,0x0884,0x08a3,0x1083,0x08a4,0x0883,0x10a4,0x0883,0x08a3,0x1083,0x08a4,
  0x1083,0x08a3,0x0884,0x10a3,0x0884,0x08a3,0x1083,0x08a3,0x1084,0x08a3,0x1083,0x0884,0x08a3,0x1084,0x0883,0x08a3,
  0x1083,0x08a4,0x0883,0x10a3,0x0884,0x10a3,0x0884,0x08a3,0x0883,0x08a3,0x1084,0x08a3,0x0883,0x08a4,0x0883,0x10a4,
  0x0883,0x08a3,0x1083,0x0884,0x10a3,0x0883,0x0884,0x08a3,0x0884,0x10a3,0x0883,0x08a3,0x0884,0x08a3,0x1083,0x08a4,
  0x0883,0x10a4,0x0883,0x10a3,0x0883,0x08a4,0x0883,0x08a3,0x1084,0x08a3,0x0884,0x0883,0x08a3,0x1083,0x0884,0x08a3,
  0x1083,0x08a4,0x1083,0x08a4,0x0883,0x08a3,0x0883,0x10a4,0x0883,0x08a3,0x0884,0x08a3,0x1084,0x08a3,0x0883,0x10a3,
  0x0884,0x10a3,0x0883,0x0884,0x08a3,0x0884,0x1083,0x08a3,0x0883,0x08a4,0x0883,0x10a3,0x0884,0x08a3,0x1084,0x08a3,
  0x1083,0x08a3,0x0884,0x08a3,0x0883,0x10a4,0x0883,0x08a4,0x0883,0x08a3,0x1083,0x0884,0x08a3,0x1083,0x0884,0x10a3,
  0x0884,0x08a3,0x0883,0x08a3,0x1084,0x08a3,0x0883,0x08a4,0x0883,0x10a4,0x0883,0x08a3,0x1083,0x08a4,0x1083,0x08a3,
  0x0884,0x08a3,0x0884,0x1083,0x08a3,0x0883,0x0884,0x08a3,0x1083,0x08a4,0x0883,0x10a4,0x0883,0x10a3,0x0883,0x08a4,
  0x0883,0x08a3,0x1084,0x08a3,0x0884,0x08a3,0x0883,0x10a3,0x0884,0x08a3,0x1083,0x0884,0x10a3,0x0884,0x0883,0x08a3,
  0x0883,0x10a4,0x0883,0x08a3,0x0884,0x08a3,0x1084,0x08a3,0x0883,0x10a3,0x0884,0x10a3,0x0883,0x08a4,0x0883,0x08a4,
  0x1083,0x08a3,0x0883,0x0884,0x08a3,0x1083,0x0884,0x08a3,0x1084,0x08a3,0x1083,0x08a3,0x0884,0x08a3,0x0883,0x10a4,
  0x0883,0x08a4,0x0883,0x08a3,0x1083,0x08a4,0x0883,0x10a3,0x0884,0x10a3,0x0884,0x0883,0x08a3,0x0883,0x1084,0x08a3,
  0x0883,0x08a4,0x0883,0x10a4,0x0883,0x08a3,0x1083,0x08a4,0x1083,0x08a3,0x0884,0x08a3,0x0884,0x10a3,0x0883,0x08a3,
  0x0884,0x08a3,0x1083,0x0884,0x08a3,0x1084,0x0883,0x10a3,0x0883,0x08a4,0x0883,0x08a3,0x1084,0x08a3,0x0884,0x08a3,
  0x0883,0x10a3,0x0884,0x08a3,0x1083,0x08a4,0x1083,0x08a4,0x0883,0x08a3,0x0883,0x1084,0x08a3,0x0883,0x0884,0x08a3,
  0x1084,0x08a3,0x0883,0x10a3,0x0884,0x10a3,0x0883,0x08a4,0x0883,0x08a4,0x1083,0x08a3,0x0883,0x08a4,0x0883,0x10a3,
  0x0884,0x08a3,0x1084,0x0883,0x10a3,0x0883,0x0884,0x08a3,0x0883,0x10a4,0x0883,0x08a4,0x0883,0x08a3,0x1083,0x08a4,
  0x0883,0x10a3,0x0884,0x10a3,0x0884,0x08a3,0x0883,0x08a3,0x1084,0x08a3,0x0883,0x0884,0x08a3,0x1084,0x0883,0x08a3,
  0x1083,0x08a4,0x1083,0x08a3,0x0884,0x08a3,0x0884,0x10a3,0x0883,0x08a3,0x0884,0x08a3,0x1083,0x08a4,0x0883,0x10a4,
  0x0883,0x10a3,0x0883,0x0884,0x08a3,0x0883,0x1084,0x08a3,0x0884,0x08a3,0x0883,0x10a3,0x0884,0x08a3,0x1083,0x08a4,
  0x1083,0x08a4,0x0883,0x08a3,0x0883,0x10a4,0x0883,0x08a3,0x0884,0x08a3,0x1084,0x0883,0x08a3,0x1083,0x0884,0x10a3,
  0x0883,0x08a4,0x0883,0x08a4,0x1083,0x08a3,0x0883,0x08a4,0x0883,0x10a3,0x0884,0x08a3,0x1084,0x08a3,0x1083,0x08a3,
  0x0884,0x08a3,0x0883,0x1084,0x08a3,0x0884,0x0883,0x08a3,0x1083,0x08a4,0x0883,0x10a3,0x0884,0x10a3,0x0884,0x08a3,
  0x0883,0x08a3,0x1084,0x08a3,0x0883,0x08a4,0x0883,0x10a4,0x0883,0x08a3,0x1083,0x0884,0x10a3,0x0884,0x08a3,0x1083,
  0x0883,0x10a3,0x0884,0x1083,0x08a3,0x1083,0x08a3,0x1083,0x0883,0x10a3,0x0883,0x10a3,0x0884,0x10a3,0x0883,0x10a3,
  0x0884,0x10a3,0x0883,0x10a3,0x0883,0x10a3,0x0883,0x10a4,0x0883,0x10a3,0x0883,0x10a4,0x0883,0x10a4,0x0883,0x10a3,
  0x0884,0x10a3,0x0883,0x10a3,0x0884,0x10a3,0x0884,0x10a3,0x0883,0x10a3,0x0883,0x10a3,0x0883,0x10a3,0x0883,0x10a3,
  0x0884,0x1083,0x10a4,0x0883,0x1083,0x08a4,0x1083,0x08a3,0x1083,0x08a3,0x0884,0x10a3,0x1083,0x1083,0x08a4,0x1083,
  0x08a3,0x1083,0x08a3,0x1084,0x08a3,0x1083,0x08a3,0x1084,0x08a3,0x1083,0x08a3,0x1083,0x08a4,0x1083,0x08a3,0x1083,
  0x08a4,0x1083,0x08a3,0x1083,0x08a3,0x1084,0x08a3,0x1083,0x0883,0x10a4,0x0883,0x10a3,0x0883,0x10a3,0x0884,0x10a3,
  0x0883,0x10a3,0x0884,0x10a3,0x0883,0x08a3,0x1083,0x10a4,0x1083,0x08a3,0x1083,0x08a4,0x1083,0x10a3,0x0883,0x1083,
  0x08a4,0x1083,0x08a3,0x1083,0x08a4,0x1083,0x10a3,0x1083,0x08a3,0x1084,0x08a3,0x1083,0x10a3,0x0884,0x10a3,0x0883,
  0x10a3,0x0883,0x10a4,0x0883,0x10a3,0x1083,0x10a4,0x0883,0x1083,0x08a3,0x1083,0x10a4,0x0883,0x10a3,0x0883,0x10a4,
  0x0883,0x10a3,0x0883,0x10a3,0x1084,0x10a3,0x0883,0x10a3,0x0884,0x10a3,0x1083,0x08a3,0x1083,0x08a4,0x1083,0x0883,
  0x10a3,0x0884,0x10a3,0x1083,0x10a3,0x0883,0x10a4,0x0883,0x10a3,0x1083,0x08a4,0x1083,0x08a3,0x1083,0x08a3,0x1084,
  0x08a3,0x1083,0x10a3,0x1084,0x08a3,0x1083,0x08a3,0x1083,0x1084,0x08a3,0x1083,0x08a3,0x1084,0x08a3,0x1083,0x08a3,
  0x1083,0x10a4,0x1083,0x08a3,0x1083,0x08a4,0x1083,0x10a3,0x0883,0x10a3,0x0884,0x10a3,0x0883,0x10a3,0x0884,0x1083,
  0x10a3,0x1083,0x08a3,0x1084,0x08a3,0x1083,0x10a3,0x0884,0x10a3,0x0883,0x10a3,0x0883,0x10a4,0x0883,0x10a3,0x1083,
  0x10a4,0x0883,0x10a3,0x0883,0x10a3,0x1084,0x08a3,0x1083,0x0883,0x10a4,0x0883,0x10a3,0x0883,0x10a3,0x1084,0x10a3,
  0x0883,0x10a3,0x0884,0x10a3,0x1083,0x08a3,0x1083,0x08a4,0x1083,0x08a3,0x1083,0x08a4,0x1083,0x10a3,0x1083,0x0883,
  0x10a4,0x0883,0x10a3,0x1083,0x08a4,0x1083,0x08a3,0x1083,0x08a3,0x1084,0x08a3,0x1083,0x10a3,0x1084,0x08a3,0x1083,
  0x08a3,0x1083,0x10a4,0x0883,0x10a3,0x0883,0x10a4,0x0883,0x1083,0x08a3,0x1083,0x10a4,0x1083,0x08a3,0x1083,0x08a4,
  0x1083,0x10a3,0x0883,0x10a3,0x0884,0x10a3,0x0883,0x10a3,0x0884,0x10a3,0x1083,0x10a3,0x0883,0x10a4,0x0883,0x1083,
  0x10a3,0x0884,0x10a3,0x0883,0x10a3,0x0883,0x10a4,0x0883,0x10a3,0x1083,0x10a4,0x0883,0x10a3,0x0883,0x10a3,0x1084,
  0x08a3,0x1083,0x08a3,0x1084,0x08a3,0x1083,0x08a3,0x1083,0x1084,0x10a3,0x0883,0x10a3,0x0884,0x10a3,0x1083,0x08a3,
  0x1083,0x08a4,0x1083,0x08a3,0x1083,0x08a4,0x1083,0x10a3,0x1083,0x08a3,0x1084,0x08a3,0x1083,0x10a3,0x0884,0x1083,
  0x08a3,0x1083,0x08a3,0x1084,0x08a3,0x1083,0x10a3,0x1084,0x08a3,0x1083,0x08a3,0x1083,0x10a4,0x0883,0x10a3,0x0883,
  0x10a4,0x0883,0x10a3,0x0883,0x10a3,0x1084,0x10a3,0x0883,0x1083,0x08a4,0x1083,0x10a3,0x0883,0x10a3,0x0884,0x10a3,
  0x0883,0x10a3,0x0884,0x10a3,0x1083,0x10a3,0x0883,0x10a4,0x0883,0x10a3,0x1083,0x08a4,0x1083,0x08a3,0x1083,0x0883,
  0x10a4,0x0883,0x10a3,0x1083,0x10a4,0x0883,0x10a3,0x0883,0x10a3,0x1084,0x08a3,0x1083,0x08a3,0x1084,0x08a3,0x1083,
  0x08a3,0x1083,0x10a4,0x1083,0x08a3,0x1083,0x08a4,0x1083,0x1083,0x08a3,0x1083,0x08a4,0x1083,0x08a3,0x1083,0x08a4,
  0x1083,0x10a3,0x1083,0x08a3,0x1084,0x08a3,0x1083,0x10a3,0x0884,0x10a3,0x0883,0x10a3,0x0883,0x10a4,0x0883,0x1083,
  0x10a3,0x1084,0x08a3,0x1083,0x08a3,0x1083,0x10a4,0x0883,0x10a3,0x0883,0x10a4,0x0883,0x10a3,0x0883,0x10a3,0x1084,
  0x10a3,0x0883,0x10a3,0x0884,0x10a3,0x1083,0x08a3,0x1083,0x0884,0x10a3,0x0883,0x10a3,0x0883,0x10a3,0x0884,0x10a3,
  0x10a3,0x0884,0x10a3,0x0883,0x10a4,0x0883,0x1084,0x08a3,0x1084,0x08a3,0x1084,0x0883,0x10a3,0x0884,0x10a3,0x0884,
  0x1083,0x08a3,0x1084,0x0883,0x10a4,0x0883,0x08a4,0x1083,0x0883,0x10a4,0x0883,0x10a3,0x0883,0x10a3,0x0883,0x1083,
  0x08a3,0x1084,0x0883,0x10a3,0x0883,0x10a3,0x0883,0x08a3,0x1084,0x0883,0x10a4,0x0883,0x10a4,0x0883,0x1084,0x08a3,
  0x1083,0x08a3,0x0883,0x10a4,0x0883,0x10a3,0x0883,0x10a4,0x0883,0x1083,0x08a3,0x1084,0x08a3,0x0883,0x10a3,0x0884,
  0x1083,0x08a4,0x1083,0x08a3,0x1084,0x08a3,0x1083,0x0883,0x10a4,0x0883,0x1084,0x08a3,0x1083,0x08a4,0x1083,0x08a3,
  0x0883,0x1084,0x08a3,0x1084,0x0883,0x10a3,0x0884,0x10a3,0x0883,0x10a3,0x0884,0x10a3,0x0884,0x10a3,0x0883,0x10a4,
  0x0883,0x1083,0x08a3,0x1084,0x08a3,0x1084,0x08a3,0x0883,0x1084,0x08a3,0x1083,0x0883,0x10a4,0x0883,0x10a4,0x0883,
  0x10a3,0x0884,0x1083,0x08a3,0x0883,0x08a4,0x0883,0x10a4,0x0883,0x10a3,0x0884,0x10a3,0x0883,0x10a3,0x0884,0x10a3,
  0x0884,0x1083,0x08a3,0x0884,0x0883,0x08a3,0x1083,0x08a4,0x1083,0x08a4,0x1083,0x08a3,0x1084,0x08a3,0x1083,0x08a3,
  0x1084,0x0883,0x08a4,0x0883,0x08a3,0x1084,0x08a3,0x1083,0x0883,0x10a4,0x0883,0x1084,0x08a3,0x1083,0x08a4,0x1083,
  0x08a3,0x0883,0x0884,0x08a3,0x1084,0x08a3,0x1083,0x08a4,0x1083,0x08a3,0x1083,0x08a4,0x1083,0x08a4,0x1083,0x08a3,
  0x0884,0x0883,0x08a3,0x1083,0x0884,0x10a3,0x0884,0x10a3,0x0883,0x10a4,0x0883,0x10a3,0x0883,0x10a4,0x0883,0x08a4,
  0x0883,0x0883,0x10a4,0x0883,0x10a3,0x0883,0x10a4,0x0883,0x1084,0x08a3,0x1083,0x0884,0x10a3,0x0883,0x08a3,0x0884,
  0x08a3,0x1084,0x0883,0x10a3,0x0884,0x10a3,0x0883,0x10a3,0x0884,0x10a3,0x0884,0x10a3,0x0883,0x08a4,0x0883,0x08a3,
  0x1083,0x0884,0x10a3,0x0884,0x1083,0x08a3,0x1084,0x08a3,0x1083,0x08a3,0x1084,0x08a3,0x0884,0x08a3,0x0883,0x10a4,
  0x0883,0x1083,0x08a3,0x1084,0x08a3,0x1084,0x08a3,0x1083,0x0884,0x10a3,0x0883,0x0883,0x08a4,0x0883,0x10a4,0x0883,
  0x10a3,0x0884,0x1083,0x08a3,0x1083,0x08a4,0x1083,0x08a4,0x1083,0x08a3,0x0884,0x08a3,0x0883,0x10a3,0x0884,0x10a3,
  0x0884,0x1083,0x08a3,0x1084,0x0883,0x10a3,0x0883,0x10a4,0x0883,0x08a4,0x0883,0x08a3,0x1084,0x08a3,0x1083,0x08a3,
  0x1084,0x0883,0x10a4,0x0883,0x10a3,0x0884,0x10a3,0x0883,0x0883,0x08a4,0x0883,0x1084,0x08a3,0x1083,0x08a4,0x1083,
  0x08a3,0x1083,0x0884,0x10a3,0x0884,0x10a3,0x0883,0x08a4,0x0883,0x08a3,0x1083,0x08a4,0x1083,0x08a4,0x1083,0x08a3,
  0x1084,0x0883,0x10a3,0x0883,0x1084,0x08a3,0x0884,0x08a3,0x0883,0x10a4,0x0883,0x10a3,0x0883,0x10a4,0x0883,0x10a4,
  0x0883,0x1083,0x08a4,0x1083,0x08a3,0x0883,0x08a4,0x0883,0x1084,0x08a3,0x1083,0x0884,0x10a3,0x0883,0x10a3,0x0884,
  0x10a3,0x0884,0x1083,0x08a3,0x0884,0x08a3,0x0883,0x10a3,0x0884,0x10a3,0x0884,0x10a3,0x0883,0x10a4,0x0883,0x10a3,
  0x0883,0x1084,0x08a3,0x0884,0x0883,0x08a3,0x1084,0x08a3,0x1083,0x08a3,0x1084,0x08a3,0x1084,0x08a3,0x1083,0x08a4,
  0x1083,0x0883,0x08a3,0x0884,0x08a3,0x1084,0x08a3,0x1083,0x0884,0x10a3,0x0883,0x1083,0x08a4,0x1083,0x08a4,0x1083,
  0x08a3,0x0884,0x0883,0x08a3,0x1083,0x08a4,0x1083,0x08a4,0x1083,0x08a3,0x1084,0x08a3,0x1083,0x08a3,0x1084,0x08a3,
  0x0884,0x0883,0x08a3,0x1084,0x0883,0x10a3,0x0883,0x10a4,0x0883,0x10a4,0x0883,0x10a3,0x0884,0x10a3,0x0883,0x08a3,
  0x0884,0x0883,0x10a4,0x0883,0x10a3,0x0884,0x10a3,0x0883,0x1083,0x08a4,0x1083,0x0884,0x10a3,0x0883,0x08a4,0x0883,
  0x08a3,0x1083,0x0884,0x10a3,0x0884,0x10a3,0x0883,0x10a4,0x0883,0x10a3,0x0883,0x10a4,0x0883,0x08a4,0x0883,0x08a3,
  0x1084,0x0883,0x10a3,0x0883,0x1084,0x08a3,0x1084,0x08a3,0x1083,0x08a4,0x1083,0x08a4,0x0883,0x10a3,0x0883,0x0884,
  0x0883,0x10a3,0x0883,0x10a4,0x0883,0x10a3,0x0883,0x10a4,0x0883,0x08a3,0x1083,0x08a4,0x1083,0x08a3,0x1083,0x08a3,
  0x1083,0x08a3,0x1083,0x08a3,0x0883,0x10a4,0x0883,0x10a3,0x0883,0x10a3,0x0884,0x1083,0x08a4,0x1083,0x08a4,0x1083,
  0x08a4,0x1083,0x08a3,0x1084,0x0883,0x10a4,0x0883,0x1084,0x08a3,0x1083,0x08a3,0x1084,0x0883,0x10a3,0x0883,0x10a4,
  0x0883,0x10a4,0x0883,0x10a3,0x0883,0x10a4,0x0883,0x1083,0x08a4,0x1083,0x08a4,0x0883,0x10a3,0x0884,0x1083,0x08a3,
  0x1083,0x08a3,0x1084,0x08a3,0x1083,0x0884,0x10a3,0x0883,0x08a3,0x1083,0x08a3,0x1084,0x08a3,0x1083,0x0884,0x10a3,
  0x0883,0x10a3,0x0883,0x10a3,0x0884,0x10a3,0x0883,0x08a4,0x1083,0x0883,0x10a3,0x0883,0x10a3,0x0884,0x10a3,0x0883,
  0x10a4,0x0883,0x10a3,0x0883,0x1083,0x08a3,0x1084,0x08a3,0x1083,0x08a4,0x0883,0x10a3,0x0883,0x10a3,0x0883,0x10a4,
  0x0883,0x10a3,0x0884,0x10a3,0x1083,0x10a3,0x0883,0x1083,0x08a4,0x0883,0x1083,0x08a4,0x1083,0x0883,0x10a3,0x0883,
  0x10a3,0x0884,0x10a3,0x1083,0x10a4,0x0883,0x10a3,0x0883,0x08a3,0x1083,0x0884,0x10a3,0x0883,0x1084,0x08a3,0x1083,
  0x08a3,0x1083,0x10a3,0x1084,0x0883,0x10a3,0x0884,0x08a3,0x1083,0x08a3,0x1083,0x08a3,0x1084,0x08a3,0x1083,0x08a4,
  0x1083,0x10a3,0x1083,0x08a3,0x1083,0x08a4,0x0883,0x1083,0x08a4,0x1083,0x0883,0x10a3,0x0883,0x1083,0x08a4,0x1083,
  0x10a3,0x1084,0x08a3,0x1083,0x08a3,0x0883,0x10a3,0x0884,0x10a3,0x0883,0x1084,0x08a3,0x1083,0x0883,0x10a3,0x1083,
  0x10a4,0x0883,0x10a3,0x0884,0x0883,0x10a3,0x0883,0x10a3,0x0883,0x10a4,0x0883,0x10a3,0x0884,0x10a3,0x1083,0x10a3,
  0x0883,0x10a3,0x0884,0x08a3,0x1083,0x08a4,0x1083,0x0883,0x10a3,0x0883,0x1083,0x08a4,0x1083,0x1083,0x10a4,0x0883,
  0x10a3,0x0883,0x08a3,0x1083,0x08a4,0x1083,0x08a3,0x1084,0x08a3,0x1083,0x0883,0x10a3,0x1083,0x1084,0x08a3,0x1083,
  0x08a4,0x0883,0x10a3,0x0883,0x1083,0x08a3,0x1084,0x08a3,0x1083,0x08a4,0x1083,0x10a3,0x1083,0x08a3,0x1083,0x08a4,
  0x0883,0x10a3,0x0884,0x10a3,0x0883,0x10a3,0x0883,0x1083,0x08a4,0x1083,0x1083,0x10a4,0x0883,0x1083,0x08a3,0x0883,
  0x10a3,0x0884,0x10a3,0x0883,0x10a4,0x0883,0x10a3,0x0883,0x10a3,0x1083,0x1084,0x08a3,0x1083,0x0884,0x08a3,0x1083,
  0x08a3,0x1083,0x08a3,0x1084,0x0883,0x10a3,0x0884,0x10a3,0x1083,0x10a3,0x0883,0x10a3,0x0884,0x08a3,0x1083,0x08a4,
  0x1083,0x08a3,0x1083,0x08a3,0x1083,0x08a4,0x1083,0x1083,0x10a4,0x0883,0x1083,0x08a3,0x0883,0x1083,0x08a4,0x1083,
  0x08a3,0x1084,0x08a3,0x1083,0x08a3,0x1083,0x10a3,0x1084,0x08a3,0x1083,0x0884,0x08a3,0x1083,0x0883,0x10a3,0x0883,
  0x10a4,0x0883,0x10a3,0x0884,0x1083,0x10a3,0x1083,0x08a3,0x1083,0x08a4,0x0883,0x10a3,0x0884,0x10a3,0x0883,0x10a3,
  0x0883,0x10a3,0x0884,0x10a3,0x1083,0x10a4,0x0883,0x1083,0x08a3,0x0883,0x1083,0x08a4,0x1083,0x0883,0x10a4,0x0883,
  0x10a3,0x0883,0x10a3,0x1083,0x10a4,0x0883,0x10a3,0x0884,0x08a3,0x1083,0x0883,0x10a3,0x0883,0x1084,0x08a3,0x1083,
  0x08a4,0x1083,0x10a3,0x1083,0x0883,0x10a3,0x0884,0x08a3,0x1083,0x08a4,0x1083,0x08a3,0x1083,0x08a3,0x1083,0x08a4,
  0x1083,0x10a3,0x1084,0x08a3,0x1083,0x08a3,0x0883,0x1083,0x08a4,0x1083,0x0883,0x10a4,0x0883,0x1083,0x08a3,0x1083,
  0x10a3,0x1084,0x08a3,0x1083,0x08a4,0x0883,0x10a3,0x0883,0x10a3,0x0883,0x1084,0x08a3,0x1083,0x0884,0x10a3,0x1083,
  0x10a3,0x0883,0x10a3,0x0884,0x0883,0x10a3,0x0884,0x10a3,0x0883,0x10a3,0x0883,0x10a3,0x0884,0x10a3,0x1083,0x10a4,
  0x0883,0x10a3,0x0883,0x08a3,0x1083,0x08a4,0x1083,0x0883,0x10a4,0x0883,0x1083,0x08a3,0x1083,0x1083,0x10a4,0x0883,
  0x10a3,0x0884,0x08a3,0x1083,0x08a3,0x1083,0x08a3,0x1084,0x08a3,0x1083,0x0883,0x10a3,0x0884,0x1083,0x08a4,0x1083,
  0x08a3,0x1084,0x08a3,0x08a3,0x1084,0x08a3,0x08a3,0x10a3,0x0883,0x10a4,0x08a3,0x10a3,0x0883,0x08a4,0x10a3,0x0884,
  0x08a3,0x10a4,0x08a3,0x1084,0x08a3,0x10a3,0x0883,0x10a4,0x08a3,0x0884,0x10a3,0x08a3,0x10a3,0x0883,0x08a3,0x10a4,
  0x0883,0x08a3,0x10a3,0x08a4,0x10a3,0x0883,0x10a3,0x08a3,0x10a4,0x08a3,0x1083,0x08a3,0x08a3,0x10a4,0x08a3,0x0883,
  0x10a3,0x08a3,0x1084,0x08a3,0x10a3,0x0883,0x10a4,0x08a3,0x08a3,0x10a3,0x0883,0x10a3,0x08a4,0x10a3,0x08a3,0x10a4,
  0x08a3,0x0883,0x10a3,0x08a3,0x08a3,0x10a3,0x08a4,0x10a3,0x0884,0x10a3,0x08a3,0x08a3,0x1083,0x08a3,0x10a3,0x08a4,
  0x10a3,0x0884,0x10a3,0x08a3,0x08a3,0x1083,0x08a3,0x10a3,0x08a4,0x10a3,0x0884,0x10a3,0x08a3,0x1083,0x08a3,0x10a3,
  0x0883,0x10a4,0x08a3,0x10a4,0x08a3,0x1083,0x08a3,0x10a3,0x08a3,0x1083,0x08a4,0x10a3,0x08a4,0x0883,0x10a3,0x08a3,
  0x0883,0x10a3,0x08a3,0x0884,0x08a3,0x10a4,0x08a3,0x08a3,0x1083,0x08a3,0x10a3,0x08a3,0x08a4,0x10a3,0x0884,0x08a3,
  0x10a3,0x08a3,0x0883,0x08a3,0x10a3,0x08a4,0x0883,0x10a4,0x08a3,0x10a3,0x08a3,0x0883,0x10a3,0x08a3,0x08a4,0x1083,
  0x08a4,0x08a3,0x0883,0x10a3,0x08a3,0x08a3,0x1083,0x08a4,0x10a3,0x08a4,0x08a3,0x1083,0x08a3,0x08a3,0x1083,0x08a3,
  0x08a4,0x0883,0x10a4,0x08a3,0x0883,0x10a3,0x08a3,0x10a3,0x0883,0x08a4,0x10a3,0x08a4,0x08a3,0x10a3,0x0883,0x08a3,
  0x08a3,0x10a3,0x0884,0x08a3,0x10a4,0x08a3,0x1083,0x08a3,0x08a3,0x10a3,0x08a3,0x0884,0x10a3,0x08a4,0x08a3,0x0883,
  0x10a3,0x08a3,0x0883,0x10a3,0x08a4,0x10a3,0x0884,0x08a3,0x10a3,0x08a3,0x08a3,0x1083,0x08a3,0x08a4,0x0883,0x10a4,
  0x08a3,0x0883,0x10a3,0x08a3,0x1083,0x08a3,0x08a4,0x10a3,0x0884,0x08a3,0x10a3,0x08a3,0x08a3,0x08a3,0x1083,0x08a4,
  0x08a3,0x10a4,0x0883,0x10a3,0x08a3,0x08a3,0x1083,0x08a3,0x08a4,0x10a3,0x08a4,0x0883,0x08a3,0x10a3,0x08a3,0x0883,
  0x10a3,0x08a4,0x1083,0x08a4,0x08a3,0x10a3,0x0883,0x08a3,0x10a3,0x08a3,0x08a4,0x0883,0x10a4,0x08a3,0x0883,0x10a3,
  0x08a3,0x1083,0x08a3,0x08a4,0x1083,0x08a4,0x08a3,0x10a3,0x0883,0x08a3,0x08a3,0x10a3,0x08a4,0x08a3,0x1084,0x08a3,
  0x10a3,0x08a3,0x0883,0x10a3,0x08a3,0x08a4,0x1083,0x08a4,0x08a3,0x08a3,0x10a3,0x0883,0x08a3,0x10a3,0x08a4,0x1083,
  0x08a4,0x08a3,0x1083,0x08a3,0x08a3,0x10a3,0x0883,0x08a4,0x08a3,0x10a4,0x08a3,0x0883,0x10a3,0x08a3,0x1083,0x08a3,
  0x08a4,0x1083,0x08a4,0x08a3,0x1083,0x08a3,0x08a3,0x08a3,0x1083,0x08a4,0x08a3,0x10a4,0x08a3,0x10a3,0x0883,0x08a3,
  0x10a3,0x08a3,0x0884,0x10a3,0x08a4,0x08a3,0x0883,0x10a3,0x08a3,0x08a3,0x10a3,0x0884,0x10a3,0x08a4,0x08a3,0x1083,
  0x08a3,0x08a3,0x1083,0x08a3,0x08a4,0x08a3,0x1084,0x08a3,0x08a3,0x10a3,0x08a3,0x1083,0x08a3,0x08a4,0x1083,0x08a4,
  0x08a3,0x1083,0x08a3,0x08a3,0x0883,0x10a3,0x08a4,0x08a3,0x1084,0x08a3,0x10a3,0x08a3,0x08a3,0x10a3,0x0883,0x08a4,
  0x10a3,0x08a4,0x0883,0x08a3,0x10a3,0x08a3,0x0883,0x10a3,0x08a4,0x10a3,0x08a4,0x0883,0x10a3,0x08a3,0x08a3,0x1083,
  0x08a3,0x08a4,0x0883,0x10a4,0x08a3,0x08a3,0x1083,0x08a3,0x10a3,0x08a3,0x08a4,0x1083,0x08a4,0x08a3,0x1083,0x08a3,
  0x08a3,0x0883,0x10a3,0x08a4,0x0883,0x10a4,0x08a3,0x10a3,0x0883,0x08a3,0x10a3,0x08a3,0x08a4,0x10a3,0x0884,0x08a3,
  0x08a3,0x10a3,0x0883,0x08a3,0x10a3,0x08a4,0x1083,0x08a4,0x08a3,0x10a3,0x08a3,0x0883,0x10a3,0x08a3,0x08a4,0x0883,
  0x10a4,0x08a3,0x0883,0x10a3,0x08a3,0x10a3,0x0883,0x08a4,0x10a3,0x08a4,0x08a3,0x1083,0x08a3,0x08a3,0x0883,0x10a3,
  0x08a4,0x0883,0x10a4,0x08a3,0x1083,0x08a3,0x08a3,0x10a3,0x0883,0x08a4,0x10a3,0x08a4,0x08a3,0x08a3,0x1083,0x08a3,
  0x08a3,0x10a3,0x0884,0x10a3,0x08a4,0x08a3,0x1083,0x08a3,0x08a3,0x10a4,0x08a3,0x1084,0x08a3,0x10a3,0x08a3,0x10a3,
  0x10a3,0x08a3,0x1084,0x08a3,0x10a3,0x0884,0x10a3,0x0884,0x10a3,0x08a3,0x1084,0x08a3,0x10a3,0x0883,0x10a4,0x08a3,
  0x10a3,0x0883,0x10a4,0x08a3,0x1083,0x08a4,0x10a3,0x0883,0x10a3,0x08a3,0x10a3,0x0884,0x08a3,0x10a4,0x0883,0x10a3,
  0x08a3,0x10a4,0x0883,0x10a3,0x0883,0x08a4,0x10a3,0x0884,0x10a3,0x08a3,0x08a4,0x10a3,0x0884,0x10a3,0x0883,0x10a4,
  0x08a3,0x1084,0x08a3,0x10a3,0x0884,0x08a3,0x10a3,0x0884,0x10a3,0x08a4,0x10a3,0x0884,0x10a3,0x0883,0x10a4,0x0883,
  0x10a3,0x08a4,0x1083,0x08a4,0x1083,0x08a4,0x1083,0x08a3,0x10a3,0x0884,0x10a3,0x0884,0x10a3,0x08a4,0x0883,0x10a3,
  0x0883,0x10a3,0x08a4,0x1083,0x08a4,0x10a3,0x0884,0x10a3,0x0883,0x10a3,0x08a3,0x0884,0x10a3,0x08a4,0x0883,0x10a4,
  0x08a3,0x08a3,0x1083,0x08a3,0x0884,0x10a3,0x08a4,0x0883,0x10a4,0x08a3,0x1083,0x08a3,0x1083,0x08a4,0x10a3,0x0884,
  0x10a3,0x08a4,0x10a3,0x10a3,0x0883,0x10a3,0x0884,0x10a3,0x08a4,0x10a3,0x0884,0x10a3,0x0883,0x10a3,0x08a3,0x1084,
  0x08a3,0x1084,0x10a3,0x08a4,0x1083,0x08a3,0x10a3,0x0883,0x10a4,0x0883,0x10a4,0x08a3,0x10a4,0x0883,0x10a3,0x08a3,
  0x10a3,0x1084,0x08a3,0x10a4,0x0883,0x10a4,0x08a3,0x1083,0x08a3,0x1083,0x08a4,0x10a3,0x0884,0x10a3,0x08a4,0x1083,
  0x10a3,0x08a3,0x10a3,0x0884,0x10a3,0x08a4,0x1083,0x08a4,0x10a3,0x08a3,0x1083,0x08a3,0x1084,0x08a3,0x10a4,0x1083,
  0x08a4,0x1083,0x08a3,0x10a3,0x0883,0x10a4,0x08a3,0x1084,0x08a3,0x1084,0x08a3,0x10a3,0x08a3,0x1083,0x10a4,0x08a3,
  0x10a4,0x0883,0x10a4,0x08a3,0x1083,0x08a3,0x10a3,0x0884,0x10a3,0x0884,0x10a3,0x08a4,0x1083,0x10a3,0x08a3,0x1083,
  0x08a4,0x10a3,0x08a4,0x1083,0x08a4,0x10a3,0x0883,0x10a3,0x08a3,0x10a4,0x0883,0x10a4,0x1083,0x08a4,0x10a3,0x0883,
  0x10a3,0x0883,0x10a4,0x08a3,0x1084,0x08a3,0x10a4,0x0883,0x10a3,0x0883,0x10a3,0x10a4,0x08a3,0x1084,0x08a3,0x10a4,
  0x08a3,0x1083,0x08a3,0x10a3,0x0884,0x10a3,0x08a4,0x1083,0x08a4,0x1083,0x10a3,0x08a3,0x1083,0x08a4,0x10a3,0x0884,
  0x10a3,0x08a4,0x10a3,0x0883,0x10a3,0x08a3,0x1084,0x08a3,0x10a4,0x10a3,0x0884,0x10a3,0x0883,0x10a3,0x08a3,0x1084,
  0x08a3,0x1084,0x08a3,0x10a4,0x0883,0x10a3,0x08a3,0x1083,0x10a4,0x0883,0x10a4,0x08a3,0x10a4,0x0883,0x10a3,0x08a3,
  0x10a3,0x0884,0x10a3,0x08a4,0x1083,0x08a4,0x10a3,0x1083,0x08a3,0x1083,0x08a4,0x10a3,0x0884,0x10a3,0x08a4,0x1083,
  0x08a3,0x10a3,0x08a3,0x1084,0x08a3,0x10a4,0x1083,0x08a4,0x10a3,0x08a3,0x1083,0x08a3,0x1084,0x08a3,0x10a4,0x0883,
  0x10a4,0x0883,0x10a3,0x08a3,0x1083,0x10a4,0x08a3,0x1084,0x08a3,0x1084,0x08a3,0x10a3,0x08a3,0x1083,0x08a4,0x10a3,
  0x08a4,0x1083,0x08a4,0x10a3,0x1083,0x08a3,0x10a3,0x0884,0x10a3,0x0884,0x10a3,0x08a4,0x1083,0x08a3,0x10a3,0x0883,
  0x10a4,0x08a3,0x10a4,0x1083,0x08a4,0x10a3,0x0883,0x10a3,0x08a3,0x10a4,0x0883,0x10a4,0x0883,0x10a4,0x08a3,0x1083,
  0x08a3,0x1083,0x10a4,0x08a3,0x1084,0x08a3,0x10a4,0x0883,0x10a3,0x0883,0x10a3,0x08a4,0x10a3,0x0884,0x10a3,0x08a4,
  0x10a3,0x1083,0x08a3,0x10a3,0x0884,0x10a3,0x08a4,0x1083,0x08a4,0x1083,0x08a3,0x10a3,0x0883,0x10a4,0x08a3,0x1084,
  0x10a3,0x08a4,0x10a3,0x0883,0x10a3,0x08a3,0x1084,0x08a3,0x10a4,0x08a3,0x1084,0x08a3,0x1083,0x08a3,0x10a3,0x1084,
  0x08a3,0x1084,0x08a3,0x10a4,0x0883,0x10a3,0x08a3,0x1083,0x08a4,0x1083,0x08a4,0x10a3,0x08a4,0x1083,0x10a3,0x08a3,
  0x10a3,0x0884,0x10a3,0x08a4,0x1083,0x08a4,0x10a3,0x0883,0x10a3,0x0883,0x10a4,0x08a3,0x1084,0x10a3,0x08a4,0x1083,
  0x08a3,0x10a3,0x08a3,0x1084,0x08a3,0x10a4,0x0883,0x10a4,0x08a3,0x10a3,0x0883,0x10a3,0x1084,0x08a3,0x10a4,0x0883,
  0x10a4,0x0883,0x10a3,0x08a3,0x1083,0x08a4,0x10a3,0x0884,0x10a3,0x0883,0x10a3,0x08a3,0x10a3,0x0884,0x10a3,0x0884,
  0x08a4,0x1083,0x08a3,0x10a4,0x08a3,0x10a3,0x08a4,0x10a3,0x0884,0x10a3,0x08a3,0x1084,0x08a4,0x10a3,0x08a3,0x1084,
  0x08a3,0x10a4,0x0883,0x10a4,0x08a3,0x1083,0x08a4,0x10a4,0x08a3,0x1084,0x08a3,0x10a4,0x0883,0x10a4,0x08a3,0x10a4,
  0x0883,0x10a4,0x08a3,0x08a4,0x10a3,0x08a4,0x1083,0x08a3,0x08a4,0x1083,0x08a4,0x1083,0x08a3,0x10a4,0x08a3,0x10a4,
  0x0883,0x10a3,0x08a4,0x0883,0x10a4,0x08a3,0x10a4,0x08a3,0x1083,0x08a4,0x1083,0x08a3,0x10a4,0x08a3,0x0883,0x10a4,
  0x08a3,0x1084,0x08a3,0x10a4,0x08a3,0x1083,0x08a4,0x10a3,0x0884,0x10a3,0x08a4,0x10a3,0x08a4,0x1083,0x08a4,0x10a3,
  0x08a4,0x0883,0x10a4,0x08a3,0x1084,0x08a3,0x10a4,0x08a3,0x10a4,0x0884,0x10a3,0x08a4,0x1083,0x08a4,0x10a3,0x0884,
  0x10a3,0x0884,0x10a4,0x08a3,0x10a4,0x0883,0x10a4,0x08a3,0x1084,0x08a3,0x10a4,0x08a4,0x10a3,0x0884,0x10a3,0x08a4,
  0x10a3,0x0884,0x08a3,0x1084,0x08a4,0x08a3,0x10a4,0x0883,0x10a4,0x0883,0x10a4,0x08a3,0x10a4,0x0884,0x10a3,0x08a4,
  0x10a3,0x08a4,0x0883,0x10a4,0x08a3,0x1084,0x08a4,0x10a3,0x08a4,0x10a3,0x0884,0x10a3,0x0884,0x10a3,0x08a4,0x1084,
  0x08a3,0x08a4,0x10a3,0x0884,0x10a3,0x08a4,0x1083,0x08a4,0x10a4,0x08a3,0x1084,0x08a3,0x10a4,0x0883,0x10a4,0x08a3,
  0x08a4,0x1084,0x08a3,0x10a4,0x08a3,0x1084,0x08a3,0x10a4,0x0883,0x10a4,0x08a4,0x1083,0x08a4,0x10a3,0x0884,0x08a3,
  0x10a4,0x08a3,0x10a4,0x0884,0x10a3,0x08a4,0x1083,0x08a4,0x10a3,0x08a4,0x1083,0x08a4,0x1084,0x08a3,0x08a4,0x1083,
  0x08a4,0x10a3,0x08a4,0x1083,0x08a4,0x10a4,0x0883,0x10a4,0x08a3,0x10a4,0x0883,0x10a4,0x08a3,0x0884,0x10a4,0x08a3,
  0x10a4,0x0883,0x10a4,0x08a3,0x10a4,0x0883,0x10a4,0x08a4,0x1083,0x08a4,0x10a3,0x0884,0x08a3,0x10a4,0x0883,0x10a4,
  0x08a4,0x10a3,0x08a4,0x1083,0x08a4,0x10a3,0x0884,0x10a3,0x08a4,0x10a4,0x0883,0x08a4,0x1083,0x08a4,0x10a3,0x0884,
  0x10a3,0x08a4,0x10a4,0x0883,0x10a4,0x08a3,0x1084,0x08a3,0x10a4,0x08a3,0x0884,0x10a4,0x08a3,0x1084,0x08a3,0x10a4,
  0x08a3,0x1084,0x08a3,0x10a4,0x08a4,0x1083,0x08a4,0x10a3,0x0884,0x08a3,0x10a4,0x0883,0x10a4,0x08a4,0x1083,0x08a4,
  0x10a3,0x08a4,0x10a3,0x0884,0x10a3,0x08a4,0x1084,0x08a3,0x08a4,0x10a3,0x0884,0x10a3,0x0884,0x10a3,0x08a4,0x1084,
  0x08a3,0x10a4,0x08a3,0x1084,0x08a3,0x10a4,0x0883,0x08a4,0x10a4,0x08a3,0x1084,0x08a3,0x10a4,0x0883,0x10a4,0x08a3,
  0x10a4,0x0884,0x10a3,0x08a4,0x10a3,0x0884,0x08a3,0x10a4,0x0883,0x10a4,0x08a4,0x1083,0x08a4,0x10a3,0x0884,0x10a3,
  0x08a4,0x10a3,0x08a4,0x1084,0x08a3,0x08a4,0x1083,0x08a4,0x10a3,0x08a4,0x1083,0x08a4,0x1084,0x08a3,0x10a4,0x0883,
  0x10a4,0x08a3,0x10a4,0x0883,0x08a4,0x10a4,0x0883,0x10a4,0x08a3,0x10a4,0x0883,0x10a4,0x08a3,0x1084,0x08a4,0x10a3,
  0x08a4,0x1083,0x08a4,0x08a3,0x10a4,0x0883,0x10a4,0x08a4,0x1083,0x08a4,0x10a3,0x0884,0x10a3,0x08a4,0x1083,0x08a4,
  0x10a4,0x08a3,0x08a4,0x1083,0x08a4,0x10a3,0x0884,0x10a3,0x08a4,0x10a4,0x0883,0x10a4,0x0883,0x10a4,0x08a3,0x1084,
  0x08a3,0x08a4,0x10a4,0x0883,0x10a4,0x08a3,0x1084,0x08a3,0x10a4,0x08a3,0x1084,0x08a4,0x10a3,0x0884,0x10a3,0x08a4,
  0x08a3,0x1084,0x08a3,0x10a4,0x08a4,0x1083,0x08a4,0x10a3,0x0884,0x10a3,0x08a4,0x1083,0x08a4,0x10a4,0x0883,0x08a4,
  0x10a3,0x08a4,0x10a3,0x0884,0x10a3,0x08a4,0x1084,0x08a3,0x10a4,0x08a3,0x1084,0x08a3,0x1084,0x08a3,0x08a4,0x1084,
  0x08a3,0x10a4,0x08a3,0x1084,0x08a3,0x10a4,0x0883,0x10a4,0x08a4,0x10a3,0x0884,0x10a3,0x08a4,0x0883,0x10a4,0x08a3,
  0x10a4,0x0884,0x10a3,0x08a4,0x10a3,0x0884,0x10a3,0x08a4,0x1083,0x08a4,0x10a4,0x0883,0x08a4,0x10a3,0x0884,0x10a3,
  0x08a4,0x10a3,0x08a4,0x1084,0x08a3,0x10a4,0x0883,0x10a3,0x08a4,0x10a4,0x0883,0x08a4,0x1083,0x08a4,0x08a3,0x10a3,
  0x08a3,0x10a4,0x0883,0x10a4,0x0883,0x08a4,0x1083,0x08a3,0x10a4,0x0883,0x08a4,0x10a3,0x08a3,0x0884,0x10a3,0x08a4,
  0x1083,0x08a3,0x08a4,0x1083,0x08a4,0x08a3,0x10a3,0x0883,0x10a4,0x08a3,0x1084,0x08a3,0x10a3,0x08a4,0x1083,0x08a3,
  0x10a4,0x0883,0x10a3,0x0884,0x10a3,0x0883,0x10a4,0x08a3,0x1084,0x08a3,0x10a3,0x08a4,0x1083,0x08a4,0x1083,0x08a3,
  0x10a4,0x08a3,0x1084,0x08a3,0x10a3,0x0884,0x10a3,0x0884,0x10a3,0x08a3,0x08a4,0x1083,0x08a3,0x1084,0x08a3,0x10a4,
  0x0883,0x08a3,0x10a4,0x0883,0x10a4,0x08a3,0x0884,0x10a3,0x08a3,0x08a4,0x1083,0x08a3,0x1083,0x08a4,0x10a3,0x0884,
  0x10a3,0x08a4,0x1083,0x08a3,0x10a4,0x0883,0x08a3,0x1084,0x08a3,0x10a3,0x0884,0x10a3,0x08a3,0x10a4,0x0883,0x10a3,
  0x08a4,0x10a3,0x0883,0x10a4,0x08a3,0x10a3,0x0884,0x10a3,0x08a3,0x1084,0x08a3,0x1083,0x08a4,0x10a3,0x08a3,0x1084,
  0x08a3,0x10a3,0x0884,0x10a3,0x08a3,0x1084,0x08a3,0x10a3,0x08a4,0x10a3,0x0883,0x10a4,0x0883,0x10a3,0x08a4,0x1083,
  0x08a3,0x1084,0x08a3,0x10a3,0x0884,0x08a3,0x10a3,0x0884,0x10a3,0x0883,0x10a4,0x08a3,0x10a3,0x0884,0x10a3,0x08a3,
  0x1084,0x08a3,0x1083,0x08a4,0x08a3,0x10a3,0x08a4,0x1083,0x08a3,0x1084,0x08a3,0x10a3,0x08a4,0x10a3,0x0883,0x10a4,
  0x0883,0x10a3,0x08a4,0x0883,0x10a3,0x08a4,0x1083,0x08a3,0x10a4,0x0883,0x10a3,0x08a4,0x1083,0x08a3,0x10a4,0x08a3,
  0x1083,0x08a4,0x0883,0x10a3,0x08a4,0x1083,0x08a3,0x10a4,0x0883,0x10a3,0x08a4,0x10a3,0x08a3,0x1084,0x08a3,0x10a3,
  0x0884,0x08a3,0x1083,0x08a4,0x10a3,0x08a3,0x10a4,0x0883,0x10a3,0x0884,0x10a3,0x08a3,0x10a4,0x08a3,0x1083,0x08a4,
  0x0883,0x10a3,0x08a4,0x1083,0x08a3,0x10a4,0x0883,0x10a3,0x08a4,0x1083,0x08a3,0x10a4,0x0883,0x10a3,0x08a4,0x08a3,
  0x1083,0x08a4,0x1083,0x08a3,0x10a4,0x0883,0x10a3,0x08a4,0x1083,0x08a3,0x10a4,0x08a3,0x10a3,0x0884,0x08a3,0x10a3,
  0x0884,0x10a3,0x0883,0x10a4,0x08a3,0x10a3,0x08a4,0x1083,0x08a3,0x1084,0x08a3,0x10a3,0x08a4,0x08a3,0x1083,0x08a4,
  0x1083,0x08a3,0x10a4,0x0883,0x10a3,0x08a4,0x1083,0x08a3,0x10a4,0x0883,0x10a3,0x08a4,0x0883,0x10a3,0x08a4,0x10a3,
  0x0883,0x10a4,0x0883,0x10a3,0x08a4,0x1083,0x08a3,0x10a4,0x0883,0x10a3,0x08a4,0x08a3,0x10a3,0x0884,0x10a3,0x08a3,
  0x1084,0x08a3,0x1083,0x08a4,0x10a3,0x08a3,0x10a4,0x0883,0x10a3,0x0884,0x08a3,0x10a3,0x08a4,0x10a3,0x0883,0x10a4,
  0x0883,0x10a3,0x08a4,0x1083,0x08a3,0x10a4,0x0883,0x10a3,0x08a4,0x0883,0x10a3,0x08a4,0x1083,0x08a3,0x10a4,0x08a3,
  0x1083,0x08a4,0x1083,0x08a3,0x10a4,0x0883,0x10a3,0x08a4,0x0883,0x10a3,0x08a4,0x10a3,0x08a3,0x1084,0x08a3,0x10a3,
  0x0884,0x10a3,0x0883,0x10a4,0x08a3,0x10a3,0x08a4,0x0883,0x10a3,0x0884,0x10a3,0x08a3,0x10a4,0x08a3,0x1083,0x08a4,
  0x1083,0x08a3,0x10a4,0x0883,0x10a3,0x08a4,0x0883,0x10a3,0x08a4,0x1083,0x08a3,0x10a4,0x0883,0x10a3,0x08a4,0x10a3,
  0x0883,0x10a4,0x0883,0x10a3,0x08a4,0x0883,0x10a3,0x08a4,0x1083,0x08a3,0x10a4,0x08a3,0x10a3,0x0884,0x10a3,0x08a3,
  0x1084,0x08a3,0x1083,0x08a4,0x08a3,0x10a3,0x08a4,0x1083,0x08a3,0x1084,0x08a3,0x10a3,0x08a4,0x10a3,0x0883,0x10a4,
  0x0883,0x10a3,0x08a4,0x0883,0x10a3,0x08a4,0x1083,0x08a3,0x10a4,0x0883,0x10a3,0x08a4,0x1083,0x08a3,0x10a4,0x08a3,
  0x1083,0x08a4,0x0883,0x10a3,0x08a4,0x1083,0x08a3,0x10a4,0x0883,0x10a3,0x08a4,0x10a3,0x08a3,0x1084,0x08a3,0x10a3,
  0x0884,0x08a3,0x1083,0x08a4,0x10a3,0x08a3,0x10a4,0x0883,0x10a3,0x0884,0x10a3,0x08a3,0x10a4,0x08a3,0x1083,0x08a4,
  0x0883,0x10a3,0x08a4,0x1083,0x08a3,0x10a4,0x0883,0x10a3,0x08a4,0x1083,0x08a3,0x10a4,0x0883,0x10a3,0x08a4,0x08a3,
  0x1083,0x08a4,0x1083,0x08a3,0x10a4,0x0883,0x10a4,0x08a3,0x1083,0x08a3,0x10a4,0x08a3,0x10a4,0x0883,0x10a4,0x0883,
  0x10a3,0x0884,0x10a3,0x08a3,0x10a4,0x0883,0x10a4,0x08a3,0x0883,0x10a4,0x08a3,0x1084,0x08a3,0x10a4,0x0883,0x10a3,
  0x08a4,0x1083,0x08a3,0x10a4,0x08a3,0x1084,0x08a3,0x10a4,0x0883,0x08a4,0x10a3,0x0884,0x10a3,0x0883,0x10a4,0x08a3,
  0x0884,0x10a3,0x08a4,0x10a3,0x0884,0x10a3,0x08a4,0x10a3,0x08a3,0x1084,0x08a3,0x1084,0x08a3,0x10a3,0x08a4,0x0883,
  0x10a4,0x0883,0x10a3,0x08a4,0x10a3,0x08a3,0x1084,0x08a3,0x08a4,0x1083,0x08a4,0x10a3,0x08a4,0x10a3,0x0884,0x10a3,
  0x08a4,0x10a3,0x0883,0x10a4,0x08a3,0x1083,0x08a4,0x10a3,0x0884,0x10a3,0x08a4,0x10a3,0x08a4,0x1083,0x08a3,0x10a4,
  0x0883,0x10a3,0x08a4,0x10a3,0x0883,0x10a4,0x08a3,0x10a3,0x0884,0x08a3,0x10a3,0x08a4,0x1083,0x08a3,0x10a4,0x08a3,
  0x1083,0x08a4,0x10a3,0x0883,0x10a4,0x0883,0x10a3,0x08a4,0x10a3,0x08a3,0x08a4,0x10a3,0x0883,0x08a4,0x1083,0x08a3,
  0x1084,0x08a3,0x10a3,0x08a4,0x1083,0x08a3,0x10a4,0x0883,0x10a3,0x0884,0x08a3,0x10a3,0x08a4,0x0883,0x10a3,0x08a4,
  0x0883,0x10a3,0x08a4,0x10a3,0x08a3,0x1084,0x08a3,0x10a3,0x0884,0x10a3,0x08a3,0x0884,0x10a3,0x08a3,0x0884,0x10a3,
  0x08a3,0x10a4,0x08a3,0x10a3,0x0884,0x10a3,0x0883,0x10a4,0x08a3,0x08a3,0x10a4,0x0883,0x08a3,0x1084,0x08a3,0x10a3,
  0x08a4,0x0883,0x10a3,0x08a4,0x1083,0x08a3,0x10a4,0x0883,0x08a3,0x10a4,0x0883,0x08a3,0x10a4,0x08a3,0x1083,0x08a4,
  0x08a3,0x1083,0x08a4,0x10a3,0x0883,0x10a4,0x08a3,0x0883,0x10a4,0x08a3,0x0883,0x10a4,0x0883,0x10a3,0x08a4,0x0883,
  0x10a3,0x08a4,0x10a3,0x08a3,0x1084,0x08a3,0x0883,0x10a4,0x08a3,0x08a3,0x10a4,0x0883,0x10a3,0x0884,0x08a3,0x10a3,
  0x08a4,0x1083,0x08a3,0x10a4,0x0883,0x08a3,0x10a4,0x0883,0x08a3,0x10a4,0x0883,0x10a3,0x08a4,0x08a3,0x1083,0x08a4,
  0x10a3,0x0883,0x10a4,0x08a3,0x0883,0x10a4,0x08a3,0x0883,0x10a4,0x08a3,0x1083,0x08a4,0x0883,0x10a3,0x08a4,0x1083,
  0x08a3,0x10a4,0x08a3,0x08a3,0x1084,0x08a3,0x0883,0x10a4,0x08a3,0x10a3,0x08a4,0x0883,0x10a3,0x0884,0x10a3,0x08a3,
  0x10a4,0x0883,0x08a3,0x10a4,0x0883,0x08a3,0x10a4,0x0883,0x10a3,0x08a4,0x0883,0x10a3,0x08a4,0x10a3,0x0883,0x10a4,
  0x08a3,0x0883,0x10a4,0x08a3,0x0883,0x10a4,0x08a3,0x1083,0x08a4,0x08a3,0x1083,0x08a4,0x1083,0x08a3,0x10a4,0x0883,
  0x08a3,0x10a4,0x08a3,0x08a3,0x1084,0x08a3,0x1083,0x08a4,0x08a3,0x10a3,0x08a4,0x1083,0x08a3,0x1084,0x08a3,0x08a3,
  0x10a4,0x0883,0x08a3,0x10a4,0x0883,0x10a3,0x08a4,0x0883,0x10a3,0x08a4,0x1083,0x08a3,0x10a4,0x08a3,0x0883,0x10a4,
  0x08a3,0x0883,0x10a4,0x08a3,0x1083,0x08a4,0x08a3,0x1083,0x08a4,0x10a3,0x0883,0x10a4,0x0883,0x08a3,0x10a4,0x0883,
  0x08a3,0x10a4,0x08a3,0x10a3,0x0884,0x08a3,0x1083,0x08a4,0x10a3,0x08a3,0x10a4,0x0883,0x08a3,0x1084,0x08a3,0x08a3,
  0x10a4,0x0883,0x10a3,0x08a4,0x0883,0x10a3,0x08a4,0x1083,0x08a3,0x10a4,0x0883,0x08a3,0x10a4,0x08a3,0x0883,0x10a4,
  0x08a3,0x1083,0x08a4,0x08a3,0x1083,0x08a4,0x10a3,0x0883,0x10a4,0x08a3,0x0883,0x10a4,0x0883,0x08a3,0x10a4,0x0883,
  0x10a3,0x08a4,0x08a3,0x10a3,0x0884,0x10a3,0x0883,0x10a4,0x08a3,0x08a3,0x10a4,0x0883,0x08a3,0x1084,0x08a3,0x10a3,
  0x08a4,0x0883,0x10a3,0x08a4,0x1083,0x08a3,0x10a4,0x0883,0x08a3,0x10a4,0x0883,0x08a3,0x10a4,0x08a3,0x1083,0x08a4,
  0x08a3,0x1083,0x08a4,0x10a3,0x0883,0x10a4,0x08a3,0x0883,0x10a4,0x08a3,0x0883,0x10a4,0x0883,0x10a3,0x08a4,0x0883,
  0x10a3,0x08a4,0x10a3,0x08a3,0x1084,0x08a3,0x0883,0x10a4,0x08a3,0x08a3,0x10a4,0x0883,0x10a3,0x0884,0x08a3,0x10a3,
  0x08a4,0x1083,0x08a3,0x10a4,0x0883,0x08a3,0x10a4,0x0883,0x08a3,0x10a4,0x0883,0x10a3,0x08a4,0x08a3,0x1083,0x08a4,
  0x10a3,0x0883,0x10a4,0x08a3,0x0883,0x10a4,0x08a3,0x0884,0x10a3,0x08a4,0x1083,0x08a4,0x1083,0x08a3,0x10a4,0x08a3,
  0x08a3,0x10a4,0x0883,0x10a4,0x0883,0x10a3,0x08a4,0x1083,0x10a4,0x08a3,0x1083,0x08a4,0x10a3,0x1083,0x08a4,0x10a3,
  0x0884,0x10a3,0x08a4,0x1083,0x10a3,0x08a4,0x1083,0x08a4,0x10a3,0x1083,0x08a4,0x10a3,0x08a4,0x10a3,0x0884,0x10a3,
  0x10a3,0x0884,0x10a3,0x0883,0x10a4,0x08a3,0x1083,0x08a4,0x1083,0x08a4,0x10a3,0x08a3,0x10a4,0x0883,0x10a4,0x10a3,
  0x08a3,0x10a4,0x08a3,0x1084,0x08a3,0x1084,0x08a3,0x10a3,0x1084,0x08a3,0x10a3,0x0884,0x10a3,0x0883,0x10a4,0x08a3,
  0x1083,0x08a4,0x10a3,0x0883,0x10a4,0x08a3,0x10a3,0x0884,0x10a3,0x08a3,0x1084,0x08a3,0x1084,0x08a3,0x10a4,0x0883,
  0x10a4,0x08a3,0x1084,0x08a3,0x10a4,0x08a3,0x1084,0x08a3,0x10a4,0x1083,0x08a4,0x1083,0x08a4,0x10a3,0x0884,0x10a3,
  0x08a4,0x1083,0x08a4,0x10a3,0x08a4,0x10a3,0x0884,0x10a3,0x0884,0x10a3,0x1084,0x08a3,0x10a4,0x10a3,0x08a4,0x10a3,
  0x08a4,0x1083,0x08a4,0x1083,0x08a4,0x10a3,0x0884,0x10a3,0x08a4,0x10a3,0x1084,0x08a3,0x10a4,0x10a3,0x0884,0x10a3,
  0x10a4,0x08a3,0x1084,0x08a3,0x1084,0x08a3,0x10a4,0x0883,0x10a4,0x08a3,0x1084,0x10a3,0x08a4,0x1083,0x10a4,0x08a3,
  0x1084,0x08a3,0x1084,0x08a3,0x10a4,0x0883,0x10a4,0x08a3,0x1084,0x10a3,0x0884,0x10a3,0x10a4,0x08a3,0x1084,0x08a3,
  0x10a4,0x10a3,0x0884,0x10a3,0x08a4,0x1083,0x08a4,0x10a3,0x10a4,0x0883,0x10a4,0x10a3,0x0884,0x10a3,0x08a4,0x1083,
  0x10a4,0x08a3,0x10a4,0x0883,0x10a4,0x08a3,0x10a4,0x10a3,0x0884,0x10a3,0x10a4,0x0883,0x10a4,0x08a3,0x1084,0x10a3,
  0x08a4,0x1083,0x08a4,0x1083,0x08a4,0x10a3,0x10a4,0x0883,0x10a4,0x1083,0x08a4,0x10a3,0x0884,0x10a3,0x10a4,0x0883,
  0x10a4,0x08a3,0x1084,0x08a3,0x10a4,0x1083,0x08a4,0x10a3,0x10a4,0x0883,0x10a4,0x08a3,0x1084,0x10a3,0x08a4,0x1083,
  0x08a4,0x10a3,0x08a4,0x1083,0x10a4,0x08a3,0x10a4,0x10a3,0x0884,0x10a3,0x08a4,0x1083,0x10a4,0x08a3,0x1084,0x08a3,
  0x10a4,0x0883,0x10a4,0x1083,0x08a4,0x10a3,0x10a4,0x0883,0x10a4,0x0883,0x10a4,0x10a3,0x0884,0x10a3,0x08a4,0x1083,
  0x08a4,0x10a3,0x1084,0x08a3,0x10a4,0x1083,0x08a4,0x10a3,0x08a4,0x1083,0x10a4,0x08a3,0x1084,0x08a3,0x10a4,0x0883,
  0x10a4,0x10a3,0x08a4,0x1083,0x10a4,0x08a3,0x10a4,0x08a3,0x1084,0x10a3,0x08a4,0x1083,0x08a4,0x10a3,0x0884,0x10a3,
  0x10a4,0x0883,0x10a4,0x1083,0x08a4,0x10a3,0x08a4,0x1083,0x10a4,0x0883,0x10a4,0x08a3,0x1084,0x08a3,0x10a4,0x1083,
  0x08a4,0x10a3,0x1084,0x08a3,0x10a4,0x0883,0x10a4,0x10a3,0x08a4,0x1083,0x08a4,0x10a3,0x0884,0x10a3,0x10a4,0x0883,
  0x10a4,0x10a3,0x08a4,0x1083,0x08a4,0x10a3,0x10a4,0x08a3,0x1084,0x08a3,0x10a4,0x0883,0x10a4,0x10a3,0x0884,0x10a3,
  0x10a4,0x0883,0x10a4,0x0883,0x10a4,0x10a3,0x08a4,0x1083,0x08a4,0x1083,0x08a4,0x10a3,0x1084,0x08a3,0x10a4,0x1083,
  0x08a4,0x10a3,0x0884,0x10a3,0x10a4,0x0883,0x10a4,0x08a3,0x10a4,0x0883,0x10a4,0x10a3,0x0884,0x10a3,0x10a4,0x0883,
  0x10a4,0x08a3,0x10a4,0x1083,0x08a4,0x10a3,0x08a4,0x10a3,0x0884,0x10a3,0x10a4,0x0883,0x10a4,0x10a3,0x0884,0x10a3,
  0x08a4,0x1083,0x10a4,0x0883,0x10a4,0x08a3,0x10a4,0x0883,0x10a4,0x1083,0x08a4,0x10a3,0x1084,0x08a3,0x10a4,0x0883,
  0x10a4,0x10a3,0x0884,0x10a3,0x08a4,0x1083,0x08a4,0x10a3,0x10a4,0x0883,0x10a4,0x10a3,0x0884,0x10a3,0x08a4,0x1083,
  0x10a4,0x08a3,0x10a4,0x0883,0x10a4,0x08a3,0x10a4,0x10a3,0x0884,0x10a3,0x10a4,0x0883,0x10a4,0x08a3,0x1084,0x10a3,
  0x08a4,0x1083,0x08a4,0x1083,0x08a4,0x10a3,0x10a4,0x0883,0x10a4,0x1083,0x08a4,0x10a3,0x0884,0x10a3,0x10a4,0x0883,
  0x10a4,0x08a3,0x1084,0x08a3,0x10a4,0x1083,0x08a4,0x10a3,0x10a4,0x0883,0x10a4,0x08a3,0x1084,0x10a3,0x08a4,0x1083,
  0x08a4,0x10a3,0x08a4,0x1083,0x10a4,0x08a3,0x10a3,0x10a4,0x0883,0x10a4,0x08a3,0x1083,0x08a4,0x10a3,0x0883,0x10a4,
  0x10a3,0x0884,0x10a3,0x10a3,0x08a4,0x10a3,0x1084,0x08a3,0x10a3,0x10a4,0x08a3,0x1083,0x08a4,0x10a3,0x0884,0x10a3,
  0x10a3,0x08a4,0x1083,0x08a4,0x10a3,0x0883,0x10a4,0x10a3,0x0884,0x10a3,0x08a3,0x1084,0x10a3,0x0883,0x10a4,0x08a3,
  0x1084,0x10a3,0x08a4,0x10a3,0x10a3,0x0884,0x10a3,0x10a4,0x08a3,0x1083,0x10a4,0x0883,0x10a4,0x10a3,0x0883,0x10a4,
  0x0883,0x10a4,0x1083,0x08a3,0x10a4,0x10a3,0x0884,0x10a3,0x08a3,0x10a4,0x1083,0x08a4,0x10a3,0x10a4,0x08a3,0x1084,
  0x10a3,0x08a4,0x1083,0x10a4,0x08a3,0x1084,0x10a3,0x08a4,0x1083,0x10a4,0x08a3,0x1083,0x10a4,0x08a3,0x1083,0x10a4,
  0x08a3,0x1083,0x08a4,0x10a3,0x1083,0x08a4,0x10a3,0x1084,0x08a3,0x10a3,0x08a4,0x10a3,0x1083,0x08a4,0x10a3,0x0884,
  0x10a3,0x08a3,0x1084,0x08a3,0x1083,0x08a4,0x10a3,0x08a3,0x1084,0x08a3,0x10a3,0x0884,0x10a3,0x0883,0x10a4,0x0883,
  0x10a3,0x08a4,0x10a3,0x10a3,0x0884,0x10a3,0x10a3,0x0884,0x10a3,0x08a3,0x10a4,0x1083,0x08a3,0x1084,0x08a3,0x10a3,
  0x0884,0x10a3,0x10a3,0x0884,0x10a3,0x10a3,0x0884,0x10a3,0x10a3,0x08a4,0x10a3,0x0883,0x10a4,0x08a3,0x10a3,0x0884,
  0x10a3,0x10a3,0x08a4,0x1083,0x10a3,0x08a4,0x10a3,0x1083,0x08a4,0x10a3,0x08a3,0x1084,0x08a3,0x1083,0x08a4,0x10a3,
  0x0883,0x10a4,0x10a3,0x0883,0x10a4,0x10a3,0x08a3,0x1084,0x08a3,0x10a3,0x08a4,0x1083,0x08a3,0x10a4,0x1083,0x08a3,
  0x10a4,0x1083,0x08a3,0x10a4,0x10a3,0x0883,0x10a4,0x0883,0x10a3,0x08a4,0x1083,0x08a3,0x10a4,0x10a3,0x08a3,0x10a4,
  0x1083,0x08a3,0x10a4,0x10a3,0x0883,0x10a4,0x08a3,0x10a3,0x08a4,0x10a3,0x0883,0x10a4,0x10a3,0x08a3,0x1084,0x10a3,
  0x08a3,0x1084,0x10a3,0x08a3,0x10a4,0x08a3,0x1083,0x08a4,0x10a3,0x08a3,0x1084,0x10a3,0x08a3,0x1084,0x10a3,0x08a3,
  0x1084,0x10a3,0x0883,0x10a4,0x08a3,0x1083,0x08a4,0x1083,0x08a3,0x10a4,0x1083,0x08a3,0x10a4,0x10a3,0x08a3,0x10a4,
  0x1083,0x08a3,0x10a4,0x08a3,0x1083,0x08a4,0x10a3,0x08a3,0x10a4,0x10a3,0x0883,0x10a4,0x10a3,0x08a3,0x1084,0x10a3,
  0x08a3,0x1084,0x08a3,0x10a3,0x08a4,0x10a3,0x0883,0x10a4,0x10a3,0x08a3,0x1084,0x10a3,0x08a3,0x1084,0x10a3,0x08a3,
  0x1084,0x08a3,0x1083,0x08a4,0x10a3,0x0883,0x10a4,0x1083,0x08a3,0x10a4,0x1083,0x08a3,0x10a4,0x10a3,0x08a3,0x10a4,
  0x0883,0x10a3,0x08a4,0x10a3,0x0883,0x10a4,0x10a3,0x08a3,0x10a4,0x10a3,0x0883,0x10a4,0x10a3,0x08a3,0x1084,0x08a3,
  0x10a3,0x0884,0x10a3,0x08a3,0x10a4,0x10a3,0x0883,0x10a4,0x10a3,0x08a3,0x1084,0x10a3,0x08a3,0x1084,0x08a3,0x10a3,
  0x0884,0x10a3,0x0883,0x10a4,0x10a3,0x0883,0x10a4,0x1083,0x08a3,0x10a4,0x1083,0x08a3,0x10a4,0x08a3,0x10a3,0x08a4,
  0x1083,0x08a3,0x10a4,0x10a3,0x0883,0x10a4,0x10a3,0x08a3,0x10a4,0x10a3,0x0883,0x10a4,0x08a3,0x10a3,0x0884,0x10a3,
  0x08a3,0x1084,0x10a3,0x08a3,0x10a4,0x10a3,0x0883,0x10a4,0x10a3,0x08a3,0x1084,0x08a3,0x10a3,0x0884,0x10a3,0x08a3,
  0x1084,0x10a3,0x0883,0x10a4,0x10a3,0x0883,0x10a4,0x1083,0x08a3,0x10a4,0x0883,0x10a3,0x08a4,0x10a3,0x08a3,0x10a4,
  0x1083,0x08a3,0x10a4,0x10a3,0x0883,0x10a4,0x10a3,0x08a3,0x10a4,0x08a3,0x1083,0x08a4,0x10a3,0x08a3,0x1084,0x10a3,
  0x08a3,0x1084,0x10a3,0x08a3,0x10a4,0x10a3,0x0883,0x10a4,0x08a3,0x10a3,0x0884,0x10a3,0x08a3,0x1084,0x10a3,0x08a3,
  0x1084,0x10a3,0x0883,0x10a4,0x10a3,0x0883,0x10a4,0x0883,0x10a3,0x08a4,0x1083,0x08a3,0x10a4,0x10a3,0x08a3,0x10a4,
  0x1083,0x08a3,0x10a4,0x10a3,0x0883,0x10a4,0x08a3,0x10a3,0x08a4,0x10a3,0x0883,0x10a4,0x10a3,0x08a3,0x1084,0x10a3,
  0x08a3,0x1084,0x10a3,0x08a3,0x10a4,0x08a3,0x1083,0x08a4,0x10a3,0x08a3,0x1084,0x10a3,0x08a3,0x1084,0x10a3,0x08a3,
  0x1084,0x10a3,0x0883,0x10a4,0x08a3,0x1084,0x08a3,0x1083,0x08a4,0x10a3,0x1084,0x08a3,0x10a3,0x10a4,0x08a3,0x1084,
  0x10a3,0x08a4,0x10a3,0x08a4,0x10a3,0x08a4,0x10a3,0x08a4,0x10a3,0x08a4,0x10a3,0x10a4,0x08a3,0x10a4,0x10a3,0x08a4,
  0x10a3,0x08a3,0x10a4,0x10a3,0x08a4,0x10a3,0x08a3,0x10a4,0x08a3,0x10a4,0x10a3,0x08a3,0x10a4,0x08a3,0x10a3,0x10a4,
  0x08a3,0x10a3,0x08a4,0x10a3,0x08a4,0x10a3,0x08a4,0x10a3,0x10a4,0x08a3,0x10a4,0x10a3,0x08a3,0x10a4,0x08a3,0x10a4,
  0x10a3,0x08a3,0x10a4,0x08a3,0x10a4,0x08a3,0x10a3,0x08a4,0x10a3,0x08a4,0x10a3,0x10a3,0x08a4,0x10a3,0x08a3,0x10a3,
  0x08a4,0x10a3,0x08a4,0x10a3,0x10a3,0x08a4,0x10a3,0x10a3,0x08a4,0x10a3,0x10a4,0x08a3,0x10a3,0x08a4,0x10a3,0x08a3,
  0x10a4,0x10a3,0x08a3,0x10a4,0x08a3,0x10a4,0x08a3,0x10a3,0x08a4,0x10a3,0x10a3,0x08a4,0x10a3,0x08a4,0x10a3,0x10a3,
  0x08a4,0x10a3,0x10a3,0x08a4,0x10a3,0x10a4,0x08a3,0x10a4,0x10a3,0x08a4,0x10a3,0x10a3,0x08a4,0x10a3,0x10a4,0x08a3,
  0x10a4,0x10a3,0x08a4,0x10a3,0x08a3,0x10a4,0x08a3,0x10a4,0x10a3,0x08a4,0x10a3,0x08a4,0x10a3,0x08a3,0x10a4,0x10a3,
  0x08a4,0x10a3,0x08a4,0x10a3,0x08a4,0x10a3,0x10a3,0x08a4,0x10a3,0x08a4,0x10a3,0x10a4,0x08a3,0x10a4,0x10a3,0x08a3,
  0x10a4,0x08a3,0x10a4,0x08a3,0x10a4,0x10a3,0x08a4,0x10a3,0x08a3,0x10a4,0x10a3,0x08a4,0x10a3,0x10a4,0x08a3,0x10a4,
  0x10a3,0x08a3,0x10a4,0x10a3,0x08a4,0x10a3,0x08a4,0x10a3,0x10a4,0x08a3,0x10a3,0x10a4,0x08a3,0x10a4,0x08a3,0x10a4,
  0x08a3,0x10a4,0x10a3,0x08a3,0x10a4,0x08a3,0x10a4,0x10a3,0x08a4,0x10a3,0x10a4,0x08a3,0x10a3,0x08a4,0x10a3,0x08a4,
  0x10a3,0x10a4,0x08a3,0x10a4,0x08a3,0x10a3,0x10a4,0x08a3,0x1084,0x10a3,0x08a4,0x10a3,0x08a4,0x10a3,0x08a3,0x10a4,
  0x10a3,0x08a4,0x10a3,0x08a4,0x10a3,0x10a4,0x08a3,0x10a3,0x10a4,0x08a3,0x10a4,0x08a3,0x10a4,0x08a3,0x10a4,0x10a3,
  0x08a3,0x10a4,0x08a3,0x10a4,0x10a3,0x08a4,0x10a3,0x10a4,0x08a3,0x10a3,0x08a4,0x10a3,0x08a4,0x10a3,0x10a4,0x08a3,
  0x10a4,0x08a3,0x10a3,0x10a4,0x08a3,0x10a4,0x10a3,0x08a4,0x1083,0x08a4,0x10a3,0x08a3,0x10a4,0x10a3,0x08a4,0x10a3,
  0x08a4,0x10a3,0x10a4,0x08a3,0x10a3,0x10a4,0x08a3,0x10a4,0x08a3,0x10a4,0x08a3,0x10a4,0x10a3,0x08a3,0x10a4,0x08a3,
  0x10a4,0x10a3,0x08a4,0x10a3,0x10a4,0x08a3,0x10a3,0x08a4,0x10a3,0x08a4,0x10a3,0x10a4,0x08a3,0x10a4,0x08a3,0x10a3,
  0x10a4,0x08a3,0x10a4,0x10a3,0x08a4,0x10a3,0x08a4,0x10a3,0x0883,0x10a4,0x10a3,0x08a4,0x10a3,0x08a4,0x10a3,0x10a4,
  0x08a3,0x10a3,0x10a4,0x08a3,0x10a4,0x08a3,0x10a4,0x08a3,0x10a4,0x10a3,0x08a3,0x10a4,0x08a3,0x10a4,0x10a3,0x08a4,
  0x10a3,0x10a4,0x08a3,0x10a3,0x08a4,0x10a3,0x08a4,0x10a3,0x10a4,0x08a3,0x10a4,0x08a3,0x10a3,0x10a4,0x08a3,0x10a4,
  0x10a3,0x08a4,0x10a3,0x08a4,0x10a3,0x08a3,0x10a4,0x10a3,0x0884,0x10a3,0x08a4,0x10a3,0x10a4,0x08a3,0x10a3,0x10a4,
  0x08a3,0x10a4,0x08a3,0x10a4,0x08a3,0x10a4,0x10a3,0x08a3,0x10a4,0x08a3,0x10a4,0x10a3,0x08a4,0x10a3,0x10a4,0x08a3,
  0x10a3,0x08a4,0x10a3,0x08a4,0x10a3,0x10a4,0x08a3,0x10a4,0x08a3,0x10a3,0x10a4,0x08a3,0x10a4,0x10a3,0x08a4,0x10a3,
  0x08a4,0x10a3,0x08a3,0x10a4,0x10a3,0x08a4,0x10a3,0x08a4,0x1083,0x10a4,0x08a3,0x10a3,0x10a4,0x08a3,0x10a4,0x08a3,
  0x10a4,0x08a3,0x10a4,0x10a3,0x08a3,0x10a4,0x08a3,0x10a4,0x10a3,0x08a4,0x10a3,0x10a4,0x08a3,0x10a3,0x08a4,0x10a3,
  0x08a4,0x10a3,0x10a4,0x08a3,0x10a4,0x08a3,0x10a3,0x10a4,0x08a3,0x10a4,0x10a3,0x08a4,0x10a3,0x08a4,0x10a3,0x08a3,
  0x10a4,0x10a3,0x08a4,0x10a3,0x08a4,0x10a3,0x10a4,0x08a3,0x1083,0x10a4,0x08a3,0x10a4,0x08a3,0x10a4,0x08a3,0x10a4,
  0x10a3,0x08a3,0x10a4,0x08a3,0x10a4,0x10a3,0x08a4,0x10a3,0x10a4,0x08a3,0x10a3,0x08a4,0x10a3,0x08a4,0x10a3,0x10a4,
  0x08a3,0x10a4,0x08a3,0x10a3,0x10a4,0x08a3,0x10a4,0x10a3,0x08a3,0x10a4,0x08a3,0x10a4,0x08a3,0x10a4,0x08a3,0x10a3,
  0x10a4,0x08a3,0x10a4,0x10a3,0x08a4,0x10a3,0x10a4,0x08a3,0x10a4,0x10a3,0x08a4,0x10a3,0x08a4,0x10a3,0x08a4,0x10a3,
  0x08a4,0x10a4,0x08a3,0x10a4,0x10a3,0x08a4,0x10a4,0x08a3,0x10a4,0x08a3,0x10a4,0x08a4,0x10a3,0x10a4,0x08a4,0x10a3,
  0x08a4,0x10a3,0x10a4,0x08a3,0x10a4,0x10a3,0x08a4,0x10a3,0x08a4,0x10a3,0x08a4,0x10a3,0x08a4,0x10a3,0x10a4,0x08a3,
  0x10a4,0x08a4,0x10a3,0x10a4,0x08a3,0x10a4,0x10a3,0x08a4,0x10a3,0x10a4,0x08a3,0x10a4,0x08a3,0x10a4,0x10a4,0x08a3,
  0x10a4,0x10a3,0x08a4,0x10a3,0x08a4,0x10a3,0x08a4,0x10a4,0x08a3,0x10a4,0x08a3,0x10a4,0x08a4,0x10a3,0x08a4,0x10a4,
  0x08a3,0x10a4,0x08a4,0x10a3,0x10a4,0x08a3,0x10a4,0x10a3,0x08a4,0x10a4,0x08a3,0x10a4,0x08a3,0x10a4,0x08a3,0x10a4,
  0x10a3,0x08a4,0x10a4,0x10a3,0x08a4,0x10a3,0x10a4,0x08a3,0x10a4,0x10a3,0x08a4,0x10a4,0x08a3,0x10a4,0x08a3,0x10a4,
  0x08a3,0x10a4,0x08a3,0x10a4,0x10a4,0x08a3,0x10a4,0x08a3,0x10a4,0x08a3,0x10a4,0x08a3,0x10a4,0x10a4,0x08a3,0x10a4,
  0x08a3,0x10a4,0x10a3,0x08a4,0x10a3,0x08a4,0x10a4,0x08a3,0x10a4,0x10a3,0x08a4,0x10a3,0x08a4,0x10a3,0x08a4,0x10a4,
  0x08a3,0x10a4,0x10a3,0x08a4,0x10a3,0x08a4,0x10a3,0x08a4,0x10a4,0x08a3,0x10a4,0x08a3,0x10a4,0x08a3,0x10a4,0x08a3,
  0x10a4,0x08a4,0x10a3,0x08a4,0x10a3,0x08a4,0x10a3,0x08a4,0x10a3,0x10a4,0x08a4,0x10a3,0x08a4,0x10a3,0x10a4,0x08a3,
  0x10a4,0x08a3,0x10a4,0x08a4,0x10a3,0x10a4,0x08a3,0x10a4,0x08a3,0x10a4,0x08a3,0x10a4,0x08a4,0x10a3,0x08a4,0x10a3,
  0x08a4,0x10a3,0x08a4,0x10a3,0x10a4,0x08a4,0x10a3,0x08a4,0x10a3,0x08a4,0x10a3,0x08a4,0x10a3,0x08a4,0x10a4,0x08a3,
  0x10a4,0x08a3,0x10a4,0x10a3,0x08a4,0x10a3,0x08a4,0x10a4,0x08a3,0x10a4,0x08a3,0x10a4,0x08a3,0x10a4,0x08a3,0x10a4,
  0x08a4,0x10a3,0x10a4,0x08a3,0x10a4,0x08a3,0x10a4,0x08a3,0x10a4,0x08a4,0x10a3,0x08a4,0x10a3,0x08a4,0x10a3,0x08a4,
  0x10a3,0x10a4,0x08a4,0x10a3,0x08a4,0x10a3,0x08a4,0x10a3,0x08a4,0x10a3,0x08a4,0x10a4,0x08a3,0x10a4,0x08a3,0x10a4,
  0x10a3,0x08a4,0x10a3,0x08a4,0x10a4,0x08a3,0x10a4,0x08a3,0x10a4,0x08a3,0x10a4,0x08a3,0x10a4,0x08a4,0x10a3,0x10a4,
  0x08a3,0x10a4,0x08a3,0x10a4,0x08a3,0x10a4,0x08a4,0x10a3,0x08a4,0x10a3,0x08a4,0x10a3,0x08a4,0x10a3,0x10a4,0x08a4,
  0x10a3,0x08a4,0x10a3,0x08a4,0x10a3,0x08a4,0x10a3,0x08a4,0x10a4,0x08a3,0x10a4,0x08a3,0x10a4,0x10a3,0x08a4,0x10a3,
  0x08a4,0x10a4,0x08a3,0x10a4,0x08a3,0x10a4,0x08a3,0x10a4,0x08a3,0x10a4,0x08a4,0x10a3,0x10a4,0x08a3,0x10a4,0x08a3,
  0x10a4,0x08a3,0x10a4,0x08a4,0x10a3,0x08a4,0x10a3,0x08a4,0x10a3,0x08a4,0x10a3,0x10a4,0x08a4,0x10a3,0x08a4,0x10a3,
  0x08a4,0x10a3,0x08a4,0x10a3,0x08a4,0x10a4,0x08a3,0x10a4,0x08a3,0x10a4,0x10a3,0x08a4,0x10a3,0x08a4,0x10a4,0x08a3,
  0x10a4,0x08a3,0x10a4,0x08a3,0x10a4,0x08a3,0x10a4,0x08a4,0x10a3,0x10a4,0x08a3,0x10a4,0x08a3,0x10a4,0x08a3,0x10a4,
  0x08a4,0x10a3,0x08a4,0x10a3,0x08a4,0x10a3,0x08a4,0x10a3,0x10a4,0x08a4,0x10a3,0x08a4,0x10a3,0x08a4,0x10a3,0x08a4,
  0x10a3,0x08a4,0x10a4,0x08a3,0x10a4,0x08a3,0x10a4,0x10a3,0x08a4,0x10a3,0x08a4,0x10a4,0x08a3,0x10a4,0x08a3,0x10a4,
  0x08a3,0x10a4,0x08a3,0x10a4,0x08a4,0x10a3,0x10a4,0x08a3,0x10a4,0x08a3,0x10a4,0x08a3,0x10a4,0x08a4,0x10a3,0x08a4,
  0x10a3,0x08a4,0x10a3,0x08a4,0x10a3,0x10a4,0x08a4,0x10a3,0x08a4,0x10a3,0x08a4,0x10a3,0x08a4,0x10a3,0x08a4,0x10a4,
  0x08a3,0x10a4,0x08a3,0x10a4,0x10a3,0x08a4,0x10a3,0x08a4,0x10a4,0x08a3,0x10a4,0x08a3,0x10a4,0x08a3,0x10a4,0x08a3,
  0x10a4,0x08a4,0x10a3,0x10a4,0x08a3,0x10a4,0x08a3,0x10a4,0x08a3,0x10a4,0x08a4,0x10a3,0x08a4,0x10a3,0x08a4,0x10a3,
  0x08a4,0x10a3,0x10a4,0x08a4,0x10a3,0x08a4,0x10a3,0x08a4,0x10a4,0x08a3,0x10a4,0x10a3,0x08a4,0x10a3,0x10a4,0x08a4,
  0x10a3,0x08a4,0x10a3,0x08a4,0x10a3,0x08a4,0x10a3,0x08a4,0x10a3,0x08a4,0x10a3,0x08a4,0x10a3,0x10a4,0x08a3,0x10a4,
  0x10a3,0x08a4,0x10a3,0x08a4,0x10a3,0x08a4,0x10a3,0x10a4,0x08a3,0x10a4,0x08a3,0x10a4,0x08a3,0x10a4,0x08a3,0x10a4,
  0x08a3,0x10a4,0x08a3,0x10a4,0x08a3,0x10a4,0x08a3,0x10a4,0x08a3,0x10a4,0x08a3,0x10a4,0x08a3,0x10a4,0x08a3,0x10a4,
  0x08a3,0x10a4,0x08a3,0x10a4,0x08a3,0x10a4,0x08a3,0x10a4,0x08a3,0x10a4,0x08a4,0x10a3,0x10a4,0x0883,0x10a4,0x08a3,
  0x10a4,0x08a3,0x10a4,0x08a3,0x10a4,0x08a3,0x10a4,0x08a3,0x10a4,0x08a3,0x10a4,0x08a3,0x10a4,0x10a3,0x08a4,0x10a3,
  0x10a4,0x08a3,0x10a4,0x08a3,0x10a4,0x10a3,0x08a4,0x10a3,0x08a4,0x10a3,0x08a4,0x10a3,0x10a4,0x08a3,0x10a4,0x08a3,
  0x10a4,0x08a3,0x10a4,0x08a3,0x10a4,0x08a3,0x10a4,0x08a3,0x10a4,0x08a3,0x10a4,0x08a3,0x10a4,0x08a3,0x10a4,0x10a3,
  0x08a4,0x10a3,0x1084,0x08a3,0x10a4,0x08a3,0x10a4,0x10a3,0x08a4,0x10a3,0x10a4,0x08a3,0x10a4,0x08a3,0x10a4,0x08a3,
  0x10a4,0x08a3,0x10a4,0x08a3,0x10a4,0x10a3,0x08a4,0x10a3,0x08a4,0x10a3,0x08a4,0x10a3,0x10a4,0x08a3,0x10a4,0x10a3,
  0x08a4,0x10a3,0x08a4,0x10a3,0x08a4,0x10a3,0x08a4,0x10a3,0x10a4,0x08a3,0x10a4,0x10a3,0x08a4,0x10a3,0x10a4,0x08a3,
  0x10a4,0x10a3,0x08a4,0x10a3,0x08a4,0x10a3,0x10a4,0x08a3,0x10a4,0x08a3,0x10a4,0x08a3,0x10a4,0x08a3,0x10a4,0x08a3,
  0x10a4,0x08a3,0x10a4,0x10a3,0x08a4,0x10a3,0x08a4,0x10a3,0x10a4,0x08a3,0x10a4,0x10a3,0x08a4,0x10a3,0x1084,0x08a3,
  0x10a4,0x08a3,0x10a4,0x08a3,0x10a4,0x08a3,0x10a4,0x10a3,0x08a4,0x10a3,0x10a4,0x08a3,0x10a4,0x10a3,0x08a4,0x10a3,
  0x08a4,0x10a3,0x08a4,0x10a3,0x08a4,0x10a3,0x10a4,0x08a3,0x1084,0x10a3,0x08a4,0x10a3,0x10a4,0x08a3,0x10a4,0x08a3,
  0x10a4,0x08a3,0x10a4,0x08a3,0x10a4,0x10a3,0x08a4,0x10a3,0x10a4,0x08a3,0x10a4,0x10a3,0x08a4,0x10a3,0x0884,0x10a3,
  0x08a4,0x10a3,0x08a4,0x10a3,0x10a4,0x08a3,0x10a4,0x10a3,0x08a4,0x10a3,0x10a4,0x08a3,0x10a4,0x08a3,0x10a4,0x08a3,
  0x10a4,0x08a3,0x10a4,0x10a3,0x08a4,0x10a3,0x10a4,0x08a3,0x1084,0x10a3,0x08a4,0x10a3,0x08a4,0x10a3,0x08a4,0x10a3,
  0x08a4,0x10a3,0x10a4,0x08a3,0x10a4,0x10a3,0x08a4,0x10a3,0x10a4,0x08a3,0x10a4,0x08a3,0x10a4,0x08a3,0x1084,0x08a3,
  0x10a4,0x10a3,0x08a4,0x10a3,0x10a4,0x08a3,0x10a4,0x10a3,0x08a4,0x10a3,0x08a4,0x10a3,0x08a4,0x10a3,0x08a4,0x10a3,
  0x10a4,0x08a3,0x10a4,0x10a3,0x08a4,0x10a3,0x10a4,0x08a3,0x1084,0x08a3,0x10a4,0x08a3,0x10a4,0x08a3,0x10a4,0x10a3,
  0x08a4,0x10a3,0x10a4,0x08a3,0x10a4,0x10a3,0x08a4,0x10a3,0x08a4,0x10a3,0x08a4,0x10a3,0x08a4,0x10a3,0x1084,0x08a3,
  0x10a4,0x10a3,0x08a4,0x10a3,0x10a4,0x08a3,0x10a4,0x08a3,0x10a4,0x08a3,0x10a4,0x08a3,0x10a4,0x10a3,0x08a4,0x10a3,
  0x10a4,0x08a3,0x10a4,0x10a3,0x08a4,0x10a3,0x08a4,0x10a3,0x0884,0x10a3,0x08a4,0x10a3,0x10a4,0x08a3,0x10a4,0x10a3,
  0x08a4,0x10a3,0x10a4,0x08a3,0x10a4,0x08a3,0x10a4,0x08a3,0x10a4,0x08a3,0x10a4,0x10a3,0x08a4,0x10a3,0x1084,0x08a3,
  0x10a4,0x10a3,0x08a4,0x10a3,0x08a4,0x10a3,0x08a4,0x10a3,0x08a4,0x10a3,0x10a4,0x08a3,0x10a4,0x10a3,0x08a4,0x10a3,
  0x10a4,0x08a3,0x10a4,0x08a3,0x10a4,0x08a3,0x10a4,0x08a3,0x1084,0x10a3,0x08a4,0x10a3,0x10a4,0x08a3,0x10a4,0x10a3,
  0x08a4,0x10a3,0x08a4,0x10a3,0x08a4,0x10a3,0x08a4,0x10a3,0x10a4,0x08a3,0x10a4,0x10a3,0x08a4,0x10a3,0x1084,0x08a3,
  0x10a4,0x08a3,0x10a4,0x08a3,0x10a4,0x08a3,0x10a4,0x10a3,0x08a4,0x10a3,0x10a4,0x08a3,0x10a4,0x10a3,0x08a4,0x10a3,
  0x08a4,0x10a3,0x08a4,0x10a3,0x08a4,0x10a3,0x10a4,0x08a3,0x1084,0x10a3,0x08a4,0x10a3,0x10a4,0x08a3,0x10a4,0x08a3,
  0x10a4,0x08a3,0x10a4,0x08a3,0x10a4,0x10a3,0x08a4,0x10a3,0x10a4,0x08a3,0x10a4,0x08a3,0x10a4,0x08a3,0x10a4,0x10a3,
  0x10a4,0x08a3,0x10a4,0x10a3,0x08a4,0x1083,0x08a4,0x10a3,0x08a4,0x1083,0x10a4,0x08a3,0x10a4,0x08a3,0x10a4,0x08a3,
  0x10a4,0x1083,0x08a4,0x10a3,0x08a4,0x10a3,0x08a4,0x10a3,0x10a4,0x08a3,0x10a4,0x10a3,0x08a4,0x10a3,0x10a4,0x08a3,
  0x10a4,0x08a3,0x10a4,0x1083,0x08a4,0x10a3,0x10a4,0x0883,0x10a4,0x10a3,0x08a4,0x10a3,0x10a4,0x08a3,0x10a4,0x08a3,
  0x10a4,0x10a3,0x08a4,0x10a3,0x10a4,0x0883,0x10a4,0x10a3,0x08a4,0x10a3,0x1084,0x08a3,0x10a4,0x08a3,0x10a4,0x10a3,
  0x08a4,0x10a3,0x10a4,0x08a3,0x10a4,0x10a3,0x08a4,0x10a3,0x10a4,0x08a3,0x10a4,0x10a3,0x08a4,0x10a3,0x10a4,0x08a3,
  0x10a4,0x08a3,0x10a4,0x10a3,0x08a4,0x10a3,0x08a4,0x10a3,0x1084,0x08a3,0x10a4,0x08a3,0x1084,0x10a3,0x08a4,0x10a4,
  0x08a3,0x10a4,0x08a3,0x10a4,0x08a3,0x10a4,0x0883,0x10a4,0x08a3,0x10a4,0x08a3,0x10a4,0x10a3,0x10a4,0x08a3,0x10a4,
  0x0883,0x10a4,0x08a3,0x10a4,0x08a3,0x10a4,0x08a3,0x10a4,0x08a3,0x1084,0x08a3,0x10a4,0x08a3,0x10a4,0x10a3,0x08a4,
  0x10a3,0x10a4,0x08a3,0x10a4,0x08a3,0x10a4,0x08a3,0x10a4,0x10a3,0x0884,0x10a3,0x08a4,0x10a3,0x08a4,0x1083,0x08a4,
  0x10a3,0x08a4,0x1083,0x10a4,0x08a3,0x10a4,0x1083,0x08a4,0x10a3,0x08a4,0x10a3,0x08a4,0x10a3,0x08a4,0x10a3,0x10a4,
  0x08a3,0x10a4,0x08a3,0x10a4,0x10a3,0x0884,0x10a3,0x08a4,0x10a3,0x0884,0x10a3,0x10a4,0x08a3,0x10a4,0x08a3,0x10a4,
  0x10a3,0x08a4,0x1083,0x08a4,0x10a3,0x08a4,0x10a3,0x08a4,0x10a3,0x08a4,0x10a3,0x08a4,0x1083,0x08a4,0x10a3,0x10a4,
  0x08a3,0x10a4,0x10a3,0x08a4,0x1083,0x10a4,0x08a3,0x10a4,0x08a3,0x10a4,0x08a3,0x10a4,0x08a3,0x10a4,0x10a3,0x08a4,
  0x10a3,0x10a4,0x08a3,0x1084,0x10a3,0x08a4,0x10a3,0x08a4,0x10a3,0x08a4,0x10a3,0x08a4,0x10a3,0x10a4,0x08a3,0x10a4,
  0x10a3,0x08a4,0x10a3,0x10a4,0x08a3,0x10a4,0x08a3,0x10a4,0x08a3,0x10a4,0x08a3,0x10a4,0x10a3,0x08a4,0x10a3,0x10a4,
  0x08a3,0x10a4,0x10a3,0x08a4,0x1083,0x08a4,0x10a3,0x08a4,0x10a3,0x08a4,0x10a3,0x10a4,0x08a3,0x10a4,0x10a3,0x08a4,
  0x10a3,0x10a4,0x08a3,0x1084,0x08a3,0x10a4,0x08a3,0x10a4,0x08a3,0x10a4,0x10a3,0x08a4,0x10a3,0x10a4,0x08a3,0x10a4,
  0x10a3,0x08a4,0x10a3,0x08a4,0x10a3,0x08a4,0x10a3,0x08a4,0x10a3,0x10a4,0x08a3,0x10a4,0x10a3,0x08a4,0x10a3,0x10a4,
  0x08a3,0x10a4,0x08a3,0x10a4,0x0883,0x10a4,0x08a3,0x10a4,0x10a3,0x08a4,0x10a3,0x10a4,0x08a3,0x10a4,0x10a3,0x08a4,
  0x10a3,0x08a4,0x10a3,0x0884,0x10a3,0x08a4,0x10a3,0x10a4,0x08a3,0x10a4,0x10a3,0x08a4,0x10a3,0x10a4,0x08a3,0x10a4,
  0x08a3,0x10a4,0x08a3,0x10a4,0x08a3,0x10a4,0x10a3,0x08a4,0x10a3,0x10a4,0x08a3,0x10a4,0x10a3,0x08a4,0x10a3,0x08a4,
  0x10a3,0x08a4,0x10a3,0x08a4,0x1083,0x10a4,0x08a3,0x10a4,0x10a3,0x08a4,0x10a3,0x10a4,0x08a3,0x10a4,0x08a3,0x10a4,
  0x08a3,0x10a4,0x08a3,0x1084,0x10a3,0x08a4,0x10a3,0x10a4,0x08a3,0x10a4,0x10a3,0x08a4,0x10a3,0x08a4,0x10a3,0x08a4,
  0x10a3,0x08a4,0x10a3,0x10a4,0x08a3,0x10a4,0x10a3,0x08a4,0x10a3,0x10a4,0x08a3,0x10a4,0x08a3,0x10a4,0x08a3,0x10a4,
  0x08a3,0x10a4,0x10a3,0x08a4,0x1083,0x10a4,0x08a3,0x10a4,0x10a3,0x08a4,0x10a3,0x08a4,0x10a3,0x08a4,0x10a3,0x08a4,
  0x10a3,0x10a4,0x08a3,0x1084,0x10a3,0x08a4,0x10a3,0x10a4,0x08a3,0x10a4,0x08a3,0x10a4,0x08a3,0x10a4,0x08a3,0x10a4,
  0x10a3,0x08a4,0x10a3,0x10a4,0x08a3,0x10a4,0x10a3,0x08a4,0x10a3,0x08a4,0x10a3,0x08a4,0x10a3,0x08a4,0x10a3,0x10a4,
  0x08a3,0x10a4,0x10a3,0x08a4,0x1083,0x10a4,0x08a3,0x10a4,0x08a3,0x10a4,0x08a3,0x10a4,0x08a3,0x10a4,0x10a3,0x08a4,
  0x10a3,0x10a4,0x08a3,0x1084,0x10a3,0x08a4,0x10a3,0x08a4,0x10a3,0x08a4,0x10a3,0x08a4,0x10a3,0x10a4,0x08a3,0x10a4,
  0x10a3,0x08a4,0x10a3,0x10a4,0x08a3,0x10a4,0x08a3,0x10a4,0x08a3,0x10a4,0x08a3,0x10a4,0x10a3,0x0884,0x10a3,0x08a4,
  0x10a3,0x08a4,0x10a3,0x08a4,0x10a3,0x10a4,0x08a3,0x10a4,0x10a3,0x08a4,0x10a3,0x08a4,0x10a3,0x1084,0x08a3,0x10a4,
  0x08a3,0x10a4,0x08a3,0x10a4,0x10a3,0x10a4,0x0883,0x10a4,0x08a3,0x10a4,0x0883,0x10a4,0x10a3,0x08a4,0x10a3,0x0884,
  0x10a3,0x10a4,0x08a3,0x10a4,0x08a3,0x10a4,0x08a3,0x10a4,0x08a3,0x10a4,0x10a3,0x08a4,0x1084,0x08a3,0x10a4,0x10a4,
  0x0883,0x10a4,0x08a3,0x10a4,0x08a3,0x10a4,0x08a3,0x10a4,0x10a3,0x08a4,0x10a3,0x08a4,0x10a3,0x08a4,0x10a3,0x08a4,
  0x10a3,0x08a4,0x10a3,0x1084,0x08a3,0x10a4,0x10a3,0x0884,0x10a3,0x08a4,0x10a3,0x0884,0x10a3,0x08a4,0x10a3,0x08a4,
  0x10a3,0x10a4,0x08a3,0x1084,0x08a3,0x10a4,0x08a3,0x10a4,0x08a3,0x10a4,0x10a3,0x08a4,0x10a3,0x08a4,0x10a3,0x10a4,
  0x0883,0x10a4,0x10a3,0x08a4,0x1083,0x10a4,0x08a3,0x10a4,0x10a3,0x08a4,0x1083,0x08a4,0x10a3,0x08a4,0x1083,0x08a4,
  0x10a3,0x10a4,0x08a3,0x10a4,0x10a3,0x08a4,0x10a3,0x1084,0x08a3,0x10a4,0x10a3,0x08a4,0x10a3,0x0884,0x10a3,0x10a4,
  0x08a3,0x1084,0x08a3,0x10a4,0x10a3,0x08a4,0x1083,0x08a4,0x10a3,0x08a4,0x10a3,0x10a4,0x08a3,0x10a4,0x08a3,0x10a4,
  0x10a3,0x08a4,0x10a3,0x08a4,0x10a3,0x08a4,0x10a3,0x08a4,0x10a3,0x10a4,0x0883,0x10a4,0x10a3,0x08a4,0x1083,0x08a4,
  0x10a3,0x08a4,0x1083,0x08a4,0x10a3,0x08a4,0x10a3,0x10a4,0x08a3,0x10a4,0x08a3,0x10a4,0x10a3,0x0884,0x10a3,0x08a4,
  0x10a3,0x10a4,0x08a3,0x10a4,0x08a3,0x10a4,0x1083,0x08a4,0x10a3,0x10a4,0x0883,0x10a4,0x10a3,0x08a4,0x10a3,0x08a4,
  0x10a3,0x08a4,0x10a3,0x10a4,0x08a3,0x10a4,0x08a3,0x10a4,0x10a3,0x08a4,0x10a3,0x1084,0x08a3,0x10a4,0x08a3,0x1084,
  0x08a3,0x10a4,0x10a3,0x08a4,0x10a3,0x08a4,0x10a3,0x10a4,0x08a3,0x10a4,0x10a3,0x08a4,0x10a3,0x0884,0x10a3,0x08a4,
  0x10a3,0x10a4,0x08a3,0x10a4,0x08a3,0x10a4,0x10a3,0x08a4,0x10a3,0x10a4,0x0883,0x10a4,0x08a3,0x10a4,0x08a3,0x10a4,
  0x10a3,0x08a4,0x1083,0x08a4,0x10a3,0x10a4,0x08a3,0x10a4,0x10a3,0x08a4,0x10a3,0x0884,0x10a3,0x08a4,0x10a3,0x1084,
  0x08a3,0x10a4,0x08a3,0x10a4,0x10a3,0x08a4,0x10a3,0x10a4,0x08a3,0x10a4,0x08a3,0x10a4,0x08a3,0x1084,0x10a3,0x08a4,
  0x10a3,0x08a4,0x10a3,0x10a4,0x08a3,0x10a4,0x10a3,0x08a4,0x10a3,0x08a4,0x1083,0x08a4,0x10a3,0x10a4,0x08a3,0x10a4,
  0x08a3,0x10a4,0x1083,0x08a4,0x10a3,0x10a4,0x08a3,0x10a4,0x08a3,0x10a4,0x08a3,0x1084,0x10a3,0x08a4,0x10a3,0x0884,
  0x10a3,0x10a4,0x08a3,0x10a4,0x10a3,0x08a4,0x10a3,0x08a4,0x10a3,0x08a4,0x10a3,0x10a4,0x08a3,0x1084,0x08a3,0x10a4,
  0x10a3,0x08a4,0x10a3,0x10a4,0x08a3,0x10a4,0x08a3,0x10a4,0x08a3,0x10a4,0x1083,0x08a4,0x10a3,0x08a4,0x10a3,0x10a4,
  0x08a3,0x10a4,0x1083,0x08a4,0x10a3,0x08a4,0x10a3,0x08a4,0x10a3,0x10a4,0x08a3,0x1084,0x08a3,0x10a4,0x10a3,0x0884,
  0x10a3,0x10a4,0x08a3,0x10a4,0x08a3,0x10a4,0x08a3,0x10a4,0x10a3,0x08a4,0x10a3,0x08a4,0x10a3,0x1084,0x08a3,0x10a4,
  0x10a3,0x08a4,0x10a3,0x08a4,0x10a3,0x08a4,0x10a3,0x10a4,0x08a3,0x10a4,0x0883,0x10a4,0x10a3,0x08a4,0x10a3,0x10a4,
  0x08a3,0x10a4,0x0883,0x10a4,0x08a3,0x10a4,0x10a3,0x08a4,0x10a3,0x08a4,0x10a3,0x1084,0x08a3,0x10a4,0x10a3,0x0884,
  0x10a3,0x08a4,0x10a3,0x08a4,0x10a3,0x10a4,0x08a3,0x10a4,0x08a3,0x10a4,0x10a3,0x08a4,0x10a3,0x1084,0x08a3,0x10a4,
  0x08a3,0x10a4,0x08a3,0x10a4,0x10a3,0x08a4,0x10a3,0x08a4,0x10a3,0x10a4,0x0883,0x10a4,0x10a3,0x08a4,0x10a3,0x08a4,
  0x10a3,0x08a4,0x1083,0x10a4,0x08a3,0x10a4,0x08a3,0x10a4,0x10a3,0x08a4,0x10a3,0x1084,0x08a3,0x10a4,0x08a3,0x1084,
  0x08a3,0x10a4,0x10a3,0x08a4,0x10a3,0x08a4,0x10a3,0x10a4,0x08a3,0x10a4,0x10a3,0x08a4,0x10a3,0x0884,0x10a3,0x08a4,
  0x10a3,0x10a4,0x08a3,0x10a4,0x08a3,0x10a4,0x10a3,0x08a4,0x10a3,0x10a4,0x0883,0x10a4,0x08a3,0x10a4,0x08a3,0x10a4,
  0x10a4,0x08a3,0x10a4,0x08a3,0x10a4,0x08a3,0x10a4,0x08a3,0x10a4,0x08a3,0x10a4,0x10a3,0x08a4,0x10a3,0x08a4,0x10a3,
  0x10a4,0x08a3,0x10a4,0x08a3,0x10a4,0x08a3,0x10a4,0x08a3,0x10a4,0x10a3,0x08a4,0x10a3,0x08a4,0x10a3,0x08a4,0x10a3,
  0x08a4,0x10a3,0x08a4,0x10a4,0x10a3,0x08a4,0x10a4,0x10a3,0x08a4,0x10a3,0x08a4,0x10a3,0x08a4,0x10a3,0x08a4,0x10a3,
  0x08a4,0x10a3,0x10a4,0x08a3,0x10a4,0x08a3,0x10a4,0x08a4,0x10a3,0x08a4,0x10a3,0x08a4,0x10a3,0x10a4,0x08a3,0x10a4,
  0x08a4,0x1083,0x08a4,0x10a3,0x08a4,0x10a4,0x08a3,0x10a4,0x08a3,0x10a4,0x10a3,0x08a4,0x10a3,0x08a4,0x10a3,0x1084,
  0x08a3,0x10a4,0x08a3,0x10a4,0x08a3,0x10a4,0x10a4,0x08a3,0x10a4,0x08a3,0x10a4,0x08a4,0x10a3,0x10a4,0x08a3,0x10a4,
  0x08a3,0x10a4,0x08a3,0x10a4,0x08a4,0x10a3,0x10a4,0x08a3,0x10a4,0x10a3,0x08a4,0x10a3,0x08a4,0x10a3,0x08a4,0x10a3,
  0x08a4,0x10a4,0x08a3,0x10a4,0x08a3,0x10a4,0x08a4,0x10a3,0x10a4,0x08a3,0x10a4,0x08a3,0x10a4,0x10a3,0x08a4,0x10a3,
  0x08a4,0x10a3,0x10a4,0x08a4,0x10a3,0x08a4,0x10a3,0x10a4,0x08a4,0x10a3,0x08a4,0x10a3,0x08a4,0x10a3,0x10a4,0x08a3,
  0x10a4,0x08a3,0x10a4,0x10a3,0x08a4,0x10a4,0x10a3,0x08a4,0x10a3,0x08a4,0x10a4,0x08a3,0x10a4,0x08a3,0x10a4,0x08a3,
  0x10a4,0x10a3,0x08a4,0x10a3,0x10a4,0x08a3,0x10a4,0x08a4,0x10a3,0x10a4,0x08a3,0x10a4,0x08a4,0x10a3,0x10a4,0x08a3,
  0x10a4,0x08a3,0x10a4,0x10a3,0x08a4,0x10a3,0x08a4,0x10a3,0x08a4,0x10a4,0x08a3,0x10a4,0x08a3,0x10a4,0x08a4,0x10a3,
  0x10a4,0x08a3,0x1084,0x08a3,0x10a4,0x08a3,0x10a4,0x08a3,0x1084,0x08a3,0x10a4,0x08a4,0x10a3,0x08a4,0x10a3,0x10a4,
  0x08a4,0x10a3,0x08a4,0x10a3,0x08a4,0x10a3,0x08a4,0x10a3,0x08a4,0x10a3,0x08a4,0x10a3,0x08a4,0x10a4,0x10a3,0x08a4,
  0x10a3,0x0884,0x10a4,0x08a3,0x1084,0x08a3,0x10a4,0x0883,0x10a4,0x08a3,0x10a4,0x08a3,0x10a4,0x10a3,0x08a4,0x10a4,
  0x08a3,0x10a4,0x08a3,0x10a4,0x08a4,0x10a3,0x08a4,0x10a3,0x0884,0x10a3,0x08a4,0x10a3,0x10a4,0x08a3,0x10a4,0x08a3,
  0x10a4,0x08a4,0x10a3,0x08a4,0x10a3,0x08a4,0x10a4,0x08a3,0x10a4,0x08a3,0x10a4,0x10a3,0x08a4,0x10a3,0x08a4,0x10a3,
  0x08a4,0x1083,0x08a4,0x10a4,0x0883,0x10a4,0x08a3,0x1084,0x08a4,0x10a3,0x10a4,0x08a3,0x10a4,0x08a3,0x10a4,0x08a3,
  0x10a4,0x08a3,0x10a4,0x08a3,0x10a4,0x08a4,0x10a3,0x08a4,0x1083,0x10a4,0x08a4,0x10a3,0x08a4,0x10a3,0x08a4,0x10a3,
  0x08a4,0x10a3,0x08a4,0x10a3,0x08a4,0x10a3,0x08a4,0x10a4,0x10a3,0x08a4,0x10a3,0x08a4,0x10a4,0x08a3,0x10a4,0x08a3,
  0x10a4,0x0883,0x10a4,0x08a3,0x1084,0x08a3,0x10a4,0x1083,0x08a4,0x10a4,0x08a3,0x10a4,0x08a3,0x10a4,0x08a4,0x10a3,
  0x08a4,0x10a3,0x08a4,0x10a3,0x08a4,0x10a3,0x10a4,0x08a3,0x1084,0x08a3,0x10a4,0x08a4,0x10a3,0x08a4,0x10a3,0x08a4,
  0x10a4,0x08a3,0x10a4,0x08a3,0x10a4,0x10a3,0x08a4,0x10a3,0x08a4,0x10a3,0x08a4,0x10a3,0x08a4,0x10a4,0x08a3,0x10a4,
  0x08a3,0x1084,0x08a4,0x10a3,0x1084,0x08a3,0x10a4,0x0883,0x10a4,0x08a3,0x10a4,0x08a3,0x10a4,0x08a3,0x10a4,0x08a4,
  0x10a3,0x08a4,0x10a3,0x10a4,0x08a4,0x10a3,0x08a4,0x10a3,0x0884,0x10a3,0x08a4,0x10a3,0x08a4,0x10a3,0x08a4,0x10a3,
  0x08a4,0x10a4,0x10a3,0x08a4,0x10a3,0x08a4,0x10a4,0x08a3,0x10a4,0x08a3,0x10a4,0x08a3,0x10a4,0x08a3,0x10a4,0x08a3,
  0x10a4,0x1083,0x08a4,0x10a4,0x0883,0x10a4,0x08a3,0x1084,0x08a4,0x10a3,0x08a4,0x10a3,0x08a4,0x10a3,0x08a4,0x10a3,
  0x10a4,0x08a3,0x10a4,0x08a3,0x10a4,0x08a4,0x10a3,0x08a4,0x1083,0x08a4,0x10a4,0x08a3,0x10a4,0x08a3,0x10a4,0x10a3,
  0x08a4,0x10a3,0x08a4,0x10a3,0x08a4,0x10a3,0x08a4,0x10a4,0x08a3,0x10a4,0x08a3,0x10a4,0x08a4,0x10a3,0x10a4,0x08a3,
  0x10a4,0x0883,0x10a4,0x08a3,0x1084,0x08a3,0x10a4,0x0883,0x10a4,0x08a3,0x10a4,0x08a3,0x10a4,0x10a3,0x08a4,0x10a3,
  0x10a3,0x10a4,0x10a3,0x10a4,0x10a4,0x10a3,0x10a4,0x10a4,0x10a3,0x10a4,0x08a4,0x10a3,0x10a4,0x08a4,0x10a3,0x10a4,
  0x08a3,0x10a4,0x10a3,0x10a4,0x08a3,0x10a4,0x10a3,0x10a4,0x08a3,0x10a4,0x10a3,0x10a4,0x10a3,0x08a4,0x10a3,0x10a4,
  0x10a3,0x10a4,0x10a3,0x08a4,0x10a3,0x10a4,0x08a3,0x10a4,0x10a3,0x10a4,0x10a3,0x08a4,0x10a3,0x10a4,0x10a3,0x10a4,
  0x10a3,0x08a4,0x10a3,0x10a4,0x10a3,0x10a4,0x10a3,0x10a4,0x0883,0x10a4,0x10a3,0x10a4,0x08a4,0x10a3,0x10a4,0x10a3,
  0x10a4,0x10a3,0x10a4,0x08a4,0x10a3,0x10a4,0x10a3,0x08a4,0x10a3,0x10a4,0x08a3,0x10a4,0x10a3,0x10a4,0x08a3,0x10a4,
  0x10a3,0x08a4,0x10a4,0x10a3,0x10a4,0x08a3,0x10a4,0x10a3,0x10a4,0x10a4,0x10a3,0x10a4,0x08a3,0x10a4,0x10a3,0x08a4,
  0x10a3,0x10a4,0x10a4,0x10a3,0x10a3,0x08a4,0x10a3,0x10a4,0x08a4,0x10a3,0x10a4,0x10a4,0x10a3,0x10a4,0x10a4,0x10a3,
  0x10a4,0x10a3,0x10a4,0x10a3,0x10a4,0x10a3,0x10a4,0x08a3,0x10a4,0x10a4,0x08a3,0x10a4,0x10a3,0x08a4,0x10a4,0x10a3,
  0x10a4,0x08a4,0x10a3,0x10a4,0x10a3,0x10a4,0x08a3,0x10a4,0x10a3,0x10a4,0x10a3,0x10a4,0x10a4,0x08a3,0x10a4,0x10a4,
  0x10a3,0x10a4,0x08a4,0x10a3,0x10a4,0x08a3,0x10a4,0x10a3,0x10a4,0x10a3,0x10a4,0x10a3,0x08a4,0x10a4,0x10a3,0x10a4,
  0x08a3,0x10a4,0x10a4,0x08a3,0x10a4,0x10a4,0x10a3,0x10a4,0x08a3,0x10a4,0x10a3,0x10a4,0x10a3,0x08a4,0x10a3,0x10a4,
  0x10a4,0x10a3,0x08a4,0x10a4,0x10a3,0x10a4,0x10a4,0x10a3,0x10a4,0x08a3,0x10a4,0x10a3,0x10a4,0x10a3,0x10a4,0x08a3,
  0x10a4,0x10a4,0x10a3,0x08a4,0x10a3,0x10a4,0x10a4,0x10a3,0x08a4,0x10a4,0x10a3,0x10a4,0x10a3,0x10a4,0x08a3,0x10a4,
  0x10a3,0x10a4,0x08a3,0x10a4,0x10a4,0x10a3,0x1084,0x08a4,0x10a3,0x10a4,0x1084,0x10a3,0x10a4,0x08a3,0x10a4,0x10a3,
  0x10a4,0x08a3,0x10a4,0x10a3,0x10a4,0x10a4,0x08a3,0x10a4,0x10a3,0x10a4,0x10a4,0x10a3,0x08a4,0x10a4,0x10a3,0x1084,
  0x08a3,0x10a4,0x10a3,0x10a4,0x10a3,0x08a4,0x10a3,0x10a4,0x10a4,0x10a3,0x10a4,0x08a4,0x10a3,0x10a4,0x10a4,0x08a3,
  0x10a4,0x10a3,0x10a4,0x10a3,0x08a4,0x10a3,0x1084,0x10a3,0x10a4,0x10a4,0x0883,0x10a4,0x10a3,0x10a4,0x08a4,0x10a3,
  0x10a4,0x10a4,0x10a3,0x08a4,0x10a3,0x10a4,0x10a3,0x10a4,0x10a3,0x08a4,0x10a3,0x10a4,0x10a4,0x08a3,0x10a4,0x1084,
  0x10a3,0x10a4,0x08a4,0x10a3,0x10a4,0x10a3,0x10a4,0x10a3,0x08a4,0x10a3,0x10a4,0x10a3,0x08a4,0x10a4,0x10a3,0x10a4,
  0x10a3,0x08a4,0x10a4,0x10a3,0x10a4,0x10a4,0x1083,0x08a4,0x10a3,0x10a4,0x1083,0x08a4,0x10a3,0x10a4,0x10a3,0x10a4,
  0x08a4,0x10a3,0x10a4,0x10a4,0x10a3,0x10a4,0x08a4,0x10a3,0x10a4,0x10a3,0x08a4,0x10a3,0x10a4,0x10a3,0x10a4,0x0883,
  0x10a4,0x10a4,0x10a3,0x10a4,0x10a3,0x08a4,0x10a4,0x10a3,0x10a4,0x08a4,0x10a3,0x10a4,0x10a3,0x10a4,0x08a3,0x10a4,
  0x10a3,0x10a4,0x10a3,0x10a4,0x08a4,0x10a3,0x1084,0x10a4,0x08a3,0x10a4,0x1084,0x10a3,0x10a4,0x08a3,0x10a4,0x10a3,
  0x10a4,0x10a3,0x10a4,0x08a3,0x10a4,0x10a4,0x10a3,0x08a4,0x10a3,0x10a4,0x10a4,0x10a3,0x08a4,0x10a4,0x10a3,0x1084,
  0x10a3,0x10a4,0x08a3,0x10a4,0x10a3,0x10a4,0x08a3,0x10a4,0x10a4,0x10a3,0x10a4,0x08a4,0x10a3,0x10a4,0x10a4,0x10a3,
  0x10a4,0x08a3,0x10a4,0x10a3,0x10a4,0x08a3,0x1084,0x10a3,0x10a4,0x10a4,0x0883,0x10a4,0x10a3,0x10a4,0x10a4,0x10a3,
  0x08a4,0x10a4,0x10a3,0x10a4,0x08a3,0x10a4,0x10a3,0x10a4,0x10a3,0x08a4,0x10a3,0x10a4,0x10a4,0x10a3,0x10a4,0x0884,
  0x10a3,0x10a4,0x10a4,0x08a3,0x10a4,0x10a3,0x10a4,0x10a3,0x08a4,0x10a3,0x10a4,0x10a3,0x10a4,0x10a4,0x08a3,0x10a4,
  0x10a3,0x10a4,0x08a4,0x10a3,0x10a4,0x10a4,0x1083,0x08a4,0x10a3,0x10a4,0x1083,0x10a4,0x10a3,0x08a4,0x10a3,0x10a4,
  0x10a4,0x08a3,0x10a4,0x10a4,0x10a3,0x10a4,0x08a3,0x10a4,0x10a3,0x10a4,0x10a3,0x10a4,0x08a3,0x10a4,0x10a3,0x10a4,
  0x10a4,0x08a3,0x10a4,0x08a3,0x10a4,0x08a3,0x10a4,0x08a3,0x10a4,0x08a3,0x10a4,0x10a3,0x08a4,0x10a3,0x10a4,0x10a3,
  0x10a4,0x08a4,0x10a3,0x10a4,0x10a4,0x08a3,0x10a4,0x10a3,0x10a4,0x08a3,0x10a4,0x08a3,0x10a4,0x10a3,0x10a4,0x08a4,
  0x10a3,0x08a4,0x10a3,0x10a4,0x08a3,0x10a4,0x10a3,0x08a4,0x10a3,0x08a4,0x10a4,0x10a3,0x10a4,0x08a3,0x10a4,0x08a3,
  0x10a4,0x10a3,0x08a4,0x10a3,0x08a4,0x10a4,0x08a3,0x10a4,0x10a3,0x10a4,0x08a4,0x10a3,0x10a3,0x08a4,0x10a3,0x08a4,
  0x10a3,0x08a4,0x10a3,0x10a4,0x08a3,0x10a4,0x08a3,0x10a4,0x10a3,0x10a4,0x10a4,0x08a3,0x10a4,0x10a3,0x10a4,0x08a3,
  0x10a4,0x10a3,0x10a4,0x08a3,0x10a4,0x10a3,0x08a4,0x10a3,0x08a4,0x10a3,0x08a4,0x10a3,0x10a4,0x08a3,0x10a4,0x10a3,
  0x10a4,0x08a3,0x10a4,0x08a3,0x10a4,0x10a4,0x08a3,0x10a4,0x10a3,0x08a4,0x10a3,0x08a4,0x10a3,0x08a4,0x10a3,0x08a4,
  0x10a3,0x08a4,0x10a3,0x08a4,0x10a3,0x08a4,0x10a3,0x10a4,0x08a3,0x10a4,0x10a3,0x10a4,0x08a4,0x10a3,0x10a4,0x08a3,
  0x10a4,0x10a3,0x08a4,0x10a3,0x08a4,0x10a3,0x10a4,0x08a3,0x10a4,0x08a3,0x10a4,0x08a3,0x10a4,0x10a3,0x08a4,0x10a3,
  0x08a4,0x10a3,0x10a4,0x08a3,0x10a4,0x10a3,0x10a4,0x08a3,0x10a4,0x08a3,0x10a4,0x08a3,0x10a4,0x10a3,0x08a4,0x10a3,
  0x10a4,0x08a3,0x10a4,0x10a3,0x08a4,0x10a3,0x08a4,0x10a3,0x10a4,0x08a3,0x10a4,0x08a3,0x10a4,0x10a3,0x08a4,0x10a3,
  0x08a4,0x10a3,0x10a4,0x08a3,0x10a4,0x08a3,0x10a4,0x08a3,0x10a4,0x10a3,0x10a4,0x08a3,0x10a4,0x08a3,0x10a4,0x10a3,
  0x08a4,0x10a3,0x08a4,0x10a3,0x10a4,0x08a3,0x10a4,0x08a3,0x10a4,0x10a3,0x08a4,0x10a3,0x08a4,0x10a3,0x10a4,0x08a3,
  0x10a4,0x08a3,0x10a4,0x10a3,0x08a4,0x10a3,0x08a4,0x10a3,0x10a4,0x08a3,0x10a4,0x08a3,0x10a4,0x10a3,0x08a4,0x10a3,
  0x08a4,0x10a3,0x10a4,0x08a3,0x10a4,0x08a3,0x10a4,0x10a3,0x08a4,0x10a3,0x08a4,0x10a3,0x10a4,0x08a3,0x10a4,0x08a3,
  0x10a4,0x10a3,0x08a4,0x10a3,0x08a4,0x10a3,0x10a4,0x08a3,0x10a4,0x08a3,0x10a4,0x10a3,0x08a4,0x10a3,0x08a4,0x10a3,
  0x10a4,0x08a3,0x10a4,0x08a3,0x10a4,0x10a3,0x08a4,0x10a3,0x08a4,0x10a3,0x10a4,0x08a3,0x10a4,0x08a3,0x10a4,0x10a3,
  0x08a4,0x10a3,0x08a4,0x10a3,0x10a4,0x08a3,0x10a4,0x08a3,0x10a4,0x10a3,0x08a4,0x10a3,0x08a4,0x10a3,0x10a4,0x08a3,
  0x10a4,0x08a3,0x10a4,0x10a3,0x08a4,0x10a3,0x08a4,0x10a3,0x10a4,0x08a3,0x10a4,0x08a3,0x10a4,0x10a3,0x08a4,0x10a3,
  0x08a4,0x10a3,0x10a4,0x08a3,0x10a4,0x08a3,0x10a4,0x10a3,0x08a4,0x10a3,0x08a4,0x10a3,0x10a4,0x08a3,0x10a4,0x08a3,
  0x10a4,0x10a3,0x08a4,0x10a3,0x08a4,0x10a3,0x10a4,0x08a3,0x10a4,0x08a3,0x10a4,0x10a3,0x08a4,0x10a3,0x08a4,0x10a3,
  0x10a4,0x08a3,0x10a4,0x08a3,0x10a4,0x10a3,0x08a4,0x10a3,0x08a4,0x10a3,0x10a4,0x08a3,0x10a4,0x08a3,0x10a4,0x10a3,
  0x08a4,0x10a3,0x08a4,0x10a3,0x10a4,0x08a3,0x10a4,0x08a3,0x10a4,0x10a3,0x08a4,0x10a3,0x08a4,0x10a3,0x10a4,0x08a3,
  0x10a4,0x08a3,0x10a4,0x10a3,0x08a4,0x10a3,0x08a4,0x10a3,0x10a4,0x08a3,0x10a4,0x08a3,0x10a4,0x10a3,0x08a4,0x10a3,
  0x08a4,0x10a3,0x10a4,0x08a3,0x10a4,0x08a3,0x10a4,0x10a3,0x08a4,0x10a3,0x08a4,0x10a3,0x10a4,0x08a3,0x10a4,0x08a3,
  0x10a4,0x10a3,0x08a4,0x10a3,0x08a4,0x10a3,0x10a4,0x08a3,0x10a4,0x08a3,0x10a4,0x10a3,0x08a4,0x10a3,0x08a4,0x10a3,
  0x10a4,0x08a3,0x10a4,0x08a3,0x10a4,0x10a3,0x08a4,0x10a3,0x08a4,0x10a3,0x10a4,0x08a3,0x10a4,0x08a3,0x10a4,0x10a3,
  0x08a4,0x10a3,0x08a4,0x10a3,0x10a4,0x08a3,0x10a4,0x08a3,0x10a4,0x10a3,0x08a4,0x10a3,0x08a4,0x10a3,0x10a4,0x08a3,
  0x10a4,0x08a3,0x10a4,0x10a3,0x08a4,0x10a3,0x08a4,0x10a3,0x10a4,0x08a3,0x10a4,0x08a3,0x10a4,0x10a3,0x08a4,0x10a3,
  0x08a4,0x10a3,0x10a4,0x08a3,0x10a4,0x08a3,0x10a4,0x10a3,0x08a4,0x10a3,0x08a4,0x10a4,0x10a3,0x08a4,0x10a4,0x08a3,
  0x10a4,0x08a4,0x10a3,0x10a4,0x08a4,0x10a3,0x10a4,0x08a4,0x10a3,0x10a4,0x10a4,0x08a3,0x10a4,0x10a4,0x08a3,0x10a4,
  0x08a3,0x10a4,0x10a4,0x08a3,0x10a4,0x10a4,0x08a4,0x10a4,0x08a4,0x10a4,0x10a4,0x10a4,0x08a4,0x10a4,0x08a3,0x10a4,
  0x10a4,0x10a3,0x08a4,0x10a4,0x10a4,0x10a3,0x08a4,0x10a4,0x10a4,0x10a3,0x08a4,0x10a4,0x08a3,0x10a4,0x10a4,0x10a4,
  0x08a3,0x10a4,0x10a4,0x10a4,0x10a3,0x08a4,0x10a4,0x10a3,0x08c4,0x10a3,0x10a4,0x08a4,0x10a4,0x10a4,0x10a4,0x10a3,
  0x08a4,0x10a4,0x10a3,0x08c4,0x10a4,0x10a3,0x10a4,0x10a4,0x08a4,0x10a3,0x08a4,0x10a4,0x10a3,0x08a4,0x10a4,0x10a4,
  0x08a4,0x10a3,0x08a4,0x10a4,0x10a3,0x10a4,0x10a4,0x10a3,0x08a4,0x10a4,0x10a3,0x08a4,0x10a4,0x10a4,0x08a3,0x10a4,
  0x10a4,0x10a3,0x08a4,0x10a4,0x10a3,0x08a4,0x10a4,0x10a3,0x08a4,0x10a4,0x10a3,0x10a4,0x08a4,0x10a3,0x10a4,0x10a4,
  0x08a3,0x10a4,0x10a4,0x08a4,0x10a4,0x10a3,0x08a4,0x10a4,0x10a3,0x08a4,0x10a4,0x10a3,0x10a4,0x08a3,0x10a4,0x10a4,
  0x08a3,0x10a4,0x10a3,0x10a4,0x10a4,0x08a4,0x10a3,0x10a4,0x10a4,0x10a4,0x08a3,0x10a4,0x10a4,0x08a3,0x10a4,0x10a4,
  0x10a3,0x08a4,0x10a4,0x10a3,0x10a4,0x08a4,0x10a3,0x10a4,0x08a4,0x10a4,0x10a3,0x10a4,0x10a4,0x08a3,0x10a4,0x10a4,
  0x10a4,0x10a3,0x08a4,0x10a4,0x10a3,0x10a4,0x10a3,0x08a4,0x10a4,0x10a4,0x10a3,0x10a4,0x08a4,0x10a4,0x10a3,0x10a4,
  0x10a4,0x08a3,0x10a4,0x10a4,0x10a3,0x10a4,0x08a4,0x10a3,0x10a4,0x08a4,0x10a3,0x10a4,0x08a4,0x10a4,0x10a3,0x08a4,
  0x10a4,0x10a3,0x10a4,0x10a4,0x08a4,0x10a3,0x10a4,0x10a4,0x10a3,0x08a4,0x10a3,0x10a4,0x10a4,0x08a4,0x10a3,0x10a4,
  0x10a4,0x10a4,0x10a3,0x08a4,0x10a4,0x10a3,0x10c4,0x10a4,0x08a3,0x10a4,0x10c4,0x10a3,0x08a4,0x10a4,0x10a3,0x10a4,
  0x10a4,0x10a4,0x08a3,0x10c4,0x10a4,0x10a3,0x10a4,0x08c4,0x10a4,0x10a3,0x10a4,0x08a4,0x10a3,0x10a4,0x10a3,0x10c4,
  0x10a4,0x08a4,0x10a3,0x10a4,0x10a4,0x10a4,0x08a3,0x10a4,0x10a4,0x10a3,0x08a4,0x10a4,0x10a3,0x10a4,0x10a4,0x10a3,
  0x08a4,0x10a4,0x10a3,0x10a4,0x10a4,0x08a4,0x10c3,0x10a4,0x10a4,0x08a3,0x10c4,0x10a4,0x10a4,0x10a3,0x10a4,0x08a4,
  0x10a3,0x10a4,0x10a3,0x10c4,0x08a4,0x10a4,0x10a3,0x10c4,0x08a4,0x10a4,0x10a3,0x10a4,0x10a4,0x10a3,0x08a4,0x10c4,
  0x10a3,0x10a4,0x10a4,0x08a3,0x10a4,0x10a4,0x10a3,0x08a4,0x10a4,0x10a4,0x10a3,0x10a4,0x10a4,0x08a3,0x10a4,0x10a4,
  0x10a4,0x10a3,0x08a4,0x10a4,0x10a3,0x10a4,0x08c3,0x10a4,0x10a4,0x10a4,0x10c3,0x10a4,0x08a4,0x10a4,0x10a3,0x10a4,
  0x10a4,0x08a3,0x10a4,0x10c4,0x10a3,0x08a4,0x10a4,0x10c3,0x10a4,0x10a4,0x10a3,0x08a4,0x10a4,0x10a4,0x10a3,0x10c4,
  0x08a4,0x10a3,0x10a4,0x10a4,0x08a4,0x10a3,0x10a4,0x10a4,0x10a3,0x10a4,0x08a3,0x10a4,0x10a4,0x10a4,0x10a3,0x08a4,
  0x10a4,0x10a4,0x10a3,0x08a4,0x10a4,0x10a3,0x10c4,0x10a4,0x10a3,0x08a4,0x10c4,0x10a3,0x10a4,0x10a4,0x08a3,0x10a4,
  0x10a4,0x10a4,0x08a3,0x10c4,0x10a4,0x10a3,0x10a4,0x10c4,0x08a4,0x10a3,0x10a4,0x10a4,0x10a3,0x08a4,0x10a3,0x10c4,
  0x10a4,0x08a4,0x10a3,0x10a4,0x10a4,0x10a4,0x10a3,0x08a4,0x10a4,0x10a3,0x10a4,0x10a4,0x08a3,0x10a4,0x10a4,0x10a3,
  0x08a4,0x10a4,0x10a3,0x10a4,0x10a4,0x10a4,0x08c3,0x10a4,0x10a4,0x10a3,0x10c4,0x08a4,0x10a4,0x10a3,0x10a4,0x08a4,
  0x10a3,0x10a4,0x10a3,0x10c4,0x10a4,0x08a4,0x10a3,0x10c4,0x10a4,0x10a4,0x08a3,0x10a4,0x10a4,0x10a3,0x08a4,0x10c4,
  0x10a3,0x10a4,0x10a4,0x10a3,0x08a4,0x10a4,0x10a3,0x10a4,0x10a4,0x08a4,0x10a3,0x10a4,0x10a4,0x08a3,0x10a4,0x10a4,
  0x10a4,0x10a3,0x10a4,0x08a4,0x10a3,0x10a4,0x10c3,0x10a4,0x08a4,0x10a4,0x10c3,0x10a4,0x08a4,0x10a4,0x10a3,0x10a4,
  0x10a4,0x10a3,0x08a4,0x10c4,0x10a3,0x10a4,0x10a4,0x08c4,0x10a4,0x10a4,0x10a3,0x08a4,0x10a4,0x10a3,0x10a4,0x10a4,
  0x10a3,0x10a4,0x08c4,0x10a3,0x10a4,0x08a4,0x10c3,0x10a4,0x10a4,0x08a3,0x10c4,0x10a4,0x10a3,0x08c4,0x10a4,0x10a4,
  0x10c4,0x08a3,0x10a4,0x10a4,0x08c3,0x10a4,0x10a3,0x10c3,0x10a4,0x10a3,0x08c3,0x10a4,0x10a3,0x10c4,0x10a4,0x08a3,
  0x10c4,0x10a4,0x10a3,0x08c4,0x10a3,0x08a4,0x10c4,0x10a3,0x08a4,0x10a3,0x10c4,0x10a3,0x10a4,0x08c4,0x10a3,0x08a4,
  0x10c4,0x10a3,0x08a4,0x10c3,0x08a4,0x10a3,0x10c4,0x08a4,0x10a4,0x10a4,0x08a3,0x10c4,0x10a3,0x08a3,0x10c4,0x08a4,
  0x10a3,0x10c4,0x08a4,0x10a3,0x10a4,0x08a4,0x10c3,0x08a4,0x10c3,0x10a4,0x10a3,0x08c4,0x10a4,0x10a3,0x08c4,0x10a3,
  0x10c4,0x10a4,0x10c3,0x08a4,0x10a4,0x08c3,0x10a4,0x08a4,0x10a3,0x10c4,0x08a4,0x10a3,0x10a4,0x10c3,0x10a4,0x08a4,
  0x10c3,0x08a4,0x10a4,0x10c3,0x08a4,0x10c3,0x10a4,0x10c4,0x10a3,0x08c4,0x10a4,0x10a3,0x10c4,0x08a4,0x10c3,0x08a4,
  0x10c4,0x10a3,0x08c4,0x10a3,0x10a4,0x08c4,0x10a3,0x10a4,0x08c4,0x10a3,0x10c4,0x08a4,0x10a3,0x10c4,0x08a3,0x10a4,
  0x10c4,0x10a4,0x08a4,0x10c3,0x08a4,0x10a3,0x10c4,0x08a4,0x10a3,0x08c4,0x10a4,0x10a3,0x08c4,0x10a4,0x10a3,0x08a4,
  0x10c4,0x10a3,0x08a4,0x10a4,0x08c3,0x10a4,0x10a4,0x08a3,0x10c4,0x10a3,0x08a4,0x10c3,0x08a4,0x10a4,0x10c3,0x08a4,
  0x10a3,0x08c4,0x10a4,0x10a3,0x08c4,0x10a4,0x08a4,0x10c3,0x10a4,0x08a3,0x10c4,0x08a4,0x10a3,0x10c4,0x08a4,0x10a3,
  0x08c4,0x10a4,0x10a3,0x08a4,0x10c4,0x08a3,0x10a4,0x10c4,0x08a3,0x10a4,0x10c4,0x08a3,0x10c4,0x10a3,0x08c4,0x10a3,
  0x10c4,0x08a4,0x10c3,0x08a4,0x10c3,0x10a4,0x08c4,0x10a3,0x08c4,0x10a4,0x10c4,0x08a3,0x10c4,0x10a3,0x08a4,0x10c4,
  0x08a3,0x10a4,0x08c4,0x10a3,0x10a4,0x08a4,0x10a3,0x08a4,0x10c4,0x10a3,0x08a4,0x10a4,0x10c3,0x08a4,0x10a4,0x08c3,
  0x10a4,0x08c3,0x10a4,0x10a3,0x08a4,0x10c4,0x08a3,0x10a4,0x10a3,0x08c4,0x10a4,0x10c3,0x08a4,0x10a4,0x08a4,0x10a3,
  0x08a4,0x10c3,0x10a4,0x08c4,0x10a3,0x08c4,0x10a4,0x10c3,0x08a4,0x10c4,0x10a3,0x08c4,0x10a4,0x08c3,0x10a4,0x08a4,
  0x10c3,0x10a4,0x08a4,0x10c3,0x08a4,0x10a3,0x10a4,0x08a3,0x10c4,0x10a4,0x08a3,0x10a4,0x08c3,0x10a4,0x08a4,0x10c3,
  0x10a4,0x08c4,0x10a4,0x08a3,0x10a4,0x10c3,0x08a4,0x10a4,0x10a3,0x08c4,0x10a4,0x08c3,0x10a4,0x08a4,0x10a3,0x10a4,
  0x08a4,0x10c3,0x08a4,0x10c4,0x10a3,0x08c4,0x10a4,0x10c3,0x08a4,0x10c3,0x08a4,0x10c3,0x08a4,0x10c4,0x10a3,0x08a4,
  0x10c3,0x08a4,0x10a4,0x10c3,0x08a4,0x10a4,0x10a4,0x08a3,0x10c4,0x08a3,0x10a4,0x08a4,0x10c3,0x10a4,0x08a4,0x10c3,
  0x08a4,0x10c4,0x10a3,0x08a4,0x10a4,0x10c3,0x08a4,0x10a4,0x08a3,0x10c4,0x08a4,0x10c3,0x10a4,0x08a3,0x10a4,0x08a3,
  0x10a4,0x10c4,0x08a3,0x10c4,0x10a3,0x08c4,0x10a4,0x08c3,0x10a4,0x08c4,0x10a4,0x10c3,0x08a4,0x10c3,0x08a4,0x10a4,
  0x10c3,0x08a4,0x10a4,0x10c3,0x08a4,0x10a4,0x08a3,0x10a4,0x08c4,0x10a3,0x10a4,0x08a4,0x10c3,0x08a4,0x10a4,0x10c3,
  0x08a4,0x10c3,0x10a4,0x08a3,0x10a4,0x08c4,0x10a3,0x08a4,0x10a3,0x10c4,0x08a4,0x10c3,0x08a4,0x10a4,0x10a4,0x08a3,
  0x10a4,0x10c3,0x08a4,0x10c4,0x08a3,0x10c4,0x08a4,0x10c3,0x10a4,0x08c4,0x10a3,0x08c4,0x10a4,0x10c3,0x08a4,0x10a4,
  0x10c3,0x08a4,0x10a4,0x08c3,0x10a4,0x08a3,0x10a4,0x10a3,0x08c4,0x10a4,0x08a3,0x10a4,0x10c3,0x08a4,0x10a4,0x10c3,
  0x08a4,0x10c4,0x08a4,0x10a3,0x08a4,0x10c3,0x10a4,0x08a4,0x10a3,0x08c4,0x10a4,0x10c3,0x08a4,0x10a4,0x10a3,0x08a4,
  0x10a4,0x08c3,0x10a4,0x08c4,0x10a3,0x10c4,0x08a4,0x10c3,0x08a4,0x10c3,0x10a4,0x08c3,0x10a4,0x10c4,0x08a3,0x10a4,
  0x08c3,0x10a4,0x08a4,0x10c3,0x10a4,0x08a4,0x10a4,0x08a3,0x10c4,0x10a3,0x08a4,0x10a4,0x10c3,0x08a4,0x10a4,0x08c3,
  0x10a4,0x08c4,0x10a3,0x10a4,0x08a4,0x10c3,0x08a4,0x10a3,0x10a4,0x08c3,0x10a4,0x10c3,0x08a4,0x10c4,0x08a3,0x10a4,
  0x10a4,0x08a3,0x10a4,0x10a4,0x10c3,0x10a4,0x08a4,0x10a3,0x08c4,0x10a4,0x10a3,0x08a4,0x10a4,0x10a3,0x10a4,0x08a3,
  0x10a4,0x10a4,0x08c3,0x10a4,0x10a3,0x10a4,0x08a4,0x10a4,0x08a3,0x10a4,0x10a4,0x08a3,0x10a4,0x08a3,0x10a4,0x10a4,
  0x08a3,0x10a4,0x08a4,0x10a3,0x10a4,0x10a4,0x10a3,0x08a4,0x10c4,0x10a4,0x08a3,0x10a4,0x08a4,0x10a3,0x10a4,0x10a3,
  0x10a4,0x08a4,0x10a3,0x10a4,0x10a4,0x08a4,0x10a3,0x10a4,0x08a3,0x10c4,0x10a3,0x10a4,0x08a4,0x10a4,0x10a3,0x10a4,
  0x10a4,0x08a3,0x10a4,0x10a4,0x10c3,0x10a4,0x10a4,0x10a3,0x08a4,0x10a4,0x10a4,0x10a3,0x08a4,0x10a4,0x10a3,0x08a4,
  0x10a3,0x08a4,0x10a4,0x10a3,0x10a4,0x10a4,0x08a3,0x10c4,0x10a4,0x10a3,0x10a4,0x08c3,0x10a4,0x08a4,0x10a3,0x10a4,
  0x10a4,0x10a3,0x08a4,0x10a4,0x10a4,0x10a4,0x08a3,0x10a4,0x08a4,0x10a3,0x10a4,0x08a4,0x10a3,0x10a4,0x10a4,0x10a3,
  0x10a4,0x08a4,0x10a3,0x10a4,0x10a3,0x10a4,0x08a4,0x10a3,0x10a4,0x10a4,0x08a3,0x10a4,0x10a4,0x08a4,0x10a4,0x10a3,
  0x08a4,0x10a3,0x10a4,0x08a3,0x10a4,0x10a4,0x08a3,0x10a4,0x10a3,0x10a4,0x10a3,0x08a4,0x10a3,0x10a4,0x10c4,0x10a3,
  0x08a4,0x10a4,0x10c3,0x10a4,0x10a4,0x08a3,0x10c4,0x10a4,0x10a3,0x08a4,0x10a4,0x10a4,0x10a3,0x10a4,0x08a4,0x10a3,
  0x10a4,0x10a4,0x10a3,0x08a4,0x10a3,0x10a4,0x10a3,0x10a4,0x08a4,0x10a4,0x10a3,0x10a4,0x08a3,0x10a4,0x10a3,0x10a4,
  0x10a3,0x08a4,0x10c4,0x10a3,0x08a4,0x10a4,0x10a3,0x08a4,0x10a4,0x10a3,0x08a4,0x10a4,0x10a3,0x10a4,0x10a4,0x10a4,
  0x08a3,0x10a4,0x10a4,0x10a3,0x10a4,0x08a4,0x10a3,0x10a4,0x10a3,0x10a4,0x08a3,0x10a4,0x10a4,0x08a4,0x10a3,0x10a4,
  0x10a3,0x10a4,0x10a3,0x08a4,0x10c3,0x10a4,0x10a4,0x10a3,0x10a4,0x08a4,0x10a3,0x10a4,0x08a4,0x10a3,0x10a4,0x10a4,
  0x10a3,0x10a4,0x08a4,0x10a4,0x10a3,0x10a4,0x10a4,0x10a3,0x08a4,0x10a4,0x10a3,0x08a4,0x10a3,0x10c4,0x10a3,0x10a4,
  0x10a4,0x08a4,0x10a3,0x10a4,0x10a3,0x10a4,0x10a3,0x08a4,0x10a3,0x10a4,0x08a4,0x10a3,0x10a4,0x10a4,0x10a3,0x10a4,
  0x08a4,0x10a3,0x10a4,0x10a4,0x10a3,0x10c4,0x08a4,0x10a4,0x10a3,0x08a4,0x10a4,0x10a3,0x10a4,0x10a4,0x10a3,0x08a4,
  0x10a3,0x10a4,0x10a3,0x10a4,0x10a4,0x08a4,0x10a3,0x10a4,0x08a3,0x10a4,0x10a3,0x10a4,0x10a3,0x10c4,0x08a4,0x10a3,
  0x10a4,0x10a4,0x10a3,0x10a4,0x08a4,0x10a3,0x10a4,0x08a4,0x10a3,0x10a4,0x10a4,0x10a4,0x10a3,0x08a4,0x10a4,0x10a3,
  0x10a4,0x10a4,0x10a3,0x08a4,0x10a3,0x10c4,0x08a3,0x10a4,0x10a4,0x10a4,0x10a3,0x10a4,0x08a3,0x10a4,0x10a3,0x10a4,
  0x10a3,0x10a4,0x08a4,0x10a3,0x10a4,0x08a4,0x10a3,0x10a4,0x10a4,0x10a3,0x10a4,0x08a4,0x10a3,0x10c4,0x10a4,0x10a4,
  0x10a3,0x08a4,0x10a4,0x10a3,0x08a4,0x10a4,0x10a3,0x10a4,0x10a3,0x10a4,0x08a3,0x10a4,0x10a4,0x10a4,0x10a3,0x10a4,
  0x08a3,0x10a4,0x10a3,0x08a4,0x10a3,0x10c4,0x10a4,0x10a3,0x10a4,0x08a4,0x10a3,0x10a4,0x10a4,0x10a3,0x10a4,0x08a4,
  0x10a3,0x10a4,0x08a4,0x10a4,0x10a3,0x10a4,0x10a4,0x10a3,0x08a4,0x10a4,0x10a3,0x10a4,0x10a3,0x10c4,0x08a3,0x10a4,
  0x10a4,0x08a4,0x10a3,0x10a4,0x10a3,0x10a4,0x10a3,0x08a4,0x10a3,0x10a4,0x10a4,0x10a3,0x10a4,0x08a4,0x10a3,0x10a4,
  0x08a4,0x10a3,0x10a4,0x10a4,0x10a3,0x10c4,0x08a4,0x10a4,0x10a3,0x10a4,0x10a4,0x10a3,0x08a4,0x10a4,0x10a3,0x08a4,
  0x10a3,0x10a4,0x10a3,0x10a4,0x10a4,0x08a4,0x10a3,0x10a4,0x10a3,0x10a4,0x10a3,0x08a4,0x10a3,0x10c4,0x08a4,0x10a3,
  0x10a4,0x10a4,0x10a3,0x10a4,0x08a4,0x10a3,0x10a4,0x10a4,0x10a3,0x10a4,0x08a4,0x10a4,0x10a3,0x08a4,0x10a4,0x10a3,
  0x10a4,0x10a4,0x10a3,0x08a4,0x10a3,0x10c4,0x10a3,0x10a4,0x10a4,0x08a4,0x10a3,0x10a4,0x08a3,0x10a4,0x10a3,0x10a4,
  0x10a3,0x10a4,0x08a4,0x10a3,0x10a4,0x10a4,0x10a3,0x10a4,0x08a3,0x10a4,0x10a4,0x08a4,0x10a3,0x10a4,0x10a3,0x08c4,
  0x10a4,0x10c4,0x10a3,0x08a4,0x10a4,0x08a3,0x10a4,0x10a4,0x10a3,0x10a4,0x08a4,0x10c3,0x10a4,0x08a3,0x10c4,0x10a4,
  0x08a3,0x10a4,0x10a3,0x10a4,0x08a4,0x10c3,0x10a4,0x08a3,0x10c4,0x10a4,0x08a3,0x10c4,0x10a4,0x10a4,0x08c3,0x10a4,
  0x10a4,0x10c3,0x10a4,0x08a4,0x10c3,0x08a4,0x10a4,0x10a3,0x10a4,0x08a3,0x10a4,0x10c4,0x10a3,0x10a4,0x08c4,0x10a4,
  0x08a3,0x10c4,0x10a4,0x08a3,0x10c4,0x10a3,0x10a4,0x10c4,0x10a3,0x08a4,0x10a4,0x10a3,0x10c4,0x08a3,0x10a4,0x08c3,
  0x10a4,0x10c4,0x10a3,0x08a4,0x10a4,0x08a3,0x10a4,0x08a4,0x10c3,0x10a4,0x08a3,0x10c4,0x10a3,0x08c4,0x10a4,0x10a4,
  0x10c4,0x10a3,0x08a4,0x10c4,0x08a3,0x10a4,0x10a4,0x10a3,0x08a4,0x10a4,0x08a3,0x10a4,0x10a4,0x10a3,0x08c4,0x10a3,
  0x08a4,0x10c4,0x10a3,0x10a4,0x08c3,0x10a4,0x10a3,0x10a4,0x10c3,0x08a4,0x10a3,0x10c4,0x08a4,0x10a3,0x08c4,0x10a4,
  0x08a3,0x10a4,0x10c4,0x08a3,0x10c4,0x08a3,0x10c4,0x10a4,0x08a3,0x10c4,0x10a4,0x08a3,0x10c4,0x10a3,0x10c4,0x08a3,
  0x10c4,0x10a4,0x08c3,0x10a4,0x10c4,0x10a3,0x10a4,0x08c4,0x10a4,0x08c3,0x10a4,0x10a4,0x10c4,0x08a3,0x10a4,0x08a4,
  0x10a3,0x10a4,0x08a4,0x10a3,0x10a4,0x10a4,0x08a3,0x10a4,0x08a4,0x10c3,0x10a4,0x08a3,0x10c4,0x08a3,0x10c4,0x10a4,
  0x08c3,0x10a4,0x08c4,0x10a4,0x10c4,0x08a3,0x10c4,0x08a4,0x10c3,0x10a4,0x08a3,0x10c4,0x10a4,0x08a4,0x10c4,0x08a4,
  0x10a4,0x10a3,0x08a4,0x10a4,0x10a3,0x10c4,0x08a4,0x10a3,0x10c4,0x10a4,0x10a3,0x10c4,0x08a4,0x10a3,0x08a4,0x10c3,
  0x10a4,0x10a3,0x08a4,0x10c4,0x08a3,0x10a4,0x10a4,0x08c4,0x10a4,0x08a3,0x10a4,0x10c4,0x10a3,0x10a4,0x10c3,0x08a4,
  0x10c4,0x08a4,0x10c4,0x10a4,0x10a4,0x08a3,0x10c4,0x08a4,0x10a3,0x10c4,0x08a4,0x10a3,0x10c4,0x10a4,0x08c3,0x10a4,
  0x08a4,0x10c3,0x10a4,0x10a3,0x08c4,0x10a3,0x08a4,0x10c4,0x10a3,0x08a4,0x10c4,0x10a4,0x10a4,0x08a3,0x10a4,0x08c4,
  0x10a3,0x10a4,0x10c3,0x08a4,0x10a4,0x08a4,0x10c4,0x10a4,0x08a4,0x10a3,0x10c4,0x10a4,0x08a3,0x10a4,0x08c4,0x10a3,
  0x10c4,0x10a4,0x08c3,0x10a4,0x08a4,0x10a3,0x10a4,0x08a3,0x10c4,0x10a3,0x10a4,0x08c4,0x10a3,0x08c4,0x10a4,0x10a4,
  0x10c4,0x08a3,0x10a4,0x08c4,0x10a3,0x10a4,0x08c3,0x10a4,0x10a4,0x10c4,0x08a4,0x10a4,0x08a4,0x10a3,0x10a4,0x10c4,
  0x08a3,0x10a4,0x08c4,0x10a3,0x10a4,0x08a4,0x10c3,0x10a4,0x10a4,0x08a3,0x10c4,0x08a3,0x10a4,0x10a3,0x10c4,0x08a4,
  0x10c3,0x08a4,0x10c4,0x10a4,0x08a4,0x10a3,0x10a4,0x10a4,0x08c3,0x10a4,0x08a3,0x10c4,0x10a4,0x10c4,0x08a4,0x10a4,
  0x08c4,0x10a3,0x10a4,0x08c4,0x10a3,0x10a4,0x10c4,0x08a3,0x10a4,0x08c4,0x10a3,0x10a4,0x10a4,0x08a3,0x10a4,0x08c3,
  0x10a4,0x10a3,0x08c4,0x10a4,0x10a3,0x10a4,0x08c4,0x10a4,0x08a4,0x10a3,0x10c4,0x10a4,0x08a3,0x10a4,0x08c3,0x10a4,
  0x10c4,0x08a4,0x10c4,0x10a4,0x10a4,0x08a3,0x10a4,0x08a4,0x10c3,0x10a4,0x10a4,0x08c3,0x10a4,0x08c4,0x10a3,0x10a4,
  0x08c4,0x10a3,0x10a4,0x10c3,0x08a4,0x10a3,0x08c4,0x10a4,0x10a3,0x10c4,0x08a4,0x10a4,0x08a4,0x10a3,0x10a4,0x08c4,
  0x10a3,0x10a4,0x10c3,0x08a4,0x10a4,0x08a4,0x10c4,0x10a4,0x10a4,0x08a3,0x10c4,0x08a4,0x10a3,0x10a4,0x08c4,0x10a3,
  0x10c4,0x10a4,0x08c3,0x10a4,0x08a4,0x10a3,0x10a4,0x10a3,0x08c4,0x10a3,0x08a4,0x10c4,0x10a3,0x08c4,0x10a4,0x10a4,
  0x10c4,0x08a3,0x10a4,0x08c4,0x10a3,0x10a4,0x10c3,0x08a4,0x10a4,0x08c4,0x10a4,0x10a4,0x08a4,0x10a3,0x10a4,0x10c4,
  0x08a3,0x10a4,0x08c4,0x10a3,0x10a4,0x10a4,0x08c3,0x10a4,0x08a4,0x10a3,0x10c4,0x08a3,0x10a4,0x10a3,0x10c4,0x08a4,
  0x10c3,0x08a4,0x10c4,0x10a4,0x10a4,0x08a3,0x10a4,0x08a4,0x10c3,0x10a4,0x08a3,0x10c4,0x10a4,0x10c4,0x08a4,0x10a4,
  0x08c4,0x10a3,0x10a4,0x10c4,0x08a3,0x10a4,0x08c4,0x10a4,0x10a4,0x08c3,0x10a4,0x10a3,0x10a4,0x08c4,0x10a4,0x10a3,
  0x10a3,0x08a4,0x10a4,0x10c3,0x08a4,0x10a4,0x10c3,0x08a4,0x10a3,0x08c4,0x10a3,0x10a4,0x08a4,0x10a4,0x10a3,0x08a4,
  0x10c3,0x10a4,0x08a4,0x10c3,0x10a4,0x08a4,0x10a3,0x10a4,0x08a4,0x10a3,0x10a4,0x10a4,0x08a3,0x10c4,0x10a3,0x08a4,
  0x10a3,0x08a4,0x10a3,0x10a4,0x10a4,0x10a3,0x08c4,0x10a3,0x08a4,0x10c4,0x10a3,0x08a4,0x10a4,0x08a3,0x10a4,0x10a3,
  0x10a4,0x10a3,0x08a4,0x10a4,0x10a3,0x08a4,0x10a3,0x08a4,0x10a4,0x10a3,0x08c4,0x10a4,0x08a3,0x10a4,0x10a4,0x10a4,
  0x08a3,0x10a4,0x08a4,0x10c3,0x10a4,0x10a3,0x08c4,0x10a3,0x10a4,0x08a4,0x10a4,0x10a4,0x08a4,0x10a3,0x10a4,0x08a3,
  0x10a4,0x08a3,0x10a4,0x10a3,0x10a4,0x08c3,0x10a4,0x08a4,0x10c3,0x10a4,0x10a4,0x10c3,0x08a4,0x10a4,0x10a4,0x10a4,
  0x10a3,0x08a4,0x10a4,0x08a3,0x10a4,0x10a4,0x08c4,0x10a3,0x08a4,0x10a4,0x10a4,0x08a3,0x10a4,0x10a4,0x10a3,0x10a4,
  0x10c3,0x08a4,0x10a3,0x10a4,0x10a4,0x10a4,0x10a3,0x08a4,0x10a4,0x10a3,0x08a4,0x10a3,0x10a4,0x08a4,0x10a3,0x10a4,
  0x10a3,0x08a4,0x10a4,0x10a3,0x08a4,0x10a4,0x08a3,0x10a4,0x10a3,0x10a4,0x08a4,0x10a3,0x08a4,0x10a4,0x10a3,0x10c4,
  0x08a3,0x10a4,0x10c3,0x08a4,0x10c3,0x08a4,0x10a4,0x10c3,0x10a4,0x10a4,0x08a3,0x10a4,0x10a4,0x10a4,0x10a3,0x08a4,
  0x10a4,0x10a3,0x10a4,0x10a3,0x08a4,0x10a4,0x10a3,0x10a4,0x10a3,0x08a4,0x10a4,0x10a3,0x10a4,0x10a3,0x10a3,0x10a4,
  0x08c3,0x10a4,0x10a3,0x10c4,0x08a4,0x10a3,0x10a4,0x10a3,0x08a4,0x10a3,0x08a4,0x10a3,0x10a4,0x08c4,0x10a3,0x10a4,
  0x08a4,0x10c4,0x10a3,0x10a4,0x10a4,0x10c3,0x08a4,0x10a3,0x10a4,0x10c4,0x10a3,0x08a4,0x10a3,0x08a4,0x10a4,0x10a3,
  0x08a4,0x10a3,0x10a3,0x08a4,0x10a3,0x10a4,0x08a3,0x10a4,0x10a4,0x08a3,0x10a4,0x10a3,0x08a4,0x10a3,0x10a4,0x10a3,
  0x10a4,0x08a4,0x10a3,0x08a4,0x10a4,0x10a4,0x10a3,0x08a4,0x10a4,0x10a3,0x10a4,0x08a3,0x10a4,0x10c4,0x08a3,0x10a4,
  0x10a3,0x08a4,0x10a4,0x10a3,0x08c4,0x10a3,0x10a3,0x08a4,0x10c3,0x10a4,0x08a3,0x10a4,0x10c4,0x10a3,0x10a4,0x08a3,
  0x10a4,0x08a3,0x10a4,0x10a3,0x10a4,0x08c4,0x10a3,0x10a4,0x10a4,0x08a4,0x10a3,0x10a4,0x08a4,0x10a3,0x10a4,0x08a3,
  0x10a4,0x10a4,0x08a3,0x10a4,0x10a3,0x08a4,0x10a4,0x10a3,0x08a4,0x10a3,0x10a3,0x10c4,0x10a3,0x08a4,0x10c3,0x08a4,
  0x10a4,0x10a3,0x10a4,0x08a3,0x10c4,0x10a3,0x10a4,0x08a3,0x10c4,0x10a4,0x08a3,0x10a4,0x10c4,0x08a4,0x10a3,0x10a4,
  0x08a4,0x10a3,0x10a4,0x08a3,0x10a4,0x10c4,0x08a3,0x10a4,0x10a3,0x10a4,0x10a4,0x08a3,0x10a4,0x08a3,0x10a3,0x10a4,
  0x10a3,0x08a4,0x10a3,0x10a4,0x10a4,0x08a3,0x10a4,0x10a3,0x08a4,0x10a3,0x10a4,0x08c3,0x10a4,0x10a4,0x08c3,0x10a4,
  0x10a4,0x08a4,0x10a3,0x10a4,0x08c4,0x10a3,0x10a4,0x10a3,0x10c4,0x08a4,0x10a3,0x08a4,0x10c3,0x10a4,0x10a4,0x08a3,
  0x10a4,0x10a3,0x10a3,0x08a4,0x10a3,0x10c4,0x08a3,0x10a4,0x10a4,0x08a3,0x10a4,0x10a3,0x08a4,0x10a3,0x10a4,0x08a3,
  0x10a4,0x10a4,0x08a3,0x10a4,0x10a4,0x10a4,0x10a3,0x08a4,0x10a4,0x08a3,0x10a4,0x10c3,0x10a4,0x08a4,0x10c3,0x10a4,
  0x10a3,0x08a4,0x10a4,0x10a3,0x08c4,0x10a3,0x10a3,0x08a4,0x10c3,0x10a4,0x08a3,0x10a4,0x10c4,0x08a3,0x10a4,0x10a3,
  0x08a4,0x10a3,0x10a4,0x10a3,0x10a4,0x08c4,0x10a3,0x08a4,0x10a4,0x10a4,0x10a3,0x08a4,0x10a4,0x10a3,0x10a4,0x08a3,
  0x10a4,0x10a4,0x08a3,0x10a4,0x10a3,0x08a4,0x10a4,0x10a3,0x08a4,0x10a3,0x10a3,0x08c4,0x10a3,0x10a4,0x08c3,0x10a4,
  0x10a4,0x10a3,0x10a4,0x08a3,0x10c4,0x08a3,0x10a4,0x10a3,0x10c4,0x08a4,0x10a3,0x10a4,0x10c4,0x08a4,0x10a3,0x10a4,
  0x08a4,0x10a3,0x10a4,0x08a3,0x10a4,0x10c4,0x08a3,0x10a4,0x10a3,0x08a4,0x10a4,0x10a3,0x08a4,0x10a3,0x10a3,0x10a4,
  0x10a3,0x08a4,0x10a3,0x08a4,0x10a4,0x10a3,0x10a4,0x08a3,0x10a4,0x10a4,0x10a3,0x08c4,0x10a3,0x10a4,0x08a3,0x10a4,
  0x10a4,0x10a3,0x08a4,0x10a4,0x10a3,0x10a4,0x08a3,0x10a4,0x10a4,0x10a4,0x10a3,0x08a4,0x10c3,0x10a4,0x08a4,0x10a3,
  0x10a4,0x10a4,0x10c3,0x08a4,0x10a3,0x10a4,0x08c4,0x10a3,0x10a4,0x10c4,0x08a3,0x10c4,0x10a4,0x08a3,0x10a4,0x10a4,
  0x10c4,0x10a3,0x08c4,0x10a3,0x08c4,0x10a4,0x10a3,0x10a4,0x10a4,0x10a3,0x08a4,0x10a3,0x10c4,0x10a4,0x08c3,0x10a4,
  0x08c4,0x10a4,0x10c3,0x10a4,0x08c4,0x10a4,0x10c4,0x10a3,0x08a4,0x10a4,0x10a3,0x10a4,0x10a4,0x08c3,0x10a4,0x10a3,
  0x10c4,0x10a3,0x10a4,0x08a4,0x10a3,0x08a4,0x10a4,0x10a4,0x10a3,0x10c4,0x08a3,0x10c3,0x10a4,0x10a4,0x08c3,0x10a4,
  0x10a4,0x10c4,0x10a3,0x08a4,0x10a4,0x10a4,0x10a3,0x10c4,0x08a4,0x10a3,0x08a4,0x10a4,0x10a3,0x08c4,0x10a3,0x08a4,
  0x10c4,0x10a3,0x10c4,0x10a4,0x08a3,0x10a4,0x10a3,0x08a4,0x10a4,0x10c3,0x10a4,0x10a4,0x08c3,0x10a4,0x08a3,0x10a4,
  0x08a4,0x10a4,0x10a4,0x08a3,0x10c4,0x08a3,0x10a4,0x10c3,0x10a4,0x08c4,0x10a3,0x10c4,0x10a3,0x10a4,0x08c4,0x10a4,
  0x08a4,0x10a3,0x10c4,0x10a4,0x10a3,0x08c4,0x10a4,0x10a3,0x08c4,0x10a4,0x10a3,0x10c4,0x10a3,0x08a4,0x10a4,0x10a3,
  0x10a4,0x08a4,0x10a4,0x10a3,0x10a4,0x10a3,0x10a4,0x08a4,0x10a3,0x08a4,0x10c4,0x10a3,0x08a4,0x10c3,0x08a4,0x10a3,
  0x10a4,0x08c4,0x10a3,0x08a4,0x10a3,0x10c4,0x08a4,0x10a3,0x08a4,0x10c4,0x10a3,0x08c4,0x10a4,0x08c4,0x10a4,0x08a3,
  0x10a4,0x10a4,0x08a4,0x10a3,0x10a4,0x08a3,0x10c4,0x10a4,0x08c4,0x10a4,0x10c3,0x08a4,0x10a4,0x10a3,0x08a4,0x10a4,
  0x10a3,0x08a4,0x10a4,0x08a3,0x10a4,0x08a4,0x10a3,0x10a4,0x08a3,0x10a4,0x08a4,0x10a3,0x10c4,0x10a4,0x08a3,0x10c4,
  0x10a4,0x10a4,0x08a4,0x10c3,0x10a4,0x08c4,0x10a4,0x10c3,0x08a4,0x10c3,0x10a4,0x10c4,0x10a4,0x08a4,0x10c3,0x08a4,
  0x10a4,0x10c3,0x10a4,0x10c4,0x08a3,0x10c4,0x08a4,0x10a3,0x10c4,0x08a4,0x10a3,0x10c4,0x08a3,0x10a4,0x10a4,0x10a3,
  0x08c4,0x10a4,0x10c3,0x08a4,0x10a4,0x10a4,0x08a4,0x10a3,0x10a4,0x10a4,0x10a4,0x08a3,0x10a4,0x08a3,0x10a4,0x10c4,
  0x10a4,0x10a4,0x08a3,0x10c4,0x08a4,0x10a3,0x10a4,0x08c4,0x10a3,0x10a4,0x08c4,0x10a3,0x10a4,0x10c4,0x08a3,0x10a4,
  0x10c3,0x08a4,0x10c4,0x10a3,0x08c4,0x10a4,0x10a3,0x10c4,0x10a4,0x08c4,0x10a4,0x08a3,0x10a4,0x10a4,0x10a4,0x10a3,
  0x08a4,0x10c3,0x08a4,0x10a4,0x10a4,0x08a4,0x10a3,0x10a4,0x08a4,0x10a3,0x10a4,0x10a4,0x08a3,0x10a4,0x10a4,0x08c3,
  0x10a4,0x10a4,0x08a3,0x10c4,0x10a3,0x10a4,0x10a4,0x08c3,0x10a4,0x08a4,0x10c3,0x10a4,0x10a4,0x10c4,0x08a4,0x10a3,
  0x08c4,0x10a4,0x10c4,0x08a3,0x10c4,0x10a3,0x08a4,0x10c4,0x10a4,0x10c4,0x08a3,0x10a4,0x10a4,0x08a3,0x10a4,0x10a4,
  0x08a3,0x10c4,0x10a4,0x10a3,0x10a4,0x08a4,0x10a3,0x08a4,0x10a3,0x10a4,0x10a4,0x10a3,0x08a4,0x10a4,0x08a3,0x10c4,
  0x10a4,0x08a4,0x10a4,0x10c3,0x08a4,0x10a4,0x10a4,0x10c3,0x08a4,0x10a3,0x10c4,0x08a4,0x10a4,0x10c4,0x08a3,0x10a4,
  0x10c4,0x10a3,0x10c4,0x08a4,0x10c3,0x08a4,0x10a4,0x10c3,0x10a4,0x10c4,0x08a3,0x10a4,0x08a3,0x10a4,0x10a4,0x08a3,
  0x10a4,0x10c4,0x08a3,0x10a4,0x10a4,0x10a4,0x08a4,0x10a3,0x10a4,0x08a4,0x10a4,0x10a3,0x08a4,0x10a3,0x10a4,0x10c4,
  0x10a4,0x08a4,0x10a3,0x08c4,0x10a4,0x10a3,0x10a4,0x10c4,0x08a3,0x10a4,0x08c4,0x10a3,0x10a4,0x08c4,0x10a3,0x10a4,
  0x08c3,0x10a4,0x10c4,0x10a3,0x08c4,0x10a4,0x10a3,0x08c4,0x10a4,0x10c4,0x08a4,0x10a3,0x10a4,0x10a4,0x10a4,0x08a3,
  0x10a4,0x08c3,0x10a4,0x10a4,0x10a4,0x10a4,0x08a3,0x10a4,0x08a4,0x10a3,0x10a4,0x08a4,0x10a3,0x10a4,0x08a4,0x10c3,
  0x10a4,0x10a4,0x08a3,0x10c4,0x10a3,0x08a4,0x10a4,0x10c3,0x08a4,0x10a4,0x10c3,0x10a4,0x10a4,0x08c4,0x10a4,0x08a3,
  0x10c4,0x10a4,0x10c4,0x10a3,0x08c4,0x10a3,0x08a4,0x10c3,0x10a4,0x08c3,0x10a4,0x10a4,0x08a4,0x10a3,0x10a4,0x10c4,
  0x10c4,0x10c4,0x10a4,0x10c3,0x08c4,0x10a4,0x10c4,0x10c4,0x10a3,0x08c4,0x10c4,0x10a4,0x10c4,0x10a3,0x10c4,0x10c4,
  0x08c4,0x10a4,0x10a4,0x10c4,0x10a4,0x10c4,0x10a4,0x10c4,0x10a3,0x10c4,0x10a4,0x10a4,0x10c3,0x10a4,0x10c4,0x08a3,
  0x10c4,0x10a4,0x10a4,0x10c4,0x10a4,0x10c4,0x08a4,0x10c4,0x10c3,0x10a4,0x10c4,0x10a4,0x08c4,0x10a3,0x10a4,0x10c4,
  0x10a3,0x10a4,0x08c4,0x10a4,0x10a3,0x10c4,0x08a4,0x10c4,0x10a3,0x10c4,0x08c4,0x10a4,0x10c4,0x10a4,0x10c4,0x08a4,
  0x10c4,0x08a4,0x10c3,0x10a4,0x10c4,0x10c4,0x10a3,0x10c4,0x08a4,0x10c4,0x10a4,0x10a4,0x10c4,0x10a3,0x10c4,0x10a4,
  0x10c3,0x08a4,0x10c4,0x10c4,0x10a3,0x08c4,0x10a4,0x10c3,0x10a4,0x10c4,0x10c3,0x10a4,0x10c4,0x10a4,0x10c4,0x10a3,
  0x10c4,0x08a4,0x10a3,0x10c4,0x10c4,0x10a4,0x10c4,0x10c4,0x10a3,0x08c4,0x10a4,0x10c3,0x10a4,0x10c4,0x10c4,0x10a4,
  0x10c3,0x10c4,0x10a4,0x10c4,0x10a4,0x10c4,0x10a4,0x08c4,0x10a3,0x10a4,0x10c4,0x10a4,0x08c4,0x10a4,0x10a3,0x10c4,
  0x10c4,0x10a4,0x10a3,0x08c4,0x10a4,0x10c4,0x10a3,0x10c4,0x10a4,0x10c4,0x08a4,0x10c4,0x10a4,0x10c3,0x10c4,0x08a4,
  0x10c4,0x10c3,0x10a4,0x08c4,0x10a4,0x08c4,0x10c4,0x10a3,0x10c4,0x10a4,0x10c4,0x10a4,0x10c4,0x10a4,0x10c4,0x10a4,
  0x10c4,0x10a3,0x10c4,0x10a4,0x10c4,0x10a4,0x10c3,0x10a4,0x10c4,0x10a4,0x10c4,0x10a4,0x10a3,0x10c4,0x10a4,0x10c4,
  0x10c4,0x10a3,0x10c4,0x10c4,0x10a4,0x10c4,0x10a4,0x10c3,0x10a4,0x10a4,0x10c4,0x10a4,0x10c3,0x10a4,0x10c4,0x10c4,
  0x10a4,0x10c3,0x10c4,0x10a4,0x10c3,0x10c4,0x10a4,0x10c4,0x10c4,0x10a3,0x10c4,0x10a4,0x08c4,0x10a4,0x10c4,0x10a4,
  0x08c3,0x10a4,0x10c4,0x10a4,0x10c4,0x10a3,0x10a4,0x10c4,0x10a4,0x10a4,0x10c4,0x08a3,0x10c4,0x10a4,0x10a4,0x10c4,
  0x10a3,0x08c4,0x10a4,0x10a4,0x10c4,0x10a3,0x10c4,0x10a4,0x10c3,0x10a4,0x10c4,0x10a4,0x10c4,0x10a3,0x08c4,0x10a4,
  0x10c4,0x10a4,0x10a4,0x10c4,0x10a3,0x10c4,0x10c4,0x10a4,0x10c4,0x08c3,0x10a4,0x10c4,0x10c4,0x10a4,0x10c4,0x08a3,
  0x10c4,0x10a4,0x10c4,0x10a4,0x10c3,0x10a4,0x10c4,0x10a4,0x10c4,0x10a3,0x10c4,0x10a4,0x08c3,0x10a4,0x10c4,0x10a4,
  0x10c4,0x10a3,0x10a4,0x10c4,0x10a4,0x10c4,0x10a4,0x08c4,0x10a3,0x10a4,0x10c4,0x10a4,0x10c4,0x08c3,0x10a4,0x10c4,
  0x10a4,0x10c4,0x10a4,0x10c3,0x10a4,0x10c4,0x10c4,0x10a4,0x10c3,0x10c4,0x08a4,0x10c4,0x10c4,0x10a3,0x10c4,0x10a4,
  0x10c3,0x10a4,0x10c4,0x10a4,0x10c4,0x08a3,0x10c4,0x10a4,0x10c4,0x10a4,0x10c4,0x08a4,0x10c3,0x10a4,0x10c4,0x10a4,
  0x10c4,0x10a3,0x10a4,0x10c4,0x10a4,0x10c4,0x10a4,0x10c3,0x08a4,0x10a4,0x10c4,0x10a4,0x10c3,0x10c4,0x10a4,0x10c4,
  0x10a4,0x10c3,0x10a4,0x08c4,0x10a3,0x10c4,0x10c4,0x10a4,0x10c4,0x08c3,0x10a4,0x10c4,0x10c4,0x10a4,0x10c4,0x10a4,
  0x10c3,0x10a4,0x10c4,0x10a4,0x10c4,0x10a3,0x08c4,0x10a4,0x10c4,0x10a4,0x10c4,0x10a3,0x10c4,0x10a4,0x10c4,0x10a4,
  0x10c3,0x08a4,0x10a4,0x10c4,0x10a4,0x10c3,0x10a4,0x08c4,0x10a3,0x10a4,0x10c4,0x10a4,0x10c4,0x10c3,0x10a4,0x10c4,
  0x10a4,0x10c4,0x10a4,0x10c4,0x08a3,0x10c4,0x10c4,0x10a4,0x10c4,0x10c3,0x10a4,0x10c4,0x10c4,0x10a4,0x10c4,0x08a3,
  0x10c4,0x10a4,0x10c4,0x10a4,0x10c3,0x08a4,0x10c4,0x10a4,0x10c4,0x10a3,0x10c4,0x10a4,0x10c3,0x10a4,0x10c4,0x10a4,
  0x10c4,0x10a3,0x08a4,0x10c4,0x10a4,0x10c4,0x10a4,0x10c4,0x10a3,0x10a4,0x10c4,0x10a4,0x10c4,0x08c3,0x10a4,0x10c4,
  0x10a4,0x10c4,0x10a4,0x08c3,0x10a4,0x10c4,0x10c4,0x10a4,0x10c3,0x10c4,0x10a4,0x10c4,0x10c4,0x10a3,0x10c4,0x10a4,
  0x08c3,0x10a4,0x10c4,0x10a4,0x10c4,0x10a3,0x10c4,0x10a4,0x10c4,0x10a4,0x10c4,0x08a4,0x10c3,0x10a4,0x10c4,0x10a4,
  0x10c4,0x08a3,0x10a4,0x10c4,0x10a4,0x10c4,0x10a4,0x10c4,0x10a4,0x10a4,0x10c4,0x10a3,0x10c4,0x10c4,0x08a4,0x10a3,
  0x10a4,0x08a3,0x10c4,0x10a4,0x10a4,0x10c3,0x10a4,0x08c4,0x10a4,0x10a4,0x10c3,0x10a4,0x10a4,0x08c4,0x10a4,0x10a3,
  0x10a4,0x10c3,0x08a4,0x10c4,0x10a3,0x08c4,0x10a3,0x10c4,0x08a4,0x10a4,0x08c3,0x10a4,0x08c4,0x10a4,0x10c4,0x10a4,
  0x10a4,0x08c3,0x10a4,0x10c4,0x08a3,0x10a4,0x10c3,0x10a4,0x08a4,0x10c4,0x10a4,0x10c3,0x10a4,0x10c4,0x10a4,0x10c4,
  0x08a4,0x10c4,0x10a3,0x10c4,0x10a4,0x10c3,0x10a4,0x10a4,0x10c4,0x10a4,0x10a3,0x10c4,0x08a3,0x10c4,0x10a3,0x10c4,
  0x10a3,0x10c4,0x10a4,0x10c4,0x10a3,0x10a4,0x08c4,0x10a4,0x10c3,0x10a4,0x10c3,0x08a4,0x10c4,0x10a4,0x08c4,0x10a4,
  0x10c4,0x10a4,0x10a3,0x10c4,0x10a4,0x10c4,0x10a4,0x08a4,0x10c4,0x10a4,0x08a4,0x10c4,0x10a3,0x08c4,0x10a4,0x10c4,
  0x10a4,0x10c4,0x10a4,0x08a4,0x10c3,0x10a4,0x08a3,0x10c4,0x10a4,0x10a4,0x10c4,0x10a4,0x08c4,0x10a3,0x10a4,0x08c4,
  0x10a4,0x10a3,0x08c4,0x10a3,0x10c4,0x08a3,0x10a4,0x10c4,0x10a4,0x10c4,0x08a3,0x10a4,0x10c4,0x10a3,0x10c4,0x10a4,
  0x10a3,0x08c4,0x10a4,0x10c4,0x10a3,0x10a4,0x10c4,0x08a4,0x10c3,0x10a4,0x10c3,0x10a4,0x10c4,0x08a4,0x10a4,0x10c3,
  0x10a4,0x10c4,0x10a4,0x10c4,0x10a3,0x10c4,0x10a4,0x10c4,0x10a4,0x08c3,0x10a4,0x10c3,0x08a4,0x10c3,0x10a4,0x08c4,
  0x10a3,0x10c4,0x08a4,0x10c4,0x10a3,0x08a4,0x10c4,0x10a4,0x10c3,0x08a4,0x10a3,0x10c4,0x08a4,0x10c3,0x10a4,0x08a3,
  0x10c4,0x10a4,0x08c4,0x10a3,0x10c4,0x08a3,0x10c4,0x08a4,0x10c3,0x10a4,0x08c3,0x10a4,0x10c4,0x08a4,0x10c3,0x10a4,
  0x08c4,0x10a4,0x10a4,0x08c4,0x10a4,0x10a4,0x08c3,0x10a4,0x10a4,0x08c4,0x10a4,0x10c3,0x10a4,0x10c3,0x10a4,0x10a4,
  0x10c4,0x10a3,0x10c4,0x08a3,0x10a4,0x10c4,0x08a4,0x10c3,0x10a4,0x08c3,0x10a4,0x10a4,0x10c3,0x10a4,0x08c3,0x10a4,
  0x10c4,0x10a4,0x10c3,0x08a4,0x10c4,0x10a4,0x10a4,0x08c4,0x10a4,0x10c4,0x08a3,0x10c4,0x10a4,0x10c4,0x10a4,0x10c3,
  0x10a4,0x08c3,0x10a4,0x10c4,0x08a4,0x10a3,0x10c4,0x08a3,0x10a4,0x10c4,0x10a4,0x10a3,0x08c4,0x10a3,0x10c4,0x10a4,
  0x10a3,0x08c4,0x10a3,0x10c4,0x10a4,0x08c4,0x10a3,0x10a4,0x08c4,0x10a4,0x10a4,0x10c4,0x10a4,0x10c4,0x10a3,0x08c4,
  0x10a4,0x10c4,0x08a4,0x10a3,0x10c4,0x08a3,0x10c4,0x10a4,0x10c4,0x10a3,0x08c4,0x10a3,0x10a4,0x10c4,0x10a4,0x08c3,
  0x10a4,0x10c3,0x10a4,0x08c4,0x10a3,0x10c4,0x08a3,0x10c4,0x10a4,0x10a4,0x10c3,0x10a4,0x10a4,0x08c4,0x10a4,0x10c4,
  0x08a4,0x10c4,0x10a3,0x08c4,0x10a4,0x10c4,0x10a4,0x10a3,0x08c4,0x10a3,0x10a4,0x10c4,0x10a4,0x08c3,0x10a4,0x10c3,
  0x10a4,0x08c4,0x10a4,0x10a3,0x08c4,0x10a3,0x10c4,0x10a4,0x10c3,0x10a4,0x10c3,0x08a4,0x10a4,0x10c4,0x08a3,0x10c4,
  0x10a4,0x08c4,0x10a4,0x10c4,0x10a4,0x10c4,0x08a3,0x10c4,0x10a4,0x10a4,0x10c4,0x08a3,0x10a4,0x10c3,0x10a4,0x08c4,
  0x10a4,0x10c3,0x08a4,0x10c3,0x10a4,0x10c4,0x10a4,0x10a3,0x10c4,0x08a3,0x10a4,0x10c4,0x08a3,0x10c4,0x10a3,0x08c4,
  0x10a4,0x10c4,0x10a3,0x10a4,0x08c4,0x10a4,0x10c4,0x10a4,0x10c4,0x08a4,0x10c3,0x10a4,0x10a4,0x08c4,0x10a4,0x10c3,
  0x08a4,0x10c3,0x10a4,0x10c4,0x10a4,0x10c3,0x10a4,0x08c3,0x10a4,0x10a4,0x08c4,0x10a3,0x10a4,0x08c3,0x10a4,0x10c4,
  0x10a3,0x10c4,0x08a3,0x10c4,0x10a4,0x10c4,0x10a3,0x08a4,0x10c4,0x10a4,0x10a4,0x08c4,0x10a4,0x10c4,0x08a3,0x10c4,
  0x10a4,0x10c4,0x10a4,0x10a3,0x10c4,0x08a3,0x10c4,0x10a4,0x08c4,0x10a3,0x10c4,0x08a3,0x10a4,0x10c4,0x10a4,0x10c3,
  0x08a4,0x10c3,0x10a4,0x10c4,0x10a3,0x08c4,0x10a3,0x10c4,0x10a4,0x08a4,0x10c3,0x10a4,0x08a4,0x10c4,0x10a4,0x10c4,
  0x10a4,0x10c4,0x10a3,0x08c4,0x10a4,0x10c4,0x08a4,0x10a3,0x10c4,0x08a3,0x10a4,0x10c4,0x10a4,0x10c3,0x08a4,0x10c3,
  0x10a4,0x10c4,0x10a4,0x08a3,0x10c4,0x10a3,0x10c4,0x08a4,0x10c3,0x10a4,0x08c4,0x10a4,0x10a4,0x10c3,0x10a4,0x10c4,
  0x10c4,0x10a4,0x10c4,0x10a3,0x08c4,0x10a4,0x10c4,0x10a3,0x10c4,0x10a4,0x10c4,0x08a4,0x10c3,0x10a4,0x10c4,0x10a4,
  0x08c4,0x10a4,0x10c3,0x10a4,0x10c4,0x10a4,0x10a4,0x10c4,0x10a3,0x10c4,0x10a4,0x10c4,0x10a4,0x10c3,0x10a4,0x08c3,
  0x10a4,0x10c4,0x10a4,0x10a4,0x10c4,0x10a4,0x10c4,0x10a4,0x10c3,0x10a4,0x08c4,0x10a4,0x10c4,0x08a3,0x10c4,0x10a3,
  0x10c4,0x10a4,0x10a4,0x10c4,0x08a4,0x10a4,0x10c3,0x08a4,0x10c3,0x10a4,0x08c4,0x10a4,0x10c4,0x10a4,0x10a4,0x08c4,
  0x10a4,0x10a4,0x10c4,0x08a4,0x10c4,0x10a4,0x10c3,0x10a4,0x10c4,0x08a4,0x10c4,0x10a4,0x10a3,0x10c4,0x10a3,0x10a4,
  0x08c3,0x10a4,0x10c4,0x08a4,0x10c3,0x10a4,0x10c3,0x10a4,0x10c3,0x10a4,0x10c3,0x10a4,0x10c4,0x10a4,0x10a3,0x08c4,
  0x10a3,0x10a4,0x10c3,0x10a4,0x10c4,0x10a4,0x10c4,0x10a4,0x10c3,0x08a4,0x10c3,0x10a4,0x10a4,0x10c4,0x10a4,0x10c3,
  0x10a4,0x10c4,0x10a4,0x10c4,0x10a4,0x10c4,0x10a4,0x10c3,0x10a4,0x10a4,0x10c4,0x10a4,0x10c4,0x08a4,0x10c4,0x08a4,
  0x10c4,0x10a4,0x10c3,0x10a4,0x08c4,0x10a4,0x10c3,0x10a4,0x10a4,0x10c4,0x08a4,0x10a4,0x10c3,0x10a4,0x10c4,0x10a4,
  0x08c4,0x10a3,0x10a4,0x10c4,0x10a4,0x08a3,0x10c4,0x10a3,0x10c4,0x10a4,0x10a4,0x10c4,0x10a4,0x10a4,0x10c4,0x10a3,
  0x10a4,0x10c4,0x10a4,0x10a4,0x10c4,0x10a4,0x10c3,0x08a4,0x10a4,0x10c4,0x10a4,0x10c4,0x10a4,0x10a4,0x10c4,0x10a4,
  0x10c4,0x10a3,0x10a4,0x10c4,0x10a4,0x10a4,0x10c4,0x10a4,0x10a4,0x10c4,0x10a4,0x10a4,0x10c3,0x10a4,0x10a4,0x10c4,
  0x10a3,0x10c4,0x10a3,0x10c4,0x10a3,0x10c4,0x10a4,0x10c4,0x10a3,0x10c4,0x10a4,0x10a4,0x08c4,0x10a4,0x10c3,0x08a4,
  0x10c4,0x10a4,0x10a4,0x10c4,0x10a4,0x10c3,0x10a4,0x10a4,0x10c4,0x10a4,0x10c4,0x10a4,0x08c4,0x10a4,0x10c4,0x10a4,
  0x10c3,0x08a4,0x10a4,0x10c4,0x10a3,0x08c4,0x10a3,0x10c4,0x10a3,0x10a4,0x10c4,0x10a4,0x08a3,0x10c4,0x10a4,0x08a4,
  0x10c4,0x10a4,0x10c3,0x10a4,0x10c4,0x10a4,0x10c4,0x10a4,0x10c4,0x10a3,0x08c4,0x10a4,0x10c4,0x10a4,0x10a4,0x08c4,
  0x10a4,0x10c4,0x10a4,0x08a4,0x10c3,0x10a4,0x10c4,0x10a4,0x10c3,0x10a4,0x08c3,0x10a4,0x10c3,0x08a4,0x10a4,0x10c4,
  0x10a3,0x10a4,0x10c4,0x10a4,0x10c4,0x10a4,0x10a3,0x10c4,0x08a4,0x10c4,0x10a4,0x10c4,0x10a4,0x08c3,0x10a4,0x10a4,
  0x10c4,0x08a4,0x10c4,0x10a4,0x10c4,0x10a4,0x10a4,0x10c4,0x08a3,0x10c4,0x10a4,0x08c4,0x10a3,0x10c4,0x10a3,0x10a4,
  0x10c3,0x10a4,0x10a4,0x10c4,0x10a3,0x10a4,0x08c4,0x10a4,0x10c4,0x10a4,0x10c3,0x08a4,0x10c4,0x10a4,0x10a4,0x08c4,
  0x10a4,0x10a3,0x10c4,0x10a4,0x10c4,0x10a4,0x08a4,0x10c4,0x10a4,0x08c4,0x10a4,0x10c4,0x10a3,0x10c4,0x10a4,0x10a4,
  0x10c3,0x10a4,0x10c3,0x10a4,0x08c3,0x10a4,0x10a4,0x10c4,0x10a3,0x08c4,0x10a4,0x10c4,0x10a4,0x08c4,0x10a3,0x10a4,
  0x10c4,0x10a4,0x10a4,0x10c4,0x08a4,0x10a3,0x10c4,0x08a4,0x10c4,0x10a4,0x10c4,0x10a4,0x10c4,0x10a4,0x10a4,0x10c4,
  0x10a3,0x10a4,0x08c4,0x10a4,0x10c3,0x10a4,0x10a3,0x08c4,0x10a3,0x10c4,0x10a4,0x08c4,0x10a3,0x10c4,0x10a4,0x10a4,
  0x10c4,0x10a4,0x08c3,0x10a4,0x10c4,0x08a4,0x10a4,0x10c4,0x10a4,0x10c3,0x10a4,0x10c4,0x10a4,0x10c4,0x10a4,0x10a4,
  0x08c4,0x10a4,0x10a4,0x10c4,0x10a3,0x08a4,0x10c4,0x10a4,0x10c3,0x08a4,0x10c3,0x10a4,0x10c3,0x10a4,0x10a4,0x10c4,
  0x08a3,0x10a4,0x10c4,0x08a4,0x10c4,0x10a4,0x10a3,0x10c4,0x10a4,0x10c4,0x10a4,0x10c4,0x10a4,0x10c3,0x08a4,0x10a4,
  0x10c4,0x10a4,0x10c4,0x08a4,0x10c4,0x10a4,0x10a4,0x08c4,0x10a3,0x10c4,0x10a4,0x10c4,0x10a3,0x10c4,0x08a3,0x10a4,
  0x10c3,0x08a4,0x10a4,0x10c4,0x10a3,0x10a4,0x10c4,0x10a4,0x10c4,0x10a4,0x10c3,0x10a4,0x08c4,0x10a4,0x10a4,0x10c4,
  0x10a4,0x08a3,0x10c4,0x10a4,0x10c4,0x08a4,0x10a4,0x10c3,0x10a4,0x10c4,0x10a3,0x10c4,0x08a4,0x10c4,0x10a4,0x10c4,
  0x10a4,0x10c3,0x08a4,0x10c4,0x10a4,0x10c4,0x10a3,0x10a4,0x08c4,0x10a3,0x10c4,0x10a4,0x10c4,0x10a3,0x08c4,0x10a3,
  0x10c4,0x10a4,0x10c4,0x08a4,0x10a3,0x10c4,0x08a3,0x10c4,0x10a4,0x08c4,0x10a4,0x10c3,0x10a4,0x08a4,0x10c4,0x10a4,
  0x10c4,0x10a3,0x10c4,0x08a3,0x10c4,0x10a3,0x08c4,0x10a4,0x10c4,0x10a4,0x10a3,0x10c4,0x10a4,0x10a4,0x10c4,0x10a4,
  0x08a4,0x10c3,0x10a4,0x10c3,0x10a4,0x10c4,0x10a4,0x10c4,0x10a4,0x10c4,0x10a3,0x10c4,0x10a3,0x08c4,0x10a3,0x10c4,
  0x10a4,0x10c3,0x10a4,0x10c3,0x10a4,0x08c4,0x10a4,0x10c4,0x10a3,0x10a4,0x10c4,0x10a3,0x08c4,0x10a4,0x10c4,0x10a4,
  0x10c4,0x10a4,0x10a3,0x10c4,0x10a4,0x08a4,0x10c4,0x10a4,0x08c4,0x10a4,0x10a4,0x08c4,0x10a3,0x10c4,0x10a4,0x10a4,
  0x10c4,0x08a4,0x10c4,0x10a4,0x08c3,0x10a4,0x10c3,0x08a4,0x10c4,0x10a4,0x10a4,0x10c4,0x08a3,0x10c4,0x10a4,0x08c4,
  0x10a4,0x10c3,0x08a4,0x10a3,0x10c4,0x08a3,0x10c4,0x10a4,0x08c4,0x10a3,0x10c4,0x08a3,0x10c4,0x10a3,0x10a4,0x10c3,
  0x10a4,0x10c4,0x08a4,0x10c4,0x10a3,0x10c4,0x10a4,0x08c4,0x10a4,0x10c3,0x10a4,0x10c4,0x08a4,0x10c3,0x10a4,0x10c3,
  0x10a4,0x10c4,0x08a4,0x10c3,0x10a4,0x10c4,0x10a4,0x08a4,0x10c4,0x10a3,0x08c4,0x10a4,0x10c3,0x08a4,0x10c4,0x10a4,
  0x08c4,0x10a4,0x10c3,0x08a4,0x10c3,0x10a4,0x10c4,0x10a4,0x10c4,0x10a3,0x08c4,0x10a3,0x10c4,0x08a3,0x10c4,0x10a3,
  0x08c4,0x10a4,0x10c4,0x08a3,0x10c4,0x10a4,0x08a3,0x10c4,0x10a3,0x08c4,0x10a3,0x10c4,0x08a4,0x10c4,0x10a4,0x08c3,
  0x10a4,0x10a4,0x08c4,0x10a4,0x10c4,0x08a4,0x10c3,0x10a4,0x08c4,0x10a4,0x10c3,0x10a4,0x10c3,0x10a4,0x10a4,0x10c4,
  0x10a3,0x08c4,0x10a3,0x10c4,0x08a4,0x10c4,0x10a4,0x08c3,0x10a4,0x10c4,0x08a3,0x10c4,0x10a3,0x10c4,0x10a3,0x08a4,
  0x10c4,0x10a4,0x10c4,0x10a3,0x10c4,0x10a4,0x10c4,0x10a4,0x08c4,0x10a4,0x10c3,0x10a4,0x10c4,0x10a4,0x10c3,0x10a4,
  0x10c3,0x10a4,0x08a4,0x10c4,0x10a3,0x08c4,0x10a3,0x10c4,0x08a4,0x10c4,0x10a4,0x10c3,0x10a4,0x08c4,0x10a3,0x10c4,
  0x10a3,0x10c4,0x10a3,0x10c4,0x10a4,0x10a4,0x08c4,0x10a3,0x10c4,0x10a4,0x10c4,0x10a4,0x10a4,0x10c4,0x10a3,0x10c4,
  0x08a4,0x10c4,0x10a3,0x08c4,0x10a3,0x10c4,0x08a4,0x10c4,0x10a3,0x10a4,0x10c3,0x08a4,0x10c4,0x10a4,0x10c4,0x10a3,
  0x10c4,0x10a4,0x10a3,0x10c4,0x08a3,0x10c4,0x10a3,0x10c4,0x10a4,0x10a4,0x10c4,0x10a3,0x10c4,0x10a4,0x08c4,0x10a4,
  0x10c4,0x08a4,0x10c3,0x10a4,0x08c4,0x10a4,0x10c3,0x10a4,0x10c3,0x08a4,0x10c4,0x10a4,0x10a3,0x10c4,0x10a3,0x10c4,
  0x10a4,0x10c4,0x08a4,0x10c3,0x10a4,0x10c4,0x10a3,0x10c4,0x10a3,0x10a4,0x10c3,0x10a4,0x08c4,0x10a4,0x10c4,0x08a3,
  0x10c4,0x10a4,0x08a4,0x10c4,0x10a4,0x10c4,0x10a3,0x08c4,0x10a4,0x10a4,0x10c3,0x10a4,0x10c3,0x10a4,0x10c4,0x10a4,
  0x08c3,0x10a4,0x10c3,0x10a4,0x10c4,0x10a4,0x10c4,0x10a3,0x10c4,0x10a4,0x08c3,0x10a4,0x10a3,0x08c4,0x10a3,0x10c4,
  0x08a4,0x10c4,0x10a4,0x10c3,0x10a4,0x08c4,0x10a4,0x10c4,0x10a4,0x10a4,0x10c3,0x10a4,0x10c4,0x10a4,0x08c3,0x10a4,
  0x10c3,0x10a4,0x10a4,0x10c4,0x10a3,0x10c4,0x10a3,0x10c4,0x08a4,0x10a4,0x10c4,0x08a3,0x10c4,0x10a4,0x08c3,0x10a4,
  0x10c3,0x10a4,0x10c3,0x08a4,0x10c4,0x10a4,0x10c4,0x10a3,0x10c4,0x10a4,0x10c4,0x10a4,0x08a4,0x10c4,0x10a3,0x10c4,
  0x10a4,0x10c4,0x10a3,0x10c4,0x10a3,0x10c4,0x08a4,0x10c4,0x10a3,0x08a4,0x10c3,0x10a4,0x08c4,0x10a4,0x10c4,0x10a3,
  0x10c4,0x08a4,0x10a3,0x10c4,0x10a3,0x10c4,0x10a3,0x10c4,0x10a4,0x10a4,0x08c4,0x10a3,0x10c4,0x10a4,0x10c4,0x10a4,
  0x10c4,0x10a4,0x10c3,0x10a4,0x08c4,0x10a4,0x10c3,0x08a4,0x10c3,0x10a4,0x08c4,0x10a4,0x10a3,0x10c4,0x10a3,0x08c4,
  0x10a4,0x10c4,0x10a4,0x10c3,0x10a4,0x10c3,0x10a4,0x10c4,0x08a4,0x10a4,0x10c4,0x10a3,0x10c4,0x10a3,0x08a4,0x10c3,
  0x10a4,0x10c4,0x10a4,0x10a3,0x10c4,0x08a4,0x10c4,0x10a4,0x10c4,0x10a4,0x08a3,0x10c4,0x10a4,0x10a4,0x10c4,0x10a4,
  0x10a4,0x10c3,0x10a4,0x10c4,0x10a4,0x10c4,0x10a4,0x10a4,0x10c3,0x10a4,0x10a4,0x08c4,0x10a4,0x10c3,0x10a4,0x10c4,
  0x10a4,0x08a4,0x10c4,0x10a4,0x10c4,0x10a4,0x10a3,0x10c4,0x08a3,0x10c4,0x10a4,0x08c4,0x10a3,0x10c4,0x08a3,0x10c4,
  0x10a4,0x10c4,0x08a4,0x10c4,0x10a3,0x08c4,0x10a3,0x10c4,0x08a4,0x10a4,0x10c4,0x08a4,0x10a4,0x10c4,0x10a4,0x10a4,
  0x08c3,0x10a4,0x08a4,0x10c4,0x10a4,0x10a3,0x10c4,0x08a4,0x10c4,0x10a4,0x08c3,0x10a4,0x10c4,0x10a4,0x08c3,0x10a4,
  0x10a3,0x08c4,0x10a4,0x10c4,0x10a4,0x10c3,0x10a4,0x10c4,0x10a3,0x10c4,0x10a3,0x10c4,0x10a4,0x08a4,0x10c3,0x10a4,
  0x10c3,0x10a4,0x10c3,0x10a4,0x10c4,0x10a4,0x10a4,0x10c4,0x10a3,0x10c4,0x08a3,0x10c4,0x10a4,0x10c4,0x10a3,0x10a4,
  0x10c4,0x10a4,0x10c4,0x10a4,0x10c4,0x10a4,0x10a4,0x10c3,0x10a4,0x10c4,0x10a4,0x10c4,0x10a4,0x10c4,0x10a4,0x10c4,
  0x08a3,0x10a4,0x10c3,0x10a4,0x10a4,0x08c4,0x10a4,0x10a3,0x10c4,0x10a4,0x08c4,0x10a3,0x10a4,0x10c4,0x08a4,0x10a4,
  0x10c4,0x10a3,0x10c4,0x10a4,0x08c4,0x10a3,0x10c4,0x10a4,0x10c4,0x10a4,0x10c3,0x10a4,0x10a4,0x10c4,0x10a3,0x10c4,
  0x10a3,0x10a4,0x10c4,0x10a4,0x10c4,0x08a4,0x10a3,0x10c4,0x08a4,0x10c4,0x10a4,0x10c4,0x10a4,0x10c4,0x10a4,0x10c4,
  0x10a4,0x10c3,0x10a4,0x10a4,0x10c4,0x10a3,0x10c4,0x10a4,0x10c4,0x10a4,0x10c4,0x10a4,0x10c4,0x10a3,0x10c4,0x10a4,
  0x10c4,0x10a4,0x10c3,0x10a4,0x10a3,0x10c4,0x10a4,0x10a4,0x10c3,0x10a4,0x08c4,0x10a4,0x10a4,0x08c4,0x10a3,0x10c4,
  0x10a4,0x10c4,0x10a4,0x10c4,0x10a3,0x10a4,0x10c4,0x10a4,0x10c3,0x10a4,0x10a4,0x10c4,0x10a4,0x10a4,0x10c4,0x10a4,
  0x10c4,0x10a3,0x10c4,0x08a4,0x10a4,0x10c4,0x08a3,0x10a4,0x10c3,0x10a4,0x08a4,0x10c4,0x10a3,0x08c4,0x10a4,0x10c4,
  0x08a4,0x10c4,0x10a3,0x10c4,0x10a4,0x10a4,0x10c4,0x10a4,0x10a3,0x10c4,0x10a4,0x10a4,0x10c3,0x10a4,0x10c4,0x10a4,
  0x10c4,0x08a4,0x10c4,0x10a4,0x08c4,0x10a3,0x10c4,0x10a4,0x08a4,0x10c4,0x10a3,0x08c4,0x10a3,0x10c4,0x08a4,0x10a4,
  0x10c3,0x10a4,0x10c4,0x10a4,0x10c4,0x10a4,0x10c3,0x10a4,0x10c4,0x10a4,0x10c4,0x10a4,0x10a3,0x10c4,0x10a4,0x08c4,
  0x10a3,0x10c4,0x08a4,0x10a4,0x10c4,0x10a4,0x08a4,0x10c4,0x10a4,0x08c3,0x10a4,0x10c4,0x08a4,0x10a4,0x10c3,0x10a4,
  0x10a3,0x10c4,0x10a4,0x10c4,0x10a3,0x10c4,0x10a4,0x10a4,0x10c4,0x10a4,0x10a3,0x10c4,0x10a4,0x08c4,0x10a4,0x10a4,
  0x08c3,0x10a4,0x10c4,0x10a4,0x08c3,0x10a4,0x10c4,0x08a4,0x10c4,0x10a4,0x08c4,0x10a4,0x10a4,0x10c3,0x10a4,0x10c4,
  0x10a4,0x10c4,0x10a3,0x10a4,0x10c3,0x10a4,0x10a4,0x10c4,0x10a3,0x10c4,0x10a4,0x08c4,0x10a4,0x10a4,0x08c3,0x10a4,
  0x10a4,0x10c4,0x08a4,0x10c4,0x10a3,0x08c4,0x10a4,0x10a4,0x08c3,0x10a4,0x10a4,0x10c4,0x10a4,0x10c4,0x10a4,0x10a4,
  0x10c4,0x10a3,0x10c4,0x10a4,0x10c4,0x10a4,0x10c3,0x10a4,0x10c3,0x08a4,0x10c4,0x10a4,0x08a3,0x10c4,0x10a4,0x10c4,
  0x08a4,0x10c4,0x10a3,0x08a4,0x10c4,0x10a4,0x08a4,0x10c4,0x10a3,0x10c4,0x10a4,0x10c4,0x10a3,0x10a4,0x10c4,0x10a4,
  0x10a4,0x10c4,0x10a4,0x10c4,0x10a4,0x10c3,0x10a4,0x08a4,0x10c4,0x10a4,0x08a3,0x10c4,0x10a3,0x10c4,0x08a4,0x10a4,
  0x10c3,0x08a4,0x10c4,0x10a4,0x08c4,0x10a4,0x10c3,0x10a4,0x10c4,0x10a4,0x10c4,0x10a4,0x10a3,0x10c4,0x10a4,0x10c4,
  0x10a3,0x10c4,0x10a4,0x10a4,0x10c4,0x08a4,0x10a4,0x10c4,0x08a4,0x10c3,0x10a4,0x10c4,0x08a4,0x10a4,0x10c3,0x08a4,
  0x10a3,0x10c4,0x08a4,0x10c4,0x10a3,0x10c4,0x10a4,0x10a4,0x10c4,0x10a4,0x10a3,0x10c4,0x10a4,0x10c4,0x10a4,0x10a4,
  0x10c3,0x10a4,0x10c4,0x08a4,0x10c4,0x10a4,0x08c4,0x10a3,0x10c4,0x10a3,0x08a4,0x10c4,0x10a4,0x10c4,0x10a4,0x10a4,
  0x10c4,0x08a3,0x10c4,0x10a4,0x10c4,0x10a3,0x10a4,0x08c3,0x10a4,0x10c4,0x10a4,0x10c3,0x08a4,0x10c3,0x10a4,0x08c3,
  0x10a4,0x10c4,0x08a4,0x10a3,0x10c4,0x08a3,0x10c4,0x10a4,0x08c4,0x10a4,0x10c3,0x10a4,0x10c4,0x10a4,0x10a3,0x08c4,
  0x10a3,0x10c4,0x10a3,0x10c4,0x08a3,0x10c4,0x10a4,0x10c4,0x10a4,0x10c4,0x10a3,0x10a4,0x10c4,0x10a4,0x10c4,0x10a4,
  0x10c3,0x10a4,0x10a3,0x10c4,0x10a4,0x10a4,0x10c4,0x10a4,0x10c3,0x10a4,0x10c3,0x10a4,0x10c3,0x10a4,0x10c4,0x10a3,
  0x10c4,0x10a4,0x10c4,0x10a3,0x10c4,0x08a4,0x10c4,0x10a3,0x10a4,0x10c4,0x10a4,0x10a4,0x10c3,0x10a4,0x10a4,0x10c4,
  0x10a4,0x10c4,0x10a3,0x08c4,0x10a4,0x10c4,0x08a3,0x10a4,0x10c4,0x08a4,0x10c4,0x10a4,0x10c3,0x10a4,0x10c4,0x08a4,
  0x10c4,0x08a4,0x10c4,0x08a4,0x10a3,0x08c4,0x10a4,0x10c4,0x08a4,0x10a4,0x10c4,0x10a4,0x10c3,0x08a4,0x10c4,0x10a3,
  0x08c4,0x10a3,0x10a4,0x08c4,0x10a3,0x10c4,0x08a4,0x10c4,0x10a4,0x08a3,0x10c4,0x10a3,0x08a4,0x10c3,0x10a4,0x10a4,
  0x10c4,0x10a4,0x10c4,0x10a4,0x10c3,0x10a4,0x10c4,0x10a4,0x08c4,0x10a3,0x10a4,0x10c4,0x10a4,0x10c3,0x10a4,0x10c4,
  0x08a4,0x10a4,0x10c4,0x10a3,0x10a4,0x10c4,0x10a4,0x08c3,0x10a4,0x10a4,0x08c4,0x10a4,0x10c3,0x08a4,0x10c4,0x10a4,
  0x08c4,0x10a4,0x10c3,0x08a4,0x10a3,0x10c4,0x10a4,0x10c4,0x10a3,0x10a4,0x10c3,0x08a4,0x10a4,0x10c3,0x08a4,0x10a4,
  0x08c4,0x10a4,0x08c4,0x10a3,0x08c4,0x10a4,0x10c4,0x08a4,0x10c3,0x10a4,0x08a4,0x10c3,0x10a4,0x08a4,0x10c4,0x10a3,
  0x08a4,0x10c4,0x10a4,0x08c4,0x10a4,0x10c4,0x08a3,0x10c4,0x10a4,0x10a4,0x10c3,0x10a4,0x10c4,0x10a4,0x10c4,0x08a4,
  0x10a3,0x10c4,0x08a3,0x10a4,0x10c4,0x08a3,0x10c4,0x10a4,0x08a4,0x10c4,0x10a3,0x08c4,0x10a4,0x08c3,0x10a4,0x10c3,
  0x08a4,0x10a4,0x10c4,0x10a3,0x10c4,0x10a4,0x10c4,0x10a4,0x10c4,0x10a4,0x10c3,0x10a4,0x10c4,0x10a4,0x10a3,0x10c4,
  0x10a4,0x10a4,0x10c4,0x08a4,0x10c3,0x10a4,0x08a3,0x10c4,0x10a4,0x08c3,0x10a4,0x08c4,0x10a4,0x10a4,0x08c3,0x10a4,
  0x10a4,0x10c3,0x10a4,0x10a3,0x10c4,0x10a4,0x10a4,0x10c3,0x10a4,0x10c4,0x10a4,0x10a4,0x10c4,0x10a4,0x10c3,0x10a4,
  0x10c4,0x08a4,0x10a3,0x10c4,0x08a4,0x10a4,0x10c4,0x08a4,0x10a3,0x08c4,0x10a3,0x10c4,0x08a4,0x10c3,0x10a4,0x10a4,
  0x10c4,0x10a4,0x10c3,0x10a4,0x10c4,0x10a3,0x10c4,0x10a3,0x10c4,0x10a4,0x10c4,0x10a3,0x10c4,0x10a4,0x10c4,0x08a4,
  0x10c4,0x10a4,0x08c3,0x10a4,0x10a4,0x08c4,0x10a3,0x08c4,0x10a4,0x10c4,0x08a4,0x10c4,0x10a3,0x10c4,0x10a3,0x10c4,
  0x10a4,0x10c3,0x10a4,0x10a4,0x10c4,0x10a4,0x10a3,0x10c4,0x10a4,0x10a3,0x10c4,0x10a3,0x10c4,0x08a4,0x10a4,0x10c3,
  0x08a4,0x10a4,0x10c4,0x08a4,0x10c4,0x08a4,0x10c3,0x10a4,0x08c4,0x10a4,0x10c3,0x10a4,0x10c4,0x10a4,0x10c4,0x10a4,
  0x10c3,0x10a4,0x10c3,0x10a4,0x10a4,0x10c3,0x10a4,0x10c4,0x10a4,0x10c4,0x10a3,0x08c4,0x10a4,0x10c3,0x08a4,0x10c3,
  0x10a4,0x08c4,0x10a4,0x08a3,0x10c4,0x10a4,0x08a4,0x10c4,0x10a4,0x10a4,0x10c3,0x10a4,0x10c4,0x10a4,0x10a3,0x10c4,
  0x10a4,0x10a4,0x10c4,0x10a4,0x10c3,0x10a4,0x10c3,0x10a4,0x10c4,0x08a3,0x10c4,0x10a4,0x08c4,0x10a4,0x10c3,0x08a4,
  0x10c4,0x08a3,0x10c4,0x10a3,0x08a4,0x10c4,0x10a4,0x10c3,0x10a4,0x10c4,0x10a4,0x10c4,0x10a4,0x10c4,0x10a3,0x10c4,
  0x10a4,0x10c4,0x10a3,0x10a4,0x10c4,0x10a4,0x10a4,0x08c4,0x10a3,0x10a4,0x08c3,0x10a4,0x10c4,0x08a3,0x10a4,0x08c4,
  0x10a4,0x10a4,0x08c3,0x10a4,0x10c4,0x10a3,0x10c4,0x10a3,0x10c4,0x10a4,0x10c4,0x10a3,0x10c4,0x10a4,0x10c4,0x10a4,
  0x10c4,0x10a4,0x10c3,0x10a4,0x10a4,0x08c4,0x10a3,0x10c4,0x08a4,0x10c4,0x10a4,0x08c4,0x10a3,0x08c4,0x10a3,0x10c4,
  0x08a4,0x10c3,0x10a4,0x10a3,0x10c4,0x10a4,0x10a4,0x10c4,0x10a4,0x10c4,0x10a4,0x10c3,0x08a4,0x10a4,0x10c3,0x08c4,
  0x10a4,0x10c4,0x10a4,0x08c4,0x10a4,0x10c4,0x10a4,0x10c4,0x10a4,0x10a4,0x08c4,0x10a4,0x10c4,0x10a4,0x10c4,0x10a4,
  0x10c4,0x10a4,0x10c4,0x10a4,0x10c4,0x10a4,0x10c4,0x10a4,0x10a4,0x10c4,0x10a4,0x08c4,0x10a3,0x10c4,0x10a4,0x10c4,
  0x10a4,0x10c4,0x08a4,0x10a4,0x10c4,0x10a4,0x08c4,0x10a4,0x10a4,0x08c4,0x10a4,0x10c4,0x08a4,0x10c4,0x10a3,0x08a4,
  0x10c4,0x10a4,0x08c4,0x10a4,0x10c4,0x08a4,0x10c4,0x08a4,0x10a4,0x10c4,0x08a4,0x10c4,0x10a4,0x08c4,0x10a4,0x10c4,
  0x08a4,0x10c4,0x10a4,0x08c4,0x10a4,0x10c4,0x10a4,0x10c4,0x08a4,0x10c4,0x10a3,0x08c4,0x10a4,0x10c4,0x08a4,0x10c4,
  0x10a4,0x08c4,0x10a4,0x10a4,0x10c4,0x10a4,0x10c4,0x10a4,0x10c4,0x10a4,0x10a4,0x08c4,0x10a4,0x08c4,0x10a4,0x10c4,
  0x10a4,0x10a4,0x10c4,0x10a4,0x10c4,0x10a4,0x10c4,0x10a3,0x10c4,0x10a4,0x10c4,0x10a4,0x10a4,0x10c4,0x10a4,0x10c4,
  0x10a4,0x10c4,0x10a4,0x10c4,0x10a4,0x10a4,0x10c4,0x10a4,0x10c4,0x10a4,0x10c4,0x10a4,0x10c4,0x10a4,0x08c4,0x10a4,
  0x10c4,0x08a4,0x10c4,0x10a4,0x08a4,0x10c4,0x10a4,0x10c3,0x10a4,0x10c4,0x10a4,0x10c4,0x08a4,0x10c4,0x10a4,0x10a4,
  0x10c3,0x10a4,0x08c4,0x10a4,0x10c4,0x08a4,0x10a4,0x10c4,0x10a4,0x10c4,0x10a3,0x10c4,0x10a4,0x10c4,0x10a4,0x10a4,
  0x10c4,0x10a4,0x10a4,0x10c4,0x10a4,0x10c4,0x08a4,0x10c4,0x10a4,0x08c4,0x10a4,0x10c4,0x10a4,0x10c4,0x10a4,0x10c3,
  0x10a4,0x10a4,0x10c4,0x10a4,0x10c4,0x10a4,0x10a4,0x10c4,0x10a4,0x10c4,0x10a4,0x10a4,0x10c4,0x10a4,0x10c4,0x10a4,
  0x10c4,0x10a4,0x10c3,0x10a4,0x10c4,0x10a4,0x10c4,0x10a4,0x08c4,0x10a4,0x10c4,0x08a4,0x10c4,0x10a3,0x10a4,0x10c4,
  0x10a4,0x10c4,0x10a4,0x10c4,0x10a4,0x10c4,0x10a4,0x10c4,0x10a4,0x10c4,0x10a4,0x10a4,0x10c4,0x10a4,0x10c4,0x10a4,
  0x10c4,0x10a4,0x08c4,0x10a4,0x10a4,0x08c4,0x10a3,0x10c4,0x08a4,0x10c4,0x10a4,0x08c4,0x10a4,0x10c4,0x08a4,0x10a4,
  0x10c4,0x08a3,0x10c4,0x10a4,0x10a4,0x10c4,0x10a4,0x10c4,0x10a4,0x10c4,0x10a4,0x10a4,0x10c4,0x10a4,0x10c4,0x10a4,
  0x08c4,0x10a4,0x10c4,0x08a4,0x10c4,0x10a4,0x08c4,0x10a4,0x10c4,0x08a4,0x10c3,0x10a4,0x08c4,0x10a4,0x10c4,0x08a4,
  0x10a4,0x10c4,0x10a4,0x10c4,0x10a4,0x10c3,0x10a4,0x10c4,0x10a4,0x10c4,0x10a4,0x10a4,0x10c4,0x10a4,0x08c4,0x10a4,
  0x10c4,0x08a4,0x10c4,0x10a4,0x08a4,0x10c4,0x10a4,0x08c4,0x10a4,0x10a4,0x08c4,0x10a4,0x10a4,0x08c4,0x10a3,0x10c4,
  0x10a4,0x10c4,0x10a4,0x10c4,0x10a4,0x10c4,0x10a4,0x10c4,0x10a4,0x10c3,0x10a4,0x10c4,0x08a4,0x10a4,0x10c4,0x08a4,
  0x10c4,0x10a4,0x08c4,0x10a4,0x10a4,0x08c4,0x10a4,0x10c4,0x08a4,0x10c4,0x10a4,0x08c4,0x10a4,0x10c4,0x10a4,0x10c4,
  0x10a4,0x10c4,0x10a3,0x10c4,0x10a4,0x10c4,0x10a4,0x10c4,0x10a4,0x10a4,0x08c4,0x10a4,0x10a4,0x08c3,0x10a4,0x10c4,
  0x08a4,0x10c4,0x10a4,0x08c4,0x10a4,0x10c4,0x08a4,0x10c4,0x10a4,0x08c4,0x10a4,0x10c4,0x10a4,0x10a4,0x10c4,0x10a4,
  0x10c4,0x10a4,0x10c4,0x10a4,0x10a4,0x10c4,0x10a3,0x10c4,0x08a4,0x10c4,0x10a4,0x08c4,0x10a4,0x10c4,0x08a4,0x10c4,
  0x10a4,0x08c3,0x10a4,0x10c4,0x08a4,0x10c4,0x10a4,0x08c4,0x10a4,0x10a4,0x10c4,0x10a4,0x10a4,0x10c4,0x10a4,0x10c4,
  0x10a4,0x10c4,0x10a4,0x10c4,0x10a4,0x10c4,0x08a4,0x10c4,0x10a4,0x08c4,0x10a3,0x10c4,0x08a4,0x10a4,0x10c4,0x08a4,
  0x10c4,0x10a4,0x08c4,0x10a4,0x10a4,0x08c3,0x10a4,0x10c4,0x10a4,0x10c4,0x10a4,0x10c4,0x10a4,0x10c4,0x10a4,0x10c4,
  0x10a4,0x10c4,0x10a4,0x10c4,0x08a4,0x10c4,0x10a4,0x08c4,0x10a4,0x10a4,0x08c4,0x10a4,0x10a4,0x08c4,0x10a3,0x10c4,
  0x08a4,0x10c4,0x10a4,0x08c4,0x10a4,0x10c4,0x10a4,0x10c4,0x10a4,0x10c3,0x10a4,0x10c4,0x10a4,0x10a4,0x10c4,0x10a4,
  0x10c4,0x10a4,0x08c4,0x10a4,0x10a4,0x08c4,0x10a3,0x10c4,0x08a4,0x10a4,0x10c4,0x10a4,0x10c4,0x10a4,0x10a4,0x10a4,
  0x10c4,0x10a4,0x10c4,0x10a4,0x10c4,0x08c4,0x10a4,0x10c4,0x08c4,0x10c3,0x10a4,0x10c4,0x10c4,0x08a4,0x10c4,0x10c4,
  0x08a4,0x10c4,0x10c4,0x08a4,0x10c4,0x10c4,0x08a4,0x10c3,0x10c4,0x08c4,0x10a4,0x10c4,0x10c4,0x08a4,0x10c4,0x10c4,
  0x08a4,0x10c4,0x10c4,0x10c4,0x10a4,0x10c4,0x10c4,0x10c3,0x10c4,0x10a4,0x10c4,0x10c4,0x10a3,0x10c4,0x10c4,0x10c4,
  0x10a4,0x10c4,0x10c4,0x10a4,0x10c4,0x10c3,0x10a4,0x10c4,0x10c4,0x10c4,0x10a4,0x10c4,0x10c4,0x10a4,0x10c4,0x10c4,
  0x10a4,0x10c4,0x10c4,0x10a4,0x10c4,0x10a3,0x10c4,0x10c4,0x10a4,0x10c4,0x10c4,0x10a4,0x10c4,0x10c4,0x10c4,0x10a4,
  0x10c3,0x10c4,0x10c4,0x10c4,0x08a3,0x10c4,0x10c4,0x08a4,0x10c4,0x08c3,0x10c4,0x10a4,0x10c4,0x10c4,0x10a4,0x10c3,
  0x10c4,0x10c4,0x10a3,0x10c4,0x10c4,0x08c4,0x10a4,0x10c4,0x08c4,0x10c4,0x10a3,0x08c4,0x10c4,0x10c4,0x08a4,0x10c4,
  0x10c4,0x08a4,0x10c4,0x10c4,0x08c4,0x10c4,0x10a3,0x08c4,0x10c4,0x08a4,0x10c4,0x10c4,0x08a4,0x10c4,0x10c4,0x10c3,
  0x10a4,0x10c4,0x10c3,0x10c4,0x10c4,0x10a4,0x08c4,0x10c4,0x10a4,0x08c4,0x10c4,0x10a4,0x10c4,0x10c4,0x08c4,0x10c4,
  0x10c4,0x10c4,0x10a4,0x10c4,0x10c4,0x10c4,0x10c4,0x10a4,0x08c3,0x10c4,0x10a4,0x08c4,0x10c4,0x10a4,0x08c4,0x10c3,
  0x10a4,0x08c4,0x10c4,0x10c4,0x08c4,0x10a4,0x10c4,0x10c4,0x10c4,0x10a4,0x10c4,0x10c4,0x08c4,0x10a4,0x10c4,0x08c4,
  0x10c4,0x10c4,0x10a4,0x10c4,0x08c4,0x10c4,0x10c3,0x08a4,0x10c4,0x10c4,0x08c4,0x10c4,0x08c4,0x10c3,0x08a4,0x10c4,
  0x10c4,0x08a4,0x10c4,0x08c4,0x10a4,0x08c4,0x10a4,0x10c4,0x10c4,0x10c4,0x10a4,0x10c4,0x10c4,0x08c4,0x10c4,0x08c4,
  0x10c4,0x08a4,0x10c4,0x08c4,0x10c4,0x10a4,0x08c4,0x10c3,0x08c4,0x10a4,0x10c4,0x08c4,0x10c4,0x10a4,0x08c4,0x10c4,
  0x10a4,0x10c4,0x10c4,0x10c4,0x10c4,0x10a4,0x10c4,0x10c4,0x10a4,0x10c4,0x10c4,0x10a4,0x10c4,0x10c4,0x10c4,0x10c4,
  0x10c4,0x10c4,0x10a4,0x10c4,0x08c4,0x10c4,0x10c4,0x08a4,0x10c4,0x10c4,0x10c4,0x08c3,0x10c4,0x10c4,0x08a4,0x10c4,
  0x10c4,0x10a4,0x10c4,0x10c4,0x10a4,0x10c4,0x10c4,0x10c4,0x10a4,0x10c4,0x10c4,0x10c4,0x10a4,0x10c4,0x10c4,0x10c4,
  0x10c4,0x10c4,0x08c4,0x10a4,0x10c4,0x08c4,0x10a4,0x10c4,0x10c4,0x08a4,0x10c4,0x10c4,0x08c4,0x10a4,0x10c4,0x10c3,
  0x10a4,0x10c4,0x10a4,0x10c4,0x10c4,0x10c4,0x10a4,0x10c4,0x10c4,0x10c4,0x10a4,0x10c4,0x10c4,0x10c4,0x10a4,0x10c4,
  0x08c4,0x10a4,0x10c4,0x08c4,0x10a4,0x10c4,0x10c4,0x08a4,0x10c4,0x10a4,0x08c4,0x10c4,0x10c4,0x10c4,0x10a4,0x10c4,
  0x10c4,0x10a4,0x10c4,0x10c3,0x10c4,0x10c4,0x10c4,0x10a4,0x10c4,0x10c4,0x10a4,0x10c4,0x10c4,0x10a4,0x08c4,0x10c4,
  0x10c4,0x08a4,0x10c4,0x10c4,0x10a4,0x08c4,0x10c4,0x10a4,0x08c4,0x10c4,0x10a4,0x10c4,0x10c4,0x10c4,0x10a4,0x10c4,
  0x10c4,0x10a4,0x10c4,0x10c4,0x10a4,0x10c4,0x10c4,0x10a3,0x10c4,0x10a4,0x10c4,0x10c4,0x08c4,0x10c4,0x10a4,0x08c4,
  0x10c4,0x10a4,0x10c4,0x08c4,0x10c4,0x10c4,0x08c4,0x10a4,0x10c4,0x10c4,0x10a4,0x10c4,0x10c4,0x10a4,0x10c4,0x10c4,
  0x10c4,0x10a4,0x10c4,0x10c4,0x10a4,0x10c4,0x10c4,0x10a4,0x10c4,0x10c4,0x08a4,0x10c3,0x10c4,0x08c4,0x10a4,0x10c4,
  0x10c4,0x08a4,0x10c4,0x10c4,0x08a4,0x10c4,0x10c4,0x10a4,0x10c4,0x10a4,0x10c4,0x10c4,0x10c4,0x10c4,0x10a4,0x10c4,
  0x10c4,0x10a4,0x10c4,0x10c4,0x10c4,0x10c4,0x10c4,0x10a4,0x08c4,0x10c4,0x10a4,0x08c4,0x10c4,0x10a4,0x10c4,0x08c3,
  0x10c4,0x10a4,0x08c4,0x10c4,0x10a4,0x10c4,0x10c4,0x10a4,0x10c4,0x10c4,0x10a4,0x10c4,0x10c4,0x10c4,0x10a4,0x10c4,
  0x10c4,0x10a4,0x10c4,0x10c4,0x10a4,0x10c4,0x08c4,0x10a4,0x10c4,0x08a4,0x10c4,0x10c4,0x10c4,0x08c4,0x10a4,0x10c4,
  0x08c4,0x10a4,0x10c4,0x10c4,0x10c4,0x10c4,0x10c4,0x10a4,0x10c4,0x10c3,0x08c4,0x10a4,0x10c4,0x08c4,0x10c4,0x10c4,
  0x10c4,0x10c4,0x10c4,0x10c3,0x10a4,0x10c4,0x10c3,0x10a4,0x10c4,0x10c4,0x10c4,0x10a4,0x10c4,0x10c4,0x10a4,0x10c4,
  0x10c3,0x10a4,0x10c4,0x10c3,0x10a4,0x10c4,0x10c4,0x10c4,0x10a4,0x10c4,0x10c3,0x10a4,0x10c4,0x10c4,0x10a4,0x10c4,
  0x10c4,0x10a4,0x10c4,0x10a4,0x10c4,0x10c3,0x10a4,0x10c4,0x10a4,0x10c4,0x08c3,0x10a4,0x10c4,0x10c4,0x10a4,0x10c4,
  0x08c4,0x10a4,0x10c4,0x10c3,0x10a4,0x10c4,0x10c4,0x10c4,0x10a3,0x10c4,0x10c4,0x10a4,0x10c3,0x10c4,0x10a4,0x10c4,
  0x10c3,0x10a4,0x10c4,0x10c3,0x10c4,0x10c4,0x08a4,0x10c4,0x10c3,0x10a4,0x10c4,0x10c4,0x10a4,0x10c4,0x10a3,0x10c4,
  0x10c4,0x10a4,0x10c4,0x10a4,0x10c4,0x10c4,0x10a4,0x10c4,0x10c4,0x10a4,0x10c4,0x10c4,0x10a3,0x10c4,0x10c4,0x10a4,
  0x08c4,0x10a4,0x10c4,0x08c4,0x10a4,0x10c3,0x10c4,0x10a4,0x10c4,0x10a4,0x10c4,0x10c4,0x10a4,0x10c4,0x10c3,0x10a4,
  0x10c4,0x10c4,0x10a3,0x10c4,0x10a4,0x10c4,0x10c4,0x10a4,0x10c4,0x10c3,0x10a4,0x10c4,0x10c4,0x10a4,0x10c4,0x10a4,
  0x10c4,0x10c4,0x10a4,0x10c4,0x10a4,0x10c3,0x10c4,0x10a4,0x10c4,0x10c4,0x10a4,0x10c3,0x10c4,0x10a4,0x10c3,0x10a4,
  0x10c4,0x10a4,0x10c4,0x08c3,0x10a4,0x10c4,0x10a3,0x10c4,0x10c4,0x10a4,0x10c4,0x10c4,0x10a4,0x10c4,0x10c4,0x10c4,
  0x10c4,0x10c4,0x10a3,0x10c4,0x10a4,0x10c4,0x10c3,0x10a4,0x10c4,0x10c3,0x10a4,0x10c4,0x10a3,0x10c4,0x10c4,0x10a4,
  0x10c4,0x10a3,0x10c4,0x10c4,0x10a3,0x10c4,0x10a4,0x10c4,0x10c4,0x10a3,0x10c4,0x10a4,0x10c4,0x10a4,0x10c4,0x10c4,
  0x10a4,0x10c3,0x10c4,0x10a4,0x10c4,0x10c3,0x10c4,0x10a4,0x10c3,0x10a4,0x10c4,0x10c3,0x10a4,0x10c4,0x10a4,0x10c4,
  0x10a4,0x10c3,0x10c4,0x10a4,0x10c4,0x10c3,0x10a4,0x10c4,0x10a4,0x10c4,0x10c3,0x10a4,0x10c4,0x10c3,0x10a4,0x10c4,
  0x10c3,0x10a4,0x10c4,0x10a3,0x10c4,0x10c4,0x10a4,0x10c4,0x10c3,0x10a4,0x10c4,0x10c3,0x08a4,0x10c4,0x10a3,0x10c4,
  0x10a4,0x10c4,0x10c4,0x10c4,0x10a3,0x10c4,0x10a4,0x10c4,0x10c3,0x10a4,0x10c4,0x10a4,0x10c4,0x10a4,0x10c3,0x10c4,
  0x10a4,0x10c3,0x10c4,0x10a4,0x10c3,0x10c4,0x10a4,0x10c3,0x10c4,0x10a4,0x08c4,0x10a4,0x10c3,0x10c4,0x10a4,0x10c3,
  0x10a4,0x10c4,0x10a3,0x10c4,0x10c4,0x10a4,0x10c4,0x10c4,0x10a3,0x10c4,0x10c4,0x10a4,0x10c3,0x10c4,0x10a4,0x10c4,
  0x10c4,0x10c4,0x10c3,0x10c4,0x10a4,0x10c3,0x10c4,0x10a4,0x08c3,0x10a4,0x10c4,0x10c3,0x10a4,0x10c4,0x10c4,0x10a4,
  0x10c3,0x10c4,0x10a4,0x10c3,0x10c4,0x10a4,0x10c3,0x10c4,0x10c4,0x10c4,0x10a4,0x10c4,0x10a3,0x10c4,0x10c4,0x10a4,
  0x10c3,0x10c4,0x10a4,0x10c4,0x10a4,0x10c4,0x08a3,0x10c4,0x10c4,0x10a3,0x10c4,0x10c4,0x10a3,0x10c4,0x10c4,0x10a3,
  0x10c4,0x10c4,0x10a4,0x10c4,0x10c3,0x10a4,0x10c4,0x10c3,0x10a4,0x10c4,0x10c3,0x10c4,0x10a4,0x10c4,0x10c4,0x10a4,
  0x10c3,0x10c4,0x10a4,0x10c4,0x08c3,0x10a4,0x10c4,0x10c4,0x10c4,0x10c4,0x10a3,0x10c4,0x10a4,0x10c3,0x10c4,0x10a4,
  0x10c3,0x10c4,0x10a4,0x10c3,0x10a4,0x10c4,0x10a4,0x10c4,0x10c3,0x10a4,0x10c4,0x10c3,0x10a4,0x10c4,0x10c3,0x10a4,
  0x10c4,0x10c4,0x08a4,0x10c4,0x10c3,0x10a4,0x10c4,0x10c4,0x10a3,0x10c4,0x10c4,0x10c4,0x10a4,0x10c4,0x10c3,0x10a4,
  0x10c4,0x10c3,0x10a4,0x10c4,0x10c3,0x10a4,0x10c4,0x10c3,0x10c4,0x10c4,0x10a4,0x10c4,0x10a3,0x10c4,0x10c4,0x10a3,
  0x08c4,0x10c4,0x10a3,0x10c4,0x10a4,0x10c4,0x10a4,0x10c4,0x10c3,0x10a4,0x10c4,0x10c4,0x10a3,0x10c4,0x10c4,0x10a4,
  0x10c4,0x10c4,0x10a3,0x10c4,0x10c4,0x10a3,0x10c4,0x10c4,0x10a3,0x10c4,0x10c4,0x10c3,0x10a4,0x10c4,0x08c4,0x10a4,
  0x10c3,0x10c4,0x10a4,0x10c3,0x10c4,0x10a4,0x10c3,0x10c4,0x10c4,0x10c4,0x10a4,0x10c4,0x10a3,0x10c4,0x10c4,0x10a4,
  0x10c4,0x10c3,0x10a4,0x10c4,0x10a4,0x10c3,0x10a4,0x10c4,0x10c4,0x10a4,0x10c4,0x10c4,0x10a4,0x10c3,0x10c4,0x10a4,
  0x10c4,0x10c4,0x10a4,0x10c4,0x10c4,0x10a4,0x10c4,0x10c4,0x10a4,0x10c4,0x08a4,0x10c4,0x10c4,0x10a4,0x08c4,0x10c4,
  0x10c4,0x10c4,0x10a4,0x10c4,0x10c4,0x08a4,0x10c3,0x10c4,0x10a4,0x10c4,0x10c4,0x10a4,0x10c4,0x10c4,0x10a4,0x10c4,
  0x10a4,0x10c3,0x10c4,0x10a4,0x10c4,0x10c4,0x10a4,0x10c4,0x08c4,0x10a4,0x10c4,0x10c4,0x08c4,0x10a4,0x10c4,0x10c4,
  0x10a4,0x10c4,0x10c4,0x08a4,0x10c5,0x10c4,0x10a4,0x10c5,0x10a4,0x10c4,0x10c3,0x10a4,0x10c5,0x10c4,0x10a5,0x10c4,
  0x10c4,0x10e5,0x10a4,0x10c4,0x10c5,0x10a3,0x08c5,0x10c4,0x10a4,0x10c4,0x08c5,0x10a4,0x10e5,0x10c4,0x10a4,0x10c5,
  0x10a4,0x08c5,0x10c4,0x10a4,0x10e5,0x10c4,0x10a4,0x10c4,0x10e5,0x10a4,0x10c5,0x10c4,0x10c5,0x10c5,0x10c3,0x10c4,
  0x10a4,0x10c4,0x10c4,0x10a4,0x08c4,0x10c5,0x10a4,0x10c4,0x08a4,0x10c3,0x10c4,0x10a4,0x10c4,0x10e5,0x10a5,0x08c4,
  0x10e5,0x10c4,0x10c5,0x10c5,0x10c5,0x10a4,0x10c4,0x10e5,0x10a4,0x10e4,0x10e5,0x10c4,0x10c4,0x10e5,0x10c4,0x10c4,
  0x10c4,0x10c5,0x08e3,0x10a4,0x10c4,0x10c4,0x08a4,0x10c5,0x10c4,0x10a4,0x10e5,0x10c4,0x10c4,0x08a4,0x10c4,0x10c4,
  0x10a4,0x10c4,0x10c4,0x10a4,0x10c4,0x10c4,0x10a4,0x10c4,0x10a4,0x10c4,0x10c4,0x10a4,0x10c4,0x10c4,0x10a4,0x10c4,
  0x08c4,0x10c4,0x10a4,0x10c4,0x08c4,0x10a4,0x10c3,0x10c4,0x10a4,0x10c4,0x10c4,0x08a4,0x10c4,0x10c4,0x10a4,0x10c4,
  0x10a4,0x10c3,0x10c4,0x10a4,0x10c4,0x10c4,0x10a4,0x10c3,0x10c4,0x10a4,0x10c4,0x10c4,0x10c4,0x10a4,0x08c4,0x10c4,
  0x10a4,0x10c4,0x10c4,0x10a3,0x10c4,0x10c4,0x10a4,0x10c4,0x10c4,0x10c4,0x10a4,0x10c4,0x10c4,0x10a4,0x10c4,0x10c4,
  0x10a4,0x10c4,0x08a4,0x10c4,0x10a4,0x10c4,0x10c4,0x10c4,0x10c4,0x10a4,0x10c4,0x10c4,0x10a4,0x10c4,0x10c4,0x10a4,
  0x10c4,0x10c4,0x10c4,0x08c4,0x10a4,0x10c4,0x10c3,0x08a4,0x10c4,0x10c4,0x10a4,0x10c4,0x10c4,0x10a4,0x10c4,0x10c4,
  0x10a4,0x08c3,0x10a4,0x10c4,0x10c4,0x10a4,0x10c4,0x10c4,0x10a4,0x10c4,0x10c4,0x10a4,0x10c4,0x10c4,0x10a4,0x10c4,
  0x10c4,0x10a4,0x10c4,0x10c4,0x08c4,0x10a4,0x10c4,0x10c4,0x08a4,0x10c4,0x10c3,0x10c4,0x10a4,0x10c4,0x10c4,0x08a4,
  0x10c4,0x10c4,0x10c4,0x10a4,0x10c4,0x10c3,0x10a4,0x10c4,0x10c4,0x10c4,0x10a4,0x10c4,0x10c4,0x10a4,0x10c4,0x10c4,
  0x10a4,0x10c4,0x08a4,0x10c4,0x10c4,0x10a4,0x08c4,0x10c4,0x10c4,0x10c4,0x10a4,0x10c4,0x10c4,0x08a4,0x10c3,0x10c4,
  0x10a4,0x10c4,0x10c4,0x10a4,0x10c4,0x10c4,0x10a4,0x10c4,0x10a4,0x10c3,0x10c4,0x10a4,0x10c4,0x10c4,0x10a4,0x10c4,
  0x08c4,0x10a4,0x10c4,0x10c4,0x08c4,0x10a4,0x10c4,0x10c4,0x10a4,0x10c4,0x10c4,0x08a4,0x10c4,0x10c4,0x10a4,0x10c4,
  0x10a4,0x10c4,0x10c3,0x10a4,0x10c4,0x10c4,0x10a4,0x10c4,0x10c4,0x10c4,0x10a4,0x10c4,0x10c4,0x10a3,0x08c4,0x10c4,
  0x10a4,0x10c4,0x08c4,0x10a4,0x10c4,0x10c4,0x10a4,0x10c4,0x10a4,0x08c4,0x10c4,0x10a4,0x10c4,0x10c4,0x10a4,0x10c4,
  0x10c4,0x10a4,0x10c4,0x10c4,0x10c4,0x10a4,0x10c3,0x10c4,0x10a4,0x10c4,0x10c4,0x10a4,0x08c4,0x10c4,0x10a4,0x10c4,
  0x08a4,0x10c3,0x10c4,0x10a4,0x10c4,0x10c4,0x10a4,0x08c4,0x10c4,0x10c4,0x10a4,0x10c4,0x10c4,0x10a4,0x10c4,0x10c4,
  0x10a4,0x10c4,0x10c4,0x10a4,0x10c4,0x10c4,0x10a4,0x10c4,0x10a4,0x10c4,0x08c3,0x10a4,0x10c4,0x10c4,0x08a4,0x10c4,
  0x10c4,0x10a4,0x10c4,0x10c4,0x10c4,0x08a3,0x10c4,0x10c4,0x10a4,0x10c4,0x10c4,0x10a4,0x10c4,0x10c4,0x10a4,0x10c4,
  0x10a4,0x10c4,0x10c4,0x10a4,0x10c4,0x10c4,0x10a4,0x10c4,0x08c4,0x10c4,0x10a4,0x10c4,0x08c4,0x10a4,0x10c3,0x10c4,
  0x10a4,0x10c4,0x10c4,0x08a4,0x10c4,0x10c4,0x10a4,0x10c4,0x10a4,0x10c3,0x10c4,0x10a4,0x10c4,0x10c4,0x10a4,0x10c3,
  0x10c4,0x10a4,0x10c4,0x10c4,0x10c4,0x10a4,0x08c4,0x10c4,0x10a4,0x10c4,0x10c4,0x10a3,0x10c4,0x10c4,0x10a4,0x10c4,
  0x10c4,0x10a4,0x10c4,0x10c4,0x10a4,0x10c4,0x10c4,0x10a3,0x10c4,0x10c4,0x10a4,0x10c4,0x10a4,0x10c4,0x10c4,0x10a4,
  0x10c4,0x10a4,0x10c4,0x10c4,0x10a4,0x10c4,0x10c4,0x10a4,0x10c4,0x10c4,0x10a4,0x10c4,0x10c4,0x10a4,0x10c4,0x10c4,
  0x10c4,0x10a4,0x10c4,0x10c4,0x10a4,0x10c4,0x10c4,0x10a4,0x10c4,0x10c4,0x10c4,0x10a3,0x10c4,0x10c4,0x10a4,0x10c4,
  0x10c4,0x10c4,0x10a4,0x10c4,0x10c4,0x10a4,0x10c4,0x10c5,0x10c4,0x10a4,0x10c5,0x10c4,0x10a4,0x10c4,0x10c4,0x10a4,
  0x10c4,0x10a4,0x10c4,0x10a4,0x10c4,0x10c4,0x10a4,0x10c4,0x10c5,0x10a4,0x10e5,0x10c4,0x10a4,0x10c4,0x10c4,0x10c3,
  0x10a4,0x10c4,0x10c4,0x10c4,0x10a4,0x10c5,0x10c4,0x10a4,0x10e5,0x10e4,0x10e5,0x10a4,0x10e5,0x10c4,0x10c5,0x10c4,
  0x10c5,0x10c4,0x10a5,0x10c4,0x10c4,0x10c5,0x10c4,0x10c4,0x10c5,0x10a4,0x10c4,0x10c4,0x10a4,0x10c4,0x18e5,0x10a4,
  0x10e5,0x10a4,0x10e5,0x10c3,0x10c4,0x10e4,0x10a4,0x10e4,0x10c4,0x10c4,0x10c4,0x10e5,0x10c4,0x10c4,0x10e4,0x10e5,
  0x10c4,0x10e5,0x10e4,0x10c4,0x10a4,0x10c4,0x10c4,0x10a4,0x10c4,0x10c4,0x10c4,0x10a4,0x10c4,0x10c4,0x10a4,0x10c5,
  0x10c4,0x10c4,0x10a5,0x10c4,0x10c4,0x10a5,0x10c4,0x10c3,0x10c4,0x10a4,0x10c4,0x10c4,0x10a4,0x10c4,0x10c4,0x10a4,
  0x10c4,0x10a4,0x10c4,0x10a4,0x10c4,0x10c4,0x10a4,0x10c4,0x10c4,0x10a4,0x10c4,0x10c4,0x10a4,0x10c4,0x10c4,0x10c4,
  0x10a4,0x10c4,0x10c4,0x10c4,0x10a4,0x10c4,0x10c4,0x10a4,0x10c4,0x10c4,0x10c4,0x10a4,0x10c4,0x10c4,0x10a4,0x10c4,
  0x10c3,0x10a4,0x10c4,0x10c4,0x10a4,0x10c4,0x10c4,0x10c4,0x10c4,0x10a4,0x10c4,0x10c4,0x10a4,0x10c4,0x10c4,0x10a3,
  0x10c4,0x10c4,0x10a4,0x10c4,0x10c4,0x10a4,0x10c4,0x10a4,0x10c4,0x10c4,0x10a4,0x10c4,0x10c4,0x10a4,0x10c4,0x10c4,
  0x10a4,0x10c4,0x10a4,0x10c4,0x10c4,0x10a4,0x10c4,0x10c4,0x10a4,0x10c4,0x10c4,0x10a4,0x10c4,0x10c4,0x10a4,0x10c4,
  0x10c4,0x10c4,0x10c4,0x10a4,0x10c4,0x10c4,0x10c4,0x10a4,0x10c4,0x10c4,0x10a4,0x10c3,0x10c4,0x10a4,0x10c4,0x10c4,
  0x10a4,0x10c4,0x10c4,0x10a4,0x10c4,0x10c4,0x10a4,0x10c4,0x10c4,0x10a4,0x10c4,0x10a4,0x10c4,0x10c4,0x10a4,0x10c4,
  0x10c4,0x10a4,0x10c4,0x10c4,0x10a4,0x10c4,0x10c4,0x10a4,0x10c4,0x10a4,0x10c4,0x10c4,0x10a4,0x10c4,0x10c4,0x10a3,
  0x10c4,0x10c4,0x10a4,0x10c4,0x10a4,0x10c4,0x10c4,0x10a4,0x10c4,0x10a4,0x10c4,0x10c4,0x10a4,0x10c4,0x10c4,0x10a4,
  0x10c4,0x10c4,0x10a4,0x10c4,0x10c4,0x10a4,0x10c4,0x10c4,0x10c4,0x10a4,0x10c4,0x10c4,0x10a4,0x10c4,0x10c4,0x10a4,
  0x10c4,0x10c4,0x10c4,0x10a3,0x10c4,0x10c4,0x10a4,0x10c4,0x10c4,0x10c4,0x10a4,0x10c4,0x10c4,0x10a4,0x10c4,0x10c4,
  0x10c4,0x10a4,0x10c4,0x10c4,0x10a4,0x10c4,0x10c4,0x10a4,0x10c4,0x10a4,0x10c4,0x10a4,0x10c4,0x10c4,0x10a4,0x10c4,
  0x10c4,0x10a4,0x10c4,0x10c4,0x10a4,0x10c4,0x10c4,0x10c3,0x10a4,0x10c4,0x10c4,0x10c4,0x10a4,0x10c4,0x10c4,0x10a4,
  0x10c4,0x10c4,0x10c4,0x10a4,0x10c4,0x10c4,0x10a4,0x10c4,0x10c4,0x10c4,0x10a4,0x10c4,0x10c4,0x10a4,0x10c4,0x10c4,
  0x10c4,0x10a4,0x10c4,0x10c4,0x10a4,0x10c4,0x10c4,0x10a4,0x10c4,0x10a4,0x10c4,0x10a3,0x10c4,0x10c4,0x10a4,0x10c4,
  0x10c4,0x10a4,0x10c4,0x10c4,0x10a4,0x10c4,0x10c4,0x10c4,0x10a4,0x10c4,0x10c4,0x10c4,0x10a4,0x10c4,0x10c4,0x10a4,
  0x10c4,0x10c4,0x10c4,0x10a4,0x10c4,0x10c4,0x10a4,0x10c4,0x10c4,0x10c4,0x10a4,0x10c4,0x10c4,0x10a4,0x10c4,0x10c3,
  0x10c4,0x10a4,0x10c4,0x10c4,0x10a4,0x10c4,0x10c4,0x10a4,0x10c4,0x10a4,0x10c4,0x10a4,0x10c4,0x10c4,0x10a4,0x10c4,
  0x10c4,0x10a4,0x10c4,0x10c4,0x10a4,0x10c4,0x10c4,0x10c4,0x10a4,0x10c4,0x10c4,0x10c4,0x10a4,0x10c4,0x10c4,0x10a4,
  0x10c4,0x10c4,0x10c4,0x10a4,0x10c4,0x10c4,0x10a4,0x10c4,0x10c3,0x10a4,0x10c4,0x10c4,0x10a4,0x10c4,0x10c4,0x10c4,
  0x08c3,0x10c4,0x10a4,0x10c3,0x10c4,0x10a4,0x10c4,0x10c4,0x08a4,0x10c4,0x10c3,0x10c4,0x10c4,0x10a3,0x10c4,0x10c4,
  0x10a3,0x10c4,0x10c4,0x10a3,0x10c4,0x10c4,0x10a4,0x10c4,0x10c4,0x10a4,0x10c4,0x10c3,0x10a4,0x10c4,0x08c3,0x10a4,
  0x10c4,0x10c4,0x10a4,0x10c4,0x10c3,0x10a4,0x08c4,0x10c3,0x10a4,0x10c4,0x10a4,0x10c4,0x10c4,0x10a4,0x10c3,0x10c4,
  0x10a4,0x10c3,0x10c4,0x10a4,0x10c4,0x10c4,0x10c4,0x10a3,0x10e5,0x10c4,0x10a5,0x10c4,0x08c4,0x10c5,0x10a4,0x10c4,
  0x10c4,0x10c4,0x10e4,0x10c4,0x08a4,0x10c5,0x10c4,0x10a4,0x10c3,0x10c4,0x10a4,0x10c3,0x10e5,0x10a4,0x10c4,0x10a5,
  0x10c5,0x10c4,0x10c4,0x10c4,0x10c4,0x10a4,0x10c5,0x10c4,0x10c4,0x10c4,0x08c4,0x10c3,0x18e5,0x10a4,0x10e5,0x10c4,
  0x10a4,0x10c4,0x08c4,0x10a3,0x10c4,0x10c4,0x10c3,0x10a4,0x10c4,0x10c4,0x10a4,0x10c5,0x10c3,0x10e5,0x10c4,0x10c3,
  0x10e5,0x10c4,0x10e5,0x10c4,0x10c5,0x1105,0x10e4,0x10e5,0x08e4,0x10e4,0x10c5,0x10e5,0x10e3,0x10c5,0x10e5,0x10e4,
  0x08e4,0x10e4,0x10a4,0x10c5,0x10c4,0x10a4,0x10c5,0x10c3,0x10a4,0x10e5,0x10a3,0x10c4,0x10c5,0x10a4,0x10c4,0x10c4,
  0x10a3,0x10c4,0x10c5,0x10a3,0x10c4,0x10c4,0x08c4,0x10a4,0x10c4,0x10c4,0x10a3,0x10c4,0x10c4,0x10c3,0x08a4,0x10c4,
  0x10c3,0x10c4,0x10c4,0x10c3,0x10a4,0x10c4,0x10c4,0x10a4,0x10c4,0x10c4,0x10a4,0x10c3,0x10c4,0x10a4,0x10c3,0x10a4,
  0x10c4,0x10c4,0x10a4,0x10c4,0x08c3,0x10a4,0x10c4,0x10c4,0x10a4,0x10c4,0x10a4,0x10c3,0x08c4,0x10a4,0x10c3,0x10c4,
  0x10c4,0x10c4,0x10a4,0x10c4,0x10c4,0x10a4,0x10c4,0x10a4,0x08c3,0x10c4,0x10a4,0x10c3,0x10c4,0x10a4,0x10c4,0x10c4,
  0x08a4,0x10c4,0x10c3,0x10c4,0x10a3,0x10c4,0x10c4,0x10c3,0x10a4,0x10c4,0x10c3,0x10a4,0x10c4,0x10c3,0x10a4,0x10c4,
  0x10c3,0x08c4,0x10a4,0x10c3,0x10a4,0x10c4,0x10c4,0x10a4,0x10c4,0x10c4,0x10a4,0x10c3,0x10c4,0x10a4,0x10c3,0x10c4,
  0x10a4,0x10c4,0x10a4,0x10c4,0x10c3,0x10a4,0x10c4,0x10c3,0x10a4,0x10c4,0x08c4,0x10a4,0x10c4,0x10c4,0x10c3,0x10a4,
  0x10c4,0x10c3,0x08a4,0x10c4,0x10c3,0x10a4,0x10c4,0x10c3,0x10a4,0x10c4,0x10c4,0x10c4,0x10a4,0x10c4,0x10c4,0x10a3,
  0x10c4,0x10c4,0x10a3,0x10c4,0x10c4,0x10a4,0x10c4,0x10c4,0x08c3,0x10c4,0x10a4,0x10c3,0x10c4,0x10a4,0x10c4,0x10c4,
  0x08a4,0x10c4,0x10c3,0x10c4,0x10c4,0x10a3,0x10c4,0x10c4,0x10a3,0x10c4,0x10c4,0x10a3,0x10c4,0x10c4,0x10a4,0x10c4,
  0x10c4,0x10a4,0x10c4,0x10c3,0x10a4,0x10c4,0x08c3,0x10a4,0x10c4,0x10c4,0x10a4,0x10c4,0x10c3,0x10a4,0x08c4,0x10c3,
  0x10a4,0x10c4,0x10a4,0x10c4,0x10c4,0x10a4,0x10c3,0x10c4,0x10a4,0x10c3,0x10c4,0x10a4,0x10c3,0x10c4,0x10c4,0x10a3,
  0x10c4,0x10c4,0x10a4,0x10c4,0x08c4,0x10c4,0x10a4,0x10c3,0x10c4,0x10c4,0x10c3,0x10c4,0x08a4,0x10c4,0x10c4,0x10a4,
  0x10c3,0x10c4,0x10a4,0x10c3,0x10c4,0x10a4,0x10c4,0x10a4,0x10c4,0x10c4,0x10a3,0x10c4,0x10c4,0x10a3,0x10c4,0x10c4,
  0x10a3,0x10c4,0x08a4,0x10c3,0x10c4,0x10a4,0x10c4,0x10c4,0x10a4,0x10c4,0x08c4,0x10a3,0x10c4,0x10c4,0x10c3,0x10a4,
  0x10c4,0x10c4,0x10a4,0x10c4,0x10c3,0x10c4,0x10a4,0x10c3,0x10c4,0x10c4,0x10c4,0x10c4,0x10a4,0x10c4,0x10c3,0x10a4,
  0x08c4,0x10c3,0x10a4,0x10c4,0x10c3,0x10a4,0x10c4,0x10a3,0x08c4,0x10c4,0x10a4,0x10c4,0x10c4,0x10a4,0x10c4,0x10c3,
  0x10a4,0x10c4,0x10a3,0x10c4,0x10c4,0x10a4,0x10c4,0x10c4,0x10a3,0x10c4,0x10c4,0x10a3,0x10c4,0x10c4,0x08c4,0x10a4,
  0x10c4,0x10c4,0x10a3,0x10c4,0x10c4,0x10c3,0x08a4,0x10c4,0x10c3,0x10c4,0x10c4,0x10c3,0x10a4,0x10c4,0x10c4,0x10a4,
  0x10c4,0x10c4,0x10a4,0x10c3,0x10c4,0x10a4,0x10c3,0x10a4,0x10c4,0x10c4,0x10a4,0x10c4,0x08c3,0x10a4,0x10c4,0x10c4,
  0x10a4,0x10c4,0x10a4,0x10c3,0x08c4,0x10a4,0x10c3,0x10c4,0x10c4,0x10c4,0x10a4,0x10c4,0x10c4,0x10a4,0x10c4,0x10a4,
  0x10a4,0x10c4,0x10c4,0x10a4,0x10c4,0x10c4,0x08a4,0x10c4,0x10c4,0x10a4,0x10c4,0x10a4,0x10c4,0x10c4,0x10a4,0x10c4,
  0x10c4,0x10c4,0x10a4,0x10c4,0x10c4,0x10a4,0x10c4,0x10c4,0x10a4,0x10c4,0x10c4,0x08a4,0x10c4,0x10c4,0x10a4,0x10c4,
  0x10a4,0x10c4,0x10c4,0x10a4,0x08c4,0x10c4,0x10c4,0x10a4,0x10c4,0x10c4,0x10c4,0x10a4,0x10c4,0x10c4,0x10c4,0x10a4,
  0x10c4,0x10e5,0x10a4,0x10c4,0x10c4,0x10a4,0x10c4,0x10c4,0x10a4,0x08c4,0x10c4,0x10c4,0x10a4,0x10c4,0x10c4,0x10c4,
  0x10a4,0x10c4,0x08a4,0x10c4,0x10c4,0x10a4,0x10c4,0x10c5,0x10a4,0x10c4,0x10c4,0x10a4,0x10c4,0x10c4,0x10c4,0x10c4,
  0x10a4,0x10c4,0x10c4,0x10c5,0x10c4,0x10c4,0x10c4,0x0905,0x1105,0x10e5,0x10e5,0x10c4,0x1905,0x10e4,0x10c4,0x10c4,
  0x08c4,0x10a5,0x10c4,0x10c5,0x10a4,0x10c4,0x10a5,0x18e4,0x10c4,0x10a5,0x10c4,0x10e5,0x10a4,0x10c4,0x10e5,0x10c4,
  0x10c5,0x10c4,0x10c5,0x10c5,0x10e5,0x08c5,0x10e4,0x10e4,0x10e5,0x10e5,0x1105,0x10a4,0x10c4,0x10e4,0x08e4,0x10e4,
  0x10c4,0x1105,0x10c4,0x10a4,0x10c4,0x10c4,0x10a4,0x10c4,0x10c4,0x10c4,0x10c4,0x10a4,0x10c4,0x10c4,0x10a4,0x10c5,
  0x10c4,0x10a4,0x10c4,0x08c4,0x10a4,0x10c4,0x10a4,0x10c5,0x10c4,0x10a5,0x10c4,0x10c4,0x08c5,0x10c4,0x10c4,0x10c5,
  0x10a4,0x10c4,0x10a4,0x10c4,0x10c4,0x10a4,0x10c4,0x10c4,0x10a4,0x10c4,0x10c4,0x10a4,0x10c4,0x10c4,0x10c4,0x10c4,
  0x10a4,0x08c4,0x10c4,0x10a4,0x10c4,0x10c4,0x10a4,0x10c4,0x10c4,0x10c4,0x08c4,0x10a4,0x10c4,0x10c4,0x10c4,0x10a4,
  0x10c4,0x10a4,0x08c4,0x10c4,0x10a4,0x10c4,0x08c4,0x10c4,0x10a4,0x10c4,0x10c4,0x10a4,0x10c4,0x10c4,0x08a4,0x10c4,
  0x10c4,0x10a4,0x10c4,0x10a4,0x10c4,0x10c4,0x10a4,0x10c4,0x10c4,0x10a4,0x10c4,0x10c4,0x08c4,0x10a4,0x10c4,0x10c4,
  0x10a4,0x10c4,0x10c4,0x10c4,0x10c4,0x10a4,0x10c4,0x10c4,0x10c4,0x10a4,0x08c4,0x10c4,0x10a4,0x10c4,0x08c4,0x10a4,
  0x10c4,0x10c4,0x10c4,0x10a4,0x10c4,0x10c4,0x10a4,0x08c4,0x10c4,0x10a4,0x10c4,0x10c4,0x10c4,0x10a4,0x10c4,0x10c4,
  0x08c4,0x10a4,0x10c4,0x10c4,0x10a4,0x10c4,0x10c4,0x10a4,0x10c4,0x10c4,0x10a4,0x10c4,0x10c4,0x10a4,0x10c4,0x10c4,
  0x10a4,0x10c4,0x10c4,0x10a4,0x10c4,0x08c4,0x10a4,0x10c4,0x10a4,0x10c4,0x10c4,0x10a4,0x10c4,0x10c4,0x08a4,0x10c4,
  0x10c4,0x10a4,0x10c4,0x10a4,0x10c4,0x10c4,0x10a4,0x10c4,0x10c4,0x10c4,0x10a4,0x10c4,0x10c4,0x10a4,0x10c4,0x10c4,
  0x10a4,0x10c4,0x10c4,0x08a4,0x10c4,0x10c4,0x10a4,0x10c4,0x10a4,0x10c4,0x10c4,0x10a4,0x08c4,0x10c4,0x10c4,0x10a4,
  0x10c4,0x10c4,0x10c4,0x10a4,0x10c4,0x10c4,0x10c4,0x10a4,0x10c4,0x10c4,0x10a4,0x10c4,0x10c4,0x10a4,0x10c4,0x10c4,
  0x10a4,0x08c4,0x10c4,0x10c4,0x10a4,0x10c4,0x10c4,0x10c4,0x10a4,0x10c4,0x08a4,0x10c4,0x10c4,0x10a4,0x10c4,0x10c4,
  0x10a4,0x10c4,0x10c4,0x10a4,0x10c4,0x10c4,0x10c4,0x10c4,0x10a4,0x10c4,0x10c4,0x10a4,0x10c4,0x10c4,0x10a4,0x08c4,
  0x10c4,0x10c4,0x10c4,0x10a4,0x10c4,0x10c4,0x10a4,0x10c4,0x08c4,0x10a4,0x10c4,0x10c4,0x10a4,0x10c4,0x10a4,0x10c4,
  0x10c4,0x10a4,0x10c4,0x10c4,0x10a4,0x10c4,0x10c4,0x10c4,0x10a4,0x10c4,0x10a4,0x10c4,0x10c4,0x08a4,0x10c4,0x10c4,
  0x10a4,0x10c4,0x10c4,0x10a4,0x10c4,0x10c4,0x08c4,0x10c4,0x10a4,0x10c4,0x10c4,0x10a4,0x10c4,0x10c4,0x10a4,0x10c4,
  0x10c4,0x10c4,0x10c4,0x10a4,0x10c4,0x10c4,0x10a4,0x10c4,0x10c4,0x10a4,0x10c4,0x08c4,0x10a4,0x10c4,0x10a4,0x10c4,
  0x10c4,0x10a4,0x10c4,0x10c4,0x08a4,0x10c4,0x10c4,0x10c4,0x10a4,0x10c4,0x10a4,0x10c4,0x10c4,0x10a4,0x10c4,0x10c4,
  0x10a4,0x10c4,0x10c4,0x10a4,0x10c4,0x10c4,0x10c4,0x10c4,0x10a4,0x08c4,0x10c4,0x10a4,0x10c4,0x10c4,0x10a4,0x10c4,
  0x10c4,0x10c4,0x08c4,0x10a4,0x10c4,0x10c4,0x10c4,0x10a4,0x10c4,0x10a4,0x08c4,0x10c4,0x10a4,0x10c4,0x08c4,0x10c4,
  0x10c4,0x10a4,0x10c4,0x10c4,0x10a4,0x10c4,0x10c4,0x10c4,0x10a4,0x10c4,0x10c4,0x10c4,0x10a4,0x10c4,0x10c4,0x10a4,
  0x10c4,0x10a4,0x10c4,0x08c4,0x10c4,0x10c4,0x10a4,0x10c4,0x08c4,0x10c4,0x10a4,0x10c4,0x10c4,0x10c4,0x10c4,0x10c4,
  0x10c4,0x10a4,0x10c4,0x10c4,0x10a4,0x10c4,0x10a4,0x10c4,0x10c4,0x10a4,0x10c4,0x10c4,0x10a4,0x10c4,0x10a4,0x18e5,
  0x10c4,0x08a4,0x10c4,0x10c5,0x10a5,0x10c4,0x08e5,0x10a4,0x10c4,0x10c4,0x18c5,0x10c4,0x10c4,0x10a4,0x10c4,0x10a4,
  0x10c4,0x10c4,0x18e5,0x10a4,0x10c4,0x10e5,0x10a4,0x10c4,0x10e4,0x18e5,0x10a4,0x1905,0x10c4,0x10c5,0x10c4,0x08a5,
  0x10c5,0x18e5,0x18a5,0x20e5,0x10c5,0x10a4,0x10e5,0x10e5,0x10e5,0x0905,0x10c5,0x10c4,0x18e5,0x18e5,0x1905,0x1104,
  0x18e5,0x10e4,0x10c4,0x10a4,0x10c4,0x1905,0x20a5,0x20a5,0x18c4,0x10c4,0x10e4,0x1105,0x10e4,0x08c4,0x18c6,0x18c4,
  0x10c4,0x10a5,0x08e5,0x18e5,0x10c5,0x10c4,0x18e5,0x10a4,0x1905,0x10c4,0x1105,0x10e5,0x10a5,0x10c5,0x10a4,0x18e5,
  0x1905,0x10e5,0x1104,0x18e5,0x18c5,0x10e5,0x10c5,0x10c5,0x10c4,0x10a4,0x10c4,0x08c4,0x10a4,0x10c5,0x10c5,0x10a4,
  0x08c4,0x10c4,0x10c5,0x10c4,0x10c4,0x10e5,0x10c4,0x10a4,0x10c4,0x10c4,0x10c4,0x10a4,0x10c4,0x10c4,0x10a4,0x10c4,
  0x10c4,0x10a4,0x10c4,0x10c4,0x10a4,0x10c4,0x10c4,0x10a4,0x10c4,0x08c4,0x10c4,0x10c4,0x10a4,0x10c4,0x08a4,0x10c4,
  0x10c4,0x10a4,0x10c4,0x10c4,0x10a4,0x10c4,0x10c4,0x10a4,0x10c4,0x10a4,0x10c4,0x10c4,0x10a4,0x10c4,0x10a4,0x10c4,
  0x10c4,0x10c4,0x10a4,0x10c4,0x10c4,0x10c4,0x10a4,0x10c4,0x10c4,0x10a4,0x10c4,0x10c4,0x10a4,0x10c4,0x10c4,0x10c4,
  0x10a4,0x10c4,0x10c4,0x10c4,0x10c4,0x10a4,0x08c4,0x10a4,0x10c4,0x10c4,0x08a4,0x10c4,0x10a4,0x10c4,0x10c4,0x10a4,
  0x10c4,0x10c4,0x10a4,0x10c4,0x10a4,0x10c4,0x10c4,0x10a4,0x10c4,0x10c4,0x10a4,0x10c4,0x10c4,0x10c4,0x10a4,0x10c4,
  0x10c4,0x10a4,0x10c4,0x10c4,0x08a4,0x10c4,0x10c4,0x10a4,0x10c4,0x10c4,0x10c4,0x10a4,0x10c4,0x10c4,0x10a4,0x10c4,
  0x10a4,0x10c4,0x10c4,0x10a4,0x10c4,0x10c4,0x10a4,0x10c4,0x10c4,0x10a4,0x10c4,0x10c4,0x10a4,0x08c4,0x10c4,0x10a4,
  0x10c4,0x10c4,0x08a4,0x10c4,0x10c4,0x10a4,0x10c4,0x10c4,0x10c4,0x10a4,0x10c4,0x10c4,0x10a4,0x10c4,0x10c4,0x10c4,
  0x10a4,0x10c4,0x10c4,0x10c4,0x10a4,0x10c4,0x10c4,0x10a4,0x10c4,0x10a4,0x10c4,0x08c4,0x10c4,0x10c4,0x10a4,0x10c4,
  0x08c4,0x10c4,0x10a4,0x10c4,0x10c4,0x10c4,0x10c4,0x10c4,0x10c4,0x10a4,0x10c4,0x10c4,0x10a4,0x10c4,0x10a4,0x10c4,
  0x10c4,0x10a4,0x10c4,0x10c4,0x10a4,0x10c4,0x10a4,0x10c4,0x10c4,0x08a4,0x10c4,0x10c4,0x10a4,0x10c4,0x08c4,0x10a4,
  0x10c4,0x10c4,0x10a4,0x10c4,0x10c4,0x10a4,0x10c4,0x10a4,0x10c4,0x10c4,0x10c4,0x10a4,0x10c4,0x10c4,0x10a4,0x10c4,
  0x10c4,0x10c4,0x10a4,0x10c4,0x10c4,0x10a4,0x10c4,0x08a4,0x10c4,0x10c4,0x10a4,0x10c4,0x08c4,0x10a4,0x10c4,0x10c4,
  0x10a4,0x10c4,0x10a4,0x10c4,0x10c4,0x10a4,0x10c4,0x10c4,0x10a4,0x10c4,0x10c4,0x10a4,0x10c4,0x10c4,0x10c4,0x10a4,
  0x10c4,0x10c4,0x10c4,0x10a4,0x10c4,0x08c4,0x10a4,0x10c4,0x10c4,0x10a4,0x08c4,0x10c4,0x10a4,0x10c4,0x10c4,0x10a4,
  0x10c4,0x10c4,0x10c4,0x10c4,0x10a4,0x10c4,0x10a4,0x10c4,0x10c4,0x10a4,0x10c4,0x10c4,0x10a4,0x10c4,0x10c4,0x10a4,
  0x10c4,0x10a4,0x10c4,0x08c4,0x10a4,0x10c4,0x10c4,0x10a4,0x08c4,0x10c4,0x10a4,0x10c4,0x10c4,0x10c4,0x10c4,0x10a4,
  0x10c4,0x10c4,0x10c4,0x10a4,0x10c4,0x10c4,0x10a4,0x10c4,0x10c4,0x10a4,0x10c4,0x10c4,0x10a4,0x10c4,0x10c4,0x10a4,
  0x10c4,0x08c4,0x10c4,0x10c4,0x10a4,0x10c4,0x08a4,0x10c4,0x10c4,0x10a4,0x10c4,0x10c4,0x10a4,0x10c4,0x10c4,0x10a4,
  0x10c4,0x10a4,0x10c4,0x10c4,0x10a4,0x10c4,0x10a4,0x10c4,0x10c4,0x10c4,0x10a4,0x10c4,0x10c4,0x10c4,0x10a4,0x10c4,
  0x10c4,0x10c4,0x10c4,0x10c4,0x08c4,0x10c4,0x10c4,0x10c4,0x10c4,0x10c4,0x10c4,0x10c4,0x10c4,0x10c4,0x10c4,0x10c4,
  0x08c4,0x10c4,0x10c4,0x10c4,0x10c4,0x10c4,0x10c4,0x10c4,0x10c4,0x10c4,0x10c4,0x10c4,0x10c4,0x10c4,0x10a4,0x10c4,
  0x10c4,0x10c4,0x08c4,0x10c4,0x10c4,0x10c4,0x10c4,0x10c4,0x10c4,0x10c4,0x10c4,0x10c4,0x10c4,0x10e5,0x08c4,0x10c4,
  0x10c4,0x10c4,0x10c4,0x10c4,0x10c4,0x10c4,0x10c4,0x10c4,0x10c4,0x10c4,0x10c4,0x10c4,0x10c5,0x10c5,0x10c4,0x10e5,
  0x08c4,0x10c4,0x1105,0x1905,0x1905,0x1905,0x1905,0x10e5,0x10e4,0x10c4,0x10c4,0x10c4,0x0905,0x1105,0x18e5,0x10e4,
  0x18e4,0x20c5,0x10c4,0x18c5,0x10c4,0x10c4,0x10e4,0x10e5,0x10e5,0x1105,0x10e5,0x10c4,0x10c4,0x10c4,0x0905,0x1105,
  0x08e4,0x1104,0x1925,0x1905,0x10c4,0x10c4,0x1884,0x20e5,0x18e5,0x10e4,0x0905,0x1926,0x10e4,0x10c4,0x10c4,0x10c4,
  0x10c4,0x10c4,0x10e6,0x10e5,0x10e5,0x10c4,0x10c4,0x10c4,0x1105,0x1104,0x10e4,0x10e4,0x08c4,0x10e5,0x10c4,0x1105,
  0x1105,0x1105,0x1105,0x10e4,0x10e4,0x10e4,0x10e4,0x1105,0x0905,0x1905,0x10e5,0x10c4,0x10c4,0x10c4,0x10c4,0x10c4,
  0x10c4,0x10c4,0x10c4,0x10c4,0x10c4,0x10c4,0x10c4,0x10c4,0x10c4,0x10c4,0x08c4,0x10c4,0x10c4,0x10c4,0x10c4,0x10c4,
  0x10c4,0x10c4,0x10c4,0x10c4,0x10c4,0x10c4,0x08c4,0x10c4,0x10c4,0x10c4,0x10c4,0x10c4,0x10c4,0x10c4,0x10c4,0x10c4,
  0x10c4,0x10c4,0x10c4,0x10c4,0x10c4,0x10c4,0x10c4,0x10c4,0x08c4,0x10c4,0x10c4,0x10c4,0x10c4,0x10c4,0x10c4,0x10c4,
  0x10c4,0x10c4,0x10c4,0x10c4,0x10c4,0x10c4,0x10c4,0x10c4,0x10c4,0x10c4,0x10c4,0x10c4,0x08c4,0x10c4,0x10c4,0x10c4,
  0x10c4,0x10c4,0x10c4,0x10c4,0x10c4,0x10c4,0x10c4,0x10c4,0x10c4,0x10c4,0x10c4,0x10c4,0x10c4,0x10c4,0x10c4,0x10c4,
  0x10c4,0x10c4,0x10c4,0x10c4,0x10c4,0x10c4,0x08c4,0x10c4,0x10c4,0x10c4,0x10c4,0x10c4,0x10c4,0x10c4,0x10c4,0x10c4,
  0x10c4,0x10c4,0x10c4,0x10c4,0x10c4,0x10c4,0x10c4,0x10c4,0x10c4,0x10c4,0x10c4,0x10c4,0x10c4,0x10c4,0x08c4,0x10c4,
  0x10c4,0x10c4,0x10c4,0x10c4,0x10c4,0x10c4,0x10c4,0x10c4,0x10c4,0x10c4,0x08c4,0x10c4,0x10c4,0x10c4,0x10c4,0x10c4,
  0x10c4,0x10c4,0x10c4,0x10c4,0x10c4,0x10c4,0x10c4,0x10c4,0x10c4,0x10c4,0x10c4,0x10c4,0x08c4,0x10c4,0x10c4,0x10c4,
  0x10c4,0x10c4,0x10c4,0x10c4,0x10c4,0x10c4,0x10c4,0x10c4,0x08c4,0x10c4,0x10c4,0x10c4,0x10c4,0x10c4,0x10c4,0x10c4,
  0x10c4,0x10c4,0x10c4,0x10c4,0x10c4,0x10c4,0x10a4,0x10c4,0x10c4,0x10c4,0x08c4,0x10c4,0x10c4,0x10c4,0x10c4,0x10c4,
  0x10c4,0x10c4,0x10c4,0x10c4,0x10c4,0x10c4,0x08c4,0x10c4,0x10c4,0x10c4,0x10c4,0x10c4,0x10c4,0x10c4,0x10c4,0x10c4,
  0x10c4,0x10c4,0x10c4,0x10c4,0x10c4,0x10c4,0x10c4,0x10c4,0x08c4,0x10c4,0x10c4,0x10c4,0x10c4,0x10c4,0x10c4,0x10c4,
  0x10c4,0x10c4,0x10c4,0x10c4,0x08c4,0x10c4,0x10c4,0x10c4,0x10c4,0x10c4,0x10c4,0x10c4,0x10c4,0x10c4,0x10c4,0x10c4,
  0x10c4,0x10c4,0x10c4,0x10c4,0x10c4,0x10c4,0x08c4,0x10c4,0x10c4,0x10c4,0x10c4,0x10c4,0x10c4,0x10c4,0x10c4,0x10c4,
  0x10c4,0x10c4,0x08c4,0x10c4,0x10c4,0x10c4,0x10c4,0x10c4,0x10c4,0x10c4,0x10c4,0x10c4,0x10c4,0x10c4,0x10c4,0x10c4,
  0x10c4,0x10c4,0x10c4,0x10c4,0x08c4,0x10c4,0x10c4,0x10c4,0x10c4,0x10c4,0x10c4,0x10c4,0x10c4,0x10c4,0x10c4,0x10c4,
  0x08c4,0x10c4,0x10c4,0x10c4,0x10c4,0x10c4,0x10c4,0x10c4,0x10c4,0x10c4,0x10c4,0x10c4,0x10c4,0x10c4,0x10c4,0x10c4,
  0x10c4,0x10c4,0x08c4,0x10c4,0x10c4,0x10c4,0x10c4,0x10c4,0x10c4,0x10c4,0x10c4,0x10c4,0x10c4,0x10c4,0x08c4,0x10c4,
  0x10c4,0x10c4,0x10c4,0x10c4,0x10c4,0x10c4,0x10c4,0x10c4,0x10c4,0x10c4,0x10c4,0x10c4,0x10c4,0x10c4,0x10c4,0x10c4,
  0x08c4,0x10c4,0x10c4,0x10c4,0x10c4,0x10c4,0x10c4,0x10c4,0x10c4,0x10c4,0x10c4,0x10c4,0x10c4,0x10c4,0x10c4,0x10c4,
  0x10c4,0x10c4,0x10c4,0x10c4,0x10c4,0x10c4,0x10c4,0x10c4,0x10c4,0x10c4,0x10c4,0x10c4,0x10c4,0x08c4,0x10c4,0x10c4,
  0x10c4,0x10c4,0x10c4,0x10c4,0x10c4,0x10c4,0x10c4,0x10c4,0x10c4,0x10c4,0x10c4,0x10c4,0x10c4,0x10c4,0x10c4,0x10c4,
  0x10c4,0x10c4,0x10c4,0x10c4,0x10c4,0x10c4,0x10c4,0x10c4,0x10c4,0x10c4,0x10c4,0x08c5,0x10c5,0x10c4,0x10c4,0x10c4,
  0x10c4,0x10e5,0x10c4,0x10c4,0x10c4,0x10c4,0x10c4,0x18e5,0x10c4,0x10c4,0x10c4,0x10e5,0x10c4,0x10c4,0x10c4,0x10c4,
  0x1905,0x10c4,0x10c4,0x10c4,0x10c4,0x10e5,0x10e4,0x18e5,0x10c4,0x10e5,0x10c4,0x18e5,0x10c4,0x1105,0x10e4,0x10e5,
  0x10c5,0x10c4,0x18e5,0x10c4,0x18e5,0x1105,0x1105,0x18e5,0x10c5,0x18e4,0x10c4,0x18c4,0x10c4,0x10c4,0x10c4,0x10e4,
  0x10e5,0x1926,0x0925,0x08e5,0x1125,0x1966,0x1185,0x0124,0x08e4,0x10c4,0x10c4,0x10c4,0x1905,0x10c4,0x10c4,0x10c4,
  0x1105,0x1105,0x1105,0x1105,0x10e4,0x10c4,0x10c4,0x1105,0x1905,0x1105,0x1105,0x10e5,0x10c4,0x10c4,0x10c4,0x18e5,
  0x10c4,0x1905,0x1105,0x10e4,0x10e5,0x08e5,0x10e5,0x10c4,0x10c4,0x1105,0x10c4,0x1104,0x10e4,0x10e5,0x10e4,0x10e4,
  0x10e5,0x10c4,0x10c4,0x10c4,0x10c4,0x10c4,0x10c5,0x10c5,0x10c4,0x10e5,0x10c4,0x10c4,0x10e5,0x10c4,0x10c4,0x10e5,
  0x10c4,0x10e5,0x10c4,0x08c4,0x10c4,0x10c4,0x10c4,0x10c4,0x10c4,0x10c4,0x10c4,0x10c4,0x10c4,0x10c4,0x10c4,0x10c4,
  0x10c4,0x10c4,0x10c4,0x10c4,0x10c4,0x10c4,0x10c4,0x10c4,0x10c4,0x10c4,0x10c4,0x10c4,0x10c4,0x10c4,0x10c4,0x10c4,
  0x10c4,0x10c4,0x10c4,0x10c4,0x10c4,0x10c4,0x10c4,0x10c4,0x10c4,0x10c4,0x10c4,0x10c4,0x10c4,0x10c4,0x10c4,0x10c4,
  0x10c4,0x10c4,0x10c4,0x10c4,0x10c4,0x10c4,0x10c4,0x10c4,0x10c4,0x10c4,0x10c4,0x10c4,0x10c4,0x10c4,0x10c4,0x10c4,
  0x10c4,0x10c4,0x10c4,0x10c4,0x08c4,0x10c4,0x10c4,0x10c4,0x10c4,0x10c4,0x10c4,0x10c4,0x10c4,0x10c4,0x10c4,0x10c4,
  0x10c4,0x10c4,0x08c4,0x10c4,0x10c4,0x10c4,0x10c4,0x10c4,0x10c4,0x10c4,0x10c4,0x10c4,0x10c4,0x10c4,0x10c4,0x10c4,
  0x10c4,0x10c4,0x10c4,0x10c4,0x10c4,0x10c4,0x10c4,0x08c4,0x10c4,0x10c4,0x10c4,0x10c4,0x10c4,0x10c4,0x10c4,0x10c4,
  0x10c4,0x10c4,0x10c4,0x10c4,0x10c4,0x10c4,0x10c4,0x10c4,0x10c4,0x10c4,0x10c4,0x10c4,0x10c4,0x10c4,0x10c4,0x10c4,
  0x10c4,0x10c4,0x10c4,0x10c4,0x10c4,0x08c4,0x10c4,0x10c4,0x10c4,0x10c4,0x10c4,0x10c4,0x10c4,0x10c4,0x10c4,0x10c4,
  0x10c4,0x10c4,0x10c4,0x10c4,0x10c4,0x10c4,0x10c4,0x10c4,0x10c4,0x10c4,0x10c4,0x10c4,0x10c4,0x10c4,0x10c4,0x10c4,
  0x10c4,0x10c4,0x10c4,0x08c4,0x10c4,0x10c4,0x10c4,0x10c4,0x10c4,0x10c4,0x10c4,0x10c4,0x10c4,0x10c4,0x10c4,0x10c4,
  0x10c4,0x10c4,0x10c4,0x10c4,0x10c4,0x10c4,0x10c4,0x10c4,0x10c4,0x10c4,0x10c4,0x10c4,0x10c4,0x10c4,0x10c4,0x10c4,
  0x10c4,0x08c4,0x10c4,0x10c4,0x10c4,0x10c4,0x10c4,0x10c4,0x10c4,0x10c4,0x10c4,0x10c4,0x10c4,0x10c4,0x10c4,0x10c4,
  0x10c4,0x10c4,0x10c4,0x10c4,0x10c4,0x10c4,0x10c4,0x10c4,0x10c4,0x10c4,0x10c4,0x10c4,0x10c4,0x10c4,0x10c4,0x08c4,
  0x10c4,0x10c4,0x10c4,0x10c4,0x10c4,0x10c4,0x10c4,0x10c4,0x10c4,0x10c4,0x10c4,0x10c4,0x10c4,0x10c4,0x10c4,0x10c4,
  0x10c4,0x10c4,0x10c4,0x10c4,0x10c4,0x10c4,0x10c4,0x10c4,0x10c4,0x10c4,0x10c4,0x10c4,0x10c4,0x08c4,0x10c4,0x10c4,
  0x10c4,0x10c4,0x10c4,0x10c4,0x10c4,0x10c4,0x10c4,0x10c4,0x10c4,0x10c4,0x10c4,0x10c4,0x10c4,0x10c4,0x10c4,0x10c4,
  0x10c4,0x10c4,0x10c4,0x10c4,0x10c4,0x10c4,0x10c4,0x10c4,0x10c4,0x10c4,0x10c4,0x08c4,0x10c4,0x10c4,0x10c4,0x10c4,
  0x10c4,0x10c4,0x10c4,0x10c4,0x10c4,0x10c4,0x10c4,0x10c4,0x10c4,0x10c4,0x10c4,0x10c4,0x10c4,0x10c4,0x10c4,0x10c4,
  0x10c4,0x10c4,0x10c4,0x10c4,0x10c4,0x10c4,0x10c4,0x10c4,0x10c4,0x10c4,0x10c4,0x10c4,0x10c4,0x10c4,0x10c4,0x10c4,
  0x10c4,0x10c4,0x10c4,0x10c4,0x10c4,0x10c4,0x10c4,0x10c4,0x10c4,0x10c4,0x10c4,0x10c4,0x10c4,0x10c4,0x10c4,0x10c4,
  0x10c4,0x10c4,0x10c4,0x10c4,0x10a4,0x10c4,0x10c4,0x10c4,0x10c4,0x10c4,0x10c4,0x10c4,0x10c4,0x10c4,0x10c4,0x10c4,
  0x10c4,0x10c4,0x10c4,0x10c4,0x10c4,0x10c4,0x10c4,0x10c4,0x10c4,0x10c4,0x10c5,0x10c4,0x10c4,0x10c4,0x10c4,0x10e5,
  0x10c4,0x10c4,0x10c4,0x10c5,0x10c5,0x10c4,0x10c4,0x10c4,0x10c4,0x10c4,0x10c4,0x10e4,0x1105,0x1105,0x1105,0x18e5,
  0x1905,0x10e5,0x10e5,0x1105,0x1905,0x10e4,0x10e4,0x1105,0x10e4,0x18e4,0x20e5,0x10c4,0x1105,0x1105,0x10e4,0x1105,
  0x1905,0x10e4,0x10c4,0x10c4,0x1105,0x10e4,0x1105,0x10c4,0x18e4,0x18e4,0x10c4,0x18c4,0x18c4,0x10c4,0x10e4,0x1105,
  0x1125,0x0904,0x0904,0x0925,0x1146,0x0905,0x0925,0x0925,0x0945,0x1126,0x1925,0x10e5,0x1105,0x10e4,0x1105,0x10c4,
  0x10e4,0x10c4,0x1104,0x1105,0x10e4,0x10e4,0x10e4,0x1105,0x1105,0x1105,0x10e5,0x1105,0x1105,0x18e5,0x10e5,0x10e4,
  0x10c4,0x10c4,0x1905,0x10e4,0x10e4,0x10e4,0x10e4,0x10e5,0x1105,0x10c4,0x1105,0x10e4,0x10e5,0x10e4,0x10e5,0x10e5,
  0x10e4,0x10c4,0x10c4,0x10e5,0x10c4,0x10a4,0x10c4,0x10c4,0x10c4,0x10c4,0x10c4,0x10c4,0x10c4,0x10c4,0x10c4,0x10c4,
  0x10c4,0x10c4,0x10c4,0x10c4,0x10e5,0x10c4,0x10c4,0x10c4,0x10c4,0x10c4,0x10a4,0x10c4,0x10c4,0x10c4,0x10c4,0x10c4,
  0x10c4,0x10c4,0x10c4,0x10c4,0x10c4,0x10c4,0x10c4,0x10c4,0x10c4,0x10c4,0x10c4,0x10c4,0x10c4,0x10c4,0x10c4,0x10c4,
  0x10c4,0x10a4,0x10c4,0x10c4,0x10c4,0x10c4,0x10c4,0x10c4,0x10c4,0x10c4,0x10c4,0x10c4,0x10c4,0x10c4,0x10c4,0x10c4,
  0x10c4,0x10c4,0x10c4,0x10c4,0x10c4,0x10c4,0x10c4,0x10c4,0x10c4,0x10c4,0x10c4,0x10c4,0x10c4,0x10c4,0x10c4,0x10c4,
  0x10c4,0x10c4,0x10c4,0x10c4,0x10c4,0x10c4,0x10c4,0x10c4,0x10c4,0x10c4,0x10c4,0x10c4,0x10c4,0x10c4,0x10c4,0x10c4,
  0x10c4,0x10c4,0x10c4,0x10c4,0x10c4,0x10c4,0x10c4,0x10c4,0x10c4,0x10c4,0x10a4,0x10c4,0x10c4,0x10c4,0x10c4,0x10c4,
  0x10c4,0x10c4,0x10c4,0x10c4,0x10c4,0x10c4,0x10c4,0x10c4,0x10c4,0x10c4,0x10c4,0x10c4,0x10c4,0x10c4,0x10c4,0x10c4,
  0x10c4,0x10c4,0x10c4,0x10c4,0x10c4,0x10c4,0x10c4,0x10c4,0x10c4,0x10c4,0x10c4,0x10c4,0x10c4,0x10c4,0x10c4,0x10c4,
  0x10c4,0x10c4,0x10c4,0x10c4,0x10c4,0x10c4,0x10c4,0x10c4,0x10c4,0x10c4,0x10c4,0x10c4,0x10a4,0x10c4,0x10c4,0x10c4,
  0x10c4,0x10c4,0x10c4,0x10c4,0x10c4,0x10c4,0x10c4,0x10c4,0x10c4,0x10c4,0x10c4,0x10c4,0x10c4,0x10c4,0x10c4,0x10c4,
  0x10c4,0x10c4,0x10c4,0x10c4,0x10c4,0x10c4,0x10c4,0x10c4,0x10c4,0x10c4,0x10c4,0x10c4,0x10c4,0x10c4,0x10c4,0x10c4,
  0x10c4,0x10c4,0x10c4,0x10c4,0x10c4,0x10c4,0x10c4,0x10c4,0x10c4,0x10c4,0x10a4,0x10c4,0x10c4,0x10c4,0x10c4,0x10c4,
  0x10c4,0x10c4,0x10c4,0x10c4,0x10c4,0x10c4,0x10c4,0x10c4,0x10c4,0x10c4,0x10c4,0x10c4,0x10c4,0x10c4,0x10c4,0x10c4,
  0x10c4,0x10c4,0x10c4,0x10c4,0x10c4,0x10c4,0x10c4,0x10c4,0x10c4,0x10c4,0x10c4,0x10c4,0x10c4,0x10c4,0x10c4,0x10c4,
  0x10c4,0x10c4,0x10c4,0x10c4,0x10c4,0x10c4,0x10c4,0x10c4,0x10c4,0x10c4,0x10c4,0x10c4,0x10c4,0x10c4,0x10c4,0x10c4,
  0x10c4,0x10c4,0x10a4,0x10c4,0x10c4,0x10c4,0x10c4,0x10c4,0x10c4,0x10c4,0x10c4,0x10c4,0x10c4,0x10c4,0x10c4,0x10c4,
  0x10c4,0x10c4,0x10c4,0x10c4,0x10c4,0x10c4,0x10c4,0x10c4,0x10c4,0x10c4,0x10c4,0x10c4,0x10c4,0x10a4,0x10c4,0x10c4,
  0x10c4,0x10c4,0x10c4,0x10c4,0x10c4,0x10c4,0x10c4,0x10c4,0x10c4,0x10c4,0x10c4,0x10c4,0x10c4,0x10c4,0x10c4,0x10c4,
  0x10c4,0x10c4,0x10a4,0x10c4,0x10c4,0x10c4,0x10c4,0x10c4,0x10c4,0x10c4,0x10c4,0x10c4,0x10c4,0x10c4,0x10c4,0x10c4,
  0x10c4,0x10c4,0x10c4,0x10c4,0x10c4,0x10c4,0x10c4,0x10c4,0x10c4,0x10a4,0x10c4,0x10c4,0x10c4,0x10c4,0x10c4,0x10c4,
  0x10c4,0x10c4,0x10a4,0x10c4,0x10c4,0x10c4,0x10a4,0x10c4,0x10c4,0x10c4,0x10a4,0x10c4,0x10c4,0x10a4,0x10c4,0x10c4,
  0x10c4,0x10c4,0x10c4,0x10c4,0x10c4,0x10c4,0x10c4,0x10c4,0x10a4,0x10c4,0x10c4,0x10c4,0x10a4,0x10c4,0x10c4,0x10c4,
  0x10c4,0x10c4,0x10c4,0x10c4,0x10c4,0x10c4,0x10c4,0x10c4,0x10e5,0x10c4,0x10a4,0x10c4,0x10c4,0x10e5,0x10c4,0x10c4,
  0x10c4,0x10c4,0x10a4,0x10c4,0x10c4,0x10c4,0x10e5,0x10a4,0x10c4,0x10e5,0x10c4,0x10c5,0x10e4,0x10e5,0x18e5,0x10c4,
  0x1105,0x10c4,0x1105,0x10c4,0x10e4,0x10e5,0x10e5,0x10c5,0x10e5,0x10c5,0x20c5,0x10c5,0x10e4,0x1105,0x1105,0x1105,
  0x10e5,0x1105,0x1105,0x10e4,0x10c5,0x1104,0x1105,0x1105,0x1104,0x10e4,0x10e4,0x1104,0x1905,0x1905,0x1905,0x1125,
  0x1125,0x1146,0x1186,0x0967,0x0946,0x0966,0x0946,0x1966,0x1146,0x0946,0x1146,0x1926,0x1125,0x1125,0x10e5,0x10e4,
  0x10e4,0x10a4,0x10c4,0x10e4,0x10e4,0x10c4,0x10e4,0x1105,0x1105,0x1105,0x1105,0x1105,0x1105,0x1105,0x1105,0x10c5,
  0x10e5,0x10e5,0x1905,0x10c5,0x10e5,0x10e5,0x10e4,0x10e4,0x10e5,0x1105,0x10a4,0x1105,0x10e5,0x10e5,0x10e4,0x10e4,
  0x10e5,0x10a4,0x10c4,0x10c4,0x10c4,0x10c4,0x10c5,0x10c4,0x10c4,0x10a4,0x10c4,0x10c4,0x10a4,0x10c4,0x10c4,0x10a4,
  0x10c4,0x10c4,0x10c5,0x10c4,0x10c4,0x10c4,0x10c4,0x10a4,0x10c4,0x10c4,0x10c4,0x10c4,0x10c4,0x10c4,0x10c4,0x10a4,
  0x10c4,0x10c4,0x10c4,0x10a4,0x10c4,0x10c4,0x10c4,0x10c4,0x10c4,0x10c4,0x10a4,0x10c4,0x10c4,0x10c4,0x10c4,0x10a4,
  0x10c4,0x10c4,0x10c4,0x10c4,0x10c4,0x10a4,0x10c4,0x10c4,0x10c4,0x10c4,0x10a4,0x10c4,0x10c4,0x10c4,0x10a4,0x10c4,
  0x10c4,0x10c4,0x10a4,0x10c4,0x10c4,0x10c4,0x10c4,0x10c4,0x10c4,0x10c4,0x10c4,0x10c4,0x10c4,0x10c4,0x10c4,0x10c4,
  0x10c4,0x10a4,0x10c4,0x10c4,0x10c4,0x10c4,0x10a4,0x10c4,0x10c4,0x10c4,0x10a4,0x10c4,0x10c4,0x10c4,0x10a4,0x10c4,
  0x10c4,0x10c4,0x10a4,0x10c4,0x10c4,0x10a4,0x10c4,0x10c4,0x10c4,0x10c4,0x10c4,0x10c4,0x10c4,0x10c4,0x10a4,0x10c4,
  0x10c4,0x10c4,0x10c4,0x10c4,0x10c4,0x10c4,0x10c4,0x10c4,0x10c4,0x10c4,0x10c4,0x10c4,0x10c4,0x10c4,0x10c4,0x10c4,
  0x10c4,0x10c4,0x10c4,0x10c4,0x10c4,0x10c4,0x10a4,0x10c4,0x10c4,0x10c4,0x10a4,0x10c4,0x10c4,0x10c4,0x10a4,0x10c4,
  0x10c4,0x10c4,0x10a4,0x10c4,0x10c4,0x10a4,0x10c4,0x10c4,0x10c4,0x10c4,0x10c4,0x10c4,0x10c4,0x10c4,0x10c4,0x10c4,
  0x10a4,0x10c4,0x10c4,0x10c4,0x10a4,0x10c4,0x10c4,0x10c4,0x10c4,0x10c4,0x10c4,0x10c4,0x10c4,0x10c4,0x10c4,0x10c4,
  0x10c4,0x10c4,0x10a4,0x10c4,0x10c4,0x10c4,0x10c4,0x10c4,0x10c4,0x10c4,0x10a4,0x10c4,0x10c4,0x10c4,0x10c4,0x10a4,
  0x10c4,0x10c4,0x10c4,0x10a4,0x10c4,0x10c4,0x10c4,0x10a4,0x10c4,0x10c4,0x10c4,0x10c4,0x10c4,0x10c4,0x10c4,0x10a4,
  0x10c4,0x10c4,0x10c4,0x10a4,0x10c4,0x10c4,0x10c4,0x10c4,0x10a4,0x10c4,0x10c4,0x10c4,0x10a4,0x10c4,0x10c4,0x10c4,
  0x10c4,0x10a4,0x10c4,0x10c4,0x10c4,0x10c4,0x10c4,0x10c4,0x10c4,0x10c4,0x10c4,0x10c4,0x10a4,0x10c4,0x10c4,0x10c4,
  0x10a4,0x10c4,0x10c4,0x10a4,0x10c4,0x10c4,0x10a4,0x10c4,0x10c4,0x10a4,0x10c4,0x10c4,0x10c4,0x10a4,0x10c4,0x10c4,
  0x10c4,0x10c4,0x10c4,0x10c4,0x10c4,0x10c4,0x10c4,0x10a4,0x10c4,0x10c4,0x10c4,0x10a4,0x10c4,0x10c4,0x10c4,0x10c4,
  0x10c4,0x10c4,0x10a4,0x10c4,0x10c4,0x10c4,0x10c4,0x10c4,0x10c4,0x10a4,0x10c4,0x10c4,0x10c4,0x10c4,0x10c4,0x10c4,
  0x10c4,0x10a4,0x10c4,0x10c4,0x10a4,0x10c4,0x10c4,0x10a4,0x10c4,0x10c4,0x10a4,0x10c4,0x10c4,0x10c4,0x10c4,0x10a4,
  0x10c4,0x10c4,0x10c4,0x10c4,0x10c4,0x10c4,0x10c4,0x10a4,0x10c4,0x10c4,0x10c4,0x10a4,0x10c4,0x10c4,0x10c4,0x10c4,
  0x10c4,0x10c4,0x10a4,0x10c4,0x10c4,0x10c4,0x10c4,0x10a4,0x10c4,0x10c4,0x10c4,0x10c4,0x10c4,0x10a4,0x10c4,0x10c4,
  0x10c4,0x10c4,0x10c4,0x10c4,0x10c4,0x10c4,0x10c4,0x10c4,0x10c4,0x10c4,0x10c4,0x10c4,0x10c4,0x10c4,0x10c4,0x10c4,
  0x10c4,0x10a4,0x10c4,0x10c4,0x10c4,0x10c4,0x10c4,0x10c4,0x10c4,0x10c4,0x10c4,0x10c4,0x10c4,0x10c4,0x10c4,0x10c4,
  0x10a4,0x10c4,0x10c4,0x10a4,0x10c4,0x10c4,0x10c5,0x10a4,0x10c4,0x10c4,0x10c4,0x10c4,0x10c4,0x10c4,0x10a4,0x10c5,
  0x10c4,0x10c5,0x10c4,0x10c4,0x10c4,0x10c4,0x10c4,0x10c4,0x10c4,0x10c4,0x10c4,0x10e5,0x10e5,0x10e4,0x10e4,0x10e5,
  0x1105,0x10e5,0x1105,0x10e5,0x1905,0x10e5,0x10e5,0x10e5,0x10e4,0x18c5,0x20e5,0x10c5,0x1905,0x1105,0x1125,0x1105,
  0x1105,0x1105,0x1105,0x10e5,0x10c4,0x10c4,0x10e4,0x1104,0x0924,0x0924,0x1105,0x1125,0x1905,0x1905,0x1125,0x0946,
  0x0946,0x09a6,0x1289,0x1b0c,0x1b2b,0x1b6d,0x1b4d,0x1aeb,0x1b2c,0x1b2c,0x1269,0x09a6,0x0986,0x0966,0x1145,0x1925,
  0x1905,0x1904,0x10e4,0x10e4,0x10e4,0x10c4,0x10e4,0x1105,0x1105,0x1105,0x1105,0x1105,0x1105,0x10e5,0x1105,0x1905,
  0x10c4,0x10c5,0x18e5,0x10e4,0x10e5,0x10e5,0x10e4,0x10c5,0x10c4,0x1105,0x10e5,0x1104,0x10e4,0x10e5,0x10c5,0x10e4,
  0x10e5,0x10c4,0x10c4,0x10c4,0x10c5,0x10c4,0x10c4,0x10c4,0x10c5,0x10c4,0x10c4,0x10e5,0x10c4,0x10c4,0x10c5,0x10c4,
  0x10c4,0x10c4,0x10c4,0x10c4,0x10c5,0x10c4,0x10c5,0x10c4,0x10c4,0x10c4,0x10c4,0x10c4,0x10c4,0x10c4,0x10c4,0x10c4,
  0x10c4,0x10c4,0x10c4,0x10c4,0x10c4,0x10c4,0x10c4,0x10a4,0x10c4,0x10c4,0x10c4,0x10c4,0x10c4,0x10c4,0x10c4,0x10c4,
  0x10c4,0x10c4,0x10c4,0x10c4,0x10c4,0x10c4,0x10c4,0x10c4,0x10c4,0x10c4,0x10c4,0x10c4,0x10c4,0x10c4,0x10c4,0x10c4,
  0x10c4,0x10c4,0x10c4,0x10c4,0x10c4,0x10c4,0x10c4,0x10a4,0x10c4,0x10c4,0x10a4,0x10c4,0x10c4,0x10c4,0x10a4,0x10c4,
  0x10c4,0x10c4,0x10c4,0x10c4,0x10c4,0x10c4,0x10c4,0x10c4,0x10c4,0x10c4,0x10c4,0x10c4,0x10c4,0x10c4,0x10c4,0x10c4,
  0x10c4,0x10c4,0x10c4,0x10c4,0x10c4,0x10c4,0x10c4,0x10c4,0x10c4,0x10c4,0x10c4,0x10c4,0x10c4,0x10c4,0x10c4,0x10c4,
  0x10c4,0x10c4,0x10a4,0x10c4,0x10c4,0x10a4,0x10c4,0x10c4,0x10a4,0x10c4,0x10c4,0x10a4,0x10c4,0x10c4,0x10a4,0x10c4,
  0x10c4,0x10a4,0x10c4,0x10c4,0x10a4,0x10c4,0x10c4,0x10c4,0x10c4,0x10c4,0x10c4,0x10c4,0x10c4,0x10c4,0x10c4,0x10c4,
  0x10c4,0x10c4,0x10c4,0x10c4,0x10c4,0x10c4,0x10c4,0x10c4,0x10c4,0x10a4,0x10c4,0x10c4,0x10c4,0x10c4,0x10c4,0x10c4,
  0x10c4,0x10c4,0x10c4,0x10c4,0x10c4,0x10c4,0x10c4,0x10c4,0x10a4,0x10c4,0x10c4,0x10a4,0x10c4,0x10c4,0x10c4,0x10a4,
  0x10c4,0x10c4,0x10c4,0x10c4,0x10c4,0x10c4,0x10a4,0x10c4,0x10c4,0x10c4,0x10c4,0x10c4,0x10c4,0x10c4,0x10c4,0x10c4,
  0x10c4,0x10c4,0x10c4,0x10c4,0x10c4,0x10c4,0x10c4,0x10c4,0x10c4,0x10c4,0x10c4,0x10c4,0x10c4,0x10c4,0x10c4,0x10c4,
  0x10c4,0x10c4,0x10c4,0x10c4,0x10c4,0x10c4,0x10c4,0x10c4,0x10c4,0x10c4,0x10c4,0x10c4,0x10c4,0x10c4,0x10c4,0x10c4,
  0x10c4,0x10c4,0x10c4,0x10c4,0x10c4,0x10a4,0x10c4,0x10c4,0x10a4,0x10c4,0x10c4,0x10c4,0x10c4,0x10c4,0x10c4,0x10c4,
  0x10c4,0x10c4,0x10c4,0x10c4,0x10c4,0x10c4,0x10c4,0x10c4,0x10c4,0x10c4,0x10c4,0x10c4,0x10c4,0x10c4,0x10c4,0x10c4,
  0x10c4,0x10c4,0x10c4,0x10c4,0x10c4,0x10a4,0x10c4,0x10c4,0x10c4,0x10c4,0x10c4,0x10c4,0x10c4,0x10c4,0x10c4,0x10a4,
  0x10c4,0x10c4,0x10c4,0x10c4,0x10c4,0x10c4,0x10a4,0x10c4,0x10c4,0x10c4,0x10c4,0x10c4,0x10c4,0x10c4,0x10c4,0x10c4,
  0x10c4,0x10c4,0x10c4,0x10c4,0x10c4,0x10c4,0x10c4,0x10c4,0x10c4,0x10c4,0x10c4,0x10c4,0x10c4,0x10c4,0x10c4,0x10c4,
  0x10c4,0x10c4,0x10c4,0x10c4,0x10c4,0x10c4,0x10c4,0x10c4,0x10c4,0x10c4,0x10c4,0x10c4,0x10c4,0x10c4,0x10c4,0x10a4,
  0x10c4,0x10c4,0x10c4,0x10c4,0x10c4,0x10c4,0x10c4,0x10c4,0x10c4,0x10c4,0x10c4,0x10c4,0x10c4,0x10c4,0x10c4,0x10c4,
  0x10c4,0x10c4,0x10c4,0x10c4,0x10c4,0x10c4,0x10c4,0x10c4,0x10c4,0x10c4,0x10c4,0x10c4,0x10c4,0x10c4,0x10c4,0x10c5,
  0x10c4,0x10c4,0x10c4,0x10c5,0x10c4,0x10c4,0x10c4,0x10c4,0x10c4,0x10c4,0x10c4,0x10c4,0x10c4,0x10c4,0x10c4,0x10c4,
  0x10c4,0x10c4,0x10c4,0x10c4,0x10c5,0x10c4,0x10c5,0x10c4,0x10c4,0x10c4,0x10c4,0x10c4,0x10c4,0x10c5,0x10c4,0x10c5,
  0x10c4,0x10c4,0x10c4,0x10c5,0x10c4,0x10c4,0x10c4,0x10c5,0x10c4,0x10c4,0x10c4,0x10e5,0x10e4,0x10e5,0x10e5,0x10e5,
  0x1105,0x10e5,0x1105,0x10e5,0x1105,0x10c5,0x10e5,0x10e5,0x10e4,0x18c5,0x20e5,0x18e5,0x1905,0x1105,0x1105,0x1105,
  0x1105,0x1105,0x10e5,0x10e5,0x10c4,0x10c5,0x10c4,0x10e5,0x0905,0x0925,0x0925,0x0946,0x1145,0x1166,0x0986,0x1229,
  0x2b6d,0x23ce,0x2cb1,0x35b5,0x2dd4,0x2df5,0x2dd5,0x2db4,0x2dd4,0x3593,0x24d1,0x1bee,0x23ad,0x0a28,0x09a7,0x1166,
  0x1146,0x1105,0x1105,0x10e4,0x10e4,0x10c4,0x10e4,0x10e5,0x10e4,0x10c5,0x10e5,0x1106,0x1105,0x1105,0x1105,0x1906,
  0x10e4,0x10e5,0x18e5,0x10e4,0x10e5,0x10e5,0x10e4,0x10e5,0x10e5,0x1105,0x10e5,0x1105,0x10e5,0x10e5,0x10e5,0x10e4,
  0x10e5,0x10c4,0x10c4,0x10c5,0x10c4,0x10c4,0x10c4,0x10c4,0x10c4,0x10c4,0x10c4,0x10c4,0x10c4,0x10c4,0x10c4,0x10c5,
  0x10c4,0x10c4,0x10c5,0x10c5,0x10c5,0x10c4,0x10c4,0x10c4,0x10c4,0x10c4,0x10c4,0x10c4,0x10c4,0x10a5,0x10c4,0x10c4,
  0x10c4,0x10c4,0x10c4,0x10c4,0x10c4,0x10c4,0x10c4,0x10c4,0x10c4,0x10c4,0x10c4,0x10c4,0x10c4,0x10c4,0x10c4,0x10c4,
  0x10c4,0x10c4,0x10c4,0x10c4,0x10c4,0x10c4,0x10c4,0x10c4,0x10c4,0x10c4,0x10c4,0x10c4,0x10c4,0x10c4,0x10c4,0x10c4,
  0x10c4,0x10c4,0x10c4,0x10c4,0x10c5,0x10c4,0x10c4,0x10c4,0x10c5,0x10c4,0x10c4,0x10c4,0x10c5,0x10c4,0x10c4,0x10c4,
  0x10c5,0x10c4,0x10c4,0x10c4,0x10c5,0x10c4,0x10c4,0x10c4,0x10c4,0x10c4,0x10c4,0x10c4,0x10c4,0x10c4,0x10c4,0x10c4,
  0x10c4,0x10c4,0x10c4,0x10c4,0x10c4,0x10c4,0x10c4,0x10c4,0x10a4,0x10c4,0x10c4,0x10c4,0x10c4,0x10c4,0x10c4,0x10c4,
  0x10c4,0x10c4,0x10c4,0x10c5,0x10c4,0x10c4,0x10c4,0x10c5,0x10c4,0x10c4,0x10c4,0x10c4,0x10c4,0x10c4,0x10c4,0x10c4,
  0x10c4,0x10c4,0x10c4,0x10c4,0x10c4,0x10c4,0x10c4,0x10c4,0x10c4,0x10c4,0x10c4,0x10c4,0x10c4,0x10c4,0x10c4,0x10c4,
  0x10c4,0x10c4,0x10c4,0x10c4,0x10c4,0x10c4,0x10c4,0x10c5,0x10c4,0x10c4,0x10c4,0x10c5,0x10c4,0x10c4,0x10c4,0x10c4,
  0x10c4,0x10c4,0x10c4,0x10c4,0x10c4,0x10c4,0x10c4,0x10c4,0x10c4,0x10c4,0x10c4,0x10c4,0x10c4,0x10c4,0x10c4,0x10c4,
  0x10c4,0x10c4,0x10c4,0x10c4,0x10c4,0x10c4,0x10c4,0x10c4,0x10c4,0x10c4,0x10c4,0x10c5,0x10c4,0x10c4,0x10c4,0x10c5,
  0x10c4,0x10c4,0x10c4,0x10c4,0x10c4,0x10c4,0x10c4,0x10c4,0x10c4,0x10c4,0x10c4,0x10c4,0x10c4,0x10a4,0x10c4,0x10c4,
  0x10c4,0x10c4,0x10c4,0x10c4,0x10c4,0x10c4,0x10c4,0x10c4,0x10c4,0x10c4,0x10c4,0x10c4,0x10c4,0x10c4,0x10c4,0x10c5,
  0x10c4,0x10c4,0x10c4,0x10c5,0x10c4,0x10c4,0x10c4,0x10c4,0x10c4,0x10c4,0x10c4,0x10c4,0x10c4,0x10c4,0x10c4,0x10c4,
  0x10c4,0x10c4,0x10c4,0x10c4,0x10c4,0x10c4,0x10c4,0x10c4,0x10c4,0x10c4,0x10c4,0x10c4,0x10c4,0x10c4,0x10c4,0x10c4,
  0x10c4,0x10a4,0x10c4,0x10c5,0x10c4,0x10c4,0x10c4,0x10c5,0x10c4,0x10c4,0x10c4,0x10c4,0x10c4,0x10c4,0x10c4,0x10c4,
  0x10c4,0x10c4,0x10c4,0x10c4,0x10c4,0x10c4,0x10c4,0x10c4,0x10c4,0x10c4,0x10c4,0x10c4,0x10c4,0x10c4,0x10c4,0x10c4,
  0x10c4,0x10c4,0x10c4,0x10c4,0x10c4,0x10c4,0x10c4,0x10c5,0x10c4,0x10c4,0x10c4,0x10c5,0x10c4,0x10c4,0x10c4,0x10c4,
  0x10c4,0x10c4,0x10c4,0x10c4,0x10c4,0x10a4,0x10c4,0x10c4,0x10c4,0x10c4,0x10c4,0x10c4,0x10c4,0x10c4,0x10c4,0x10c4,
  0x10c4,0x10c4,0x10c4,0x10c4,0x10c4,0x10c4,0x10c4,0x10c4,0x10c4,0x10c4,0x10c4,0x10c4,0x10c4,0x10c4,0x10c4,0x10c4,
  0x10c4,0x10c5,0x10c4,0x10c4,0x10c5,0x10c4,0x10c4,0x10c5,0x10c4,0x10c4,0x10c5,0x10c4,0x10c4,0x10c5,0x10c4,0x10c4,
  0x10c4,0x10c4,0x10c4,0x10c4,0x10c4,0x10c4,0x10c5,0x10c4,0x10c4,0x10c5,0x10c4,0x10c4,0x10c5,0x10c4,0x10c4,0x10c5,
  0x10c5,0x10c4,0x10c5,0x10c4,0x10c4,0x10c5,0x10c4,0x10c4,0x10c6,0x10c4,0x10c4,0x10c5,0x10c4,0x10c4,0x10c5,0x10c4,
  0x10c4,0x10c6,0x10c4,0x10c4,0x10c4,0x10c4,0x10c5,0x10c4,0x10e5,0x10c4,0x10e6,0x1105,0x10e5,0x10e6,0x10e5,0x10e5,
  0x1106,0x10c5,0x1105,0x1906,0x1105,0x10e5,0x1106,0x1105,0x10e5,0x10c5,0x18c5,0x1905,0x1106,0x1105,0x1105,0x1106,
  0x10e5,0x10e4,0x18e6,0x10c4,0x18c4,0x18e6,0x18c5,0x18e4,0x18e5,0x1105,0x0925,0x0986,0x09c6,0x2c30,0x2430,0x24b1,
  0x3573,0x2db5,0x25b4,0x25f5,0x1df6,0x1e15,0x1614,0x1636,0x1e15,0x1df4,0x25f5,0x25b4,0x2db4,0x1c91,0x242f,0x2bce,
  0x0988,0x0966,0x1106,0x18e6,0x10e5,0x18e5,0x10e6,0x10c4,0x18c5,0x18e6,0x10e4,0x1105,0x1105,0x1105,0x1105,0x1105,
  0x1905,0x10e4,0x10e6,0x10e5,0x1105,0x1106,0x10e5,0x1105,0x1906,0x1905,0x10c5,0x1106,0x10e5,0x10e5,0x10e6,0x10e4,
  0x10e5,0x10c5,0x10e5,0x10c5,0x10c6,0x10c4,0x10c5,0x10c5,0x10c5,0x10c4,0x10c5,0x10e5,0x10c4,0x10c5,0x10c5,0x10c4,
  0x10c4,0x10c4,0x10c4,0x10c4,0x10c4,0x10c4,0x10c6,0x10c4,0x10c4,0x10c5,0x10c4,0x10c4,0x10c5,0x10c5,0x10c4,0x10c5,
  0x10c4,0x10c4,0x10c5,0x10c4,0x10c4,0x10c5,0x10c4,0x10c4,0x10c5,0x10c4,0x10c4,0x10c5,0x10c4,0x10c4,0x10c5,0x10c4,
  0x10c4,0x10c5,0x10c4,0x10c5,0x10c4,0x10c4,0x10c5,0x10c4,0x10c4,0x10c5,0x10c4,0x10c4,0x10c5,0x10c4,0x10c4,0x10c5,
  0x10c4,0x10c4,0x10c5,0x10c4,0x10c4,0x10c4,0x10c4,0x10c4,0x10c4,0x10c4,0x10c4,0x10c4,0x10c4,0x10c4,0x10c4,0x10c4,
  0x10c4,0x10c4,0x10c4,0x10c4,0x10c4,0x10c4,0x10c4,0x10c5,0x10c4,0x10c4,0x10c5,0x10c4,0x10c4,0x10c5,0x10c4,0x10c4,
  0x10c5,0x10c4,0x10c4,0x10c5,0x10c4,0x10c4,0x10c5,0x10c4,0x10c4,0x10c5,0x10c4,0x10c4,0x10c5,0x10c4,0x10c4,0x10c5,
  0x10c4,0x10c4,0x10c4,0x10c4,0x10c4,0x10c4,0x10c4,0x10c4,0x10c4,0x10c4,0x10c5,0x10c4,0x10c4,0x10c5,0x10c4,0x10c4,
  0x10c5,0x10c4,0x10c4,0x10c5,0x10c4,0x10c4,0x10c5,0x10c4,0x10c4,0x10c5,0x10c4,0x10c4,0x10c5,0x10c4,0x10c4,0x10c5,
  0x10c4,0x10c4,0x10c5,0x10c4,0x10c4,0x10c5,0x10c4,0x10c4,0x10c4,0x10c4,0x10c4,0x10c4,0x10c4,0x10c4,0x10c5,0x10c4,
  0x10c4,0x10c5,0x10c4,0x10c4,0x10c5,0x10c4,0x10c4,0x10c5,0x10c4,0x10c4,0x10c5,0x10c4,0x10c4,0x10c5,0x10c4,0x10c4,
  0x10c5,0x10c4,0x10c4,0x10c5,0x10c4,0x10c4,0x10c5,0x10c4,0x10c4,0x10c5,0x10c4,0x10c4,0x10c4,0x10c4,0x10c4,0x10c4,
  0x10c4,0x10c4,0x10c5,0x10c4,0x10c4,0x10c5,0x10c4,0x10c4,0x10c5,0x10c4,0x10c4,0x10c5,0x10c4,0x10c4,0x10c5,0x10c4,
  0x10c4,0x10c5,0x10c4,0x10c4,0x10c5,0x10c4,0x10c4,0x10c5,0x10c4,0x10c4,0x10c5,0x10c4,0x10c4,0x10c5,0x10c4,0x10c4,
  0x10c4,0x10c4,0x10c4,0x10c4,0x10c4,0x10c4,0x10c5,0x10c4,0x10c4,0x10c5,0x10c4,0x10c4,0x10c5,0x10c4,0x10c4,0x10c5,
  0x10c4,0x10c4,0x10c5,0x10c4,0x10c4,0x10c5,0x10c4,0x10c4,0x10c5,0x10c4,0x10c4,0x10c5,0x10c4,0x10c4,0x10c5,0x10c4,
  0x10c4,0x10c5,0x10c4,0x10c4,0x10c4,0x10c4,0x10c4,0x10c4,0x10c4,0x10c4,0x10c5,0x10c4,0x10c4,0x10c5,0x10c4,0x10c4,
  0x10c5,0x10c4,0x10c4,0x10c5,0x10c4,0x10c4,0x10c5,0x10c4,0x10c4,0x10c5,0x10c4,0x10c4,0x10c5,0x10c4,0x10c4,0x10c5,
  0x10c4,0x10c4,0x10c5,0x10c4,0x10c4,0x10c5,0x10c4,0x10c4,0x10c4,0x10c4,0x10c4,0x10c4,0x10c4,0x10c4,0x10c5,0x10c4,
  0x10c4,0x10c5,0x10c4,0x10c4,0x10c5,0x10c4,0x10c4,0x10c5,0x10c4,0x10c4,0x10c5,0x10c4,0x10c4,0x10c5,0x10c4,0x10c4,
  0x10c5,0x10c4,0x10c4,0x10c5,0x10c4,0x10c4,0x10c5,0x10c4,0x10c4,0x10c5,0x10c4,0x10c5,0x10c4,0x10c4,0x10c5,0x10c4,
  0x10c4,0x10c4,0x10c4,0x10c4,0x10c4,0x10c4,0x10c4,0x10c4,0x10c4,0x10c4,0x10c4,0x10c4,0x10c4,0x18c4,0x10c4,0x10c4,
  0x10c4,0x18c5,0x10c4,0x10c4,0x10c4,0x10c4,0x10c4,0x10c4,0x10c4,0x10c4,0x10c4,0x10c4,0x10c4,0x10c4,0x10c4,0x10c4,
  0x10c4,0x10c4,0x10c4,0x10c4,0x10c4,0x10c4,0x10e5,0x10c4,0x10c4,0x10c4,0x10c4,0x18c4,0x10c4,0x10c4,0x10c4,0x18e5,
  0x10c4,0x10c4,0x10c4,0x10c4,0x10c4,0x10c5,0x10c4,0x10c4,0x10c4,0x10c4,0x10e4,0x10e5,0x10e4,0x10e5,0x10e5,0x10e5,
  0x1105,0x10e5,0x1105,0x1905,0x10e5,0x1105,0x10e5,0x1905,0x1905,0x18e5,0x10e5,0x1905,0x1105,0x1905,0x1105,0x1105,
  0x1905,0x18e5,0x18e5,0x10a4,0x18c4,0x20e5,0x18e5,0x18e5,0x18e5,0x0926,0x0987,0x0a08,0x2c90,0x2593,0x1df4,0x1e15,
  0x1615,0x1df5,0x15f5,0x1df5,0x25d5,0x15d4,0x15f5,0x1e15,0x15f4,0x15b4,0x1dd5,0x2615,0x15f4,0x1e15,0x1dd4,0x2d93,
  0x2c30,0x09a7,0x0946,0x1907,0x18e5,0x1905,0x10e5,0x18e5,0x2105,0x10a4,0x1905,0x10e5,0x10e5,0x1106,0x1105,0x1105,
  0x1905,0x1905,0x10c4,0x1905,0x10e5,0x18e4,0x10e5,0x1905,0x10e4,0x2105,0x10c4,0x1105,0x10e4,0x10e5,0x10e4,0x10e4,
  0x10e5,0x10e5,0x1905,0x10e4,0x1905,0x10e5,0x18e5,0x10e5,0x10c4,0x10c4,0x10c4,0x10c4,0x10c4,0x10c4,0x10c4,0x10c4,
  0x10c4,0x10c5,0x10c4,0x18c4,0x10e5,0x10c4,0x10c4,0x18c4,0x10c4,0x10c4,0x10c4,0x10c4,0x10c4,0x10c4,0x10e4,0x10c4,
  0x10c4,0x10c4,0x10c4,0x10c4,0x10c4,0x10c4,0x10c4,0x10c4,0x10c4,0x10c4,0x10c4,0x10c4,0x10c4,0x10c4,0x10c4,0x10c4,
  0x10c4,0x10c4,0x10c4,0x10c4,0x10c4,0x10c4,0x10c4,0x10c4,0x10c4,0x10c4,0x10c4,0x10c4,0x10c4,0x10c4,0x10c4,0x10c4,
  0x10c4,0x10c4,0x10c4,0x10c4,0x10c4,0x10c5,0x10c4,0x10c4,0x10c4,0x10c5,0x10c4,0x10c4,0x10c4,0x10c5,0x10c4,0x10c4,
  0x10c4,0x10c5,0x10c4,0x10c4,0x10c4,0x10c5,0x18c4,0x10c4,0x10c4,0x10c4,0x10c4,0x10c4,0x10c4,0x10c4,0x10c4,0x10c4,
  0x10c4,0x10c4,0x10c4,0x10c4,0x10c4,0x18c4,0x10c4,0x10c4,0x10e4,0x10c4,0x10c4,0x10c4,0x10c4,0x10c4,0x10c4,0x10c4,
  0x10c4,0x10c5,0x10c4,0x10c4,0x10c4,0x10c5,0x10c4,0x18c4,0x10c4,0x10c4,0x10c4,0x18c4,0x10c4,0x10c4,0x10c4,0x10c4,
  0x10c4,0x10c4,0x10c4,0x10c4,0x10e4,0x10c4,0x10c4,0x10c4,0x10c4,0x10c4,0x10c4,0x10c4,0x10c4,0x10c4,0x10c4,0x10c4,
  0x10c4,0x10c4,0x10c4,0x10c4,0x10c4,0x18c4,0x10c4,0x10c4,0x10c4,0x18c5,0x10c4,0x10c4,0x10c4,0x10c4,0x10c4,0x10c4,
  0x10c4,0x10c4,0x10c4,0x10c4,0x10c4,0x10c4,0x10c4,0x10c4,0x10c4,0x10c4,0x10c4,0x10c4,0x10c4,0x10c4,0x10c4,0x10c4,
  0x10c4,0x10c4,0x10c4,0x18c4,0x10c4,0x10c4,0x10c4,0x18c4,0x10c4,0x10c4,0x10c4,0x10c4,0x10c4,0x10c5,0x10c4,0x10c4,
  0x10c4,0x10c4,0x10c4,0x10c4,0x10c4,0x10c4,0x10c4,0x10c4,0x10c4,0x10c4,0x10c4,0x10c4,0x10c4,0x10e4,0x10c4,0x10c4,
  0x10c4,0x18c4,0x10c4,0x10c4,0x10c4,0x18c4,0x10c4,0x10c4,0x10c4,0x10c4,0x10c4,0x10c4,0x10c4,0x10c4,0x10c4,0x10c4,
  0x10c4,0x10c5,0x10c4,0x10c4,0x10c4,0x10c4,0x10c4,0x10c4,0x10c4,0x10c4,0x10c4,0x10c4,0x10c4,0x10c4,0x10c4,0x18c4,
  0x10c4,0x10c4,0x10c4,0x18c4,0x10c4,0x10c4,0x10c4,0x10c4,0x10c4,0x10c4,0x10c4,0x10c4,0x10c4,0x10c4,0x10c4,0x10c4,
  0x10c4,0x10c4,0x10e4,0x10c4,0x10c4,0x10c5,0x10c4,0x10c4,0x10c4,0x10c4,0x10c4,0x10c4,0x10c4,0x18c4,0x10c4,0x10c4,
  0x10c4,0x18c4,0x10c4,0x10c4,0x10c4,0x10c4,0x10c4,0x10c4,0x10c4,0x10c4,0x10c4,0x10c4,0x10c4,0x10c4,0x10c4,0x10c4,
  0x10c4,0x10c4,0x10c4,0x10c4,0x10c4,0x10c4,0x10c4,0x10c4,0x10c4,0x10c5,0x10c4,0x18c4,0x10c4,0x10c4,0x10c4,0x18c4,
  0x10c4,0x10c4,0x10c4,0x10c4,0x10c4,0x10c4,0x10e4,0x10c4,0x10c4,0x10c4,0x10c4,0x10c4,0x10c4,0x10c4,0x10c4,0x10c4,
  0x10c4,0x10c4,0x10c4,0x10c4,0x10c4,0x10c4,0x10c4,0x10c4,0x10c4,0x10c4,0x10c4,0x10c4,0x10c4,0x10c4,0x10c4,0x10c4,
  0x18c4,0x10e4,0x10c5,0x10c4,0x10e4,0x18c4,0x10c5,0x10c4,0x18e4,0x10c4,0x10c4,0x18c5,0x10e4,0x10c4,0x10c4,0x10e4,
  0x10c4,0x10c4,0x10e4,0x10c4,0x10c5,0x18e4,0x10c4,0x10c4,0x10c5,0x18e4,0x10c4,0x10c4,0x10c4,0x1106,0x18c4,0x10c4,
  0x10e4,0x10c5,0x10e4,0x18c4,0x1105,0x10c4,0x18c5,0x10e4,0x10c4,0x18e4,0x10c6,0x10c4,0x10e4,0x10e5,0x10c4,0x10e5,
  0x10c4,0x10c4,0x10e4,0x18c5,0x10c5,0x10c4,0x1105,0x18e5,0x10e6,0x1104,0x1105,0x1105,0x18e6,0x10e4,0x1104,0x10e4,
  0x1104,0x18c5,0x1925,0x1905,0x2104,0x1906,0x10e5,0x18e4,0x1905,0x1905,0x1906,0x1125,0x1105,0x1105,0x1106,0x18e5,
  0x1925,0x18e4,0x10c4,0x18c5,0x10e4,0x18c4,0x10e5,0x1126,0x0987,0x09e8,0x2bce,0x3513,0x25d5,0x1dd4,0x1e35,0x15f3,
  0x1616,0x1e15,0x1dd5,0x1df5,0x2615,0x25f5,0x25d5,0x25d5,0x3616,0x35f7,0x25b5,0x2616,0x25d5,0x15d3,0x1e36,0x25d4,
  0x2d94,0x3512,0x2baf,0x11a7,0x0986,0x0925,0x1925,0x10e5,0x20e4,0x20e6,0x18a4,0x10c4,0x10e4,0x1925,0x1105,0x1125,
  0x1906,0x1925,0x1905,0x1905,0x1126,0x1105,0x1905,0x1925,0x1905,0x1906,0x10e4,0x1105,0x10e4,0x2106,0x18e5,0x18e5,
  0x1125,0x18c4,0x1906,0x10e4,0x10c4,0x10e5,0x18e5,0x18e5,0x10e4,0x10c4,0x10c4,0x18c5,0x10e4,0x10c4,0x18c4,0x10e4,
  0x10c4,0x18c4,0x1105,0x10c4,0x10c5,0x10c4,0x10e4,0x10c4,0x10c6,0x10c4,0x10e5,0x18c4,0x10c4,0x10e6,0x10c4,0x18c4,
  0x10e5,0x10e5,0x10c5,0x10c4,0x18e4,0x10c4,0x10c5,0x10e4,0x10c4,0x18c4,0x10e4,0x10c4,0x18c5,0x10e4,0x10c4,0x10c4,
  0x18e5,0x10c4,0x10c4,0x10e4,0x10c4,0x10c4,0x10e4,0x10c4,0x18c4,0x10e4,0x10c5,0x10c4,0x10e4,0x18c4,0x10c5,0x10c4,
  0x18e4,0x10c4,0x10c4,0x18c5,0x10c4,0x10c4,0x18e4,0x10c4,0x10c4,0x10e4,0x10c4,0x18e4,0x10c4,0x10c4,0x10e4,0x10c5,
  0x18e4,0x10c4,0x10c4,0x10e4,0x10c4,0x10c4,0x10c4,0x10e4,0x10c4,0x10c4,0x18c4,0x10e4,0x10c5,0x10c4,0x10c4,0x10e4,
  0x10c4,0x18c5,0x10c4,0x10e4,0x10c4,0x10c5,0x10e4,0x10c4,0x10c4,0x18c5,0x10c4,0x10e4,0x10c4,0x18c5,0x10c4,0x10e4,
  0x10c4,0x18c4,0x10e4,0x10c4,0x18c4,0x10e4,0x10c4,0x10e4,0x10c5,0x10e4,0x10c4,0x10e4,0x10c5,0x10e4,0x10c4,0x18e4,
  0x10c4,0x10e5,0x10c4,0x18c4,0x10c4,0x10c5,0x10e4,0x10c4,0x18c4,0x10e4,0x10c5,0x10c4,0x10e4,0x18c4,0x10c5,0x10c4,
  0x18e4,0x10c4,0x10c4,0x18c5,0x10e4,0x10c4,0x10c4,0x10e4,0x10c4,0x10c4,0x10e4,0x10c4,0x10c5,0x18e4,0x10c4,0x10c4,
  0x10c5,0x18e4,0x10c4,0x10c4,0x10c4,0x10e5,0x18c4,0x10c4,0x10e4,0x10c5,0x10e4,0x18c4,0x10e4,0x10c4,0x18c5,0x10e4,
  0x10c4,0x18e4,0x10c5,0x10c4,0x10e4,0x10c4,0x10c4,0x10e5,0x10c4,0x10c4,0x10e4,0x18c4,0x10c4,0x10c4,0x10e4,0x18c4,
  0x10c5,0x10c4,0x10e4,0x10c4,0x18c5,0x10c4,0x10e4,0x10c4,0x10c4,0x18c5,0x10e4,0x10c4,0x18c4,0x10c5,0x10c4,0x18c4,
  0x10e4,0x10c4,0x10c5,0x10e4,0x10c4,0x10c4,0x10c5,0x10c4,0x10e4,0x18c4,0x10c4,0x10c5,0x10e4,0x18c4,0x10c4,0x10c4,
  0x10c4,0x10e4,0x18c4,0x10c4,0x10e5,0x10c4,0x10c4,0x18e4,0x10c5,0x10e4,0x18c4,0x10c4,0x10e4,0x18c5,0x10c4,0x10c4,
  0x10e4,0x10c5,0x10c4,0x10e4,0x10c4,0x10c4,0x10e5,0x18c4,0x10c4,0x10e4,0x10c5,0x18c4,0x10e4,0x10c4,0x10c4,0x10e5,
  0x18c4,0x10c4,0x10c4,0x10c4,0x10c4,0x18e4,0x10c4,0x10e4,0x18c5,0x10e4,0x10c4,0x18c4,0x10e5,0x10c4,0x10c4,0x10e4,
  0x10c4,0x10c5,0x10e4,0x10c4,0x10c4,0x18e5,0x10c4,0x10c4,0x10e4,0x18c4,0x10c5,0x10e4,0x10c4,0x10c4,0x18c5,0x10c4,
  0x10e4,0x10c4,0x10c4,0x18c5,0x10e4,0x10c4,0x18c4,0x10e4,0x10c4,0x18c4,0x10e4,0x10c4,0x10c5,0x10c4,0x10e4,0x10c4,
  0x10c5,0x10c4,0x10e4,0x18c4,0x10c4,0x10c5,0x10c4,0x18c4,0x10c4,0x10e5,0x10c4,0x10c4,0x18e4,0x10c4,0x10c5,0x10e4,
  0x10c4,0x18c4,0x10e4,0x10c4,0x18c5,0x10e4,0x10c4,0x10c4,0x18e5,0x10c4,0x10c4,0x10e4,0x10c4,0x10c4,0x10e4,0x10c4,
  0x10c5,0x10c4,0x18c4,0x10c4,0x10c4,0x10c4,0x10e4,0x10c4,0x10c4,0x10c5,0x10e4,0x10c4,0x10c4,0x10c4,0x10c5,0x18c4,
  0x10c4,0x10c4,0x10c5,0x18c4,0x10c4,0x10c4,0x10c4,0x18e4,0x10c5,0x10c5,0x10c4,0x1906,0x10c4,0x10c4,0x10c4,0x10c4,
  0x18e5,0x10c4,0x10c5,0x10c5,0x10c5,0x10c4,0x10c4,0x10c4,0x10e5,0x10c4,0x10c4,0x10c4,0x10e5,0x18c5,0x10c4,0x10c4,
  0x10e5,0x18c4,0x10c5,0x10c4,0x1104,0x18e4,0x10c5,0x10c4,0x10c4,0x18c4,0x10c4,0x10e4,0x1104,0x10e5,0x18e5,0x10e6,
  0x1125,0x10c4,0x1105,0x1905,0x10e4,0x1125,0x1905,0x1105,0x1106,0x1105,0x1905,0x1906,0x1105,0x1125,0x10e4,0x18c4,
  0x10c4,0x18c5,0x2105,0x2905,0x10c4,0x10c4,0x0966,0x1187,0x09a7,0x2c0f,0x3db6,0x2dd5,0x3615,0x1df5,0x1df5,0x2635,
  0x1df5,0x1db4,0x25d4,0x2e16,0x2df5,0x2594,0x35f5,0x2d54,0x2d54,0x3d95,0x2d75,0x25b4,0x25d5,0x2e15,0x1df5,0x2635,
  0x25d5,0x35b5,0x35b5,0x23cf,0x09c6,0x1167,0x0946,0x1125,0x10c4,0x18e4,0x28e6,0x10c4,0x10e5,0x1105,0x1106,0x1125,
  0x1905,0x1905,0x1105,0x18e5,0x1905,0x18e5,0x18e5,0x2106,0x10c4,0x1905,0x10c4,0x1905,0x10e4,0x10e4,0x10e4,0x18e4,
  0x10e5,0x18e5,0x1905,0x20e5,0x1905,0x1105,0x10e5,0x10e5,0x18c4,0x10e6,0x10e4,0x18e5,0x10c4,0x10e5,0x10c5,0x10e5,
  0x10c4,0x10c4,0x10c5,0x10c4,0x10e4,0x18c4,0x10e5,0x10c4,0x10e4,0x18c4,0x10c4,0x10c5,0x10e4,0x18c4,0x10c4,0x10e4,
  0x10c4,0x18c4,0x10c4,0x10c4,0x10c5,0x10c4,0x18c4,0x10c4,0x10c4,0x10c5,0x10c4,0x10c4,0x10c4,0x10c4,0x18c4,0x10c4,
  0x10c4,0x10c4,0x10c4,0x18c5,0x10c4,0x18c4,0x10c5,0x10c4,0x10c5,0x10c4,0x18c4,0x10c4,0x10c4,0x10c4,0x10e4,0x10c4,
  0x10c4,0x10c5,0x10e4,0x10c4,0x10c4,0x10c4,0x10c5,0x10c4,0x18c4,0x10c4,0x10c5,0x10c4,0x10c4,0x18c4,0x10c4,0x10c4,
  0x10c4,0x10c4,0x18c4,0x10c5,0x18c4,0x10e4,0x10c4,0x10c4,0x18c5,0x10e4,0x10c4,0x10c4,0x18c4,0x10e4,0x18c4,0x10c5,
  0x10c4,0x10e4,0x10c4,0x18c4,0x10c4,0x10c4,0x10c4,0x18c4,0x10c4,0x10e4,0x10c4,0x18c4,0x10c4,0x10e4,0x10c4,0x18c4,
  0x10c4,0x10c4,0x10c5,0x10c4,0x10c4,0x10c4,0x10c5,0x10c4,0x10c4,0x18c4,0x10c4,0x10c4,0x10c4,0x18c4,0x10c4,0x10c5,
  0x10c4,0x18c4,0x10c4,0x10e4,0x10c4,0x18c4,0x10c4,0x10c4,0x10c5,0x10c4,0x18c4,0x10c4,0x10c4,0x10c4,0x10e4,0x10c4,
  0x10c4,0x10c5,0x10e4,0x10c4,0x10c4,0x10c4,0x10c5,0x18c4,0x10c4,0x10c4,0x10c5,0x18c4,0x10c4,0x10c4,0x10c4,0x18e4,
  0x10c4,0x10c4,0x10c4,0x18e5,0x10c4,0x10c4,0x10c4,0x10c4,0x18c4,0x10c4,0x10c4,0x10c4,0x10c5,0x10c4,0x10c4,0x10c4,
  0x10c4,0x10c4,0x10c4,0x10c4,0x10c4,0x18c5,0x10c4,0x10c4,0x10c4,0x18c4,0x10c5,0x10c4,0x10e4,0x18c4,0x10c5,0x10c4,
  0x10c4,0x18c4,0x10c4,0x10c4,0x10e4,0x10c4,0x18c4,0x10c5,0x10e4,0x10c4,0x10c4,0x10c4,0x10c4,0x10e4,0x10c4,0x10c4,
  0x10c5,0x10c4,0x10c4,0x18c4,0x10c4,0x10e4,0x10c4,0x18c4,0x10c4,0x10c5,0x10e4,0x18c4,0x10c4,0x10c4,0x10e5,0x18c4,
  0x10c4,0x10c4,0x10c5,0x10c4,0x18c4,0x10c4,0x10c4,0x10c4,0x10c4,0x10c4,0x10c4,0x10c5,0x10c4,0x10c4,0x10e4,0x10c4,
  0x10c4,0x18c4,0x10c4,0x10c4,0x10c5,0x18c4,0x10c4,0x10c4,0x10c4,0x18c4,0x10c4,0x10c4,0x10c4,0x18c5,0x10c4,0x10c4,
  0x10c4,0x10e4,0x18c5,0x10c4,0x10c4,0x10c4,0x10c5,0x10c4,0x10c4,0x10c4,0x10c4,0x10c4,0x10c4,0x10c4,0x10c4,0x18c5,
  0x10c4,0x10c4,0x10c4,0x18c4,0x10c4,0x10c4,0x10c4,0x18c4,0x10c5,0x10c4,0x10c4,0x18c4,0x10c4,0x10e4,0x10c4,0x10c4,
  0x18c4,0x10c5,0x10e4,0x10c4,0x10c4,0x10c4,0x10c5,0x10c4,0x10c4,0x10c4,0x10c5,0x10c4,0x10e4,0x18c4,0x10c4,0x10c4,
  0x10e4,0x18c4,0x10c4,0x10c5,0x10e4,0x18c4,0x10c4,0x10e4,0x10c4,0x18c4,0x10c4,0x10c4,0x10c5,0x10c4,0x18c4,0x10c4,
  0x10c4,0x10c5,0x10c4,0x10c4,0x10c4,0x10c4,0x18c4,0x10c4,0x10c4,0x10c4,0x10c4,0x18c5,0x10c4,0x18c4,0x10c5,0x10c4,
  0x10c4,0x10e4,0x10c4,0x10c5,0x18e4,0x10c5,0x10c4,0x18c5,0x10c4,0x10c4,0x18c4,0x10c4,0x10c5,0x18e4,0x10c4,0x10c4,
  0x10e5,0x18c4,0x10c4,0x10e4,0x10c4,0x10c5,0x10c4,0x10c5,0x10c4,0x10c5,0x10c4,0x10c4,0x10c4,0x18c4,0x10e5,0x10c4,
  0x10c5,0x10c4,0x18e5,0x10c4,0x10c4,0x18e4,0x18e5,0x10c5,0x18e4,0x10c5,0x10c4,0x18e5,0x10c4,0x10c4,0x1105,0x18c4,
  0x10e5,0x10c4,0x18e5,0x10e5,0x10c6,0x10e5,0x10c4,0x1105,0x10c4,0x1926,0x10c4,0x2106,0x1905,0x1906,0x1905,0x1905,
  0x2105,0x1905,0x1906,0x2125,0x10e6,0x10e4,0x18e5,0x10e5,0x1925,0x2105,0x1105,0x1926,0x1105,0x2106,0x10c5,0x10e6,
  0x10c5,0x10e5,0x10c4,0x10c4,0x0906,0x1186,0x0965,0x09c7,0x2c30,0x4575,0x2533,0x2e15,0x25f5,0x1df6,0x25f4,0x2595,
  0x2db4,0x3595,0x35d4,0x2d32,0x2d32,0x3574,0x34f3,0x4d54,0x3d54,0x3593,0x35f6,0x2dd4,0x2614,0x1e15,0x15d4,0x1e56,
  0x15b4,0x1db5,0x2dd5,0x2d75,0x1b8d,0x0a06,0x0965,0x19a6,0x1126,0x10a4,0x1905,0x1905,0x18e5,0x1105,0x1125,0x1905,
  0x1105,0x18e6,0x2125,0x1906,0x1905,0x2126,0x1105,0x1105,0x1925,0x2105,0x1906,0x1925,0x1906,0x1905,0x1926,0x1905,
  0x1905,0x10e4,0x1905,0x10c5,0x1105,0x18e5,0x10e4,0x1106,0x10e5,0x10e4,0x18c4,0x10c4,0x10c5,0x18e4,0x10c4,0x10c4,
  0x18e6,0x10c5,0x10c4,0x18c4,0x18e5,0x10c5,0x10c4,0x18c5,0x10c4,0x10c5,0x10c4,0x10c4,0x10c4,0x10c4,0x10c5,0x10c4,
  0x10c5,0x10c4,0x10e5,0x18c5,0x10c4,0x10e4,0x10c4,0x10c5,0x18e4,0x10c4,0x10c4,0x18e5,0x10c4,0x10c5,0x10e4,0x10c5,
  0x10c4,0x18e5,0x10c4,0x10c4,0x10e4,0x10c5,0x10c4,0x18c4,0x10c4,0x10e4,0x10c4,0x10c5,0x18e4,0x10c5,0x10c4,0x18c5,
  0x10c4,0x10c4,0x18c4,0x10c4,0x10e4,0x18c4,0x10c4,0x10e5,0x10c4,0x10c4,0x18e4,0x10c5,0x10c4,0x10e5,0x10c4,0x18c4,
  0x10c5,0x10e4,0x10c4,0x10c4,0x10c4,0x10c5,0x18c4,0x10c4,0x10c4,0x10c5,0x10c4,0x10c5,0x10c4,0x10c5,0x10c4,0x10c4,
  0x18c4,0x10c4,0x10c5,0x10c4,0x10e5,0x18c4,0x10c5,0x10e4,0x10c5,0x10c4,0x10c5,0x10c4,0x10c5,0x10c4,0x10c5,0x10c4,
  0x10e5,0x10c4,0x18c4,0x10e4,0x10c5,0x18c4,0x10e4,0x18c4,0x10c4,0x10c5,0x10e4,0x18c5,0x10c4,0x10c5,0x10c4,0x10e4,
  0x10c4,0x10c4,0x10c5,0x10c4,0x10c5,0x10c4,0x10e5,0x18c4,0x10c4,0x10e4,0x10c4,0x10c5,0x18e4,0x10c5,0x10c4,0x18c5,
  0x10c4,0x10c4,0x18c4,0x10c4,0x10c5,0x18e4,0x10c4,0x10c4,0x10e5,0x18c4,0x10c4,0x10e4,0x10c4,0x10c5,0x10c4,0x10c5,
  0x10c4,0x10c5,0x10c4,0x10c4,0x10c4,0x18c4,0x10e5,0x10c4,0x10c5,0x10c4,0x18e5,0x10c4,0x10c4,0x18e4,0x10c4,0x10c5,
  0x18e4,0x10c5,0x10c4,0x18e5,0x10c4,0x10c4,0x10e4,0x18c4,0x10e5,0x10c4,0x10c4,0x10c4,0x10c5,0x10c4,0x10c4,0x10e4,
  0x10c4,0x10e5,0x10c4,0x18c5,0x10c4,0x10c5,0x10c4,0x10c4,0x18c4,0x10c4,0x10c5,0x18e4,0x10c5,0x10c4,0x18c5,0x10c4,
  0x10e4,0x18c4,0x10c4,0x10e5,0x10c4,0x18c5,0x10c4,0x10e5,0x10c4,0x10c4,0x10c4,0x10c4,0x10c5,0x10c4,0x10c4,0x10c4,
  0x10e5,0x18c4,0x10c4,0x10e4,0x10c4,0x10c5,0x18e4,0x10c5,0x10c4,0x18c5,0x10e4,0x10c4,0x18c4,0x10c4,0x10c5,0x18c4,
  0x10c5,0x10e4,0x10c5,0x18c4,0x10e4,0x10c4,0x10c4,0x10e5,0x10c4,0x10c5,0x10e4,0x10c5,0x10c4,0x10e4,0x10c4,0x18c4,
  0x10c5,0x10c4,0x10c4,0x10e4,0x18c5,0x10c4,0x10e4,0x18c4,0x10c4,0x10c5,0x18e4,0x10c5,0x10c4,0x18e5,0x10c4,0x10c4,
  0x10e4,0x18c4,0x10c5,0x10e4,0x10c5,0x10c4,0x10e5,0x10c4,0x10c4,0x10e4,0x10c4,0x10c5,0x10c4,0x18c5,0x10c4,0x10e5,
  0x10c4,0x10c4,0x18c4,0x10c4,0x10c5,0x18e4,0x10c4,0x10c4,0x18e5,0x10c4,0x10c4,0x18c4,0x10c4,0x10c5,0x10c4,0x18c5,
  0x10c4,0x10c5,0x10c4,0x10c4,0x10c4,0x10c4,0x10c5,0x10c4,0x10c5,0x10c4,0x10e5,0x18c4,0x10c4,0x10e4,0x10c4,0x10c5,
  0x18e4,0x10c4,0x10c4,0x18e5,0x10c4,0x10c5,0x10e4,0x10c5,0x10c4,0x18e5,0x10c4,0x10c4,0x10e4,0x10c5,0x10c4,0x18c4,
  0x10c5,0x18c4,0x10c4,0x10c4,0x10c4,0x10c4,0x10c4,0x10c4,0x10e4,0x10c5,0x10c4,0x10e4,0x10c4,0x10c5,0x10c4,0x10c4,
  0x10c4,0x10c5,0x10c4,0x10c5,0x18c4,0x10e4,0x10c4,0x18c4,0x10e4,0x18c4,0x10c4,0x10c5,0x10e4,0x10e5,0x10c4,0x18c4,
  0x10e4,0x10c4,0x10c4,0x10c4,0x10e6,0x10c4,0x10c4,0x10c4,0x10c4,0x10c4,0x10c5,0x10c4,0x10c5,0x10c5,0x10c4,0x10c4,
  0x18e5,0x10e5,0x18e4,0x10c4,0x10c4,0x18e5,0x10c4,0x18c5,0x10c4,0x10c4,0x10e4,0x1105,0x10e4,0x1905,0x10e5,0x10e6,
  0x1104,0x1905,0x10c4,0x1904,0x1905,0x1105,0x1925,0x10e5,0x10e5,0x1105,0x1105,0x1905,0x1905,0x10e5,0x10c4,0x10c4,
  0x20e5,0x10e5,0x10c4,0x1966,0x0945,0x1166,0x0a27,0x23ce,0x3d74,0x2d95,0x2df5,0x2e36,0x15b4,0x2615,0x2dd4,0x2d94,
  0x3d94,0x44f2,0x3c91,0x132c,0x0a68,0x0a27,0x0a28,0x0a47,0x0a28,0x1b4c,0x34d1,0x2cf2,0x2574,0x25d4,0x2e15,0x0d72,
  0x2636,0x2e36,0x1dd5,0x35d5,0x3573,0x1b6c,0x09e6,0x0965,0x0945,0x1926,0x10c4,0x18e5,0x10e5,0x1106,0x1105,0x1106,
  0x1925,0x10e5,0x10c4,0x10e4,0x10e5,0x10e4,0x10e4,0x10e6,0x10e4,0x1105,0x10c4,0x1905,0x18e5,0x10e5,0x10e5,0x18e5,
  0x10e6,0x18c4,0x1905,0x10e4,0x1905,0x18e5,0x18e5,0x20e5,0x10e4,0x10e6,0x10e4,0x10e5,0x10c4,0x10e6,0x10c4,0x10e5,
  0x10c4,0x10c5,0x10e4,0x10c5,0x10c4,0x10e4,0x10c4,0x10c4,0x10e5,0x10c4,0x18c5,0x10e5,0x10c4,0x18e5,0x10e4,0x18c4,
  0x10e5,0x10c4,0x10c4,0x10c4,0x10c5,0x18c4,0x10c4,0x10c4,0x10c4,0x10c5,0x10c4,0x10c4,0x10c4,0x18c4,0x10c4,0x10c4,
  0x10c4,0x10c4,0x10c4,0x10c5,0x18c4,0x10c4,0x10e4,0x10c4,0x10c5,0x18c4,0x10c4,0x10c4,0x10c4,0x10c4,0x10c4,0x10c4,
  0x10e4,0x10c5,0x10c4,0x10e4,0x10c5,0x10c4,0x10c4,0x18c4,0x10c5,0x10c4,0x10c4,0x10c4,0x18c4,0x10c4,0x10c5,0x10e4,
  0x10c4,0x10c5,0x18c4,0x10e5,0x10c4,0x10c4,0x10e5,0x10c4,0x10c4,0x18c4,0x10e4,0x10c4,0x18c4,0x10e4,0x10c4,0x10c5,
  0x10e4,0x10c4,0x18c4,0x10c4,0x10c4,0x10c4,0x10c4,0x10c4,0x18c4,0x10c4,0x10c4,0x18e4,0x10c4,0x10c4,0x18c4,0x10c4,
  0x10c4,0x10c5,0x10c4,0x10c4,0x10c4,0x10c5,0x10c4,0x10c5,0x10e4,0x10c4,0x10c4,0x10c4,0x10c4,0x10e4,0x18c4,0x10c5,
  0x18c4,0x10c4,0x10e4,0x18c4,0x10c4,0x10c4,0x10c4,0x10c4,0x10c5,0x18c4,0x10c4,0x10c4,0x10c4,0x10c4,0x10c4,0x10c4,
  0x10e4,0x10c5,0x10c4,0x10e4,0x10c4,0x10c5,0x10c4,0x10c4,0x10c4,0x10c5,0x10c4,0x10c5,0x18c4,0x10e4,0x10c4,0x18c4,
  0x10e4,0x18c4,0x10c4,0x10c5,0x10e4,0x10c4,0x10c4,0x18c4,0x10e4,0x10c4,0x10c4,0x10c4,0x10c5,0x10c4,0x10c4,0x10c4,
  0x10c4,0x10c4,0x10c4,0x10c4,0x10c4,0x10c5,0x10c4,0x10c4,0x10c4,0x10c5,0x18e4,0x10c4,0x10c4,0x18e5,0x10c4,0x18c5,
  0x10c4,0x10c4,0x10c4,0x10c4,0x10c4,0x18e4,0x10c4,0x10c5,0x10e4,0x10c4,0x10c4,0x10c4,0x10c4,0x10c4,0x10e4,0x10c4,
  0x10c5,0x10c4,0x10c4,0x10c4,0x10c4,0x10c4,0x10c4,0x10c4,0x18c4,0x10c5,0x10c4,0x18e4,0x10c4,0x18c5,0x10e4,0x10c4,
  0x10c4,0x10c5,0x10c4,0x18c5,0x10c4,0x10c4,0x10c4,0x10c4,0x10e4,0x10c4,0x10c4,0x10c5,0x10e4,0x10c4,0x10c4,0x10e4,
  0x10c4,0x10c4,0x10c4,0x10c4,0x10c5,0x10c4,0x18c4,0x10c4,0x10c4,0x18c4,0x10c4,0x18c4,0x10c4,0x10c5,0x10c4,0x10e4,
  0x10c4,0x18c5,0x10c4,0x10c4,0x10c4,0x10c5,0x10c4,0x10c5,0x10e4,0x10c4,0x10c4,0x10c4,0x10c4,0x10c4,0x10c4,0x10c5,
  0x10c4,0x10c4,0x10c4,0x10c4,0x18c4,0x10c4,0x10c4,0x18c4,0x10c5,0x18c4,0x10c4,0x10e4,0x10c4,0x10c4,0x10c4,0x18c4,
  0x10c4,0x10c5,0x10e4,0x10c4,0x10c4,0x10c5,0x10c4,0x10c4,0x10c4,0x10c5,0x10e4,0x10c5,0x10c4,0x10e4,0x10c4,0x10c4,
  0x10e4,0x10c4,0x18c4,0x10e5,0x10c4,0x18c4,0x10e4,0x18c4,0x10c4,0x10c4,0x10c4,0x10c4,0x10c5,0x18c4,0x10c4,0x10c4,
  0x10c4,0x10c5,0x10c4,0x10c4,0x10c4,0x18c4,0x10c4,0x10c4,0x10c4,0x10c4,0x10c4,0x10c5,0x18c4,0x10c4,0x10e4,0x10c4,
  0x10c4,0x10c5,0x10e4,0x10c5,0x18c4,0x10e5,0x18c4,0x10c5,0x18c4,0x10c4,0x10c5,0x18c4,0x10c4,0x10c4,0x18e5,0x10c4,
  0x10c4,0x18e4,0x10c4,0x10c4,0x10c4,0x10c5,0x10c4,0x10c5,0x10c4,0x10c6,0x10e4,0x18c4,0x10c5,0x10c4,0x10c5,0x10c4,
  0x10c6,0x18c4,0x10c6,0x10c4,0x18e4,0x10c5,0x18c4,0x10e5,0x10e5,0x18c5,0x10e4,0x10c5,0x18c4,0x1104,0x10e6,0x18e4,
  0x10c4,0x10e4,0x10e6,0x10e5,0x10e5,0x10e5,0x10e5,0x10e5,0x10e4,0x18e6,0x1104,0x1906,0x1105,0x1106,0x1105,0x18e5,
  0x1106,0x10e4,0x2106,0x1104,0x18e6,0x10e5,0x1106,0x2105,0x10e5,0x1106,0x2105,0x1106,0x1125,0x18e6,0x10e5,0x10e6,
  0x18e5,0x1105,0x1106,0x1186,0x0986,0x0a07,0x23ae,0x3d52,0x25b3,0x1e14,0x1e14,0x15f4,0x1e14,0x25d5,0x2d93,0x2cb2,
  0x236c,0x09c8,0x11c7,0x0966,0x0987,0x11a6,0x09a7,0x09c6,0x11a7,0x09a7,0x09c8,0x1208,0x23ae,0x2cb1,0x35b4,0x2df6,
  0x15f4,0x1dd5,0x1df4,0x25d5,0x35f4,0x4592,0x1b8c,0x09e7,0x0965,0x0945,0x1907,0x18c4,0x1104,0x1105,0x1905,0x1105,
  0x20e5,0x10c5,0x18e5,0x1906,0x1905,0x1106,0x1925,0x1905,0x1906,0x1904,0x1106,0x1105,0x1906,0x1125,0x1106,0x1925,
  0x1105,0x1106,0x1905,0x18e6,0x1905,0x1106,0x10e5,0x10e6,0x1105,0x18c4,0x10c5,0x10e4,0x18c4,0x10e4,0x18c5,0x10c4,
  0x10e4,0x18c4,0x10c5,0x10c4,0x18c4,0x10c5,0x10e5,0x18c5,0x10c4,0x10c5,0x10c4,0x10c4,0x10c5,0x10c4,0x10c5,0x10c4,
  0x10e5,0x18c4,0x10c6,0x10e4,0x10c4,0x10c5,0x10e4,0x18c5,0x10c4,0x10e4,0x18c4,0x10c5,0x10e4,0x10c5,0x10c4,0x18e5,
  0x10c4,0x10c5,0x18e4,0x10c4,0x10c4,0x10c5,0x10c4,0x10c5,0x10c4,0x10c5,0x10e4,0x10c5,0x18c4,0x10e5,0x18c4,0x10c5,
  0x18c4,0x10c4,0x10c5,0x18c4,0x10e4,0x18c5,0x10c4,0x10e4,0x10c4,0x10c5,0x18e4,0x10c5,0x10c4,0x10e4,0x10c4,0x18c4,
  0x10c4,0x10c4,0x10c4,0x10c4,0x18c5,0x10c4,0x10c4,0x18c5,0x10e4,0x10c5,0x10c4,0x10c5,0x10c4,0x10c5,0x18c4,0x10c4,
  0x10c5,0x10c4,0x10e5,0x10c4,0x10c5,0x18e4,0x10c5,0x10c4,0x10e5,0x10c4,0x10c5,0x10c4,0x10c5,0x10e4,0x10c5,0x10c4,
  0x18e4,0x10c4,0x18c5,0x10e4,0x18c4,0x10c4,0x10e4,0x18c4,0x10c4,0x10c5,0x18c4,0x10e5,0x10c4,0x10c5,0x10c4,0x10c4,
  0x10e5,0x10c4,0x10c5,0x10c4,0x10e5,0x18c4,0x10c5,0x18e4,0x10c4,0x10c5,0x10e4,0x10c5,0x18c4,0x10e5,0x18c4,0x10c5,
  0x18c4,0x10c4,0x10c5,0x18c4,0x10c4,0x10c4,0x18e5,0x10c4,0x10c4,0x18e4,0x10c4,0x10c4,0x10c4,0x10c5,0x10c4,0x10c5,
  0x10c4,0x10c5,0x10e4,0x18c4,0x10c5,0x10c4,0x10c5,0x10c4,0x10c5,0x18c4,0x10c5,0x10c4,0x18e4,0x10c5,0x18c4,0x10e5,
  0x10c4,0x18c5,0x10e4,0x10c5,0x18c4,0x10e4,0x10c5,0x18c4,0x10c4,0x10c4,0x10c5,0x10c4,0x10c4,0x10c4,0x10c4,0x10c4,
  0x10c4,0x18c5,0x10e4,0x10c5,0x10c4,0x10c5,0x10c4,0x18c4,0x10c5,0x10c4,0x18c5,0x10e4,0x18c5,0x10c4,0x10c5,0x18c4,
  0x10c4,0x10e5,0x18c4,0x10c5,0x10e4,0x18c5,0x10c4,0x10e5,0x10c4,0x10e4,0x10c5,0x10c4,0x10c4,0x10c4,0x10c5,0x18c4,
  0x10c4,0x10e4,0x10c4,0x10c4,0x10e4,0x18c5,0x10c4,0x10c5,0x18c4,0x10c5,0x18c4,0x10c4,0x10c5,0x18c4,0x10c5,0x10c4,
  0x18c5,0x10c4,0x10e5,0x18c4,0x10c4,0x10e5,0x10c4,0x10c5,0x10e4,0x10c5,0x10e4,0x10c5,0x10c4,0x18e4,0x10c5,0x10c4,
  0x10c4,0x10e4,0x10c5,0x18c4,0x10e4,0x10c4,0x18c4,0x10c4,0x18c4,0x10c5,0x10c4,0x18e5,0x10c4,0x10c5,0x18e4,0x10c4,
  0x10c5,0x18e4,0x10c5,0x10e4,0x10c5,0x10e4,0x10c5,0x10e4,0x10c4,0x10e5,0x10c4,0x18c5,0x10c4,0x10e5,0x10c4,0x10c5,
  0x10e4,0x18c4,0x10c5,0x10c4,0x18c4,0x10e4,0x18c5,0x10c4,0x10e4,0x18c4,0x10c4,0x10c4,0x18c4,0x10c5,0x10c4,0x18c5,
  0x10c4,0x10c5,0x10c4,0x10c4,0x10c5,0x10c4,0x10c5,0x10c4,0x10e5,0x18c4,0x10c5,0x10e4,0x10c4,0x10c5,0x10e4,0x18c5,
  0x10c4,0x10e4,0x18c4,0x10c5,0x10e4,0x10c5,0x10c4,0x18e5,0x10c4,0x10c5,0x18e4,0x10c4,0x10c4,0x10c5,0x10c4,0x10c5,
  0x10c4,0x10e4,0x18c4,0x10e4,0x10c4,0x10c4,0x10e4,0x10c4,0x10e4,0x10e4,0x10c4,0x10e5,0x10c4,0x10e4,0x10c4,0x10e5,
  0x10c4,0x10e5,0x10c4,0x18e5,0x10e4,0x18c4,0x10e4,0x10e4,0x18c4,0x10e4,0x10c4,0x10e4,0x10c5,0x18e4,0x10c4,0x10e4,
  0x10c4,0x10e4,0x10e4,0x10c4,0x10c4,0x10e4,0x10e5,0x10e4,0x10c4,0x10e4,0x10c4,0x10e4,0x10c5,0x1105,0x10c4,0x10e5,
  0x1105,0x18e4,0x10e4,0x18e5,0x10e5,0x10e5,0x18c4,0x1106,0x10e4,0x10e5,0x10e4,0x18e5,0x1104,0x1104,0x10e5,0x1105,
  0x1104,0x10e5,0x1105,0x18e5,0x1105,0x10e5,0x1104,0x1905,0x1105,0x10e5,0x1905,0x1105,0x1905,0x10e4,0x10e4,0x18c4,
  0x10e4,0x2105,0x1146,0x09a7,0x11e6,0x242e,0x3532,0x35d5,0x1df4,0x25f6,0x1e14,0x25d5,0x35d4,0x1c6f,0x23ee,0x09e7,
  0x09e7,0x0966,0x1966,0x1145,0x1945,0x1145,0x0985,0x0986,0x0946,0x1166,0x1146,0x0986,0x09a7,0x1228,0x2bce,0x2c70,
  0x3594,0x25b4,0x2e15,0x1df5,0x1dd3,0x2dd4,0x3593,0x23ee,0x09a6,0x0966,0x1905,0x18e6,0x1125,0x10e5,0x1104,0x1106,
  0x10e4,0x20e5,0x18c5,0x1105,0x1905,0x1105,0x10e5,0x1105,0x10e4,0x1105,0x10e5,0x18e5,0x1105,0x18e5,0x18e5,0x1105,
  0x2105,0x10c4,0x1105,0x10e5,0x1104,0x18e5,0x1105,0x10e4,0x10e5,0x1105,0x10e5,0x1105,0x10e5,0x1104,0x10e5,0x1106,
  0x10c4,0x10e5,0x10c4,0x10e5,0x10e4,0x10c5,0x10e4,0x10e4,0x10c4,0x18e4,0x10e4,0x18c4,0x10e4,0x10e4,0x18c5,0x10e4,
  0x10c4,0x10e5,0x10c4,0x18e4,0x10c4,0x10e4,0x10c4,0x10e4,0x10c5,0x10e4,0x10c4,0x10e4,0x18c4,0x10e4,0x10c4,0x10e4,
  0x10c4,0x10e4,0x10c4,0x10e5,0x10e4,0x18c4,0x10e4,0x10c4,0x10c4,0x10e4,0x18c4,0x10e4,0x10c4,0x10c4,0x10e4,0x10c4,
  0x10e4,0x10e4,0x10c4,0x10e5,0x10e4,0x10c4,0x10e5,0x10c4,0x18e4,0x10c4,0x10e4,0x10c4,0x10e5,0x18c4,0x10e5,0x10c4,
  0x10e5,0x18e4,0x10c5,0x10e4,0x10e4,0x10c4,0x10e4,0x10c4,0x10e4,0x10c4,0x18e4,0x10c4,0x18e4,0x10e4,0x10c4,0x10e4,
  0x18e4,0x10c4,0x10c4,0x18e4,0x10c4,0x10e4,0x10c4,0x10e4,0x18c4,0x10e4,0x18c4,0x10e4,0x18c4,0x10e4,0x10c4,0x10e5,
  0x10c4,0x10e4,0x10c4,0x10e5,0x10c4,0x10e5,0x10c4,0x10e5,0x10c4,0x10e4,0x10c4,0x10c4,0x18e4,0x10c4,0x10e4,0x18c4,
  0x10c4,0x10e4,0x18c4,0x10e4,0x10c4,0x10e4,0x10c4,0x10e4,0x10c4,0x10e4,0x18c4,0x10e4,0x10c4,0x10c4,0x10e4,0x10c4,
  0x10e4,0x10e4,0x10c4,0x10e5,0x10c4,0x10e4,0x10c4,0x10e5,0x10c4,0x10e5,0x10c4,0x18e5,0x10e4,0x18c4,0x10e4,0x10e4,
  0x18c4,0x10e4,0x10c4,0x10e4,0x10c4,0x18e4,0x10c4,0x10e4,0x10c4,0x10e4,0x10e4,0x10c4,0x10c4,0x10e4,0x10c4,0x10e4,
  0x10c4,0x10e4,0x10c4,0x10e4,0x10c4,0x10e4,0x10c4,0x10e5,0x10e4,0x18c4,0x10e4,0x18e5,0x10c4,0x10e5,0x18c4,0x10e5,
  0x10e4,0x10c4,0x10e4,0x18c4,0x10e4,0x10e4,0x10c4,0x10e4,0x10e4,0x10c4,0x10e4,0x10c4,0x10e4,0x10c4,0x10e4,0x10c4,
  0x10e4,0x10c4,0x10e4,0x10c4,0x10c4,0x10e4,0x10c4,0x18c4,0x10e4,0x18c4,0x10c4,0x10e5,0x18e4,0x10c4,0x10e4,0x10c5,
  0x10e4,0x18c5,0x10e4,0x10c5,0x10c4,0x10e4,0x10e4,0x10c4,0x10e4,0x10e4,0x10c4,0x10e4,0x10e4,0x10c4,0x10e4,0x10e4,
  0x10c4,0x10e4,0x10c4,0x10e4,0x10c4,0x18e4,0x10c4,0x18e4,0x10c4,0x10c4,0x18e4,0x10c4,0x10e4,0x10c4,0x10e4,0x18c5,
  0x10e4,0x10c4,0x10e4,0x10c5,0x10e4,0x10c5,0x10e4,0x10e5,0x10c4,0x10e4,0x10c4,0x10e4,0x10c4,0x10e4,0x10c4,0x10e4,
  0x10c4,0x10e4,0x10c4,0x18c4,0x10e4,0x18c4,0x10c4,0x10e4,0x18c4,0x10c4,0x10e4,0x10c4,0x10e4,0x18c4,0x10e4,0x10c4,
  0x10c4,0x10e4,0x10c4,0x10e5,0x10c4,0x10e4,0x10c4,0x10e5,0x10c4,0x10e5,0x10c4,0x10e5,0x10e4,0x10c4,0x10e4,0x10e4,
  0x10c4,0x18e4,0x10e4,0x18c4,0x10e4,0x10e4,0x18c4,0x10e4,0x10c4,0x10e4,0x10c4,0x18e4,0x10c4,0x10e4,0x10c4,0x10e4,
  0x10c5,0x10e4,0x10c4,0x10e4,0x18c4,0x10e4,0x10c4,0x10e4,0x10c4,0x10e4,0x10c4,0x10e5,0x10e4,0x18c4,0x10e4,0x10c4,
  0x18e5,0x10c4,0x10c5,0x10e4,0x10c5,0x10e4,0x10c5,0x18e4,0x10c5,0x10c4,0x18e4,0x10c4,0x18e5,0x10c4,0x18c4,0x10e4,
  0x18c4,0x10c4,0x10e4,0x10c4,0x10c4,0x10e5,0x10c4,0x10c5,0x10e4,0x10c5,0x18c4,0x10e5,0x10c4,0x10e5,0x10c4,0x18e5,
  0x10c4,0x10c5,0x18e4,0x10c5,0x10e4,0x18c6,0x1104,0x10c5,0x20e5,0x10e5,0x18e5,0x10e5,0x18e4,0x10e6,0x18e4,0x10c5,
  0x10e5,0x10e4,0x10e5,0x10e4,0x1925,0x10e5,0x1125,0x1105,0x18e4,0x1906,0x10e4,0x1106,0x10e5,0x18e6,0x1104,0x10e6,
  0x18c4,0x1926,0x10e5,0x18e6,0x1105,0x10e5,0x1905,0x10e6,0x1905,0x18e6,0x20e5,0x1126,0x1905,0x1106,0x10c4,0x10e5,
  0x10c4,0x1927,0x1126,0x09c7,0x242f,0x2db4,0x35f4,0x25d5,0x1e15,0x25f5,0x2db4,0x4594,0x23ad,0x0a29,0x11c6,0x1167,
  0x1146,0x2146,0x1905,0x10e5,0x2124,0x1906,0x18e4,0x1126,0x1925,0x1126,0x1965,0x1146,0x1146,0x1187,0x11c7,0x0a29,
  0x2c0f,0x3db5,0x25b4,0x1e16,0x2615,0x1df5,0x1e14,0x2db4,0x238f,0x11a7,0x1906,0x1926,0x1105,0x1104,0x10e4,0x18e4,
  0x10e5,0x20c6,0x20e5,0x10e6,0x18e5,0x1105,0x18e5,0x10e6,0x18e4,0x1106,0x10e4,0x1906,0x10e5,0x1105,0x10e5,0x10e5,
  0x1125,0x10c5,0x1905,0x10e6,0x10e5,0x1106,0x10e5,0x1906,0x10e5,0x1105,0x18c5,0x1104,0x10c6,0x18e4,0x10e4,0x10e5,
  0x18c4,0x10e4,0x18c4,0x10c5,0x18e4,0x10c6,0x18c4,0x10e5,0x10c4,0x10c5,0x10e4,0x10c5,0x10c4,0x10e5,0x10c5,0x10e5,
  0x18c4,0x10c5,0x10e4,0x10c5,0x10e4,0x18c6,0x10c4,0x10e4,0x18c4,0x10c5,0x18e4,0x10c5,0x10e4,0x10c5,0x10e4,0x18c5,
  0x10e4,0x18c5,0x10c4,0x10c4,0x10e4,0x10c5,0x10e4,0x18c4,0x18e5,0x10c4,0x10c5,0x10e4,0x10c5,0x10e4,0x10c5,0x18e4,
  0x10c5,0x10c4,0x18e4,0x10c4,0x18c5,0x10c4,0x10e4,0x10c4,0x10c5,0x10e4,0x10c5,0x18e4,0x10c4,0x10c4,0x10e4,0x10c4,
  0x10c4,0x10c4,0x10e4,0x18c4,0x10c5,0x10e4,0x18c5,0x10e4,0x10c5,0x18c4,0x10e5,0x10c4,0x10c5,0x10e4,0x10c5,0x10c4,
  0x10c5,0x10e4,0x10c5,0x10e4,0x10c5,0x10c4,0x18e5,0x10c4,0x10c5,0x10e4,0x10c5,0x10e4,0x10c5,0x10c4,0x18e4,0x10c4,
  0x18e5,0x10c4,0x10c4,0x10e4,0x18c4,0x10c4,0x10e4,0x18c4,0x10c5,0x18e4,0x10c5,0x10e4,0x10c5,0x10e4,0x10c5,0x10e4,
  0x10c5,0x10e4,0x10c5,0x10c4,0x18e5,0x10c4,0x10e5,0x10c4,0x18e5,0x10c4,0x10c5,0x10e4,0x10c5,0x10e4,0x10c5,0x18e4,
  0x10c5,0x10c4,0x18e4,0x10c4,0x18e5,0x10c4,0x18c4,0x10e4,0x18c4,0x10c4,0x10e4,0x10c4,0x10c4,0x10e5,0x10c4,0x10c5,
  0x10e4,0x10c5,0x18c4,0x10e5,0x10c4,0x10e5,0x10c4,0x18e5,0x10c4,0x10c5,0x18e4,0x10c5,0x10e4,0x18c5,0x10e4,0x10c5,
  0x18c4,0x10e5,0x18c4,0x10c5,0x18e4,0x10c5,0x18e4,0x10c4,0x10c5,0x10e4,0x10c4,0x10c4,0x10e4,0x10c4,0x10e4,0x10c4,
  0x18c4,0x10e5,0x10c4,0x10e5,0x10c4,0x18c5,0x10e4,0x10c5,0x18c4,0x10e5,0x10c4,0x18c5,0x10e4,0x10c5,0x18e4,0x10c5,
  0x18e4,0x10c5,0x18c4,0x10e5,0x18c4,0x10e5,0x10c4,0x10e5,0x10c4,0x10e5,0x10c4,0x10c4,0x10e5,0x10c4,0x18e4,0x10c4,
  0x10e4,0x10c4,0x10c4,0x18e4,0x10c4,0x10c5,0x18e4,0x10c5,0x10c4,0x18e5,0x10c4,0x10c5,0x18e4,0x10c5,0x18c4,0x10e5,
  0x18c4,0x10c5,0x18e4,0x10c5,0x10c4,0x10e5,0x10c4,0x10e5,0x10c4,0x10e5,0x10c4,0x10e5,0x18c4,0x10c5,0x10e4,0x10c4,
  0x10c5,0x18e4,0x10c4,0x10e4,0x18c4,0x10e4,0x10c4,0x18c4,0x10e4,0x10c5,0x18e4,0x10c5,0x18c4,0x10e5,0x18c4,0x10c5,
  0x18e4,0x10c5,0x10e4,0x10c5,0x10c4,0x10e5,0x10c4,0x10c5,0x10e4,0x10c5,0x18e4,0x10c5,0x10c4,0x10e5,0x10c4,0x18e5,
  0x10c4,0x10e5,0x18c4,0x10e4,0x10c5,0x18c4,0x10e4,0x10c4,0x18c4,0x10e4,0x18c4,0x10c4,0x18e4,0x10c5,0x18c4,0x10e5,
  0x10c4,0x10c5,0x10e4,0x10c5,0x10c4,0x10e5,0x10c4,0x10e5,0x18c4,0x10c5,0x10e4,0x10c5,0x10e4,0x18c5,0x10c4,0x10e4,
  0x18c4,0x10c5,0x18e4,0x10c5,0x10e4,0x10c5,0x10e4,0x18c5,0x10e4,0x18c5,0x10c4,0x10c4,0x10e4,0x10c5,0x10e4,0x18c4,
  0x10c4,0x10e4,0x10c4,0x18e4,0x10c4,0x18e4,0x10c4,0x10c4,0x10e4,0x10c5,0x10e4,0x10c4,0x10c4,0x10e5,0x10c4,0x10e5,
  0x10c4,0x10e5,0x18c4,0x10e5,0x10c4,0x10e4,0x18c5,0x10e4,0x10c4,0x10e4,0x10c4,0x10e4,0x18c4,0x10c4,0x10e4,0x10c4,
  0x10e4,0x10c4,0x10e4,0x18c4,0x10e4,0x18e5,0x10e5,0x1104,0x10e5,0x1104,0x10e4,0x1105,0x10e5,0x10e5,0x1105,0x10c5,
  0x2125,0x10c4,0x1106,0x10e4,0x1926,0x10e5,0x1906,0x1105,0x1906,0x1105,0x2104,0x18e5,0x1925,0x1105,0x1105,0x1905,
  0x1105,0x18e4,0x1925,0x1104,0x1905,0x10e5,0x10e4,0x1105,0x18e5,0x1905,0x18e5,0x1125,0x1104,0x1125,0x18e4,0x1104,
  0x18c5,0x1905,0x1187,0x09e7,0x3dd4,0x1d93,0x25d6,0x2615,0x2e16,0x25d4,0x3555,0x23ae,0x0a49,0x09a6,0x0965,0x1965,
  0x1125,0x1124,0x1104,0x1104,0x10e4,0x1905,0x10c4,0x1105,0x1105,0x1125,0x1125,0x1145,0x1925,0x1125,0x1166,0x09a7,
  0x1227,0x2c0f,0x2d94,0x25f4,0x1df4,0x15f4,0x25f5,0x2df5,0x3533,0x09e8,0x1127,0x1105,0x0926,0x1904,0x1125,0x1104,
  0x10e6,0x18e5,0x18c5,0x1105,0x1905,0x1925,0x18e5,0x1125,0x10e4,0x1105,0x1905,0x1905,0x1905,0x10e5,0x1905,0x10e4,
  0x1105,0x10e4,0x1105,0x1104,0x2105,0x1105,0x1105,0x1125,0x10e5,0x10e4,0x1106,0x1904,0x10e5,0x1105,0x1106,0x10e4,
  0x1105,0x18e5,0x1105,0x10e5,0x10e5,0x10e5,0x10e4,0x10e4,0x18c4,0x10e4,0x10c4,0x10e4,0x18c5,0x10e4,0x10c4,0x10c4,
  0x10e5,0x10c4,0x18e4,0x10c4,0x10c4,0x10e4,0x10c5,0x10e4,0x10c5,0x10e4,0x10c4,0x10e4,0x10c4,0x18c4,0x10c4,0x10e4,
  0x10c4,0x10e4,0x10c4,0x18e5,0x10c4,0x18e4,0x10c5,0x10e4,0x10c4,0x10e4,0x10c4,0x18e4,0x10c4,0x18e4,0x10c4,0x10c4,
  0x10e4,0x10c5,0x10e4,0x10c4,0x10e4,0x10c4,0x18e5,0x10c4,0x10e4,0x18c4,0x10c4,0x10e4,0x10c5,0x10e4,0x18c5,0x10e4,
  0x10c5,0x18e4,0x10c5,0x10e4,0x10c4,0x10e4,0x10c4,0x10c4,0x10e4,0x10c4,0x10e4,0x10c4,0x10e4,0x18c4,0x10e4,0x18e4,
  0x10c4,0x18e4,0x10c4,0x10e4,0x18c4,0x10e4,0x10c4,0x10e4,0x10c4,0x10e4,0x18c4,0x10c4,0x10e4,0x10c5,0x10e4,0x10c4,
  0x10c4,0x10e5,0x18c4,0x10e5,0x10c4,0x10e5,0x10c4,0x10e4,0x10c4,0x10e4,0x10c4,0x18e4,0x10c4,0x18c4,0x10e4,0x10c4,
  0x18e4,0x10c4,0x18e4,0x10c4,0x10e4,0x10c4,0x18c4,0x10e4,0x10c4,0x10e4,0x10c4,0x18e4,0x10c4,0x18e4,0x10c4,0x10c4,
  0x10e4,0x10c5,0x10e4,0x10c4,0x10c4,0x10e5,0x10c4,0x10e5,0x10c4,0x10e5,0x18c4,0x10e5,0x10c4,0x10e4,0x18c4,0x10e4,
  0x10c4,0x10e4,0x10c4,0x10e4,0x18c4,0x10c4,0x10e4,0x10c4,0x10e4,0x10c4,0x10e4,0x18c4,0x10e4,0x10c4,0x10c4,0x10e4,
  0x10c4,0x10e4,0x10c4,0x10e4,0x10c4,0x10c4,0x10e5,0x10c4,0x18e4,0x10c4,0x10e5,0x10c4,0x18e5,0x10c4,0x10c5,0x10e4,
  0x10c5,0x10e4,0x18c4,0x10c4,0x10e4,0x10c4,0x10e4,0x10c4,0x10e4,0x18c4,0x10e4,0x10c4,0x10e4,0x10c4,0x10c4,0x10e4,
  0x10c4,0x10e4,0x10c4,0x10e4,0x10c4,0x10e4,0x18c4,0x10e4,0x10c4,0x10c4,0x18e5,0x10c4,0x10e4,0x10c4,0x10c5,0x10e4,
  0x18c5,0x10e4,0x10c5,0x10e4,0x10c5,0x10e4,0x10c4,0x18e4,0x10c4,0x10e4,0x10c4,0x10e4,0x10c4,0x10e4,0x10c4,0x10e4,
  0x10c4,0x10e4,0x10c4,0x10e4,0x18c4,0x10e4,0x10c4,0x10c4,0x18e4,0x10c4,0x10c4,0x10e4,0x10c4,0x10e4,0x18c5,0x10e4,
  0x10c4,0x10e4,0x10c5,0x10c4,0x10e5,0x18c4,0x10e5,0x10c4,0x10e5,0x10c4,0x10c4,0x10e4,0x10c4,0x10e4,0x10c4,0x10e4,
  0x10c4,0x10c4,0x18e4,0x10c4,0x10e4,0x10c4,0x18e4,0x10c4,0x10e4,0x10c4,0x10c4,0x10e4,0x18c4,0x10e4,0x10c4,0x10e4,
  0x10c4,0x10c4,0x10e5,0x18c4,0x10e4,0x10c4,0x10e5,0x10c4,0x10e5,0x10c4,0x10e5,0x10c4,0x10c5,0x10e4,0x10c4,0x10e4,
  0x18c4,0x10e4,0x10c4,0x10e4,0x18c4,0x10e4,0x10c4,0x10c4,0x10e4,0x10c4,0x18e4,0x10c4,0x10c4,0x10e4,0x10c5,0x10e4,
  0x10c4,0x10e4,0x10c4,0x10e4,0x10c4,0x18c4,0x10c4,0x10e4,0x10c4,0x10e4,0x10c4,0x18e5,0x10c4,0x18e4,0x10c5,0x10e4,
  0x10e5,0x18c5,0x10c4,0x10e5,0x10c5,0x10c4,0x10e5,0x10c5,0x18e4,0x10c4,0x10c5,0x18e5,0x10c4,0x10e4,0x10c5,0x18e4,
  0x10c5,0x10c5,0x10e4,0x10c5,0x18e5,0x10c4,0x10e5,0x10c4,0x18c5,0x10e5,0x10c5,0x10c5,0x10e5,0x10e5,0x18e5,0x10c5,
  0x18e5,0x10c5,0x10c6,0x1105,0x10c5,0x1905,0x18c4,0x1925,0x10c5,0x20e5,0x1106,0x10e5,0x1104,0x18e5,0x1904,0x10c4,
  0x1906,0x10e4,0x18e6,0x1104,0x1105,0x1926,0x2105,0x1104,0x1905,0x10e6,0x1925,0x10e6,0x1904,0x10e5,0x20e6,0x1925,
  0x1906,0x10e5,0x1905,0x1106,0x1906,0x1925,0x10e6,0x2126,0x18e5,0x18e6,0x1926,0x1905,0x1125,0x1105,0x1904,0x1906,
  0x18e6,0x1166,0x09c7,0x3451,0x3db4,0x2e36,0x25d5,0x1dd4,0x1e16,0x2db4,0x240e,0x0a4a,0x11e7,0x0925,0x1167,0x1125,
  0x1145,0x1105,0x1924,0x10c5,0x18c5,0x2105,0x18e6,0x18e6,0x1104,0x1906,0x1125,0x1104,0x1125,0x1106,0x1965,0x0946,
  0x09e8,0x0a69,0x2c70,0x2d95,0x2614,0x1e15,0x1dd4,0x25f5,0x3d96,0x340f,0x11a8,0x1126,0x1125,0x1125,0x1104,0x1104,
  0x18e4,0x10c5,0x1905,0x18e6,0x1905,0x10e5,0x1105,0x18e5,0x1926,0x18e6,0x1925,0x10e5,0x2106,0x10e4,0x1126,0x10e6,
  0x2105,0x1906,0x1105,0x1905,0x1906,0x10e6,0x2105,0x18e6,0x1905,0x10e4,0x1105,0x1105,0x10e5,0x1105,0x18e5,0x1105,
  0x10c5,0x18c4,0x10e4,0x10c5,0x10e4,0x18c4,0x1906,0x10c4,0x10e5,0x10c5,0x18c4,0x10e5,0x10c5,0x10c4,0x18e5,0x10c5,
  0x10e4,0x10c5,0x10c5,0x10e4,0x18c5,0x10e4,0x18e6,0x10c4,0x18e5,0x10c4,0x10c5,0x18e5,0x10c4,0x10e5,0x10c5,0x10e4,
  0x10c5,0x18c4,0x10e5,0x10c4,0x10e5,0x10c4,0x10c4,0x10c5,0x10e5,0x18c5,0x10c4,0x10e5,0x10c5,0x10c4,0x10e5,0x10c5,
  0x18e4,0x10c4,0x10c5,0x18e5,0x10e5,0x10c4,0x10c4,0x10e5,0x10c4,0x10e5,0x10c5,0x10e4,0x18c4,0x10c5,0x10e4,0x10c4,
  0x10e5,0x10c4,0x10e4,0x10c5,0x18e4,0x10c5,0x10e4,0x18c5,0x10e5,0x10c4,0x18e5,0x10c5,0x10c4,0x10e5,0x10c5,0x10c4,
  0x10e5,0x10c5,0x10c4,0x10e5,0x10c5,0x10e4,0x10c5,0x18c5,0x10e4,0x10c5,0x10e5,0x10c4,0x18e5,0x10c4,0x10c5,0x18e4,
  0x10c5,0x10e4,0x10c4,0x10c5,0x10e4,0x18c4,0x10e5,0x10c4,0x18e5,0x10c4,0x10c5,0x10e4,0x10c5,0x10e5,0x10c4,0x10e5,
  0x10c5,0x10c4,0x10e5,0x10c5,0x10c4,0x10e5,0x10c5,0x10c4,0x10e5,0x18c5,0x10c4,0x10e5,0x10c5,0x10c4,0x10e5,0x10c5,
  0x18e4,0x10c4,0x10c5,0x18e5,0x10c4,0x10e4,0x10c5,0x18e4,0x10c4,0x10c5,0x10e4,0x10c4,0x18e5,0x10c4,0x10e5,0x10c4,
  0x18c5,0x10e5,0x10c4,0x10c5,0x10e5,0x10c4,0x18e5,0x10c5,0x18e4,0x10c5,0x10c5,0x10e4,0x10c5,0x10e5,0x18c4,0x10e5,
  0x10c5,0x18c4,0x10e5,0x10c5,0x10e4,0x18c5,0x10e4,0x10c4,0x10c5,0x10e4,0x18c5,0x10e4,0x10c4,0x10e5,0x18c4,0x10e4,
  0x10c4,0x10c5,0x10e4,0x10c5,0x18e4,0x10c5,0x18c5,0x10e4,0x10c5,0x10c5,0x10e4,0x10c5,0x18c5,0x10e4,0x10c5,0x18e5,
  0x10c4,0x10c5,0x10e5,0x18c4,0x10e5,0x10c5,0x10c4,0x10e5,0x18c5,0x10e4,0x10c4,0x10e5,0x18c4,0x10e5,0x10c4,0x10c4,
  0x10e5,0x10c4,0x18e4,0x10c5,0x18e4,0x10c4,0x10e5,0x10c4,0x10e5,0x10c5,0x18e4,0x10c5,0x10c5,0x18e4,0x10c5,0x10c5,
  0x10e4,0x18c5,0x10e5,0x10c4,0x10e5,0x10c5,0x18e4,0x10c5,0x10e5,0x10c4,0x18e5,0x10c5,0x10e4,0x10c5,0x10c4,0x10e4,
  0x18c5,0x10c4,0x18e5,0x10c4,0x10c4,0x10e5,0x10c4,0x10c4,0x18e4,0x10c5,0x10e4,0x18c5,0x10e4,0x10c5,0x10e5,0x18c4,
  0x10e5,0x10c5,0x10e4,0x10c5,0x18e5,0x10c4,0x10e5,0x10c5,0x18c4,0x10e5,0x10c5,0x10e4,0x10c5,0x10c5,0x18e4,0x10c5,
  0x18e5,0x10c4,0x10e4,0x10c5,0x10c4,0x10e5,0x18c4,0x10e4,0x10c5,0x18c4,0x10e4,0x10c5,0x10e4,0x18c4,0x10e5,0x10c4,
  0x10e5,0x10c5,0x18c4,0x10e5,0x10c5,0x10c4,0x18e5,0x10c5,0x10e4,0x10c5,0x10c5,0x10e4,0x18c5,0x10e4,0x18c5,0x10c4,
  0x18e5,0x10c4,0x10c5,0x18e5,0x10c4,0x10e5,0x10c5,0x10e4,0x10c5,0x18c4,0x10e5,0x10c4,0x10e5,0x10c4,0x10c4,0x10c5,
  0x18e4,0x10c4,0x10e5,0x18c4,0x10e4,0x18c5,0x10e4,0x10c4,0x10e5,0x18c4,0x10e4,0x10c4,0x18e5,0x10c4,0x18e4,0x10c5,
  0x10e4,0x18c4,0x10e5,0x10c4,0x10c4,0x18e5,0x10c4,0x10e5,0x10c5,0x18e4,0x10c5,0x18e4,0x10c4,0x18e5,0x10c4,0x10c4,
  0x10e5,0x18e4,0x10e4,0x18c5,0x10c4,0x2105,0x10c5,0x1905,0x18e4,0x18e5,0x1104,0x18e5,0x1106,0x1905,0x2106,0x1905,
  0x2106,0x1925,0x1905,0x1906,0x1904,0x10e4,0x1105,0x1905,0x1925,0x2105,0x1924,0x2106,0x1905,0x1925,0x1105,0x1905,
  0x1905,0x1924,0x1906,0x1904,0x10e5,0x1105,0x18e4,0x10e5,0x1926,0x2105,0x1925,0x1106,0x1904,0x1124,0x18e6,0x1905,
  0x1946,0x0986,0x1208,0x3cf2,0x2594,0x25b3,0x1e36,0x25f5,0x2df4,0x4575,0x1b0b,0x09a6,0x0967,0x1945,0x1146,0x1104,
  0x0924,0x1144,0x0905,0x1124,0x20e5,0x2105,0x20e5,0x2105,0x18e6,0x1905,0x2125,0x10e5,0x18c4,0x10e4,0x1106,0x1967,
  0x1186,0x09a7,0x232c,0x55b4,0x2574,0x25d3,0x2e17,0x2594,0x2595,0x2d12,0x0a28,0x1167,0x1125,0x1925,0x1125,0x18e4,
  0x10e5,0x10c4,0x2105,0x1925,0x1905,0x2105,0x1125,0x1106,0x2105,0x1925,0x2106,0x1904,0x1925,0x10e6,0x18e4,0x1105,
  0x1106,0x2125,0x1904,0x2126,0x1904,0x2125,0x1106,0x1105,0x1925,0x2106,0x1905,0x2125,0x1906,0x1925,0x1906,0x10e4,
  0x1905,0x10e5,0x1105,0x18c4,0x1906,0x10c4,0x18c5,0x10e4,0x18c4,0x10e5,0x10c5,0x10e4,0x18c4,0x1106,0x10c4,0x18e4,
  0x10c5,0x18e5,0x10c4,0x18e6,0x10c4,0x10c4,0x10e5,0x10c4,0x10e4,0x18c5,0x10e4,0x10c4,0x10e5,0x18c4,0x10e4,0x18c5,
  0x10e4,0x10c5,0x10e4,0x18c4,0x10c4,0x18e5,0x10e4,0x18c4,0x18e4,0x10c4,0x10e5,0x18c4,0x10e4,0x18c5,0x10e4,0x10c4,
  0x10e5,0x18c4,0x10e4,0x10c4,0x10c4,0x18e5,0x10c4,0x18e4,0x10c5,0x18c4,0x10e4,0x18c5,0x10e4,0x10c4,0x18e5,0x10c4,
  0x18c4,0x10e5,0x18c4,0x10c4,0x10e5,0x18c4,0x10c5,0x10e4,0x18c4,0x10c5,0x10e4,0x18c4,0x10e5,0x18c4,0x10e4,0x18c5,
  0x10c4,0x18e4,0x10c5,0x18e4,0x10c4,0x18c5,0x10e4,0x10c4,0x18e5,0x10c4,0x18c4,0x10e5,0x10c4,0x18e4,0x10c5,0x10e4,
  0x18c4,0x10c5,0x18e4,0x10c4,0x18e5,0x10c4,0x10c5,0x18e4,0x10c5,0x10e4,0x18c5,0x10e4,0x18c4,0x10c4,0x18e5,0x10c4,
  0x18e4,0x10c5,0x18e4,0x10c4,0x18e5,0x10c4,0x18e4,0x10c5,0x18e4,0x10c4,0x10e5,0x18c4,0x10e4,0x18c5,0x10e4,0x10c4,
  0x10e5,0x18c4,0x10e4,0x10c4,0x18e5,0x10c4,0x18e4,0x10c5,0x10e4,0x18c4,0x10e5,0x10c4,0x10c4,0x18e5,0x10c4,0x10e5,
  0x10c4,0x18e4,0x10c5,0x18e4,0x10c4,0x18e5,0x10c4,0x10c4,0x10e5,0x18c4,0x10e4,0x18c5,0x10c4,0x18e4,0x10c5,0x10c4,
  0x18e4,0x10c5,0x10e4,0x18c4,0x10e5,0x10c4,0x18c5,0x10e4,0x18c5,0x10e4,0x10c4,0x10c5,0x18e4,0x10c4,0x10e5,0x18c4,
  0x10e5,0x18c4,0x10e4,0x18c5,0x10c4,0x10e4,0x10c4,0x18e5,0x10c4,0x18e4,0x10c5,0x18e4,0x10c4,0x10e5,0x18c4,0x10c4,
  0x10e5,0x18c4,0x10e4,0x10c5,0x18c4,0x10e4,0x18c5,0x10e4,0x10c4,0x10e5,0x18c4,0x10c4,0x10e5,0x18c4,0x10e5,0x18c4,
  0x10e4,0x18c5,0x10c4,0x10e4,0x10c5,0x18c4,0x10e5,0x18c4,0x10c4,0x18e4,0x10c5,0x10e4,0x18c4,0x10e5,0x10c4,0x18e4,
  0x10c5,0x10c4,0x18e4,0x10c5,0x18c4,0x10e4,0x10c5,0x10c4,0x18e4,0x10c5,0x10c4,0x18e4,0x10c5,0x18e4,0x10c5,0x18e4,
  0x10c5,0x10e4,0x10c4,0x18e5,0x10c4,0x18c4,0x10e5,0x18c4,0x10e5,0x10c4,0x18c4,0x10e5,0x10c4,0x18c4,0x10e4,0x10c5,
  0x18c4,0x10e4,0x18c5,0x10c4,0x10e4,0x10c5,0x18c4,0x10e4,0x10c5,0x18e4,0x10c4,0x18e5,0x10c4,0x18e4,0x10c5,0x10c4,
  0x10e4,0x18c5,0x10c4,0x18e4,0x10c5,0x18e4,0x10c5,0x10c4,0x18e4,0x10c5,0x10e4,0x18c4,0x10e5,0x10c4,0x18c5,0x10e4,
  0x18c4,0x10e4,0x10c5,0x10e4,0x18c4,0x10e5,0x10c4,0x18e4,0x10c5,0x18e4,0x10c4,0x18e5,0x10c4,0x10c4,0x10e5,0x10c4,
  0x10e4,0x18c5,0x10e4,0x10c4,0x10e5,0x18c4,0x10e4,0x18c5,0x10e4,0x10c5,0x10e4,0x18c4,0x10c4,0x18e5,0x10e4,0x18c4,
  0x10c5,0x10c4,0x10e4,0x10c5,0x10c4,0x10e4,0x18c5,0x10e4,0x18c4,0x10e5,0x10c4,0x18e5,0x10c4,0x10c5,0x10e4,0x10c4,
  0x18c5,0x10e4,0x10c5,0x18e4,0x18e6,0x10c4,0x18e4,0x10c4,0x18c5,0x10e4,0x10c4,0x18e5,0x10c4,0x10c4,0x10e5,0x18e4,
  0x10e4,0x10e5,0x10e4,0x1105,0x10c5,0x1104,0x18c4,0x1926,0x18e5,0x2105,0x18e6,0x10e4,0x1905,0x1905,0x1905,0x1906,
  0x10e4,0x18e6,0x1104,0x2105,0x1906,0x1925,0x2106,0x18e5,0x1924,0x10c5,0x18e5,0x1104,0x10e6,0x1904,0x1906,0x1905,
  0x10e5,0x1105,0x1925,0x1906,0x2125,0x1905,0x1926,0x2105,0x1925,0x1906,0x20e5,0x1924,0x1105,0x1124,0x1105,0x2106,
  0x0945,0x1207,0x2c91,0x3594,0x4636,0x2616,0x0db3,0x1dd5,0x3d93,0x1bcc,0x0a28,0x1166,0x1166,0x10c5,0x1124,0x1125,
  0x1124,0x0925,0x1144,0x1104,0x18e6,0x28e5,0x20e5,0x18e6,0x2125,0x1905,0x1126,0x1104,0x1924,0x2106,0x10e4,0x1905,
  0x0947,0x09e7,0x11e7,0x2bae,0x45d5,0x25d4,0x2dd4,0x25d6,0x25f4,0x35b4,0x2451,0x09c7,0x1147,0x1125,0x1145,0x10c4,
  0x20e4,0x1925,0x1905,0x2125,0x1906,0x1925,0x2106,0x1925,0x1906,0x1925,0x10c4,0x1906,0x10e4,0x2125,0x1906,0x1925,
  0x2104,0x1906,0x1104,0x10c4,0x1906,0x10e4,0x1905,0x20e6,0x1905,0x18e5,0x1106,0x1905,0x10e4,0x10e6,0x1904,0x10e6,
  0x10e5,0x18c4,0x10c5,0x10e4,0x18c4,0x1926,0x10c4,0x10c5,0x10e4,0x18c5,0x10c4,0x1905,0x10c5,0x10e4,0x18c4,0x10c5,
  0x10e4,0x10c4,0x18e5,0x10c4,0x10e5,0x18c4,0x10e4,0x18c5,0x1105,0x10c4,0x18c6,0x10e5,0x18c4,0x10c5,0x10e4,0x10c4,
  0x18c5,0x10e4,0x18c5,0x10e4,0x10c5,0x10c4,0x10c5,0x10e4,0x10c5,0x10c4,0x10e4,0x10c5,0x10c4,0x10e4,0x18c5,0x10e4,
  0x18c4,0x10e5,0x10c4,0x18e5,0x10c4,0x18e5,0x10c4,0x10c5,0x18e4,0x10c4,0x10e5,0x10c4,0x10c5,0x18e4,0x10c4,0x10e5,
  0x10c4,0x18c5,0x10e4,0x10c5,0x18c4,0x10e4,0x10c4,0x18e5,0x10c4,0x10e4,0x18c5,0x10e4,0x10c4,0x10c5,0x10e4,0x10c4,
  0x10e5,0x10c4,0x18e4,0x10c5,0x10e4,0x10c4,0x18e5,0x10c4,0x10c4,0x10e5,0x10c4,0x18e4,0x10c5,0x10c4,0x18e4,0x10c5,
  0x10e4,0x10c4,0x10e5,0x10c4,0x10c5,0x18e4,0x10c4,0x10c5,0x10e4,0x18c4,0x10c4,0x10e5,0x10c4,0x10e5,0x18c4,0x10c5,
  0x10e4,0x10c4,0x10c5,0x18e4,0x10c4,0x10e5,0x10c4,0x18e4,0x10c5,0x10c4,0x10e4,0x10c5,0x10c4,0x10e4,0x18c5,0x10e4,
  0x18c4,0x10e5,0x10c4,0x18e5,0x10c4,0x10c5,0x10e4,0x10c4,0x18c5,0x10e4,0x10c5,0x18e4,0x10c5,0x10c4,0x18e4,0x10c4,
  0x18c5,0x10e4,0x10c4,0x18e5,0x10c4,0x10c4,0x10e5,0x18c4,0x10e4,0x10c5,0x10c4,0x10e4,0x10c5,0x10e4,0x18c4,0x10e5,
  0x10c4,0x18e4,0x10c5,0x10c4,0x18e4,0x10c4,0x10e4,0x10c5,0x10e4,0x18c5,0x10e4,0x18c4,0x10c5,0x10e4,0x18c5,0x10c4,
  0x10e4,0x10c5,0x18c4,0x10e4,0x10c5,0x18e4,0x10c5,0x10c4,0x10e5,0x10c4,0x10e4,0x10c5,0x18e4,0x10c4,0x10e5,0x18c4,
  0x10e4,0x10c5,0x18c4,0x10e4,0x10c5,0x10e4,0x10c4,0x18c5,0x10e4,0x18c4,0x10e5,0x10c4,0x18c4,0x10e5,0x10c4,0x10e5,
  0x18c4,0x10e4,0x10c5,0x18c4,0x10e4,0x10c5,0x10c4,0x10e5,0x10c4,0x10c5,0x18e4,0x10c4,0x10c5,0x18e4,0x10c4,0x10c5,
  0x18e4,0x10c4,0x10e5,0x10c4,0x10e4,0x18c5,0x10e4,0x18c4,0x10c5,0x10e4,0x18c4,0x10e5,0x10c4,0x10c4,0x18e4,0x10c5,
  0x10e4,0x18c4,0x10e5,0x10c4,0x10e5,0x10c4,0x10e5,0x10c4,0x18c4,0x10e5,0x10c4,0x18e4,0x10c5,0x10e4,0x18c5,0x10e4,
  0x10c5,0x10e4,0x10c4,0x18e5,0x10c4,0x18e4,0x10c5,0x10e4,0x18c4,0x10e5,0x10c4,0x10c4,0x18e5,0x10c4,0x10e4,0x18c5,
  0x10e4,0x10c4,0x10e5,0x10c4,0x10e4,0x10c5,0x18e4,0x10c5,0x10e4,0x18c4,0x10c5,0x10e4,0x18c4,0x10e5,0x10c4,0x10c5,
  0x10e4,0x18c5,0x10c4,0x18e4,0x10c5,0x10e4,0x18c4,0x10c5,0x10e4,0x10c4,0x18e5,0x10c4,0x10e5,0x18c4,0x10e4,0x18c5,
  0x10e4,0x10c4,0x18c5,0x10e4,0x18c4,0x10c5,0x10e4,0x10c4,0x18c5,0x10e4,0x18c5,0x10e4,0x10c5,0x10c4,0x10c5,0x10e4,
  0x10e4,0x18c5,0x10e4,0x18c4,0x10e5,0x18c4,0x10c4,0x10e5,0x10c4,0x18c5,0x10e4,0x10c4,0x10e5,0x18c4,0x10c5,0x18e4,
  0x10c5,0x10e5,0x18c4,0x10c5,0x18e4,0x10c5,0x10e4,0x10e6,0x10e4,0x18c6,0x10c5,0x10e4,0x10e6,0x18e4,0x18e5,0x1926,
  0x20e5,0x1905,0x20e6,0x1104,0x20e4,0x10e6,0x1925,0x18c4,0x1905,0x10c4,0x1904,0x10e5,0x1924,0x2106,0x1905,0x2124,
  0x1105,0x1905,0x1926,0x18e5,0x1906,0x10e5,0x1925,0x2106,0x1924,0x2106,0x1925,0x1905,0x1925,0x10e6,0x1905,0x1905,
  0x2125,0x10c5,0x2105,0x1925,0x1906,0x2105,0x1925,0x1906,0x2105,0x1925,0x1906,0x1924,0x1104,0x1926,0x1125,0x1905,
  0x0967,0x3c30,0x45b5,0x2df4,0x2dd5,0x25d4,0x1e56,0x35d4,0x242f,0x0a07,0x09a7,0x1145,0x2967,0x10c4,0x18e4,0x1104,
  0x1945,0x1124,0x1126,0x2105,0x1905,0x20e6,0x2925,0x20e5,0x1906,0x2105,0x1904,0x2125,0x1904,0x10c4,0x2146,0x1105,
  0x2186,0x0926,0x09a6,0x1208,0x1c0f,0x3df5,0x1d74,0x25f4,0x2616,0x25f4,0x3db4,0x2c0f,0x1946,0x1145,0x1924,0x1105,
  0x10c4,0x2125,0x1125,0x1926,0x2105,0x1906,0x1925,0x2105,0x1925,0x2106,0x1925,0x1905,0x1906,0x1104,0x18e4,0x1106,
  0x1905,0x2104,0x1926,0x2104,0x1925,0x1906,0x1925,0x1905,0x1905,0x1125,0x2106,0x1924,0x2106,0x1905,0x1125,0x18e5,
  0x10e5,0x1905,0x20e6,0x1905,0x10c5,0x18c4,0x1905,0x18c4,0x10e6,0x10c5,0x10e6,0x10c4,0x18c4,0x10e5,0x18e5,0x18e4,
  0x10c5,0x18c4,0x10e4,0x10c5,0x10e5,0x10e5,0x18c4,0x10e4,0x10c5,0x18e4,0x10c5,0x10e4,0x10c5,0x10e4,0x18c5,0x10e4,
  0x10c4,0x10e4,0x10c4,0x18c5,0x10e4,0x18e4,0x10c5,0x18e4,0x10e4,0x18c5,0x10e4,0x18c4,0x10e5,0x18c4,0x10c4,0x10e5,
  0x10c4,0x18c5,0x10e4,0x10c4,0x10c5,0x10e4,0x18c4,0x10e4,0x10c5,0x10e4,0x18c4,0x10e5,0x18c4,0x10e5,0x10c4,0x18c5,
  0x10e4,0x10c4,0x18e5,0x10c4,0x10e5,0x18c4,0x10e5,0x10c4,0x18e5,0x10c4,0x10c4,0x10e5,0x18c4,0x10e4,0x18c5,0x10e4,
  0x18c4,0x10e5,0x10c4,0x18c4,0x10e5,0x18c4,0x10c4,0x10e5,0x18c4,0x10e4,0x18c5,0x10c4,0x10e4,0x18c5,0x10e4,0x10c4,
  0x18e5,0x10c4,0x18e5,0x10c4,0x18e4,0x10c5,0x10e4,0x18c4,0x10e5,0x10c4,0x18e5,0x10c4,0x18e5,0x10c4,0x10e4,0x18c4,
  0x10c5,0x18e4,0x10c4,0x10e5,0x18c4,0x10c4,0x18e5,0x10c4,0x10e4,0x18c5,0x10e4,0x18c4,0x10e5,0x18c4,0x10c4,0x10e5,
  0x10c4,0x18c5,0x10e4,0x10c4,0x10e5,0x18c4,0x10c5,0x18e4,0x10c5,0x10e4,0x18c4,0x10c5,0x18e4,0x10c5,0x10e4,0x10c5,
  0x10e4,0x18c5,0x10c4,0x10e4,0x10c5,0x18e4,0x10c4,0x10e5,0x18c4,0x10e4,0x18c5,0x10e4,0x18c4,0x10c5,0x10e4,0x18c4,
  0x10e5,0x10c4,0x18e4,0x10c5,0x10e4,0x18c5,0x10c4,0x18e4,0x10c4,0x10c4,0x10e5,0x10c4,0x18e5,0x10c4,0x10e4,0x18c5,
  0x10e4,0x18c5,0x10e4,0x10c5,0x10e4,0x10c5,0x18e4,0x10c4,0x18e4,0x10c5,0x18c4,0x10e4,0x10c5,0x18c4,0x10e4,0x10c5,
  0x18c4,0x10e4,0x10c5,0x18e4,0x10c4,0x18c5,0x10e4,0x10c4,0x10e5,0x10c4,0x18c5,0x10e4,0x10c5,0x18e4,0x10c4,0x18c4,
  0x10e5,0x10c4,0x10e5,0x10c4,0x18e5,0x10c4,0x18e4,0x10c4,0x18e5,0x10c4,0x10e5,0x18c4,0x10e4,0x10c5,0x18e4,0x10c4,
  0x10e5,0x18c4,0x10c4,0x18e5,0x10c4,0x10c4,0x10e5,0x10c4,0x18e4,0x10c5,0x10e4,0x18c4,0x10e5,0x18c4,0x10c5,0x10e4,
  0x10c5,0x10c4,0x18c4,0x10e5,0x18c4,0x10e4,0x18c4,0x10e5,0x10c4,0x18e5,0x10c4,0x10e5,0x18c4,0x10c5,0x10e4,0x18c4,
  0x10e4,0x18c5,0x10e4,0x10c4,0x10c5,0x10e4,0x18c4,0x10e5,0x10c4,0x18c4,0x10e5,0x18c4,0x10e4,0x10c5,0x10e4,0x10c4,
  0x18c5,0x10e4,0x18c5,0x10e4,0x18c5,0x10c4,0x10e4,0x18c4,0x10c5,0x10e4,0x18c5,0x10e4,0x10c5,0x18c4,0x10e4,0x18c4,
  0x10e5,0x10c4,0x10e5,0x10c4,0x18c4,0x10e5,0x10c4,0x18e4,0x10c5,0x18c4,0x10e4,0x10c5,0x10c4,0x10e5,0x18c4,0x10e4,
  0x10c5,0x18e4,0x10c5,0x10e4,0x10c5,0x10e4,0x18c5,0x10e4,0x10c4,0x10e4,0x10c4,0x18c5,0x10e4,0x18e4,0x10c5,0x18e4,
  0x10e5,0x10c4,0x18e5,0x10e4,0x10c5,0x10e4,0x18e5,0x10c4,0x18e4,0x10e5,0x10c4,0x18e5,0x10e4,0x10e4,0x18e4,0x10e5,
  0x10c4,0x18e5,0x10e4,0x10e4,0x10e4,0x18e6,0x10e4,0x18e4,0x10c5,0x10e4,0x18e5,0x10e4,0x18c4,0x10e5,0x10e4,0x18e5,
  0x10e4,0x1105,0x10e5,0x1906,0x1104,0x18e4,0x1106,0x10c4,0x1106,0x18e4,0x10e6,0x1105,0x1106,0x1104,0x1906,0x10e4,
  0x18e5,0x1125,0x2126,0x10e5,0x1925,0x1905,0x10e4,0x1105,0x1926,0x10c4,0x1905,0x10e5,0x2105,0x1924,0x1106,0x1905,
  0x1105,0x1125,0x1905,0x1905,0x1925,0x1926,0x2105,0x1926,0x1105,0x2105,0x1904,0x10e5,0x0924,0x0945,0x1925,0x1147,
  0x11c7,0x3490,0x2df5,0x25f4,0x25f4,0x25d6,0x2635,0x2d53,0x2b4b,0x09c6,0x11c7,0x0925,0x1104,0x2126,0x1904,0x1925,
  0x2104,0x1124,0x1125,0x1906,0x1925,0x10e5,0x18e5,0x2106,0x1905,0x1926,0x1925,0x1105,0x2126,0x10e4,0x2987,0x10c4,
  0x10e5,0x1945,0x1167,0x09c6,0x23cf,0x2d93,0x35f5,0x25d5,0x2614,0x1615,0x2614,0x2c2f,0x1187,0x1146,0x1946,0x1104,
  0x1104,0x1125,0x1904,0x1925,0x1926,0x2125,0x1906,0x1925,0x1106,0x1925,0x20e6,0x1104,0x1904,0x1926,0x1905,0x2126,
  0x1925,0x10e5,0x1105,0x10c5,0x1905,0x1105,0x18e4,0x1106,0x1105,0x1904,0x10e6,0x1104,0x18e4,0x1106,0x10e4,0x1105,
  0x18e4,0x10e4,0x10e5,0x20e5,0x10e4,0x1926,0x10e4,0x1105,0x18c4,0x10e4,0x18e4,0x10e6,0x10e4,0x18c5,0x10e4,0x10e5,
  0x10e4,0x10e6,0x18c4,0x10e4,0x18e4,0x10e4,0x10c5,0x1905,0x10e5,0x10c4,0x10e4,0x18e5,0x10c4,0x18e4,0x10e4,0x18c5,
  0x10e4,0x18c5,0x10e4,0x10e4,0x10c5,0x10e4,0x18e4,0x10c5,0x10e5,0x10c4,0x18e5,0x10e4,0x10c5,0x10e4,0x18e5,0x10c4,
  0x18e4,0x10e5,0x10c4,0x18e5,0x10e4,0x18c5,0x10e4,0x10e5,0x18e4,0x10c5,0x10e4,0x18e4,0x10c4,0x10e5,0x18e4,0x10e4,
  0x10e5,0x18e4,0x10c4,0x10e4,0x10e5,0x10e4,0x18c4,0x10e5,0x10c4,0x10e5,0x18e4,0x10e4,0x10c5,0x18e4,0x10e5,0x10c4,
  0x18e5,0x10c4,0x10e5,0x10e4,0x10c5,0x10e4,0x18e5,0x10e4,0x10e5,0x18c4,0x10e4,0x10e5,0x18e4,0x10e5,0x10c4,0x10e5,
  0x18e4,0x10c5,0x10e4,0x18e5,0x10c4,0x10e4,0x18e5,0x10e4,0x10c4,0x18e5,0x10e4,0x10c4,0x10e4,0x18e5,0x10c4,0x10e5,
  0x10e4,0x10e5,0x18e4,0x10c4,0x10e5,0x10e4,0x10c5,0x18e4,0x10e5,0x10c4,0x18e5,0x10e4,0x10c5,0x10e4,0x18e5,0x10c4,
  0x18e4,0x10e5,0x10c4,0x18e5,0x10e4,0x10e4,0x18e4,0x10e5,0x10c4,0x18e5,0x10e4,0x10e4,0x10e4,0x18c5,0x10e4,0x18e4,
  0x10c5,0x10e4,0x18e5,0x10e4,0x18c4,0x10e5,0x10e4,0x18c5,0x10e4,0x10e5,0x10c4,0x18e5,0x10e4,0x18e4,0x10e5,0x10c4,
  0x10e5,0x18e4,0x10c5,0x10e4,0x10e5,0x10e4,0x10e5,0x10c4,0x18e5,0x10e4,0x18e5,0x10c4,0x10e4,0x18e5,0x10c4,0x10e4,
  0x10e5,0x10c4,0x18e4,0x10e5,0x18c4,0x10e4,0x10e5,0x18e4,0x10c5,0x10e4,0x18e5,0x10c4,0x10e4,0x10e5,0x18c4,0x10e5,
  0x10e4,0x18e5,0x10e4,0x10c5,0x10e4,0x10e5,0x18e4,0x10e5,0x18c4,0x10e4,0x10e5,0x18e4,0x10e4,0x10c5,0x10e4,0x10e5,
  0x18c4,0x10e4,0x18e5,0x10c4,0x10e4,0x18e5,0x10e4,0x10e5,0x18c4,0x10e4,0x10e4,0x10c5,0x18e4,0x10e5,0x10c4,0x18e5,
  0x10e4,0x10e5,0x10e4,0x10c4,0x18e5,0x10e4,0x18e5,0x10c4,0x10e5,0x18e4,0x10c5,0x10e4,0x10e5,0x10e4,0x18e4,0x10c4,
  0x18e4,0x10e5,0x10e4,0x18e4,0x10c5,0x10e4,0x18e5,0x10c4,0x10e4,0x10e5,0x18c4,0x10e4,0x10e5,0x18e4,0x10c5,0x10e4,
  0x10c5,0x10e4,0x18c5,0x10e4,0x18e4,0x10e5,0x10c4,0x18e5,0x10e4,0x10e5,0x10e4,0x10c5,0x18e4,0x10e5,0x18c4,0x10e5,
  0x10e4,0x18e4,0x10c5,0x10e4,0x18e4,0x10e5,0x10c4,0x10e5,0x18e4,0x10e4,0x10e5,0x18c4,0x10e4,0x10e5,0x10e4,0x10e5,
  0x18c4,0x10e4,0x18e4,0x10e5,0x10e4,0x18c5,0x10e4,0x10e5,0x10e4,0x10e5,0x18c4,0x10e4,0x18e4,0x10e4,0x10c5,0x18e4,
  0x10e5,0x10c4,0x10e4,0x18e5,0x10c4,0x18e4,0x10e4,0x18c5,0x10e4,0x18c5,0x10e4,0x10e4,0x10c5,0x10e4,0x18e4,0x10c5,
  0x18c4,0x10e5,0x10e4,0x18c4,0x10e4,0x18e5,0x10e4,0x10e5,0x10c4,0x18e4,0x10e5,0x10c4,0x18e5,0x10c4,0x10e5,0x10c4,
  0x18e4,0x10e4,0x10c6,0x18e4,0x10c5,0x10e4,0x10e5,0x10c4,0x18e4,0x10e4,0x10c5,0x10e4,0x10e5,0x18c4,0x10e5,0x10e5,
  0x18c5,0x10e4,0x18e5,0x10c5,0x10e5,0x10e5,0x1905,0x10e4,0x18e5,0x10e5,0x10e4,0x18e5,0x1105,0x18c5,0x1905,0x18e5,
  0x10e5,0x10e5,0x10e5,0x18e5,0x1105,0x10c4,0x1906,0x10e4,0x18e5,0x10e5,0x1905,0x10c4,0x1106,0x1905,0x10e5,0x1106,
  0x18e4,0x1905,0x10e5,0x2105,0x10e5,0x18e5,0x1105,0x1106,0x10c4,0x10e4,0x18e5,0x10e4,0x1924,0x0905,0x0947,0x1967,
  0x128a,0x2cf1,0x25d4,0x1e56,0x1db3,0x2df4,0x2615,0x2c4f,0x09e7,0x0986,0x0945,0x1146,0x1144,0x10c4,0x18e5,0x18e4,
  0x1905,0x2105,0x18e6,0x18e4,0x1125,0x1106,0x1925,0x1905,0x18e6,0x1105,0x1906,0x1104,0x1126,0x18c4,0x1124,0x10e5,
  0x18c4,0x1125,0x1146,0x1966,0x0a07,0x34b2,0x2db3,0x25f6,0x1df4,0x2615,0x1614,0x24d2,0x1a69,0x1187,0x1125,0x18e5,
  0x1145,0x18c4,0x1105,0x10e4,0x10e5,0x1105,0x1905,0x1106,0x1905,0x1105,0x1926,0x18c4,0x1106,0x10e5,0x1905,0x1106,
  0x10c4,0x1905,0x10e5,0x18e4,0x1104,0x10e5,0x1106,0x1905,0x10e6,0x10e4,0x1905,0x10e5,0x1105,0x18c4,0x1106,0x18e5,
  0x10e6,0x1105,0x10c5,0x1106,0x18e4,0x10e5,0x18e6,0x10c4,0x1106,0x1905,0x10c5,0x10e4,0x18c5,0x10e5,0x10e5,0x18c4,
  0x10e5,0x18c4,0x10e5,0x10e4,0x10c5,0x18e4,0x10e5,0x10c4,0x18e4,0x10e5,0x18c5,0x10e4,0x10e5,0x10c4,0x10e5,0x10e4,
  0x18e5,0x10e4,0x10c5,0x18e4,0x10e5,0x18c4,0x10e5,0x10e4,0x18c4,0x10e5,0x10e4,0x18c4,0x10e4,0x18e5,0x10e4,0x10e5,
  0x10c4,0x18e4,0x10e5,0x10c4,0x10c4,0x10e5,0x10e4,0x18c4,0x10e5,0x18e4,0x10c5,0x10e4,0x10e5,0x18c4,0x10e5,0x10c4,
  0x18e4,0x10c5,0x10e4,0x18e5,0x10c4,0x18e5,0x10e4,0x10e4,0x18e4,0x10c4,0x10e5,0x18c4,0x10e5,0x10e4,0x18c4,0x10e5,
  0x10e4,0x18e4,0x10c4,0x18e5,0x10e4,0x18e4,0x10c4,0x10e5,0x18c4,0x10e5,0x10e4,0x18c5,0x10e4,0x10c4,0x18e5,0x10e4,
  0x10c4,0x18e4,0x10e4,0x10c4,0x10e5,0x18e4,0x10c4,0x10e5,0x18e4,0x10c4,0x10e5,0x18e4,0x10c5,0x10e4,0x18e5,0x10e4,
  0x18c4,0x10e5,0x10c4,0x18e5,0x10e4,0x18c4,0x10e5,0x10e4,0x18c4,0x10e5,0x10e4,0x18c4,0x10e4,0x18e5,0x10e4,0x10e5,
  0x10c4,0x18e4,0x10e5,0x10c4,0x18e5,0x10c4,0x10e5,0x10c4,0x18e4,0x10e4,0x10c5,0x18e4,0x10c5,0x10e4,0x10e5,0x10c4,
  0x18e4,0x10e4,0x10c5,0x10e4,0x10e5,0x18c4,0x10e4,0x10e5,0x18c4,0x10e4,0x18e5,0x10c4,0x10e5,0x10c4,0x18e5,0x10e4,
  0x18c4,0x10e5,0x10e4,0x18c4,0x10e4,0x18c5,0x10e4,0x18e5,0x10c4,0x10e5,0x10c4,0x18e5,0x10e4,0x10c4,0x18e5,0x10e4,
  0x18c4,0x10e5,0x10e4,0x10c4,0x10e5,0x18e4,0x10c4,0x10e5,0x18e4,0x10c4,0x10e5,0x18e4,0x10e5,0x18c4,0x10e4,0x10e5,
  0x10c4,0x10e4,0x18c5,0x10e4,0x18e4,0x10c4,0x10e5,0x18c4,0x10e5,0x10e4,0x18c4,0x10e5,0x10c4,0x18e4,0x10e5,0x18c4,
  0x10e5,0x10e4,0x10c4,0x18e5,0x10e4,0x10c4,0x18e5,0x10c4,0x10e5,0x18e4,0x10c5,0x18e4,0x10e4,0x10c5,0x10e4,0x10e4,
  0x18c5,0x10e4,0x18c5,0x10e4,0x10e5,0x18c4,0x10e4,0x10e5,0x18c4,0x10e4,0x10e5,0x18c4,0x10e4,0x18c5,0x10e4,0x10e5,
  0x10e4,0x18c5,0x10e4,0x10c5,0x18e4,0x10e5,0x10c4,0x18e5,0x10e4,0x18c4,0x10e5,0x10e4,0x10c4,0x10e4,0x18e4,0x10e5,
  0x18e4,0x10e4,0x10e5,0x18c4,0x10e5,0x10c4,0x18e4,0x10e5,0x10c4,0x18e4,0x10c5,0x18e4,0x10e4,0x10c4,0x10e5,0x18e4,
  0x10c5,0x10e4,0x18e4,0x10c5,0x10e4,0x18c4,0x10e5,0x18e4,0x10c5,0x10e4,0x10c4,0x10e5,0x18e4,0x10c4,0x18e5,0x10c4,
  0x10e5,0x18e4,0x10c5,0x10e4,0x18c4,0x10e5,0x10e4,0x18c4,0x10e5,0x18c4,0x10e5,0x10e4,0x10c5,0x18e4,0x10e5,0x10c4,
  0x18e4,0x10e5,0x18c4,0x10e4,0x10e5,0x10c4,0x10e5,0x10e4,0x18e5,0x10e4,0x10c5,0x18e4,0x10e5,0x18c4,0x10e5,0x10e4,
  0x10e4,0x10c4,0x18e5,0x10e4,0x10c5,0x10e4,0x10c4,0x18e4,0x10e5,0x10c4,0x18e4,0x10e4,0x10c5,0x18e4,0x10e4,0x18e6,
  0x10c4,0x10e5,0x10e4,0x10c5,0x18e5,0x10e4,0x18c4,0x10e5,0x10e4,0x18c5,0x10e4,0x18e4,0x10c6,0x10e4,0x18e6,0x10c4,
  0x10e5,0x1105,0x10c4,0x18e4,0x10e5,0x1104,0x10e5,0x1106,0x10e4,0x18e5,0x10e5,0x1105,0x18c5,0x10e4,0x10c5,0x10e4,
  0x1906,0x10e4,0x1905,0x10e5,0x1106,0x18e4,0x10c5,0x10e5,0x1106,0x18c4,0x1106,0x1905,0x10e5,0x1106,0x1905,0x10e5,
  0x1106,0x1905,0x10e5,0x1106,0x10e5,0x1106,0x1905,0x10e5,0x1906,0x10e4,0x1945,0x10c5,0x10e4,0x1126,0x0946,0x11a7,
  0x3c0f,0x3595,0x1e34,0x0e34,0x25f4,0x2dd4,0x2d73,0x1b4d,0x1986,0x1167,0x1945,0x0924,0x1145,0x1904,0x10e5,0x2106,
  0x20e5,0x20c5,0x2106,0x1105,0x1106,0x1945,0x1126,0x18e5,0x1125,0x1105,0x1106,0x18e5,0x1125,0x10e5,0x18e4,0x1105,
  0x10e5,0x10e4,0x1945,0x1167,0x09c7,0x1b8d,0x3d95,0x1db4,0x2df5,0x1e55,0x0e14,0x35d5,0x2b8d,0x0986,0x1945,0x1105,
  0x18e5,0x10e4,0x1925,0x1906,0x1105,0x18e6,0x1105,0x10e5,0x1926,0x18c4,0x1925,0x10e5,0x1905,0x1106,0x10e5,0x1105,
  0x1906,0x10c4,0x1925,0x10e5,0x18e5,0x1106,0x1905,0x10c4,0x10e5,0x18e6,0x10e4,0x1105,0x10e6,0x10e4,0x1905,0x10e6,
  0x10e4,0x1906,0x10e4,0x18c4,0x10e6,0x10e4,0x10c4,0x18e5,0x10e4,0x10c4,0x18e5,0x10e4,0x10e5,0x10c5,0x18e5,0x10e5,
  0x10c4,0x10e4,0x18e5,0x10c4,0x18e5,0x10c5,0x10e4,0x18e5,0x10c4,0x10e4,0x10e5,0x18c4,0x10e6,0x18e4,0x10c4,0x18e6,
  0x10c4,0x10e4,0x18e5,0x10c4,0x10e4,0x10e5,0x18c4,0x10e4,0x10e4,0x10c4,0x18e5,0x10e4,0x10c5,0x10e4,0x10c4,0x18e4,
  0x10e5,0x10c4,0x18e4,0x10e4,0x10e4,0x18c4,0x10e5,0x10e4,0x10c4,0x10e5,0x18e4,0x10c4,0x18e5,0x10e4,0x10c4,0x10e5,
  0x10e4,0x18e5,0x10c4,0x10e4,0x10e5,0x10c4,0x18e5,0x10c4,0x10e5,0x18e4,0x10e5,0x10e4,0x18c4,0x10e5,0x10e4,0x18c4,
  0x10e5,0x10e4,0x10e5,0x18c4,0x10e5,0x10c4,0x18e5,0x10e4,0x10e4,0x10c4,0x18e5,0x10e4,0x10c5,0x10e4,0x10e4,0x18c5,
  0x10e4,0x10e5,0x10c5,0x18e4,0x10e5,0x10c4,0x10e5,0x18c4,0x10e5,0x10e4,0x18c5,0x10e4,0x10e4,0x18c5,0x10e4,0x10c5,
  0x10e4,0x18e4,0x10e5,0x10c4,0x10e5,0x10e4,0x18c4,0x10e5,0x10e4,0x10c4,0x18e5,0x10e4,0x10c5,0x10e4,0x10c4,0x18e4,
  0x10e5,0x10c4,0x18e4,0x10e4,0x10c5,0x18e4,0x10e4,0x18e5,0x10c4,0x10e5,0x10e4,0x10c5,0x18e4,0x10e4,0x18c4,0x10e5,
  0x10e4,0x18c5,0x10e4,0x18e4,0x10c5,0x10e4,0x18e5,0x10c4,0x10e5,0x10e4,0x10c4,0x18e4,0x10e5,0x10e4,0x10c4,0x10e5,
  0x10e4,0x18c4,0x10e5,0x10e4,0x18c5,0x10e4,0x10c4,0x10e4,0x18e5,0x10e4,0x18e4,0x10c4,0x10e5,0x18e4,0x10c5,0x10e4,
  0x10e5,0x18c4,0x10e5,0x18e4,0x10c4,0x10e5,0x18e4,0x10c4,0x10e5,0x18e4,0x10c4,0x10e5,0x10c4,0x10e5,0x18e4,0x10c4,
  0x18e5,0x10e4,0x10e4,0x10c5,0x10e4,0x18e5,0x10c4,0x10e4,0x18e4,0x10c5,0x10e4,0x10e4,0x18e5,0x10c4,0x10e4,0x10e5,
  0x18c4,0x10e5,0x18e4,0x10c4,0x10e5,0x18e4,0x10c4,0x10e5,0x10e4,0x10c4,0x18e5,0x10e4,0x10c5,0x18e4,0x10e5,0x18c4,
  0x10e4,0x10e4,0x10e5,0x18c4,0x10e4,0x10e5,0x18c4,0x10e4,0x10e5,0x10c4,0x18e4,0x10e5,0x10c4,0x10e4,0x18c5,0x10e4,
  0x18c5,0x10e4,0x10e4,0x18e5,0x10c4,0x10e4,0x10e4,0x10c4,0x18e5,0x10e4,0x10c4,0x18e5,0x10e4,0x18c5,0x10e4,0x10c4,
  0x10e5,0x18c4,0x10e4,0x10e5,0x18e4,0x10e5,0x10c4,0x10e4,0x18e5,0x10c4,0x10e4,0x10e5,0x18c4,0x10e5,0x18e4,0x10c4,
  0x10e4,0x18c5,0x10e4,0x10e4,0x10c5,0x10e4,0x18e4,0x10c5,0x10e4,0x18e5,0x10e4,0x18c4,0x10e5,0x10e4,0x10c4,0x18e5,
  0x10e4,0x10c4,0x18e5,0x10e4,0x10e5,0x10c4,0x18e5,0x10e4,0x10c4,0x10e4,0x18e5,0x10c4,0x18e5,0x10c4,0x10e4,0x18e5,
  0x10c4,0x10e4,0x10e5,0x18c4,0x10e5,0x18e4,0x10c4,0x18e5,0x10c4,0x10e4,0x18e5,0x10c4,0x10e4,0x10e5,0x18c4,0x10e4,
  0x10e5,0x18e4,0x10c5,0x10e4,0x18e5,0x10e4,0x18c5,0x10e5,0x10e4,0x18e5,0x10c5,0x10e5,0x10e5,0x10c5,0x10e5,0x10c4,
  0x10e5,0x18c4,0x10e5,0x18e4,0x10c6,0x10e5,0x10e4,0x18c5,0x10e4,0x10e5,0x10c4,0x10e5,0x18e4,0x10c5,0x10e5,0x18e6,
  0x10c4,0x18e5,0x10e5,0x10c4,0x18e5,0x10e5,0x18e6,0x10e5,0x18e5,0x1105,0x10c5,0x1905,0x10e5,0x1105,0x1906,0x10c5,
  0x1925,0x10c5,0x10e6,0x1904,0x10c5,0x1105,0x1106,0x18c4,0x1106,0x1105,0x10c5,0x1905,0x1106,0x10e5,0x1106,0x18e5,
  0x18e5,0x10e5,0x1925,0x18e5,0x1105,0x18e6,0x1105,0x1106,0x10c4,0x18e5,0x10e4,0x18e5,0x1104,0x1147,0x1186,0x09c8,
  0x2c31,0x2dd4,0x1e35,0x1635,0x2613,0x35b5,0x2c91,0x0a08,0x1186,0x1926,0x1145,0x1145,0x0925,0x1105,0x1906,0x28e5,
  0x20e6,0x2905,0x20e6,0x1925,0x1946,0x1125,0x1125,0x1106,0x1906,0x1125,0x1906,0x1105,0x1126,0x10e5,0x1105,0x1905,
  0x10c5,0x1905,0x1126,0x1125,0x1186,0x0a49,0x3553,0x2595,0x25f4,0x2616,0x0e35,0x25f6,0x23ee,0x11a8,0x1947,0x2125,
  0x1105,0x10e6,0x1904,0x1106,0x10e5,0x1106,0x1906,0x10c4,0x2106,0x1106,0x10e5,0x1106,0x10e5,0x1906,0x1105,0x18e6,
  0x1105,0x10e6,0x18e5,0x10e6,0x10e4,0x10e6,0x10e4,0x1906,0x10e5,0x1105,0x10c5,0x1906,0x1105,0x18c5,0x1105,0x1105,
  0x18c4,0x1106,0x10c4,0x10e6,0x1905,0x10c5,0x2106,0x10e4,0x10c5,0x10e4,0x10e5,0x18c5,0x10e5,0x18e5,0x10c5,0x10e5,
  0x18e5,0x10c4,0x10e5,0x10e4,0x10e5,0x18e4,0x10c5,0x10e4,0x10e6,0x18c5,0x10e4,0x10e5,0x10c4,0x10e5,0x18e4,0x10c6,
  0x10e4,0x18e5,0x10c5,0x10e5,0x18e4,0x10c5,0x10e4,0x10e5,0x10e5,0x18e4,0x10c5,0x10e4,0x18e5,0x10e4,0x18c5,0x10e5,
  0x10e4,0x18e5,0x10c5,0x10e4,0x18e4,0x10e5,0x10c4,0x18e5,0x10e4,0x18c5,0x10e4,0x10e5,0x10c4,0x10e5,0x18e4,0x10c5,
  0x18e4,0x10c5,0x10e4,0x18e5,0x10c4,0x18e5,0x10e4,0x10c5,0x18e4,0x10c5,0x10e4,0x18c5,0x10e4,0x10e5,0x10c4,0x10e5,
  0x18c4,0x10e5,0x18c4,0x10e5,0x10e4,0x10e5,0x10c4,0x18e5,0x10c5,0x18e4,0x10e5,0x10c4,0x18e4,0x10e5,0x18c4,0x10e5,
  0x10e4,0x18c5,0x10e4,0x10e5,0x18c4,0x10e5,0x18e4,0x10e5,0x10c4,0x10e5,0x10e4,0x18c5,0x10e4,0x10e5,0x10c4,0x18e4,
  0x10e5,0x10c4,0x18e5,0x10e4,0x18c5,0x10e4,0x10e5,0x18c4,0x10e5,0x18e4,0x10c5,0x10e4,0x18e5,0x10e4,0x18c5,0x10e5,
  0x10e4,0x18e5,0x10c5,0x10e4,0x10e5,0x10c4,0x10e5,0x10c4,0x10e5,0x18c4,0x10e5,0x18e4,0x10c5,0x10e5,0x10e4,0x18c5,
  0x10e4,0x10e5,0x10c4,0x10e5,0x18e4,0x10c5,0x10e4,0x18e5,0x10c4,0x18e5,0x10e5,0x10c4,0x18e5,0x10c4,0x18e5,0x10c4,
  0x18e5,0x10e4,0x10c5,0x18e4,0x10e5,0x10e4,0x18e5,0x10c5,0x10e4,0x10c5,0x10e5,0x18e4,0x10c5,0x10e4,0x10e5,0x18c4,
  0x10e5,0x10e4,0x10c5,0x18e4,0x10e5,0x10c4,0x10e5,0x18e5,0x10c4,0x10e5,0x10e4,0x18e5,0x10e4,0x18c5,0x10e4,0x10e5,
  0x10c4,0x18e5,0x10c4,0x18e5,0x10e4,0x10c5,0x18e4,0x10e5,0x10c5,0x10e4,0x18e5,0x10c5,0x10e4,0x18e5,0x10c4,0x10e5,
  0x10e4,0x10c5,0x10e4,0x18e5,0x10c4,0x10e5,0x10e5,0x18c4,0x10e5,0x18e4,0x10c5,0x10e4,0x18e5,0x10c4,0x10e4,0x10e5,
  0x18c5,0x10e4,0x18c5,0x10e4,0x10e5,0x10c4,0x10e5,0x18e4,0x10c5,0x18e4,0x10e5,0x10c4,0x18e5,0x10e5,0x10e4,0x10e5,
  0x10e4,0x18c5,0x10e4,0x10c5,0x10e4,0x18e5,0x10c5,0x18e4,0x10e5,0x10c5,0x18e4,0x10e5,0x10c4,0x10e5,0x18e5,0x10c4,
  0x18e5,0x10e5,0x10c4,0x10e5,0x10c4,0x18e5,0x10e4,0x18c5,0x10e4,0x10e5,0x18c4,0x10e5,0x10e4,0x10c5,0x10e4,0x18e5,
  0x10e5,0x10e4,0x10c5,0x18e5,0x10e4,0x18c5,0x10e4,0x10e5,0x18c4,0x10e5,0x10c4,0x10e5,0x18e4,0x10c5,0x18e5,0x10e4,
  0x10c5,0x10e4,0x10e5,0x18c4,0x10e5,0x18e4,0x10c4,0x10e5,0x18e5,0x10c4,0x10e5,0x10e4,0x10e5,0x18e4,0x10c5,0x10e4,
  0x10e5,0x18c5,0x10e4,0x10e5,0x10c4,0x10e5,0x18e4,0x10c5,0x10e4,0x18e5,0x10c4,0x10e5,0x18e4,0x10c5,0x10e4,0x10e5,
  0x10c4,0x10e5,0x10e4,0x18c5,0x10e4,0x10c5,0x10e4,0x18c5,0x10e4,0x10c5,0x10e4,0x18e6,0x10c4,0x18e5,0x10e4,0x18e6,
  0x10e4,0x10e5,0x18c4,0x10e5,0x10e4,0x18c5,0x10e5,0x10e4,0x18c5,0x10e4,0x18e5,0x10c4,0x10e6,0x18e4,0x10c5,0x10e5,
  0x1106,0x10c4,0x1904,0x1106,0x10e4,0x1106,0x18e5,0x10e5,0x10e5,0x10e5,0x18e4,0x10e6,0x10e4,0x18e6,0x1105,0x10e5,
  0x2105,0x10e4,0x18c6,0x1105,0x1105,0x18e5,0x1106,0x10e4,0x18c6,0x1105,0x18e5,0x10e5,0x1106,0x1905,0x10e6,0x10e4,
  0x2106,0x10c4,0x2126,0x10c4,0x1106,0x1105,0x18e6,0x1105,0x18e5,0x10e4,0x1125,0x10c4,0x1906,0x1126,0x0968,0x22eb,
  0x2cd2,0x35f5,0x1635,0x1654,0x25d4,0x35b4,0x3451,0x19a7,0x1967,0x2105,0x1106,0x1104,0x1146,0x10e5,0x1906,0x2105,
  0x20e6,0x2105,0x20e6,0x1905,0x1146,0x1145,0x1926,0x1925,0x1926,0x1925,0x1926,0x2105,0x1926,0x1905,0x10e6,0x1105,
  0x10e5,0x10e5,0x1906,0x1145,0x11a7,0x11e7,0x34b2,0x45d5,0x25d5,0x1e15,0x1e16,0x25f4,0x34f2,0x128a,0x1187,0x08e4,
  0x18e5,0x1145,0x10e5,0x10e5,0x1906,0x1105,0x10e6,0x10e4,0x1905,0x18e6,0x1105,0x1906,0x10e5,0x1106,0x10e5,0x1106,
  0x18c4,0x10e5,0x10e4,0x18c6,0x1105,0x18e5,0x10e5,0x1106,0x18e5,0x10e5,0x1905,0x10e5,0x1106,0x10e4,0x18e6,0x1105,
  0x10e5,0x10e5,0x18e5,0x10c5,0x1106,0x10e4,0x10e5,0x18e4,0x1106,0x18e4,0x10e5,0x1105,0x10c5,0x10e4,0x2106,0x10c4,
  0x10e6,0x18e4,0x10c5,0x18e4,0x10c5,0x10e5,0x18e5,0x10c4,0x18e5,0x10e5,0x10c5,0x18e4,0x10e5,0x18c5,0x10e5,0x10e4,
  0x10c5,0x10e4,0x18e5,0x10c4,0x10e5,0x18e4,0x10c5,0x18e4,0x10c4,0x10e5,0x10e4,0x18c5,0x10e4,0x10c5,0x10e4,0x18c5,
  0x10e4,0x10c5,0x10e4,0x18e5,0x10c4,0x10e5,0x18e4,0x10c5,0x10e4,0x10e5,0x10c4,0x18e5,0x10e4,0x18c5,0x10e4,0x10e5,
  0x10e4,0x18e5,0x10c4,0x10e5,0x18e4,0x10c5,0x10e4,0x18e5,0x10e4,0x10c5,0x18e4,0x10e5,0x10c4,0x18e5,0x10e4,0x18e5,
  0x10e4,0x10c5,0x10e4,0x18e5,0x10c4,0x18e5,0x10e4,0x10c4,0x10e5,0x10e4,0x18c5,0x10e4,0x10e5,0x10c4,0x10e5,0x18e4,
  0x10c5,0x10e4,0x18e5,0x10c4,0x10e5,0x10e4,0x10c5,0x18e4,0x10e5,0x18c4,0x10e5,0x10e4,0x18c5,0x10e4,0x18e5,0x10c5,
  0x10e4,0x18e5,0x10c4,0x10e5,0x10e4,0x18c5,0x10e4,0x10e5,0x10c4,0x10e5,0x10e4,0x18c5,0x10e4,0x10c5,0x10e4,0x18c5,
  0x10e4,0x10c5,0x10e4,0x18e5,0x10c4,0x18e5,0x10e4,0x18e5,0x10e4,0x10e5,0x18c4,0x10e5,0x10e4,0x18c4,0x10e5,0x10e4,
  0x18c5,0x10e4,0x18e5,0x10c4,0x10e5,0x18e4,0x10c5,0x10e4,0x10e5,0x10c4,0x18e4,0x10e5,0x10e4,0x10e5,0x18e4,0x10e5,
  0x10c4,0x10e5,0x18e4,0x10c5,0x10e4,0x18c5,0x10e4,0x10e5,0x18c4,0x10e4,0x18c5,0x10e4,0x10e5,0x18c4,0x10e5,0x10e4,
  0x18c5,0x10e4,0x18e5,0x10c4,0x10e5,0x18e4,0x10c5,0x10e4,0x18e5,0x10c4,0x18e5,0x10c4,0x10e5,0x10e4,0x18c5,0x10e4,
  0x18e5,0x10e4,0x10e5,0x10c4,0x18e5,0x10e4,0x10c5,0x18e4,0x10e5,0x18c4,0x10e5,0x10e4,0x18c5,0x10e4,0x10e5,0x18c4,
  0x10e5,0x18e4,0x10c5,0x10e4,0x18e5,0x10c4,0x18e5,0x10e4,0x10c5,0x10e4,0x18e5,0x10c4,0x10e5,0x10e4,0x18c5,0x10e4,
  0x10e5,0x10e4,0x10e5,0x18c4,0x10e5,0x18e4,0x10c5,0x10e4,0x10e5,0x10c4,0x18e5,0x10e4,0x10e5,0x18c4,0x10e5,0x18c4,
  0x10e5,0x10e4,0x18c5,0x10e4,0x18e5,0x10c4,0x10e5,0x10e4,0x18c5,0x10e4,0x10e5,0x10c4,0x18e5,0x10e4,0x10c5,0x10e4,
  0x10e4,0x18c5,0x10e4,0x18e5,0x10c4,0x10e5,0x10c4,0x10e5,0x18c4,0x10e5,0x10e4,0x18c5,0x10e4,0x18e5,0x10c4,0x10e5,
  0x18c4,0x10e5,0x18e4,0x10c4,0x10e5,0x10e4,0x18c5,0x10e4,0x10e5,0x10e4,0x18e5,0x10c4,0x10e5,0x10e4,0x10c5,0x18e4,
  0x10e5,0x18c4,0x10e5,0x10e4,0x10c5,0x10e4,0x18e5,0x10c4,0x10e5,0x18e4,0x10c5,0x18e4,0x10c5,0x10e4,0x18e5,0x10c4,
  0x18e5,0x10e4,0x10c5,0x18e4,0x10e5,0x18c4,0x10e5,0x10e4,0x10c5,0x10e4,0x18e5,0x10c4,0x10e5,0x18e4,0x10c5,0x18e4,
  0x18e4,0x18c5,0x10e4,0x10e5,0x18e4,0x10e5,0x18e4,0x10e5,0x18c4,0x10e5,0x18e4,0x10c5,0x18e4,0x10e6,0x18c4,0x10e5,
  0x18c4,0x10e6,0x18e4,0x10c5,0x18e4,0x10e5,0x18c4,0x10e5,0x18e4,0x10c5,0x18e4,0x10e5,0x18c4,0x10e6,0x18e4,0x10c5,
  0x18e4,0x10e5,0x18c4,0x10e5,0x18c4,0x10e5,0x18e5,0x10e5,0x18e4,0x10c6,0x10e4,0x1906,0x10c4,0x10e5,0x18e5,0x10e5,
  0x1904,0x1106,0x10e4,0x18e6,0x1105,0x1906,0x10e5,0x1906,0x10e4,0x18e6,0x1105,0x1906,0x10e5,0x1906,0x1105,0x18e6,
  0x1104,0x1106,0x18e4,0x1106,0x18e5,0x1106,0x1905,0x10e6,0x10e4,0x18c5,0x1945,0x18e5,0x1905,0x1947,0x09a7,0x2baf,
  0x3d74,0x25f5,0x1df4,0x1e55,0x1df3,0x3d54,0x12aa,0x1988,0x1926,0x1906,0x1105,0x18e6,0x1125,0x1926,0x18e5,0x1926,
  0x2105,0x18e6,0x2105,0x1926,0x2105,0x1126,0x2144,0x1906,0x1925,0x20e6,0x1905,0x1906,0x2105,0x1106,0x1904,0x2106,
  0x1105,0x1906,0x10e5,0x2126,0x1146,0x11a7,0x12ea,0x3d74,0x2db4,0x1e16,0x1e35,0x25f5,0x35d4,0x234d,0x1186,0x18e6,
  0x10e5,0x1926,0x10c4,0x1906,0x1105,0x18e6,0x1105,0x1906,0x10e5,0x1905,0x1105,0x18e5,0x1106,0x1905,0x1906,0x1105,
  0x1106,0x18e5,0x1106,0x18e4,0x10e6,0x10e4,0x1906,0x10e5,0x1106,0x18e5,0x1105,0x18e5,0x10e4,0x1906,0x10e4,0x18c6,
  0x10e5,0x18c5,0x1105,0x18e5,0x10e5,0x18e5,0x1105,0x18c5,0x10e4,0x18e5,0x10c4,0x18e5,0x1905,0x10c5,0x1104,0x1906,
  0x10c4,0x18e5,0x10e4,0x10c6,0x18e4,0x10c5,0x10e4,0x18e5,0x10c4,0x18e5,0x10e4,0x18c5,0x10e4,0x10e5,0x18c4,0x10e5,
  0x18e5,0x10c5,0x18e4,0x10e6,0x18c4,0x10e5,0x18e4,0x10c5,0x18e4,0x18c5,0x10e4,0x10e5,0x18e4,0x10e5,0x18e4,0x10e5,
  0x18c4,0x10e5,0x18e4,0x10c5,0x18e4,0x10c5,0x10e4,0x18e5,0x18c4,0x10e5,0x18e4,0x10c5,0x18e4,0x10e5,0x18c4,0x10e5,
  0x18c4,0x10e5,0x18e4,0x10c5,0x10e4,0x18e5,0x10c4,0x10e5,0x18c4,0x10e5,0x10e4,0x18c5,0x10e4,0x18e5,0x10c4,0x10e5,
  0x18c4,0x10e5,0x18e4,0x10c5,0x18e4,0x10c5,0x18e4,0x10e5,0x18c4,0x10e5,0x18e4,0x10c5,0x18e4,0x18e5,0x10c4,0x18e5,
  0x10e4,0x18c5,0x10e4,0x18e5,0x10c4,0x18e5,0x10e4,0x18c5,0x10e4,0x18e5,0x10c4,0x18e5,0x10e4,0x10c5,0x18e4,0x10e5,
  0x18c4,0x10e5,0x18e4,0x10c5,0x18e4,0x10e5,0x18c4,0x10e5,0x18e4,0x18c5,0x10e4,0x10e5,0x18e4,0x10e5,0x18e4,0x10e5,
  0x18c4,0x10e5,0x18e4,0x10c5,0x18e4,0x10e5,0x18c4,0x10e5,0x18c4,0x10e5,0x18e4,0x10c5,0x18e4,0x10e5,0x18c4,0x10e5,
  0x18e4,0x10c5,0x18e4,0x10e5,0x18c4,0x10e5,0x18e4,0x10c5,0x18e4,0x10e5,0x18c4,0x10e5,0x18c4,0x10e5,0x18c4,0x10e5,
  0x18e4,0x10c5,0x10e4,0x18e5,0x10c4,0x10e5,0x18c4,0x10e5,0x18e4,0x10e5,0x10e4,0x18c5,0x10e4,0x18e5,0x10c4,0x18e5,
  0x10e4,0x18c5,0x10e4,0x18e5,0x10c4,0x18e5,0x10e4,0x18c5,0x10e4,0x10e5,0x18c4,0x10e5,0x18c4,0x10e5,0x18e4,0x10c5,
  0x10e4,0x18c5,0x10e4,0x18e5,0x10c4,0x18e5,0x10e4,0x10c5,0x18e4,0x10e5,0x18c4,0x10e5,0x10e4,0x18c5,0x10e4,0x18e5,
  0x10c4,0x18e5,0x10e4,0x18c5,0x10e4,0x10e5,0x18c4,0x10e5,0x18e4,0x10c5,0x18e4,0x10e5,0x18c4,0x10e5,0x18e4,0x10c5,
  0x18e4,0x18c5,0x10e4,0x10e5,0x18c4,0x10e5,0x18e4,0x18c5,0x10e4,0x18e5,0x10c4,0x18e5,0x10c4,0x18e5,0x10e4,0x10c5,
  0x18e4,0x10c5,0x10e4,0x18e5,0x10c4,0x18e5,0x10e4,0x18c5,0x10e4,0x18e5,0x10c4,0x18e5,0x10e4,0x18c5,0x10e4,0x18e5,
  0x10c5,0x18e4,0x10e5,0x18c4,0x10e5,0x18e4,0x18e5,0x10e4,0x10e5,0x18c4,0x10e5,0x18e4,0x10c5,0x10e4,0x18e5,0x10c4,
  0x10e5,0x18c4,0x10e5,0x18e5,0x10c4,0x18e5,0x10e4,0x18c5,0x10e4,0x18c5,0x10e4,0x18e5,0x10c4,0x18e5,0x10e4,0x18c5,
  0x10e4,0x18e5,0x10c4,0x18e5,0x18e4,0x10c5,0x10e4,0x18e5,0x10c4,0x18e5,0x10e4,0x10c5,0x18e4,0x10c5,0x10e4,0x18e5,
  0x10c4,0x18e5,0x10e4,0x18c5,0x10e4,0x10e5,0x18c4,0x10e5,0x18e4,0x10c5,0x18e4,0x10e5,0x18c4,0x10e5,0x18e4,0x10c5,
  0x10e4,0x10e5,0x18c4,0x10e5,0x18c4,0x10e5,0x18c4,0x10e5,0x10e4,0x18c5,0x10e5,0x18e5,0x10c4,0x18e5,0x10e4,0x18c5,
  0x10e4,0x18c5,0x10e4,0x10e5,0x18e5,0x10e5,0x18e4,0x10c6,0x10e4,0x18e5,0x10c5,0x18e5,0x10e4,0x10c5,0x2105,0x10e5,
  0x18e5,0x1105,0x1905,0x10e6,0x18e4,0x1106,0x10c4,0x2106,0x10c4,0x1906,0x1104,0x18e6,0x1105,0x18e5,0x1905,0x18c5,
  0x1105,0x18c5,0x1105,0x1906,0x10e5,0x1906,0x10e4,0x18e6,0x18e4,0x1926,0x10c4,0x1906,0x1105,0x18e6,0x1105,0x1105,
  0x18e5,0x10e5,0x2105,0x10e5,0x1905,0x10e6,0x1105,0x1906,0x10c4,0x18e5,0x1925,0x18e5,0x1946,0x1947,0x09a7,0x2baf,
  0x3db5,0x2615,0x2614,0x1615,0x25f3,0x3532,0x1187,0x1968,0x1945,0x1106,0x1904,0x1906,0x1905,0x1926,0x2105,0x1906,
  0x2125,0x1926,0x1905,0x2126,0x1925,0x2106,0x1925,0x1905,0x1905,0x1906,0x28e5,0x2106,0x2905,0x18e6,0x1905,0x2126,
  0x1905,0x2126,0x1905,0x1926,0x1966,0x0987,0x11e7,0x4554,0x2df4,0x1e36,0x25f5,0x1dd5,0x2dd4,0x232d,0x0986,0x2947,
  0x2105,0x10e5,0x1105,0x10c5,0x1905,0x1106,0x18e5,0x1105,0x1905,0x1906,0x10e4,0x2106,0x10c4,0x1106,0x18e5,0x1106,
  0x18e5,0x1105,0x2125,0x10c5,0x2105,0x10e5,0x18e5,0x1106,0x1905,0x10e5,0x10e5,0x18e4,0x1106,0x18c4,0x1106,0x10e4,
  0x1906,0x10e4,0x18e5,0x10c4,0x2126,0x10e4,0x20e6,0x10e4,0x1106,0x18e5,0x1105,0x10c4,0x18e5,0x1905,0x18c5,0x10e4,
  0x18e6,0x10c4,0x18e6,0x10e5,0x18e5,0x10e4,0x18c5,0x1905,0x10e5,0x18c4,0x10e5,0x10e5,0x18c5,0x10e4,0x18e6,0x10c4,
  0x18e5,0x10e4,0x18c5,0x10e4,0x10e5,0x18c4,0x10e5,0x18e4,0x10e4,0x10e5,0x18c4,0x10e5,0x18c4,0x10e5,0x18c4,0x10e5,
  0x10e4,0x18c5,0x10e4,0x18e5,0x18c4,0x10e5,0x18c4,0x10e5,0x10e4,0x18c5,0x10e4,0x18e5,0x10c4,0x10e5,0x18e4,0x10c5,
  0x18e4,0x10c5,0x10e4,0x18e5,0x10c4,0x18e5,0x10e4,0x18c5,0x10e4,0x18e5,0x10c4,0x18e5,0x10e4,0x10c5,0x18e4,0x10e5,
  0x18e4,0x10c5,0x18e4,0x10e5,0x10e4,0x18e5,0x10c4,0x18e5,0x10e4,0x18c5,0x10e4,0x18e5,0x10c4,0x10e5,0x18e4,0x10c5,
  0x18e4,0x10e5,0x10c4,0x18e5,0x10e4,0x18c5,0x10e4,0x18e5,0x10c4,0x10e5,0x18e4,0x10c5,0x18e4,0x10e5,0x18c4,0x10e5,
  0x10e4,0x18c5,0x10e4,0x18e5,0x10c4,0x18e5,0x10e4,0x18c5,0x10e4,0x10e5,0x18c4,0x10e5,0x18c4,0x10e5,0x18c4,0x10e5,
  0x10e4,0x18c5,0x10e4,0x18e5,0x10c4,0x18e5,0x10e4,0x18c5,0x10e4,0x18c5,0x10e4,0x10e5,0x18c4,0x10e5,0x18e4,0x10c5,
  0x10e4,0x18e5,0x10c4,0x18e5,0x10e4,0x10c5,0x18e4,0x10e5,0x18c4,0x10e5,0x18e4,0x10c5,0x18e4,0x10e5,0x10c4,0x18e5,
  0x10c4,0x18e5,0x10e4,0x18c5,0x10e4,0x18e5,0x10e4,0x18c5,0x10e4,0x18c5,0x10e4,0x18e5,0x10c4,0x18e5,0x10e4,0x10c5,
  0x18e4,0x10e5,0x10c4,0x18e5,0x10e4,0x18c5,0x10e4,0x10e5,0x18c4,0x10e5,0x18e4,0x10e5,0x18e4,0x10c5,0x10e4,0x18e5,
  0x10c4,0x18e5,0x10c4,0x18e5,0x10e4,0x18c5,0x10e4,0x18e5,0x10c4,0x10e5,0x18e4,0x10c5,0x18e4,0x10e5,0x18c4,0x10e5,
  0x18e4,0x10c5,0x18e4,0x10e5,0x18c4,0x10e5,0x18e4,0x10c5,0x18e4,0x10e5,0x10c4,0x18e5,0x10e4,0x18c5,0x10e4,0x18e5,
  0x10c4,0x10e5,0x18c4,0x10e5,0x18e4,0x10c5,0x10e4,0x18e5,0x10c4,0x18e5,0x10e4,0x10e5,0x18e4,0x10c5,0x18e4,0x10e5,
  0x18e4,0x10e5,0x18c4,0x10e5,0x10e4,0x18c5,0x10e4,0x18e5,0x10c4,0x10e5,0x18e4,0x10c5,0x18e4,0x10e5,0x18c4,0x10e5,
  0x18e4,0x10c5,0x10e4,0x18e5,0x10c4,0x10e5,0x18c4,0x10e5,0x18c4,0x10e5,0x18e4,0x10c5,0x18e4,0x10e5,0x18c4,0x10e5,
  0x18e4,0x10e5,0x10c4,0x18e4,0x10e5,0x18c4,0x10e5,0x10e4,0x18e5,0x10c4,0x18e5,0x10c4,0x18e5,0x10e4,0x18c5,0x10e4,
  0x10e5,0x18c4,0x10e5,0x10c4,0x18e5,0x10e4,0x18c5,0x10e4,0x18e5,0x10c4,0x18e5,0x10e4,0x18e5,0x10e4,0x18c5,0x10e4,
  0x10e5,0x18c4,0x10e5,0x10e4,0x18c5,0x10e4,0x18e5,0x10c4,0x18e5,0x10e4,0x18c5,0x10e4,0x10e5,0x18c4,0x10e5,0x18e4,
  0x10e4,0x18e5,0x10e4,0x18e5,0x10e4,0x18e5,0x10e4,0x18e5,0x10e4,0x18e5,0x10e4,0x10e5,0x18e4,0x10e5,0x10e4,0x18e6,
  0x10e4,0x10e5,0x18e5,0x10e5,0x18e4,0x10e5,0x10e4,0x18e5,0x10e4,0x18e6,0x10e5,0x10e5,0x1905,0x10e5,0x18e4,0x10e5,
  0x18e4,0x10e5,0x10e4,0x18e5,0x10e4,0x18e5,0x1925,0x18e5,0x10e4,0x1906,0x10e4,0x18e5,0x1105,0x18e5,0x10e4,0x2126,
  0x10e4,0x18e5,0x1104,0x1906,0x1105,0x1106,0x1905,0x10e5,0x2125,0x10e5,0x1905,0x1105,0x1105,0x1906,0x1105,0x1906,
  0x10e4,0x2126,0x10e4,0x1106,0x1904,0x1106,0x1905,0x1106,0x1905,0x10e5,0x2145,0x10e5,0x1905,0x1947,0x09e7,0x2c0f,
  0x2dd4,0x2df5,0x1614,0x1e55,0x2df3,0x3cf2,0x09c7,0x1947,0x1945,0x1126,0x1925,0x2126,0x1925,0x2126,0x1125,0x1126,
  0x1945,0x1146,0x1925,0x1926,0x2105,0x2126,0x10e4,0x2126,0x1925,0x2106,0x2105,0x2906,0x2105,0x2926,0x1925,0x1927,
  0x2125,0x1906,0x2105,0x1906,0x1945,0x11a7,0x09c6,0x5534,0x25b4,0x1df5,0x25f5,0x2e36,0x2dd4,0x1bae,0x09c7,0x1147,
  0x2905,0x1126,0x1925,0x1106,0x1105,0x1906,0x1105,0x18e5,0x1105,0x18e5,0x1925,0x18e5,0x1105,0x1906,0x1105,0x1906,
  0x1104,0x1906,0x10e4,0x1926,0x18e4,0x1106,0x1905,0x1106,0x18e5,0x10e5,0x18e4,0x1926,0x18e4,0x10e5,0x1904,0x1106,
  0x1905,0x1106,0x1105,0x18e5,0x10e4,0x2106,0x10e4,0x18e5,0x10e4,0x18e5,0x10e5,0x18e5,0x10e4,0x18e5,0x1905,0x18e5,
  0x10e4,0x1106,0x18e4,0x10e5,0x1905,0x10e5,0x18e4,0x10e5,0x18e4,0x10e5,0x18e4,0x10e5,0x18e4,0x10e5,0x18e4,0x10e5,
  0x18e4,0x10e5,0x10e4,0x18e5,0x10e4,0x18e5,0x10e4,0x10e5,0x10e4,0x18e5,0x10e4,0x18e5,0x10e4,0x18e5,0x10e4,0x18e5,
  0x10e4,0x18e5,0x10e4,0x10e5,0x10e4,0x18e5,0x10e4,0x18e5,0x10e4,0x18e5,0x10e4,0x10e5,0x18e4,0x10e5,0x18e4,0x10e5,
  0x10e4,0x18e5,0x10e4,0x18e5,0x10e4,0x18e5,0x10e4,0x18e5,0x10e4,0x18e5,0x10e4,0x10e5,0x18e4,0x10e5,0x18e4,0x10e5,
  0x18e4,0x10e5,0x10e4,0x18e5,0x10e4,0x18e5,0x10e4,0x10e5,0x18e4,0x10e5,0x10e4,0x18e5,0x10e4,0x18e5,0x10e4,0x10e5,
  0x18e4,0x10e5,0x18e4,0x10e5,0x18e4,0x10e5,0x18e4,0x10e5,0x18e4,0x10e5,0x18e4,0x10e5,0x10e4,0x18e5,0x10e4,0x18e5,
  0x10e4,0x18e5,0x10e4,0x10e5,0x18e4,0x10e5,0x10e4,0x18e5,0x10e4,0x18e5,0x10e4,0x18e5,0x10e4,0x18e5,0x10e4,0x18e5,
  0x10e4,0x18e5,0x10e4,0x10e5,0x18e4,0x10e5,0x10e4,0x18e5,0x10e4,0x10e5,0x18e4,0x10e5,0x18e4,0x10e5,0x10e4,0x18e5,
  0x10e4,0x18e5,0x10e4,0x10e5,0x18e4,0x10e5,0x18e4,0x10e5,0x18e4,0x10e5,0x10e4,0x18e5,0x10e4,0x18e5,0x10e4,0x18e5,
  0x10e4,0x18e5,0x10e4,0x18e5,0x10e4,0x18e5,0x10e4,0x18e5,0x10e4,0x18e5,0x10e4,0x18e5,0x10e4,0x10e5,0x18e4,0x10e5,
  0x18e4,0x10e5,0x18e4,0x10e5,0x10e4,0x18e5,0x10e4,0x18e5,0x10e4,0x18e5,0x10e4,0x10e5,0x18e4,0x10e5,0x18e4,0x10e5,
  0x18e4,0x10e5,0x18e4,0x10e5,0x10e4,0x18e5,0x10e4,0x18e5,0x10e4,0x18e5,0x10e4,0x18e5,0x10e4,0x18e5,0x10e4,0x10e5,
  0x18e4,0x10e5,0x10e4,0x18e5,0x10e4,0x18e5,0x10e4,0x10e5,0x18e4,0x10e5,0x18e4,0x10e5,0x18e4,0x10e5,0x10e4,0x18e5,
  0x10e4,0x18e5,0x10e4,0x18e5,0x10e4,0x18e5,0x10e4,0x10e5,0x18e4,0x10e5,0x18e4,0x10c5,0x18e4,0x10e5,0x10e4,0x18e5,
  0x10c4,0x18e5,0x10e4,0x18e5,0x10e4,0x18e5,0x10e4,0x10e5,0x18e4,0x10e5,0x18e4,0x10e5,0x10e4,0x18e5,0x10e4,0x18e5,
  0x10e4,0x18e5,0x10e4,0x18e5,0x10e4,0x18e5,0x10e4,0x18e5,0x10e4,0x18e5,0x10e4,0x10e5,0x18e4,0x10e5,0x18e4,0x10e5,
  0x18e4,0x10e5,0x18e4,0x10e5,0x18e4,0x10e5,0x18e4,0x10e5,0x18e4,0x10e5,0x10e4,0x18e5,0x10e4,0x18e5,0x10e4,0x18e5,
  0x10e4,0x18e5,0x10e4,0x18e5,0x10e4,0x18e5,0x10e4,0x18e5,0x10e4,0x10e5,0x18e4,0x10e5,0x18e4,0x10e5,0x18e4,0x10e5,
  0x18e4,0x10e5,0x18e4,0x10e5,0x18e4,0x10e5,0x18e4,0x10e5,0x18e4,0x10e5,0x10e4,0x18e5,0x10e4,0x18e5,0x10e4,0x10e5,
  0x18e5,0x10e4,0x18e5,0x10e4,0x18e5,0x10e4,0x10e5,0x18e4,0x10e5,0x10e4,0x18e5,0x10e4,0x18e5,0x10e5,0x18e5,0x10e4,
  0x18e5,0x10e4,0x18e5,0x10e4,0x10e5,0x18e4,0x10e5,0x18e4,0x1106,0x10e4,0x18e5,0x1105,0x18e5,0x10e4,0x2106,0x10e4,
  0x1926,0x1905,0x1106,0x2105,0x10e5,0x1905,0x10e5,0x1105,0x18e5,0x10e4,0x1106,0x18e5,0x10e6,0x1105,0x18e5,0x10e4,
  0x1906,0x18e4,0x1106,0x1105,0x1906,0x1105,0x18e5,0x1105,0x18e5,0x1905,0x10e5,0x2105,0x1906,0x2105,0x1906,0x2105,
  0x1906,0x1905,0x18e5,0x18e5,0x18e6,0x10e5,0x18e6,0x1105,0x10e5,0x18e4,0x1926,0x18e4,0x1106,0x2188,0x1b2e,0x35b4,
  0x35d6,0x1dd4,0x1e55,0x1654,0x2db4,0x3c70,0x09a8,0x2146,0x1926,0x1905,0x10e5,0x1905,0x10e5,0x1905,0x18e5,0x1925,
  0x2126,0x1105,0x1906,0x1925,0x1926,0x18e4,0x1926,0x2125,0x1926,0x2125,0x1926,0x1925,0x2126,0x1925,0x2126,0x1925,
  0x2126,0x1925,0x1106,0x1905,0x1146,0x1145,0x09e8,0x4cb1,0x25b4,0x2675,0x25f6,0x25f5,0x35d5,0x3594,0x1acb,0x0966,
  0x20e6,0x10e4,0x1926,0x10e4,0x18e6,0x10e5,0x18e6,0x1105,0x1906,0x18e4,0x1926,0x1905,0x2106,0x1905,0x2106,0x1905,
  0x1906,0x18e4,0x1906,0x18e4,0x1106,0x18e4,0x1106,0x1105,0x1906,0x1105,0x18e5,0x1905,0x10e5,0x2105,0x1106,0x1905,
  0x1106,0x18e4,0x1106,0x18e4,0x1906,0x10e4,0x18e5,0x1105,0x1906,0x1105,0x18e5,0x1105,0x10e5,0x2105,0x10e5,0x10e4,
  0x18e6,0x10e4,0x18e6,0x10e4,0x10c5,0x18e4,0x10e5,0x18e4,0x10e6,0x18e4,0x10e5,0x18e4,0x10e6,0x18e4,0x10e5,0x10e4,
  0x2106,0x10e4,0x18e5,0x10e5,0x18e5,0x10e4,0x18e5,0x10e4,0x18e5,0x10e4,0x18e5,0x10e4,0x18e5,0x10e4,0x10e5,0x18e4,
  0x10e5,0x10e4,0x18e5,0x10e4,0x18e5,0x10e4,0x10e5,0x18e4,0x10e5,0x10e4,0x18e5,0x10e4,0x18e5,0x10e4,0x10e5,0x18e4,
  0x10e5,0x18e4,0x10e5,0x18e4,0x10e5,0x10e4,0x18e5,0x10e4,0x10e5,0x18e4,0x10e5,0x18e4,0x10e5,0x18e4,0x10e5,0x18e4,
  0x10e5,0x18e4,0x10e5,0x18e4,0x10c5,0x10e4,0x18e5,0x10e4,0x18e5,0x10e4,0x18e5,0x10e4,0x18e5,0x10e4,0x18e5,0x10e4,
  0x18e5,0x10e4,0x18e5,0x10e4,0x10e5,0x18e4,0x10e5,0x10e4,0x18e5,0x10e4,0x10e5,0x18e4,0x10e5,0x18e4,0x10e5,0x18e4,
  0x10e5,0x10e4,0x18e5,0x10e4,0x18e5,0x10e4,0x18e5,0x10e4,0x18e5,0x10e4,0x18e5,0x10e4,0x18e5,0x10e4,0x10e5,0x18e4,
  0x10e5,0x10e4,0x18e5,0x10e4,0x18e5,0x10e4,0x18e5,0x10e4,0x18e5,0x10e4,0x18e5,0x10e4,0x10e5,0x18e4,0x10e5,0x18e4,
  0x10e5,0x10e4,0x18e5,0x10e4,0x18e5,0x10e4,0x18e5,0x10e4,0x10e5,0x18e4,0x10e5,0x18e4,0x10e5,0x18e4,0x10e5,0x10e4,
  0x18e5,0x10e4,0x10e5,0x18e4,0x10e5,0x10e4,0x18e5,0x10e4,0x10e5,0x18e4,0x10e5,0x10e4,0x18e5,0x10e4,0x18e5,0x10e4,
  0x18e5,0x10e4,0x10e5,0x18e4,0x10e5,0x18e4,0x10e5,0x18e4,0x10e5,0x10e4,0x18e5,0x10c4,0x18e5,0x10e4,0x18e5,0x10e4,
  0x10e5,0x18e4,0x10e5,0x18e4,0x10e5,0x18e4,0x10e5,0x10e4,0x18e5,0x10e4,0x18e5,0x10e4,0x10e5,0x18e4,0x10e5,0x18e4,
  0x10e5,0x18e4,0x10e5,0x18e4,0x10e5,0x10e4,0x18e5,0x10e4,0x18e5,0x10e4,0x18e5,0x10e4,0x10e5,0x18e4,0x10e5,0x18e4,
  0x10e5,0x18e4,0x10e5,0x10e4,0x18e5,0x10e4,0x18e5,0x10e4,0x18e5,0x10e4,0x10e5,0x18e4,0x10e5,0x18e4,0x10e5,0x18e4,
  0x10e5,0x10e4,0x18e5,0x10e4,0x18e5,0x10e4,0x18e5,0x10e4,0x18e5,0x10e4,0x18e5,0x10e4,0x18e5,0x10e4,0x18e5,0x10e4,
  0x10e5,0x18e4,0x10e5,0x10e4,0x18e5,0x10e4,0x18e5,0x10e4,0x10e5,0x18e4,0x10e5,0x18e4,0x10e5,0x18e4,0x10e5,0x10e4,
  0x18e5,0x10e4,0x18e5,0x10e4,0x10e5,0x18e4,0x10e5,0x18e4,0x10e5,0x18e4,0x10e5,0x18e4,0x10e5,0x10e4,0x18e5,0x10e4,
  0x18e5,0x10e4,0x18e5,0x10e4,0x10e5,0x18e4,0x10e5,0x10e4,0x18e5,0x10e4,0x18e5,0x10e4,0x10c5,0x18e4,0x10e5,0x18e4,
  0x10e5,0x18e4,0x10e5,0x18e4,0x10e5,0x18e4,0x10e5,0x10e4,0x18e5,0x10e4,0x18e5,0x10e4,0x18e5,0x10e4,0x18e5,0x10e4,
  0x10e4,0x10e5,0x18e5,0x10e4,0x10e5,0x18e5,0x10c4,0x18e5,0x10e5,0x18e4,0x10e6,0x18e5,0x10e4,0x18e5,0x10e4,0x10e5,
  0x18e6,0x10e4,0x18e5,0x10e5,0x18e4,0x10e5,0x1906,0x10e4,0x18e5,0x10e6,0x18e4,0x10e5,0x18e5,0x10e4,0x1926,0x18e5,
  0x1104,0x1906,0x10e5,0x10e5,0x18e5,0x10e5,0x1905,0x10e5,0x1906,0x1104,0x1906,0x10e5,0x18e5,0x10e5,0x1906,0x10e4,
  0x18e5,0x1106,0x18e4,0x1106,0x1906,0x1105,0x18e5,0x1106,0x10e4,0x2126,0x10e4,0x1906,0x1106,0x1905,0x1106,0x1106,
  0x1905,0x1906,0x2106,0x10e4,0x1906,0x1106,0x1105,0x1906,0x1105,0x18e4,0x1926,0x10e5,0x2146,0x1167,0x1b4d,0x2df5,
  0x2e16,0x2616,0x0e14,0x1e35,0x2d73,0x1249,0x0986,0x1926,0x1106,0x1105,0x1905,0x1106,0x18e4,0x1106,0x2105,0x1105,
  0x1105,0x1906,0x1105,0x2106,0x1926,0x1905,0x1926,0x1926,0x2125,0x1106,0x1906,0x1925,0x2126,0x1926,0x2125,0x1926,
  0x1106,0x2105,0x10e6,0x18e6,0x1125,0x1166,0x1165,0x0a4a,0x35b3,0x1615,0x1dd4,0x25f6,0x2dd5,0x45d6,0x132c,0x1186,
  0x1927,0x2126,0x10e4,0x1906,0x1105,0x1106,0x2105,0x10e6,0x18e5,0x1906,0x2125,0x10e5,0x1905,0x1106,0x1105,0x1906,
  0x1106,0x1905,0x10e5,0x1106,0x18e4,0x1106,0x1906,0x1105,0x1906,0x1105,0x1105,0x18e5,0x1106,0x18e4,0x1105,0x10e6,
  0x18e5,0x10e6,0x18e5,0x1105,0x18e5,0x10e5,0x18e5,0x10e5,0x1104,0x1906,0x1105,0x18e5,0x1106,0x18e4,0x10e5,0x18e5,
  0x10e4,0x18e5,0x10c4,0x18e5,0x10e6,0x18e4,0x10e6,0x10e5,0x18e4,0x10e5,0x10e4,0x18e5,0x10e4,0x10e5,0x18e4,0x10e5,
  0x18e5,0x10e4,0x18e5,0x10e5,0x10e5,0x18e5,0x10e5,0x18e4,0x10e4,0x10e5,0x18e5,0x10e4,0x10e5,0x18e5,0x10c4,0x18e5,
  0x10e5,0x18e4,0x10e5,0x18e5,0x10e5,0x18e4,0x10e5,0x18e5,0x10e4,0x18e5,0x10e5,0x18e4,0x10c5,0x18e5,0x10e4,0x18e5,
  0x10e5,0x18e4,0x10e5,0x10e5,0x18e4,0x10e5,0x18e4,0x10e5,0x18e4,0x10e5,0x18e5,0x10e4,0x18e5,0x10e5,0x18c4,0x10e5,
  0x10e5,0x18e4,0x10c5,0x18e5,0x10e4,0x18e5,0x10e5,0x18e4,0x10e5,0x18e5,0x10e4,0x10e5,0x18e5,0x10e5,0x10e4,0x18e5,
  0x10e5,0x10e4,0x18e5,0x10e5,0x18e4,0x10e5,0x18e4,0x10e5,0x18e4,0x10e5,0x18e4,0x10e5,0x18e5,0x10e4,0x10e5,0x18e5,
  0x10e4,0x18e5,0x10e4,0x18e5,0x10e5,0x18e4,0x10e5,0x18e5,0x10e4,0x10e5,0x18e5,0x10e4,0x10e5,0x18e5,0x10c4,0x18e5,
  0x10e5,0x18e4,0x10e5,0x18e5,0x10e4,0x18e5,0x10e4,0x10e5,0x18e5,0x10e4,0x18e5,0x10e5,0x18e4,0x10e5,0x18e5,0x10e4,
  0x18e5,0x10e5,0x18e4,0x10e5,0x18e5,0x10e4,0x10e5,0x18e5,0x10e4,0x18e5,0x10e5,0x10e4,0x18e5,0x10e5,0x18e4,0x10e5,
  0x18e5,0x10e4,0x18e5,0x10e5,0x18e4,0x10e5,0x18e5,0x10e4,0x18e5,0x10e5,0x18e4,0x10e5,0x18e5,0x10e4,0x18e5,0x10e5,
  0x10e4,0x18e5,0x10e4,0x18e5,0x10e5,0x18e4,0x10e5,0x10e5,0x18e4,0x10c5,0x18e5,0x10e4,0x18e5,0x10e5,0x10e4,0x18e5,
  0x10e5,0x18e4,0x10e5,0x10e5,0x18e4,0x10e5,0x18e5,0x10e4,0x18e5,0x10e5,0x10e4,0x18e5,0x10e4,0x18e5,0x10e4,0x18e5,
  0x10e5,0x10e4,0x18e5,0x10e5,0x18e4,0x10e5,0x18e4,0x10e5,0x10e4,0x18e5,0x10e4,0x18e5,0x10e5,0x18e4,0x10e5,0x10e5,
  0x18e4,0x10e5,0x18e5,0x10e4,0x18e5,0x10e5,0x18e4,0x10e5,0x10e5,0x18e4,0x10e5,0x18e5,0x10e4,0x10e5,0x18e4,0x10e5,
  0x18e4,0x10e5,0x18e4,0x10e5,0x10e4,0x18e5,0x10e5,0x18e4,0x10e5,0x18e5,0x10e4,0x18e5,0x10e4,0x10e5,0x18e4,0x10e5,
  0x18e4,0x10e5,0x18e4,0x10e5,0x18e4,0x10e5,0x10e4,0x18e5,0x10e5,0x18e4,0x10e5,0x10e5,0x18e4,0x10e5,0x18e5,0x10e4,
  0x18e5,0x10e5,0x10e4,0x18e5,0x10e5,0x18e4,0x10e5,0x10c5,0x18e4,0x10e5,0x18e5,0x10e4,0x18e5,0x10e5,0x18e4,0x10e5,
  0x10e4,0x18e5,0x10e4,0x18e5,0x10e5,0x18e4,0x10e5,0x18e5,0x10e4,0x18e5,0x10c4,0x18e5,0x10e5,0x18e4,0x10e5,0x10e5,
  0x18e4,0x10e5,0x10e4,0x18e5,0x10e4,0x10e5,0x18e4,0x10e5,0x18e5,0x10e4,0x18e5,0x10e5,0x10e4,0x18e5,0x10e5,0x18e4,
  0x10e5,0x18c4,0x10e5,0x18e5,0x10c4,0x18e5,0x10e5,0x10e4,0x18e6,0x10e5,0x18c4,0x10e5,0x10e4,0x18c5,0x10e5,0x18e5,
  0x10e5,0x18c5,0x10e4,0x18e6,0x10e5,0x18c4,0x10e5,0x18e6,0x10c5,0x18e5,0x10e5,0x18e5,0x10c5,0x18e5,0x1105,0x18c5,
  0x1106,0x1905,0x10e6,0x18e5,0x1105,0x10c5,0x18e5,0x10e4,0x10e5,0x18e6,0x10e4,0x1906,0x10e6,0x1905,0x1106,0x18c5,
  0x1105,0x1105,0x18e6,0x1105,0x1906,0x10e6,0x1105,0x1906,0x10c5,0x1905,0x1106,0x20e5,0x1106,0x1106,0x18e5,0x1906,
  0x1906,0x1105,0x2106,0x1106,0x1105,0x1906,0x1106,0x1905,0x10e6,0x10e5,0x2125,0x10e5,0x1947,0x0926,0x1b4d,0x2df5,
  0x1df4,0x2dd5,0x1635,0x2654,0x3553,0x09e8,0x1167,0x1906,0x1926,0x1106,0x18e5,0x1105,0x1106,0x18c4,0x1906,0x1926,
  0x18e6,0x2126,0x1106,0x1925,0x20e6,0x1105,0x2125,0x1926,0x18e6,0x1925,0x1926,0x2106,0x18e5,0x1926,0x2106,0x1905,
  0x1906,0x1926,0x2125,0x1106,0x1906,0x1166,0x19a7,0x09e8,0x35f5,0x1e34,0x1e16,0x2df6,0x2dd6,0x3d94,0x12eb,0x0987,
  0x2105,0x1106,0x10e4,0x2106,0x10e6,0x1906,0x1106,0x2105,0x1106,0x10e6,0x2106,0x1105,0x1906,0x18e6,0x1106,0x1905,
  0x18e6,0x10e5,0x2105,0x10c5,0x1906,0x10e4,0x10e6,0x1906,0x1105,0x18e6,0x10e5,0x2105,0x10c5,0x1926,0x1905,0x10e5,
  0x18e5,0x1105,0x10e6,0x18c5,0x1105,0x10e5,0x18e5,0x10c5,0x18e5,0x1105,0x1106,0x18e4,0x10c5,0x1106,0x18e4,0x10e6,
  0x18e5,0x10e5,0x10e5,0x18e4,0x10e5,0x10e5,0x18e4,0x10e5,0x18c5,0x10e4,0x18e6,0x10c5,0x18e5,0x10e4,0x18c5,0x10e5,
  0x10e5,0x18c5,0x10e4,0x18e5,0x10c5,0x18e4,0x10e5,0x10e5,0x10e5,0x18c4,0x10e5,0x18e5,0x10c4,0x18e5,0x10e5,0x10e4,
  0x18e5,0x10e5,0x18c4,0x10e5,0x10e5,0x10e5,0x18c4,0x10e5,0x18e5,0x10c4,0x18e5,0x10e5,0x18e4,0x10e5,0x18e5,0x10e4,
  0x18e5,0x10c5,0x18e4,0x10e5,0x18c5,0x10e4,0x18e5,0x10c5,0x18e5,0x10e4,0x10c5,0x18e5,0x10e4,0x10e5,0x18e5,0x10e4,
  0x18e5,0x10e5,0x18e4,0x10e5,0x18e5,0x10e4,0x18e5,0x10e5,0x10e4,0x18c5,0x10e5,0x18e4,0x10e5,0x18c4,0x10e5,0x18e4,
  0x10e5,0x18c5,0x10e4,0x18e5,0x10c5,0x10e4,0x18e5,0x10c5,0x10e5,0x18e4,0x10c5,0x18e4,0x10e5,0x18c5,0x10e4,0x18e5,
  0x10c4,0x18e5,0x10e5,0x10c4,0x18e5,0x10e5,0x10c4,0x18e5,0x10e5,0x18c4,0x10e5,0x18e5,0x10c4,0x18e5,0x10e5,0x10e4,
  0x18e5,0x10e5,0x18c4,0x10e5,0x10e4,0x18c5,0x10e5,0x18e4,0x10e5,0x18c5,0x10e4,0x18e5,0x10e5,0x18c4,0x10e5,0x18e5,
  0x10c4,0x18e5,0x10e5,0x18e4,0x10c5,0x18e5,0x10e4,0x18c5,0x10e5,0x18e4,0x10c5,0x18e5,0x10e4,0x10c5,0x18e5,0x10e4,
  0x10e5,0x18c5,0x10e4,0x18e5,0x10c5,0x18e4,0x10e5,0x18c5,0x10e4,0x10e5,0x18c5,0x10e4,0x18e5,0x10c5,0x10e4,0x18e5,
  0x10c5,0x18e4,0x10e5,0x18c4,0x10e5,0x10e5,0x18c4,0x10e5,0x18e5,0x10e4,0x18e5,0x10e5,0x10e4,0x18e5,0x10e5,0x18e4,
  0x10c5,0x10e5,0x18e4,0x10e5,0x18e5,0x10c4,0x10e5,0x18e5,0x10e4,0x18c5,0x10e5,0x18e4,0x10c5,0x10e5,0x18e5,0x10c4,
  0x18e5,0x10e5,0x18c4,0x10e5,0x10e5,0x18c4,0x10e5,0x18e5,0x10c5,0x18e5,0x10e5,0x10e4,0x18c5,0x10e5,0x18e4,0x10e5,
  0x18c5,0x10e4,0x10e5,0x18e5,0x10c4,0x10e5,0x18e5,0x10c4,0x18e5,0x10e5,0x18e4,0x10e5,0x18e5,0x10e4,0x18e5,0x10e5,
  0x18e5,0x10e4,0x10e5,0x18e5,0x10e5,0x18c4,0x10e5,0x10e5,0x18e4,0x10c5,0x10e4,0x18e5,0x10c5,0x18e5,0x10e5,0x18c4,
  0x10e5,0x10e5,0x18c5,0x10e4,0x10e5,0x18c5,0x10e5,0x18e4,0x10c5,0x10e5,0x18e4,0x10c5,0x18e5,0x10e4,0x10c5,0x18e5,
  0x10e4,0x18c5,0x10e5,0x18e4,0x10c5,0x10e5,0x18e4,0x10e5,0x18e5,0x10e4,0x10e5,0x18c5,0x10e4,0x10e5,0x18e5,0x10c4,
  0x18e5,0x10e5,0x10e5,0x18e4,0x10c5,0x10e5,0x18e4,0x10c5,0x18e5,0x10e4,0x10e5,0x18e4,0x10e5,0x10e5,0x18e4,0x10e5,
  0x18c5,0x10e4,0x18e5,0x10c5,0x18e5,0x10e4,0x18c5,0x10e4,0x10e5,0x18c5,0x10e4,0x18e5,0x10c5,0x18e4,0x10e5,0x10e5,
  0x10e4,0x10e5,0x18e4,0x10e5,0x18e5,0x10e4,0x18e5,0x10e4,0x18e5,0x10e4,0x10e5,0x18e5,0x10e5,0x18e5,0x10e5,0x18e5,
  0x10e4,0x10e5,0x18e4,0x10e5,0x1104,0x18e5,0x10e4,0x1106,0x18e5,0x10e4,0x10e5,0x18e4,0x10e5,0x1105,0x1905,0x10e4,
  0x1906,0x10e5,0x18e5,0x1105,0x18e6,0x10e4,0x18e6,0x1105,0x1905,0x10e4,0x18e5,0x10e4,0x1106,0x1906,0x1105,0x1106,
  0x1905,0x1106,0x1905,0x1106,0x1105,0x1906,0x1105,0x1906,0x1105,0x1906,0x1106,0x1106,0x1905,0x1106,0x1905,0x1106,
  0x2105,0x1106,0x1105,0x2106,0x1105,0x1906,0x10e5,0x2106,0x10e4,0x18e5,0x10e4,0x18e5,0x1966,0x1168,0x1b6c,0x35f5,
  0x25d4,0x25d5,0x1e14,0x2615,0x3d12,0x0a29,0x1146,0x1927,0x1105,0x1906,0x10e5,0x1906,0x10e5,0x2126,0x1106,0x2125,
  0x1105,0x1106,0x1905,0x1106,0x2105,0x1926,0x2125,0x1906,0x1905,0x2126,0x1925,0x1906,0x1905,0x2126,0x1105,0x2126,
  0x1925,0x1906,0x10e6,0x1105,0x1906,0x10e6,0x1166,0x11e8,0x2d93,0x2e15,0x2616,0x2dd4,0x2dd6,0x3594,0x1b0b,0x09a6,
  0x18e5,0x1906,0x1906,0x1105,0x1906,0x1105,0x1106,0x1906,0x1905,0x18e6,0x1925,0x1906,0x1105,0x1906,0x1105,0x1906,
  0x1105,0x18e5,0x1925,0x18e5,0x1105,0x18e5,0x1105,0x1906,0x1105,0x1106,0x18e4,0x1926,0x18e4,0x1106,0x18e5,0x1105,
  0x10e5,0x1905,0x10e6,0x18e4,0x1106,0x18e4,0x1106,0x18e5,0x1105,0x18e5,0x10e5,0x18e5,0x1105,0x1906,0x10e4,0x18e5,
  0x10e4,0x18e5,0x10e5,0x18e5,0x10e5,0x18e5,0x10e5,0x18e5,0x10e4,0x18e5,0x10e4,0x10e5,0x18e4,0x10e5,0x10e5,0x18e5,
  0x10e4,0x18e5,0x10e5,0x10e5,0x18e4,0x10e5,0x18e4,0x10e5,0x10e4,0x10e5,0x18e4,0x10e5,0x18e5,0x10e4,0x18e5,0x10e4,
  0x18e5,0x10e4,0x10e5,0x18e5,0x18e4,0x10e5,0x18e4,0x10e5,0x10e4,0x18e5,0x10e4,0x10e5,0x18e5,0x10e4,0x10e5,0x18c4,
  0x10e5,0x10e4,0x18e5,0x10e4,0x18e5,0x10e5,0x10e4,0x18e5,0x10e4,0x18e5,0x10e4,0x18e5,0x10e4,0x18e5,0x10e4,0x18e5,
  0x10e4,0x10e5,0x18e4,0x10e5,0x10e4,0x18e5,0x10e4,0x18c5,0x10e5,0x18e4,0x10e5,0x18e4,0x10e5,0x10e5,0x18e4,0x10e5,
  0x18e4,0x10e5,0x10e5,0x18e4,0x10e5,0x18e5,0x10e4,0x18e5,0x10e4,0x18e5,0x10e5,0x10e5,0x18e4,0x10e5,0x18e4,0x10e5,
  0x10e5,0x18e4,0x10e5,0x18e5,0x10e4,0x18e5,0x10e4,0x18e5,0x10e4,0x10e5,0x18e4,0x10e5,0x18e5,0x10e4,0x18e5,0x10e4,
  0x18e5,0x10e4,0x10e5,0x18e5,0x10e5,0x18e4,0x10e5,0x18e5,0x10e4,0x10e5,0x18e4,0x10e5,0x10e4,0x18e5,0x10e4,0x10e5,
  0x18e5,0x10e4,0x10e5,0x18e4,0x10e5,0x10e4,0x18e5,0x10e4,0x18e5,0x10e4,0x18e5,0x10e4,0x18e5,0x10e4,0x18e5,0x10e4,
  0x18e5,0x10e4,0x18e5,0x10e4,0x10e5,0x18e5,0x10e4,0x10e5,0x18e4,0x10e5,0x18e4,0x10e5,0x10e4,0x18e5,0x10e4,0x18e5,
  0x10e4,0x18e5,0x10e5,0x10e5,0x18e4,0x10e5,0x18e4,0x10e5,0x18e4,0x10e5,0x10e4,0x18e5,0x10e4,0x18e5,0x10c4,0x18e5,
  0x10e4,0x18e5,0x10e4,0x18e5,0x10e4,0x18e5,0x10e4,0x18e5,0x10e4,0x10e5,0x18e4,0x10e5,0x18e4,0x10e5,0x18e4,0x10e5,
  0x10e4,0x18e5,0x10e4,0x18e5,0x10e4,0x18e5,0x10e5,0x18e4,0x10e4,0x10e5,0x18e4,0x10e5,0x18e4,0x10e5,0x18e4,0x10e5,
  0x10e4,0x18e5,0x10e4,0x18e5,0x10e4,0x18e5,0x10e4,0x18e5,0x10e4,0x18e5,0x10c5,0x10e4,0x18e5,0x10c5,0x10e4,0x18e5,
  0x10c4,0x18e5,0x10e5,0x18c4,0x10e5,0x10e4,0x18e5,0x10e4,0x18e5,0x10e5,0x18e5,0x10e4,0x18e5,0x10e4,0x10e5,0x18e5,
  0x10e4,0x18e5,0x10e4,0x18e5,0x10e4,0x18e5,0x10e4,0x18e5,0x10e4,0x18e5,0x10e4,0x18e5,0x10e4,0x18e5,0x10e4,0x18e5,
  0x10e4,0x10e5,0x18e4,0x10e5,0x18e4,0x10e5,0x18e5,0x10e4,0x10e5,0x18e4,0x10e5,0x18e4,0x10e5,0x18e4,0x10e5,0x18e5,
  0x10e4,0x18e5,0x10c4,0x18e5,0x10e4,0x18e5,0x10e4,0x18e5,0x10e4,0x18e5,0x10e5,0x18e5,0x10e4,0x18e5,0x10e4,0x18e5,
  0x10e4,0x18e5,0x10e4,0x10e5,0x18e4,0x10e5,0x10e5,0x18e5,0x10e4,0x18e5,0x10e4,0x10e5,0x18e4,0x10e5,0x18e4,0x10e5,
  0x18e5,0x10e5,0x18e4,0x10e5,0x10e4,0x18e5,0x10e4,0x18e5,0x10e5,0x18e4,0x10e6,0x18e4,0x10e5,0x18e4,0x10e5,0x10e4,
  0x18e5,0x10e5,0x10e4,0x18e5,0x1106,0x18e4,0x10e5,0x1904,0x10e5,0x18e4,0x10e5,0x10e5,0x18e4,0x10e5,0x2126,0x10e4,
  0x1106,0x18e5,0x10e4,0x1106,0x18e6,0x10e4,0x18e6,0x10e5,0x1905,0x10e5,0x1106,0x18e5,0x1105,0x1106,0x1905,0x1106,
  0x1906,0x1105,0x1106,0x1906,0x1105,0x1906,0x1106,0x1905,0x1106,0x1105,0x1906,0x1105,0x1906,0x1906,0x1905,0x1106,
  0x1906,0x2125,0x1106,0x2106,0x1105,0x1906,0x1106,0x1905,0x18e5,0x1906,0x18e5,0x1105,0x1146,0x1147,0x1b2c,0x35b5,
  0x35b5,0x2db4,0x2df4,0x2df5,0x5534,0x0986,0x1147,0x2106,0x1925,0x1906,0x1106,0x1904,0x18e6,0x1925,0x1106,0x2126,
  0x1906,0x2105,0x1906,0x2106,0x1905,0x1926,0x2126,0x1925,0x2126,0x1926,0x2125,0x1926,0x2126,0x1925,0x1926,0x2126,
  0x1105,0x1906,0x1905,0x1106,0x2125,0x1126,0x1126,0x0985,0x3db5,0x35d3,0x2dd5,0x35d4,0x35b5,0x4595,0x1aea,0x1166,
  0x1105,0x2126,0x1105,0x1106,0x2105,0x1106,0x1905,0x1106,0x1905,0x1906,0x1906,0x1906,0x1905,0x1106,0x1906,0x1105,
  0x1906,0x10e5,0x2126,0x10e4,0x1106,0x18e5,0x1105,0x1106,0x1906,0x1105,0x18e5,0x1926,0x18e5,0x1105,0x18e5,0x1105,
  0x18e5,0x10e6,0x18e4,0x1106,0x1906,0x10e4,0x1106,0x18e4,0x1106,0x1105,0x1906,0x10e5,0x1905,0x1106,0x10e5,0x18e5,
  0x10e5,0x10e4,0x18e5,0x10e4,0x18e5,0x10e5,0x18e5,0x10e5,0x10e5,0x18e5,0x10e4,0x18e5,0x10e5,0x18e4,0x10e5,0x18e4,
  0x10e6,0x18e5,0x10e4,0x18e5,0x10e6,0x18e4,0x10e5,0x18e5,0x18e5,0x10e5,0x18e4,0x10e5,0x10e4,0x18e5,0x10e4,0x18e5,
  0x10e5,0x18e4,0x10e5,0x18e4,0x18e4,0x10e5,0x10e5,0x18e4,0x10e5,0x18e5,0x10e4,0x18e5,0x10e4,0x18e5,0x10e4,0x18e5,
  0x10e5,0x18e4,0x10e5,0x18e5,0x10e4,0x18e5,0x10e4,0x10e5,0x18e5,0x10e4,0x18e5,0x10e5,0x18e4,0x10e5,0x10c5,0x18e4,
  0x10e5,0x18e5,0x10e5,0x18e4,0x10e5,0x10e5,0x18e4,0x10e5,0x18e4,0x10e5,0x10e5,0x18e4,0x10e5,0x18e4,0x10e5,0x18e5,
  0x10e5,0x18e4,0x10e5,0x18e4,0x10e5,0x18e4,0x10e5,0x18e4,0x10e5,0x10e5,0x18e4,0x10e5,0x18e4,0x10e5,0x10e5,0x18e4,
  0x10e5,0x18e5,0x10e4,0x18e5,0x10e4,0x10e5,0x18e5,0x10e4,0x18e5,0x10e5,0x18e4,0x10e5,0x10e4,0x18e5,0x10e4,0x18e5,
  0x10e5,0x18e4,0x10e5,0x18e4,0x10e5,0x18e4,0x10e5,0x10e4,0x18e5,0x10e5,0x10e4,0x18e5,0x10e5,0x18e4,0x10e5,0x18e4,
  0x10e5,0x18e4,0x10e5,0x10e5,0x18e4,0x10e5,0x18e5,0x10e4,0x10e5,0x18e5,0x10e4,0x10e5,0x18e5,0x10e4,0x18e5,0x10e5,
  0x18e4,0x10e5,0x10e5,0x18e5,0x10e4,0x10e5,0x18e4,0x10e5,0x18e5,0x10e4,0x10e5,0x18e5,0x10e4,0x18e5,0x10e5,0x18e4,
  0x10e5,0x10e4,0x18e5,0x10e4,0x18e5,0x10e5,0x18e4,0x10e5,0x10e5,0x18e4,0x10e5,0x18e5,0x10e4,0x18e5,0x10e5,0x10e4,
  0x18e5,0x10e5,0x18e5,0x10e4,0x10e5,0x18e5,0x10e4,0x10e5,0x18e5,0x10e4,0x18e5,0x10e5,0x18e5,0x10e4,0x10e5,0x18e5,
  0x10e4,0x18e5,0x10e5,0x10e4,0x18e5,0x10e4,0x10e5,0x18e5,0x10e5,0x18e4,0x10e5,0x18e5,0x10e4,0x10e5,0x18e5,0x10e4,
  0x18e5,0x10e5,0x18e4,0x10e5,0x18e5,0x10e4,0x10e5,0x18e5,0x10e4,0x10e5,0x18e4,0x10e5,0x18e4,0x10e5,0x18e5,0x10e4,
  0x10e5,0x18e4,0x10e5,0x18e4,0x10e5,0x18e5,0x10e4,0x18e5,0x10e4,0x18e5,0x10e4,0x10e5,0x18e4,0x10e5,0x18e4,0x10e5,
  0x18e4,0x10e5,0x18e5,0x10e5,0x18e4,0x10e5,0x18e5,0x10e4,0x18e5,0x10e5,0x18e5,0x10e4,0x10e5,0x18e5,0x10e4,0x10e5,
  0x18e5,0x10e4,0x18e5,0x10e5,0x18e5,0x10e4,0x18e5,0x10e4,0x18e5,0x10c5,0x18e4,0x10e5,0x18e5,0x10e4,0x10e5,0x18e4,
  0x10e5,0x10e4,0x18e5,0x10e5,0x18e4,0x10e5,0x10e5,0x18e4,0x10e5,0x10e4,0x18e5,0x10e4,0x18e5,0x10e5,0x18e4,0x10e5,
  0x10e5,0x18e5,0x10e4,0x18e5,0x10e5,0x18e4,0x10e5,0x18e4,0x10e5,0x18e5,0x10e4,0x18e5,0x10e5,0x18e4,0x10e5,0x18e4,
  0x10e4,0x18e5,0x10e5,0x18e4,0x18e5,0x10e5,0x18e5,0x10e4,0x18c5,0x10e5,0x18e4,0x10e6,0x18e4,0x10e5,0x18c5,0x18e4,
  0x10e5,0x18e4,0x18c6,0x10e4,0x18e5,0x10e5,0x18e5,0x10e4,0x18e5,0x10c6,0x18e4,0x18e6,0x10e5,0x18e4,0x1106,0x1906,
  0x18e4,0x1106,0x18e5,0x1905,0x10e6,0x1906,0x10e5,0x18e6,0x10e5,0x18e4,0x1906,0x10e4,0x1906,0x1905,0x10e5,0x2105,
  0x1106,0x1906,0x1905,0x1106,0x1906,0x1105,0x1906,0x10e5,0x2106,0x18e4,0x1106,0x1906,0x1105,0x1906,0x1106,0x1905,
  0x2106,0x1106,0x2105,0x1106,0x1906,0x1105,0x1906,0x2106,0x1105,0x2106,0x10e4,0x1926,0x1125,0x0946,0x2b0c,0x4d53,
  0x3d74,0x4d95,0x35b3,0x4595,0x5513,0x1146,0x2146,0x1106,0x2126,0x1905,0x1906,0x2106,0x10e5,0x2125,0x1906,0x1105,
  0x2106,0x1106,0x18e5,0x1906,0x1906,0x1905,0x1906,0x2126,0x1925,0x2126,0x1906,0x2125,0x1106,0x2106,0x2125,0x1926,
  0x1906,0x2125,0x1906,0x18e6,0x10e4,0x1906,0x1145,0x1187,0x5574,0x3574,0x4594,0x3d75,0x4d74,0x4d34,0x22cb,0x0946,
  0x2125,0x18e5,0x18e5,0x1905,0x1906,0x1906,0x1105,0x2126,0x1106,0x2125,0x1106,0x2105,0x1106,0x1905,0x1106,0x1906,
  0x1905,0x18e5,0x1905,0x18e5,0x1905,0x10e5,0x1906,0x1905,0x1106,0x1906,0x10e4,0x2106,0x10e4,0x1906,0x10e4,0x18e6,
  0x10e4,0x1906,0x10e5,0x1904,0x1106,0x18e5,0x18e5,0x10e5,0x1906,0x18e5,0x10e4,0x1906,0x1106,0x1905,0x18e5,0x10e6,
  0x18e5,0x18e4,0x10e5,0x18c5,0x10e4,0x18e5,0x10c5,0x18e4,0x18e5,0x10e4,0x18e5,0x10e4,0x18e5,0x10e5,0x18e5,0x10e5,
  0x18e4,0x10e5,0x18e5,0x10e4,0x18e5,0x10e5,0x18c5,0x10e5,0x10e4,0x18e5,0x10e5,0x18e4,0x18e5,0x10e5,0x18e5,0x10e4,
  0x18c5,0x10e5,0x18e4,0x10e5,0x10c5,0x18e4,0x18e5,0x10e5,0x18e4,0x10e5,0x18e5,0x10e4,0x18c5,0x10e5,0x18e5,0x10e4,
  0x18e5,0x10e5,0x18e4,0x10e5,0x18e4,0x10e5,0x18e5,0x18e4,0x10e5,0x18e5,0x10e4,0x18e5,0x10c5,0x18e4,0x18e5,0x10e5,
  0x18e4,0x10e5,0x18c4,0x10e5,0x18e4,0x18c5,0x10e5,0x18e4,0x10e5,0x18e4,0x18e5,0x10e5,0x18e4,0x10c5,0x18e5,0x10e4,
  0x18e5,0x10c4,0x18e5,0x10e5,0x18e4,0x10e5,0x18e5,0x10e5,0x18e4,0x18e5,0x10e4,0x18e5,0x10e5,0x18e4,0x18e5,0x10e5,
  0x18e4,0x10e5,0x18e4,0x10e5,0x18e5,0x18e4,0x10e5,0x18e5,0x10e4,0x18e5,0x10e5,0x18e4,0x18e5,0x10e5,0x18e5,0x10e4,
  0x18c5,0x10e5,0x18e4,0x10e5,0x18e4,0x10e5,0x18c5,0x18e4,0x10e5,0x18e4,0x18c5,0x10e4,0x18e5,0x10e5,0x18e5,0x10e4,
  0x18e5,0x10c5,0x18e4,0x18e5,0x10e5,0x18e4,0x10e5,0x18e5,0x18e4,0x10e5,0x18e5,0x18e4,0x10e5,0x18e5,0x10e4,0x18c5,
  0x10e5,0x18e4,0x18e5,0x10e4,0x18e5,0x18e4,0x10e5,0x18e4,0x10e5,0x18e5,0x18e4,0x10e5,0x18e5,0x10e4,0x18e5,0x10e5,
  0x18e5,0x18e4,0x10e5,0x18e5,0x10e4,0x18e5,0x10e5,0x18e4,0x18e5,0x10e5,0x18c4,0x10e5,0x18e5,0x10e4,0x18e5,0x18e5,
  0x10e4,0x18e5,0x10e4,0x18c5,0x18e4,0x10e5,0x18e5,0x18c4,0x10e5,0x18e5,0x10e4,0x18e5,0x10e4,0x18e5,0x18e4,0x10e5,
  0x18e5,0x10e4,0x18e5,0x18e5,0x10e5,0x18e4,0x18e5,0x10e4,0x18e5,0x10e5,0x18c4,0x10e5,0x18e5,0x18e4,0x10c5,0x18e5,
  0x10e4,0x18e5,0x10c5,0x18e4,0x10e5,0x18e5,0x18e4,0x10e5,0x18e5,0x18e4,0x10e5,0x18e5,0x10e4,0x18e5,0x10e4,0x18e5,
  0x18e5,0x10e5,0x18e4,0x10e5,0x18e4,0x10e5,0x18e5,0x10e5,0x18e4,0x10c5,0x18e5,0x18e4,0x10e5,0x18e5,0x10e4,0x18e5,
  0x10e5,0x18e4,0x10e5,0x18e4,0x10e5,0x18e4,0x10e5,0x18e5,0x10e4,0x18e5,0x10e4,0x18e5,0x18e4,0x10e5,0x18e5,0x18e4,
  0x10e5,0x18e5,0x10e4,0x18e5,0x10e4,0x18e5,0x10e4,0x18c5,0x10e4,0x18e5,0x10e5,0x18e4,0x10e5,0x18e5,0x18c4,0x10e5,
  0x18e5,0x18e5,0x10e4,0x18e5,0x10e5,0x18e4,0x18e5,0x10e5,0x18e5,0x18e4,0x10e5,0x18c5,0x10e4,0x18e5,0x10c5,0x18e4,
  0x18e5,0x10e4,0x18e5,0x10e4,0x18e5,0x10e5,0x18e4,0x10e5,0x18e4,0x10e5,0x18e5,0x10e4,0x18e5,0x10e5,0x18c5,0x10e5,
  0x18e4,0x10e5,0x18e4,0x10e5,0x18e4,0x10e5,0x18e4,0x10e5,0x18e4,0x10e6,0x18e5,0x18e4,0x10e5,0x18e5,0x10e5,0x18e5,
  0x10e5,0x18e5,0x10e4,0x18e5,0x10e4,0x18e6,0x10e4,0x1906,0x10e4,0x18e5,0x10e5,0x18e4,0x1106,0x18e5,0x1905,0x10e5,
  0x18e4,0x10e6,0x18e4,0x10e5,0x1905,0x1105,0x18e5,0x10e4,0x1906,0x10e4,0x18e6,0x10e5,0x1905,0x1106,0x1906,0x10e5,
  0x2125,0x1106,0x1906,0x1105,0x1906,0x1906,0x1105,0x18e4,0x1926,0x18e5,0x1105,0x1906,0x1905,0x1106,0x1905,0x1106,
  0x1905,0x1106,0x2126,0x2125,0x1106,0x2125,0x1926,0x1905,0x1106,0x2125,0x18e5,0x1947,0x1906,0x1146,0x19c8,0x1acb,
  0x22aa,0x1acb,0x1aea,0x12ca,0x228b,0x0945,0x2126,0x1925,0x2126,0x1906,0x1105,0x1905,0x1105,0x1905,0x1126,0x1904,
  0x1126,0x1925,0x1126,0x2125,0x1926,0x1925,0x1926,0x2105,0x1906,0x1925,0x2126,0x1926,0x2105,0x1926,0x2125,0x10e5,
  0x2125,0x1106,0x1905,0x1106,0x2126,0x1105,0x1906,0x0966,0x2269,0x12ea,0x22eb,0x1aab,0x22ab,0x22aa,0x09c8,0x1945,
  0x1927,0x18e4,0x1927,0x1906,0x1105,0x1906,0x1106,0x2125,0x1926,0x2125,0x10e5,0x1906,0x1105,0x2106,0x1105,0x1906,
  0x1906,0x18e4,0x1926,0x18e5,0x1106,0x18e4,0x1106,0x1906,0x1105,0x1906,0x18e4,0x1926,0x18e5,0x1105,0x18e5,0x1106,
  0x18e5,0x10e5,0x18e5,0x1106,0x18e4,0x10e5,0x1906,0x10e4,0x1906,0x1104,0x1906,0x1105,0x18e5,0x10e5,0x18e4,0x10e4,
  0x18e5,0x10e5,0x18e4,0x10e5,0x18e5,0x10e5,0x18e5,0x10e5,0x18e4,0x10e5,0x18e5,0x10e5,0x18e4,0x18e5,0x10e5,0x18e4,
  0x10e5,0x18e4,0x10e6,0x18e5,0x10e4,0x18e4,0x10e6,0x18e4,0x18e4,0x10e5,0x18e4,0x10e5,0x18e4,0x10e5,0x18e4,0x10e5,
  0x18e4,0x10e5,0x18e5,0x18e4,0x18e4,0x10e5,0x18e4,0x10e5,0x18e5,0x10e4,0x18e5,0x10e5,0x18e4,0x10e5,0x18e4,0x10e5,
  0x18e4,0x10e5,0x18e5,0x10e4,0x18e5,0x10e4,0x18e5,0x10e5,0x18e4,0x10e5,0x18e4,0x10e5,0x18e4,0x10e5,0x18e4,0x10e5,
  0x18e4,0x10e5,0x18e5,0x18e4,0x10e5,0x18e4,0x10e5,0x18e5,0x10e4,0x18e5,0x10e4,0x18e5,0x10e5,0x18e4,0x10e5,0x18e4,
  0x10e5,0x18e5,0x10e4,0x18e5,0x10e5,0x18e4,0x10e5,0x18e4,0x10e5,0x18e5,0x10e4,0x18e5,0x18e4,0x10e5,0x18e4,0x10e5,
  0x18e4,0x10e5,0x18e5,0x10e4,0x18e5,0x10e5,0x18e4,0x10e5,0x18e4,0x10e5,0x18e4,0x10e5,0x18e4,0x10e5,0x18e4,0x10e5,
  0x18e4,0x10e5,0x18e5,0x18e4,0x10e5,0x18e5,0x10e4,0x18e5,0x10e5,0x18e5,0x10e4,0x18e5,0x10e4,0x18e5,0x10e4,0x18e5,
  0x10e4,0x18e5,0x10e5,0x18e4,0x10e5,0x18e5,0x18e4,0x10e5,0x18e4,0x10e5,0x18e4,0x10e5,0x18e4,0x10e5,0x18e5,0x10e4,
  0x18e5,0x10e4,0x18e5,0x10e5,0x18e4,0x10e5,0x18e5,0x10e5,0x18e4,0x10e5,0x18e5,0x10e4,0x18e5,0x18e5,0x10e4,0x18e4,
  0x10e5,0x18e5,0x10e4,0x18e5,0x18e4,0x10e5,0x18e4,0x10e5,0x18e4,0x10e5,0x18e5,0x18e4,0x10e5,0x18e4,0x10e5,0x18e4,
  0x10e5,0x18e4,0x18e5,0x10e5,0x18e5,0x10e4,0x18e5,0x10e5,0x18e4,0x10e5,0x18e4,0x10e5,0x18e5,0x10e4,0x18e5,0x10e4,
  0x18e5,0x18e5,0x10e4,0x18e5,0x10e4,0x18e5,0x10e5,0x18e4,0x10e5,0x18e4,0x10e5,0x18e4,0x10e5,0x18e4,0x10e5,0x18e4,
  0x18e5,0x10e4,0x18e5,0x10e5,0x18e4,0x10e5,0x18e4,0x10e5,0x18e4,0x10e5,0x18e4,0x10e5,0x18e5,0x10e4,0x18e5,0x10e4,
  0x18e5,0x10e4,0x18e5,0x10e5,0x18e5,0x18e4,0x10e5,0x18e4,0x10e5,0x18e4,0x10e5,0x18e5,0x10e4,0x18e5,0x10e5,0x18e4,
  0x10e5,0x18e4,0x10e5,0x18e5,0x10e4,0x18e5,0x10e4,0x18e5,0x10e5,0x18e4,0x10e5,0x18e5,0x10e5,0x18e4,0x10e5,0x18e5,
  0x10e4,0x18e5,0x18e4,0x10e5,0x18e5,0x10e4,0x18e5,0x10e5,0x18e5,0x10e4,0x18e5,0x10e5,0x18e4,0x10e5,0x18e5,0x10e4,
  0x18e5,0x10e4,0x18e5,0x10e4,0x18e5,0x10e5,0x18e4,0x10e4,0x18e5,0x10e5,0x18e4,0x10e5,0x18e4,0x10e5,0x18e4,0x10e5,
  0x18e4,0x10e5,0x18e5,0x10e5,0x18e4,0x18e5,0x10e5,0x18e4,0x10e5,0x18e4,0x10e5,0x18e5,0x10e4,0x18e4,0x10e5,0x18e4,
  0x18e5,0x10e5,0x18e5,0x10e5,0x18e5,0x10e5,0x18e5,0x18e5,0x10e5,0x18e4,0x10e5,0x18e5,0x10e5,0x18e4,0x10e5,0x18e5,
  0x10e5,0x18e5,0x10e5,0x1906,0x18e5,0x10e5,0x18e5,0x18e5,0x10e6,0x18e5,0x18e5,0x1106,0x18e4,0x10e5,0x18e5,0x1106,
  0x18e5,0x1106,0x1906,0x10e5,0x18e5,0x1105,0x18e5,0x1906,0x10e5,0x1906,0x1105,0x1906,0x1106,0x1906,0x2105,0x10e5,
  0x2106,0x18e4,0x1106,0x1906,0x1105,0x1906,0x1105,0x1906,0x10e5,0x1905,0x18e5,0x1906,0x1906,0x10e6,0x1906,0x1106,
  0x2106,0x18e4,0x1926,0x2126,0x1926,0x1906,0x1106,0x1906,0x2106,0x1126,0x18e5,0x1125,0x1906,0x1106,0x1925,0x0966,
  0x1167,0x1187,0x09a7,0x11a5,0x1166,0x1126,0x2106,0x2126,0x1925,0x1906,0x1126,0x1906,0x10e5,0x1925,0x1926,0x1926,
  0x1906,0x1926,0x2126,0x2126,0x1926,0x2126,0x10e5,0x2106,0x1106,0x2126,0x1125,0x1906,0x1926,0x2126,0x1926,0x1906,
  0x1926,0x2106,0x1106,0x2125,0x1906,0x1106,0x1906,0x1126,0x0966,0x1187,0x0986,0x1167,0x0967,0x1167,0x0945,0x1926,
  0x2126,0x10e5,0x1905,0x1906,0x1906,0x1925,0x2126,0x1906,0x1106,0x2126,0x1905,0x1906,0x1906,0x1106,0x1906,0x1105,
  0x2106,0x10e5,0x2105,0x10e5,0x1906,0x10e5,0x1905,0x1106,0x1906,0x1106,0x18e5,0x1905,0x18e5,0x1106,0x18e5,0x1905,
  0x1126,0x1906,0x1905,0x10e5,0x1906,0x10e4,0x18e5,0x1106,0x18e5,0x1106,0x1906,0x10e5,0x18e5,0x1106,0x18e5,0x1106,
  0x18e5,0x1105,0x1906,0x10e5,0x18e5,0x1905,0x10e5,0x18e5,0x10e6,0x18e5,0x10e5,0x18e6,0x10e5,0x18e4,0x10e5,0x18e5,
  0x18e6,0x10e5,0x18e4,0x18e5,0x10e5,0x18e5,0x18e5,0x10e5,0x18e5,0x10e5,0x18e5,0x10e5,0x18e5,0x10e5,0x18e5,0x18e5,
  0x10e5,0x18e4,0x10e5,0x18e5,0x10e5,0x18e5,0x10e5,0x18e4,0x18e5,0x10e5,0x18e4,0x18e5,0x10e5,0x18e5,0x18e5,0x10e5,
  0x18e5,0x18e4,0x10e5,0x18e5,0x10e5,0x18e5,0x10e4,0x18e5,0x10e5,0x18e5,0x10e5,0x18e5,0x10e5,0x1905,0x10e5,0x18e5,
  0x10e5,0x18e4,0x10e5,0x18e5,0x1105,0x18e5,0x10e4,0x18e5,0x10e5,0x18e5,0x10e5,0x18e4,0x18e5,0x10e5,0x18e5,0x10e5,
  0x18e4,0x1905,0x10e5,0x18e4,0x18e5,0x10e5,0x18e5,0x10e5,0x18e4,0x10e5,0x18e5,0x10e5,0x18e5,0x10e5,0x18e5,0x10e5,
  0x18e5,0x18e4,0x10e5,0x18e5,0x10e4,0x18e5,0x10e5,0x18e5,0x18e5,0x10e5,0x18e5,0x10e5,0x18e5,0x10e5,0x18e5,0x18e5,
  0x10e5,0x18e4,0x10e5,0x18e5,0x10e5,0x18e4,0x10e5,0x18e5,0x10e4,0x18e5,0x10e5,0x18e5,0x18e5,0x10e5,0x18e5,0x18e5,
  0x10e5,0x18e4,0x18e5,0x10e5,0x18e4,0x10e5,0x18e5,0x10e5,0x18e5,0x10e5,0x18e5,0x10e5,0x18e5,0x10e4,0x18e5,0x18e5,
  0x10e5,0x18e5,0x10e4,0x18e5,0x10e5,0x18e5,0x18e4,0x10e5,0x18e5,0x18e4,0x10e5,0x18e5,0x10e4,0x18e5,0x10e5,0x18e5,
  0x10e5,0x18e4,0x18e5,0x10e5,0x18e5,0x10e5,0x18e5,0x10e5,0x18e5,0x18e4,0x10e5,0x18e5,0x10e5,0x18e5,0x10e5,0x18e5,
  0x18e5,0x10e5,0x18e5,0x10e4,0x18e5,0x10e5,0x18e4,0x10e5,0x18e5,0x18e5,0x10e5,0x18e4,0x18e5,0x10e5,0x18e5,0x18e5,
  0x10e4,0x18e5,0x10e5,0x18e5,0x10e5,0x18e4,0x10e5,0x18e5,0x18e5,0x10e5,0x18e5,0x18e5,0x10e5,0x18e5,0x10e5,0x18e5,
  0x10e5,0x18e5,0x1104,0x18e5,0x10e5,0x18e5,0x10e5,0x18e5,0x10e5,0x18e5,0x10e5,0x18e4,0x18e5,0x10e5,0x18e5,0x18e5,
  0x10e5,0x18e5,0x10e4,0x18e5,0x10e5,0x18e5,0x10e4,0x18e5,0x18e5,0x10e5,0x18e4,0x10e5,0x18e5,0x10e4,0x18e5,0x18e5,
  0x10e5,0x18e5,0x18e4,0x10e5,0x18e5,0x10e5,0x18e5,0x10e4,0x18e5,0x10e5,0x18e4,0x10e5,0x18e5,0x10e5,0x18e4,0x10e5,
  0x18e5,0x10e5,0x18e5,0x10e4,0x18e5,0x10e5,0x18e5,0x18e4,0x1105,0x18e5,0x18e4,0x10e5,0x18e5,0x10e4,0x18e5,0x10e5,
  0x18e5,0x10e5,0x18e5,0x10e5,0x18e4,0x10e5,0x18e5,0x10e5,0x18e5,0x10e4,0x18e5,0x10e5,0x18e5,0x1905,0x10e5,0x18e5,
  0x10e5,0x18e5,0x10e4,0x18e5,0x10e5,0x18e4,0x10e5,0x18e5,0x18e5,0x10e5,0x18e4,0x18e5,0x10e5,0x18e5,0x18e5,0x10e5,
  0x18e5,0x10e4,0x18e5,0x18e4,0x10e5,0x18e4,0x10e5,0x1905,0x10e5,0x18e5,0x1105,0x1905,0x10e5,0x1905,0x18e5,0x10e6,
  0x1905,0x18e4,0x1105,0x18e4,0x1106,0x1904,0x10e6,0x18e4,0x10e5,0x1905,0x1106,0x18e5,0x1106,0x18e4,0x1106,0x18e4,
  0x10e6,0x18e4,0x1106,0x1905,0x1106,0x18e5,0x1105,0x1905,0x10e5,0x1926,0x1906,0x1126,0x1905,0x1106,0x18e5,0x1106,
  0x18e4,0x1106,0x18e5,0x1106,0x1906,0x1105,0x1906,0x18e4,0x1106,0x18e5,0x1126,0x1905,0x1106,0x1925,0x1926,0x18e4,
  0x1106,0x1926,0x1126,0x18e4,0x1946,0x2125,0x1926,0x1125,0x1906,0x1125,0x1946,0x1126,0x18e4,0x1926,0x2106,0x1926,
  0x1125,0x1146,0x0986,0x1167,0x1146,0x1925,0x1926,0x1926,0x1106,0x18e5,0x10e4,0x1906,0x10e4,0x18e5,0x18e5,0x1104,
  0x1906,0x1104,0x18e5,0x10e4,0x1926,0x10e4,0x1946,0x1105,0x1925,0x1106,0x1906,0x1905,0x1106,0x18e4,0x1926,0x10e4,
  0x1906,0x1104,0x1906,0x1106,0x1926,0x1105,0x18e5,0x1125,0x1166,0x0946,0x1926,0x1925,0x1146,0x1927,0x1147,0x2126,
  0x1925,0x1906,0x1105,0x2106,0x10e6,0x1906,0x1926,0x1925,0x1926,0x2126,0x10e5,0x2126,0x1925,0x1926,0x1926,0x1106,
  0x1906,0x18e5,0x1106,0x18e4,0x1906,0x10e4,0x1906,0x1906,0x1105,0x1906,0x10e5,0x1906,0x10e5,0x1905,0x1105,0x2126,
  0x1126,0x1926,0x10e5,0x1925,0x10e5,0x1906,0x1905,0x10e5,0x1925,0x1105,0x18e5,0x1926,0x10e5,0x18e4,0x1106,0x18e4,
  0x10e6,0x18e5,0x1105,0x18e4,0x10e6,0x18e4,0x1106,0x18e4,0x1105,0x18e4,0x18e5,0x10e5,0x18e5,0x10e5,0x18e5,0x10e5,
  0x18e5,0x10e4,0x18e5,0x10e5,0x18e4,0x1105,0x18e4,0x10e6,0x18e5,0x10e4,0x18e6,0x18e4,0x10e5,0x18e4,0x10e5,0x1904,
  0x10e5,0x18e5,0x1105,0x18e4,0x18e5,0x10e4,0x1905,0x10e5,0x18e5,0x10e4,0x18e5,0x1105,0x18e4,0x10e5,0x1904,0x10e5,
  0x18e5,0x1105,0x18e4,0x10e5,0x18e5,0x18e5,0x10e5,0x18e5,0x18e4,0x10e5,0x18e4,0x1905,0x10e4,0x18e5,0x18e4,0x10e5,
  0x1905,0x18e5,0x1105,0x18e4,0x10e5,0x18e5,0x1905,0x10e5,0x18e4,0x1105,0x18e5,0x10e5,0x1905,0x10e4,0x1905,0x18e5,
  0x10e5,0x18e5,0x10e5,0x18e5,0x10e5,0x18e4,0x10e5,0x18e5,0x18e5,0x10e4,0x18e5,0x10e4,0x18e5,0x10e4,0x18e5,0x18e4,
  0x10e5,0x18e5,0x10e5,0x18e5,0x18e5,0x10e4,0x18e5,0x10e4,0x18e5,0x10e4,0x18e5,0x18e4,0x10e5,0x18e4,0x10e5,0x1904,
  0x10e5,0x18e5,0x1105,0x18e4,0x10e5,0x1905,0x18e5,0x10e5,0x1905,0x18e4,0x1105,0x18e4,0x10e5,0x1904,0x10e5,0x18e4,
  0x10e5,0x1905,0x10e5,0x18e5,0x1105,0x18e4,0x10e5,0x18e4,0x10e5,0x18e4,0x10e5,0x18e4,0x10e5,0x18e5,0x1105,0x18e4,
  0x10e5,0x1905,0x18e5,0x10e5,0x18e4,0x10e5,0x18e5,0x10e5,0x18e4,0x10e5,0x18e5,0x10e5,0x18e5,0x10e4,0x18e5,0x18e4,
  0x10e5,0x18e5,0x10e5,0x18e4,0x10e5,0x18e4,0x10e5,0x18e4,0x10e5,0x1905,0x10e5,0x18e4,0x1105,0x18e4,0x18e5,0x1104,
  0x18e5,0x10e4,0x1905,0x10e5,0x18e4,0x1105,0x18e5,0x1905,0x10e4,0x18e5,0x1105,0x18e5,0x10e5,0x18e4,0x10e5,0x18e5,
  0x10e5,0x18e5,0x10e4,0x18e5,0x10e4,0x18e5,0x18e5,0x10e4,0x18e5,0x1104,0x18e5,0x10e4,0x1905,0x10e4,0x1905,0x10e4,
  0x1905,0x10e5,0x18e5,0x18e4,0x10e5,0x18e4,0x18e5,0x10e4,0x18e5,0x10e4,0x18e5,0x10e5,0x1905,0x10e4,0x18e5,0x10e4,
  0x1905,0x10e5,0x18e5,0x18e4,0x1105,0x18e5,0x10e5,0x18e5,0x1104,0x18e5,0x1105,0x18e5,0x10e5,0x18e5,0x10e5,0x18e4,
  0x10e5,0x18e5,0x10e5,0x18e5,0x10e4,0x18e5,0x18e5,0x10e5,0x18e5,0x18e5,0x10e5,0x18e4,0x18e5,0x10e4,0x18e5,0x18e5,
  0x10e4,0x18e5,0x10e5,0x18e5,0x10e5,0x18e4,0x1105,0x18e5,0x10e5,0x18e5,0x10e5,0x1904,0x10e5,0x18e5,0x1905,0x10e4,
  0x1905,0x10e4,0x18e5,0x1905,0x10e5,0x18e4,0x10e5,0x18e4,0x10e5,0x18e5,0x1105,0x18e4,0x10e5,0x18e4,0x10e5,0x18e4,
  0x1105,0x18e4,0x18e5,0x10e5,0x18e5,0x10e5,0x18e4,0x10e5,0x18e5,0x10e4,0x18e5,0x10e5,0x18e4,0x1105,0x18e4,0x10e5,
  0x10e5,0x18e5,0x1105,0x18e5,0x1105,0x18e6,0x10e5,0x18e5,0x10e4,0x18e6,0x18e5,0x10e5,0x18e5,0x10e4,0x18e5,0x10e4,
  0x18e5,0x10e5,0x1906,0x10e5,0x18e5,0x10e5,0x18e5,0x1105,0x18e6,0x10e4,0x18e5,0x1105,0x18e5,0x2106,0x10e5,0x1905,
  0x18e5,0x1106,0x1905,0x1906,0x1105,0x1905,0x10e5,0x2106,0x10e4,0x1906,0x1105,0x1926,0x1106,0x18e5,0x1125,0x18e5,
  0x1906,0x1905,0x1105,0x1906,0x1926,0x1106,0x18e5,0x1126,0x18e5,0x1905,0x1905,0x1906,0x2126,0x10e6,0x1906,0x2146,
  0x1926,0x18e4,0x1926,0x2126,0x2106,0x1906,0x1906,0x1106,0x2106,0x1926,0x1925,0x1126,0x2106,0x28e6,0x28e5,0x28e6,
  0x2106,0x2105,0x1926,0x2125,0x1906,0x1946,0x1126,0x1945,0x1146,0x1925,0x1126,0x1946,0x1926,0x1946,0x1926,0x1105,
  0x1926,0x1106,0x1906,0x1126,0x1905,0x1906,0x10e5,0x1926,0x1925,0x1126,0x1926,0x1126,0x1946,0x1126,0x1946,0x1926,
  0x1946,0x1926,0x1146,0x1925,0x1126,0x1946,0x10e5,0x2106,0x1925,0x2106,0x2126,0x2906,0x2105,0x2106,0x2125,0x1906,
  0x2105,0x1906,0x1925,0x18e5,0x1925,0x2106,0x2145,0x1926,0x1905,0x1905,0x2106,0x1105,0x18e6,0x10e5,0x2126,0x1905,
  0x2106,0x1104,0x2106,0x1105,0x1906,0x10e5,0x1926,0x1106,0x1926,0x1105,0x18e5,0x2125,0x10e5,0x1906,0x18e5,0x1905,
  0x1906,0x1125,0x18e5,0x1106,0x18e5,0x10e4,0x1906,0x10e5,0x18e5,0x1906,0x1105,0x18e5,0x10e6,0x1905,0x18e5,0x1105,
  0x18e5,0x1905,0x1106,0x1905,0x10e5,0x1905,0x10e5,0x18e5,0x18e6,0x10e5,0x1906,0x10e5,0x18e5,0x1905,0x10e5,0x1904,
  0x10e5,0x18e5,0x1105,0x18e5,0x10e6,0x18e5,0x10e5,0x18e5,0x10e5,0x18e5,0x1105,0x18e5,0x1105,0x18e5,0x10e5,0x18e5,
  0x10e4,0x18e5,0x18e5,0x10e5,0x10e5,0x18e5,0x10e5,0x18e4,0x1105,0x18e5,0x10e5,0x18e5,0x10e5,0x18e5,0x10e5,0x18e4,
  0x10e5,0x18e5,0x10e5,0x1904,0x10e5,0x1904,0x10e5,0x1904,0x10e5,0x1905,0x10e5,0x18e5,0x10e5,0x18e5,0x10e5,0x18e4,
  0x10e5,0x18e4,0x10e5,0x18e5,0x10e5,0x18e4,0x10e5,0x18e5,0x10e5,0x18e4,0x18e5,0x10e4,0x18e5,0x10e5,0x18e4,0x10e5,
  0x18e4,0x10e5,0x1904,0x10e5,0x1904,0x10e5,0x1905,0x10e4,0x1905,0x10e5,0x18e5,0x1905,0x10e5,0x18e5,0x1105,0x18e5,
  0x10e5,0x1904,0x10e5,0x18e4,0x1105,0x18e5,0x10e5,0x1905,0x10e5,0x18e5,0x1105,0x18e5,0x1105,0x18e5,0x10e5,0x18e5,
  0x10e4,0x18e5,0x18e5,0x10e5,0x18e5,0x10e4,0x18e5,0x10e4,0x18e5,0x10e5,0x18e5,0x10e5,0x18e5,0x10e5,0x18e5,0x1105,
  0x18e5,0x10e4,0x18e5,0x10e4,0x18e5,0x18e5,0x10e5,0x1905,0x18e5,0x10e5,0x1905,0x18e5,0x1105,0x18e4,0x10e5,0x18e5,
  0x10e4,0x18e5,0x10e4,0x1905,0x10e5,0x18e5,0x1104,0x18e5,0x10e5,0x1905,0x10e4,0x18e5,0x1905,0x10e5,0x18e5,0x1105,
  0x18e5,0x10e4,0x1905,0x10e5,0x1905,0x10e5,0x18e5,0x1905,0x10e5,0x18e4,0x10e5,0x18e5,0x18e5,0x10e5,0x18e5,0x10e5,
  0x18e5,0x10e5,0x18e4,0x10e5,0x18e5,0x18e5,0x10e4,0x18e5,0x10e5,0x18e4,0x10e5,0x18e4,0x10e5,0x1905,0x10e5,0x18e4,
  0x1105,0x18e4,0x10e5,0x1905,0x18e5,0x1105,0x18e5,0x10e5,0x18e5,0x10e5,0x18e5,0x10e5,0x18e5,0x18e5,0x10e5,0x18e5,
  0x18e4,0x10e5,0x18e5,0x10e5,0x1905,0x10e5,0x1905,0x10e5,0x1905,0x18e5,0x1105,0x18e4,0x10e5,0x18e5,0x10e5,0x18e5,
  0x10e4,0x18e5,0x1105,0x18e5,0x10e4,0x18e5,0x1904,0x10e5,0x18e5,0x10e5,0x18e4,0x18e5,0x1104,0x18e5,0x1904,0x10e5,
  0x1905,0x10e4,0x18e5,0x1105,0x18e5,0x10e4,0x1905,0x10e4,0x18e5,0x1104,0x18e5,0x1105,0x18e5,0x10e5,0x1905,0x10e5,
  0x1905,0x10e4,0x18e5,0x1904,0x10e5,0x18e5,0x18e5,0x10e4,0x18e5,0x1104,0x18e5,0x10e5,0x18e5,0x10e4,0x18e5,0x10e5,
  0x18e5,0x18e5,0x10e4,0x18e5,0x10e5,0x1905,0x18e5,0x1105,0x18e5,0x18e4,0x10e5,0x18e5,0x10e5,0x1905,0x10e5,0x18e5,
  0x18e5,0x10e5,0x1905,0x10e4,0x18e5,0x1905,0x10e5,0x1904,0x10e5,0x18e5,0x1105,0x18e5,0x10e5,0x18e5,0x10e5,0x18e5,
  0x18e5,0x18e4,0x10e5,0x18e5,0x10e5,0x18e4,0x18e5,0x1105,0x18e5,0x10e4,0x1905,0x10e4,0x18e5,0x1106,0x18e5,0x10e5,
  0x1905,0x10e5,0x18e4,0x1905,0x10e5,0x18e5,0x18e5,0x10e5,0x1905,0x1906,0x1126,0x1905,0x10e4,0x1905,0x10e5,0x18e5,
  0x10e5,0x18e6,0x10e5,0x18e5,0x10e4,0x18e5,0x1906,0x10e5,0x1926,0x1105,0x1906,0x1105,0x1906,0x1906,0x10e5,0x1905,
  0x18e5,0x1106,0x18e5,0x1105,0x1906,0x1105,0x1906,0x10e4,0x1906,0x10e5,0x1906,0x1905,0x1106,0x2125,0x1926,0x2125,
  0x1926,0x2126,0x2145,0x1906,0x2105,0x1126,0x2125,0x1906,0x1905,0x1106,0x2126,0x1966,0x1925,0x2106,0x20e6,0x2906,
  0x2106,0x18e5,0x1946,0x10e5,0x2106,0x1125,0x1946,0x1146,0x1946,0x1146,0x1946,0x1145,0x1946,0x1145,0x1946,0x1165,
  0x1946,0x1145,0x1966,0x1945,0x1146,0x1945,0x1146,0x1945,0x1146,0x1946,0x1165,0x1946,0x1145,0x1946,0x1145,0x1946,
  0x1145,0x1946,0x1146,0x1926,0x1925,0x1146,0x1924,0x1926,0x1926,0x2105,0x2106,0x18e6,0x20e6,0x1906,0x18e5,0x1105,
  0x18e5,0x18e5,0x1106,0x2126,0x1106,0x1906,0x1926,0x2126,0x1925,0x2126,0x1926,0x2125,0x2126,0x1106,0x1906,0x2126,
  0x1926,0x18e5,0x1105,0x18e5,0x1105,0x18e5,0x1105,0x1906,0x1105,0x1906,0x10e5,0x1906,0x10e5,0x1925,0x10e5,0x1906,
  0x1126,0x1926,0x18e4,0x1106,0x1905,0x1906,0x10e4,0x1906,0x1125,0x1906,0x1106,0x18e4,0x10e5,0x1905,0x10e5,0x18e5,
  0x10e5,0x18e6,0x1105,0x18e4,0x18e6,0x10e4,0x18e6,0x10e4,0x1905,0x10e4,0x18e5,0x10e5,0x18e4,0x10e5,0x18e5,0x10e5,
  0x18e5,0x18e4,0x10e6,0x18e4,0x1905,0x10e4,0x18e6,0x1104,0x18e5,0x18e4,0x10e5,0x18e4,0x10e5,0x18e4,0x18e5,0x1105,
  0x18e5,0x10e4,0x1905,0x10e4,0x18e4,0x1105,0x18e4,0x18e5,0x10e5,0x18e4,0x18e5,0x1104,0x18e5,0x18e4,0x1105,0x18e5,
  0x18e4,0x1105,0x18e5,0x18e5,0x10e5,0x18e5,0x18e5,0x10e5,0x18e5,0x10e4,0x18e5,0x10e4,0x18e5,0x1104,0x18e5,0x10e5,
  0x1905,0x10e5,0x18e5,0x10e4,0x1905,0x10e5,0x18e4,0x1105,0x18e5,0x10e5,0x1905,0x10e5,0x18e5,0x18e5,0x10e5,0x1905,
  0x10e5,0x18e5,0x10e5,0x18e5,0x10e5,0x18e5,0x18e4,0x10e5,0x18e5,0x18e4,0x10e5,0x18e4,0x10e5,0x18e4,0x10e5,0x18e4,
  0x10e5,0x18e5,0x10e5,0x18e5,0x10e5,0x18e4,0x18e5,0x10e4,0x18e5,0x18e4,0x10e5,0x18e4,0x10e5,0x18e4,0x18e5,0x1105,
  0x18e5,0x10e4,0x1905,0x10e4,0x18e5,0x1105,0x18e5,0x10e5,0x1904,0x10e5,0x18e4,0x1905,0x10e4,0x18e5,0x18e4,0x10e5,
  0x18e5,0x18e5,0x1105,0x18e5,0x10e4,0x1905,0x10e4,0x18e5,0x10e4,0x18e5,0x10e4,0x18e5,0x10e4,0x18e5,0x18e5,0x10e5,
  0x1905,0x10e5,0x18e5,0x10e4,0x18e5,0x18e5,0x10e5,0x18e4,0x18e5,0x10e5,0x18e5,0x10e4,0x18e5,0x10e4,0x18e5,0x10e4,
  0x18e5,0x10e5,0x18e5,0x18e4,0x10e5,0x18e4,0x10e5,0x18e4,0x10e5,0x18e5,0x1904,0x10e5,0x18e4,0x1105,0x18e4,0x10e5,
  0x1904,0x10e5,0x18e5,0x1905,0x10e4,0x18e5,0x10e5,0x1905,0x10e5,0x18e5,0x1905,0x10e5,0x18e5,0x10e4,0x18e5,0x10e5,
  0x18e5,0x10e5,0x18e5,0x10e4,0x18e5,0x10e4,0x18e5,0x1104,0x18e5,0x10e4,0x1905,0x18e4,0x10e5,0x18e4,0x10e5,0x18e4,
  0x10e5,0x18e5,0x1104,0x18e5,0x10e4,0x18e5,0x10e4,0x18e5,0x10e4,0x18e5,0x10e5,0x18e5,0x18e4,0x10e5,0x1904,0x18e5,
  0x10e5,0x18e4,0x18e5,0x10e5,0x18e5,0x10e5,0x18e5,0x10e4,0x18e5,0x18e5,0x10e5,0x18e5,0x10e5,0x18e5,0x10e5,0x18e5,
  0x10e4,0x18e5,0x10e5,0x18e4,0x18e5,0x10e5,0x18e5,0x18e5,0x10e5,0x18e5,0x10e4,0x18e5,0x10e4,0x18e5,0x10e4,0x18e5,
  0x10e4,0x18e5,0x10e5,0x18e5,0x10e5,0x1904,0x10e5,0x18e5,0x10e5,0x18e5,0x18e4,0x10e5,0x1905,0x18e5,0x10e4,0x18e5,
  0x1104,0x18e5,0x10e5,0x18e4,0x10e5,0x18e4,0x10e5,0x18e4,0x10e5,0x18e5,0x1105,0x18e4,0x18e5,0x10e4,0x18e5,0x10e4,
  0x1905,0x10e4,0x18e5,0x10e5,0x18e4,0x10e5,0x18e5,0x10e5,0x18e5,0x18e4,0x10e5,0x18e4,0x1905,0x10e4,0x18e5,0x1104,
  0x1905,0x10e5,0x18e5,0x10e5,0x1905,0x10e5,0x18e4,0x10e5,0x18e5,0x10e5,0x18e5,0x18e6,0x10e4,0x18e5,0x18e4,0x10e5,
  0x18e5,0x18e5,0x10e5,0x1906,0x10e5,0x1905,0x10e5,0x18e4,0x10e5,0x18e4,0x10e5,0x1906,0x1105,0x1906,0x10e5,0x1906,
  0x1105,0x18e5,0x1106,0x1906,0x1906,0x1105,0x18e4,0x1106,0x18e4,0x1906,0x1106,0x1926,0x1125,0x1906,0x1105,0x1926,
  0x10e4,0x1906,0x1126,0x1906,0x1106,0x1926,0x1106,0x1905,0x1926,0x10e4,0x1906,0x1926,0x2146,0x1106,0x1906,0x1946,
  0x1905,0x1926,0x2106,0x1106,0x2126,0x1926,0x1906,0x1106,0x1906,0x2105,0x1926,0x1946,0x0946,0x2146,0x1904,0x2105,
  0x1104,0x1946,0x1145,0x1905,0x1925,0x1926,0x1946,0x1165,0x1966,0x1945,0x1146,0x1966,0x1146,0x1946,0x1146,0x1946,
  0x1146,0x1946,0x1146,0x1946,0x1166,0x1946,0x1166,0x1946,0x1166,0x1945,0x1946,0x1146,0x1946,0x1946,0x1146,0x1947,
  0x1146,0x1945,0x1946,0x1146,0x1966,0x1146,0x1946,0x1146,0x2146,0x1926,0x1925,0x1105,0x1924,0x1126,0x1906,0x1126,
  0x1924,0x1106,0x18e4,0x1126,0x1905,0x1906,0x2125,0x1926,0x2126,0x2146,0x1905,0x2126,0x1946,0x1905,0x1106,0x2145,
  0x1926,0x18e5,0x1906,0x1105,0x1906,0x18e5,0x1126,0x1906,0x1906,0x1126,0x18e4,0x1106,0x18e5,0x1106,0x18e4,0x1926,
  0x1925,0x1106,0x1906,0x1106,0x18e4,0x10e5,0x1926,0x1106,0x1906,0x10e5,0x1906,0x10e6,0x18e6,0x1105,0x1906,0x1105,
  0x1926,0x10e4,0x1905,0x10e5,0x18e5,0x1105,0x18e5,0x10e5,0x18e6,0x10e5,0x18e5,0x18e5,0x1105,0x18e4,0x10e6,0x18e4,
  0x1105,0x18e5,0x10e5,0x18e5,0x10e5,0x18e5,0x10e5,0x18e5,0x1905,0x10e6,0x18e5,0x10e5,0x1905,0x10e5,0x18e4,0x10e5,
  0x18e5,0x10e5,0x18e5,0x18e5,0x18e5,0x18e5,0x10e5,0x18e5,0x10e5,0x1905,0x10e5,0x18e5,0x10e5,0x18e5,0x10e4,0x18e5,
  0x10e5,0x18e4,0x10e5,0x18e4,0x10e5,0x18e4,0x10e5,0x18e4,0x10e5,0x18e5,0x18e5,0x1105,0x18e5,0x18e5,0x10e5,0x18e4,
  0x10e5,0x18e4,0x18e5,0x10e5,0x18e5,0x18e4,0x10e5,0x18e5,0x18e4,0x10e5,0x18e4,0x10e5,0x1904,0x10e5,0x18e4,0x10e5,
  0x18e4,0x1905,0x10e4,0x18e5,0x18e4,0x10e5,0x18e5,0x10e5,0x18e5,0x1105,0x18e5,0x10e5,0x1905,0x10e5,0x18e5,0x1105,
  0x18e4,0x18e5,0x1104,0x18e5,0x18e5,0x1105,0x18e5,0x10e5,0x1905,0x10e5,0x18e5,0x10e5,0x1905,0x10e5,0x18e4,0x10e5,
  0x18e5,0x10e5,0x18e5,0x18e5,0x10e4,0x18e5,0x18e4,0x10e5,0x18e5,0x18e5,0x10e5,0x18e5,0x10e5,0x1905,0x10e5,0x18e4,
  0x10e5,0x18e4,0x10e5,0x18e5,0x10e5,0x18e5,0x10e5,0x18e5,0x1105,0x18e5,0x10e5,0x18e5,0x18e5,0x1105,0x18e4,0x10e5,
  0x18e4,0x18e5,0x10e5,0x18e5,0x1104,0x18e5,0x10e5,0x1905,0x10e4,0x18e5,0x1105,0x18e5,0x10e5,0x1905,0x10e5,0x18e5,
  0x1905,0x10e4,0x18e5,0x10e5,0x1905,0x10e5,0x18e5,0x1105,0x18e4,0x10e5,0x18e5,0x10e5,0x18e5,0x10e5,0x18e5,0x10e5,
  0x18e5,0x18e4,0x10e5,0x18e5,0x10e5,0x1905,0x10e4,0x18e5,0x10e4,0x18e5,0x10e4,0x18e5,0x10e4,0x1905,0x18e5,0x10e4,
  0x1905,0x18e4,0x10e5,0x1905,0x10e5,0x18e5,0x10e5,0x18e5,0x10e5,0x18e5,0x10e5,0x18e5,0x1105,0x18e5,0x1105,0x18e5,
  0x1105,0x18e4,0x18e5,0x10e5,0x18e5,0x18e5,0x10e5,0x18e5,0x10e5,0x18e4,0x18e5,0x10e5,0x1905,0x10e5,0x18e5,0x10e5,
  0x1905,0x10e5,0x18e4,0x10e5,0x1904,0x10e5,0x18e5,0x10e5,0x1904,0x10e5,0x18e4,0x1105,0x18e4,0x10e5,0x18e4,0x10e5,
  0x18e5,0x1905,0x10e4,0x18e5,0x1105,0x18e4,0x10e5,0x1904,0x10e5,0x18e5,0x18e5,0x1105,0x18e5,0x18e5,0x1105,0x18e5,
  0x18e5,0x1105,0x18e4,0x10e5,0x18e5,0x10e5,0x18e4,0x10e5,0x1904,0x10e5,0x18e5,0x10e5,0x18e4,0x10e5,0x1905,0x10e5,
  0x18e5,0x10e5,0x1905,0x10e5,0x18e5,0x1105,0x18e5,0x10e5,0x1905,0x10e4,0x18e5,0x10e5,0x18e5,0x1105,0x18e5,0x10e5,
  0x18e5,0x10e5,0x18e4,0x18e5,0x1105,0x18e4,0x10e5,0x18e4,0x1105,0x18e5,0x10e5,0x18e5,0x10e5,0x18e5,0x10e5,0x18e5,
  0x18e5,0x10e4,0x1905,0x18e4,0x10e5,0x18e5,0x10e5,0x1905,0x18e4,0x10e6,0x1904,0x10e5,0x18e5,0x1105,0x18e5,0x10e5,
  0x1904,0x10e5,0x1905,0x10e5,0x1904,0x10e5,0x1906,0x1105,0x1905,0x10e5,0x1925,0x18e5,0x1105,0x1906,0x1904,0x1106,
  0x1905,0x10e5,0x1904,0x1106,0x18e4,0x1106,0x18e6,0x1106,0x1926,0x1105,0x1906,0x1106,0x1906,0x1105,0x1906,0x1106,
  0x1906,0x1105,0x1906,0x1905,0x1106,0x1905,0x1906,0x1105,0x1906,0x1106,0x1926,0x1925,0x2126,0x1905,0x1106,0x2126,
  0x1906,0x1926,0x2145,0x1926,0x2105,0x1926,0x1905,0x1906,0x1106,0x2106,0x1925,0x1166,0x0965,0x1946,0x1946,0x2146,
  0x1186,0x11a6,0x1186,0x2146,0x2947,0x1947,0x1987,0x1187,0x1967,0x1167,0x1966,0x1966,0x1966,0x1966,0x1986,0x1966,
  0x1966,0x1986,0x1167,0x2165,0x1167,0x2165,0x1967,0x1966,0x1967,0x1967,0x2167,0x1166,0x1987,0x1966,0x1967,0x1986,
  0x1967,0x1187,0x2166,0x1167,0x1966,0x1167,0x1966,0x1967,0x2165,0x1166,0x1986,0x1166,0x1966,0x1965,0x1166,0x1946,
  0x1146,0x1906,0x10e6,0x1906,0x1106,0x2126,0x1906,0x1126,0x2125,0x1926,0x1906,0x1926,0x2106,0x1106,0x2126,0x1926,
  0x2125,0x1105,0x2105,0x10e5,0x1905,0x10e5,0x1905,0x1106,0x1905,0x1106,0x18e5,0x2125,0x10e5,0x1906,0x1905,0x1126,
  0x1926,0x1906,0x1105,0x1905,0x1906,0x18e5,0x10e5,0x1906,0x18e4,0x1106,0x18e4,0x1906,0x1105,0x18e5,0x18e5,0x1106,
  0x18e5,0x18e5,0x10e4,0x1905,0x10e5,0x18e5,0x18e5,0x10e5,0x18e4,0x1905,0x10e5,0x18e5,0x10e5,0x18e5,0x1905,0x10e5,
  0x18e4,0x10e6,0x1904,0x10e5,0x18e4,0x1105,0x18e4,0x18e5,0x18e5,0x10e4,0x1905,0x18e4,0x10e5,0x18e4,0x10e5,0x1905,
  0x18e4,0x10e5,0x1904,0x10e5,0x18e5,0x1104,0x18e5,0x10e4,0x18e5,0x10e4,0x18e5,0x10e4,0x1905,0x10e5,0x18e5,0x1105,
  0x18e5,0x10e5,0x18e5,0x1105,0x18e5,0x10e5,0x1905,0x10e5,0x1904,0x10e5,0x18e4,0x10e5,0x18e4,0x10e5,0x1904,0x10e5,
  0x18e5,0x1105,0x18e5,0x10e4,0x1905,0x10e5,0x18e5,0x1105,0x18e5,0x10e5,0x1905,0x18e5,0x10e5,0x18e5,0x10e5,0x1905,
  0x10e5,0x18e5,0x10e5,0x18e5,0x1105,0x18e4,0x1105,0x18e4,0x10e5,0x18e4,0x10e5,0x18e4,0x10e5,0x18e4,0x18e5,0x10e5,
  0x18e5,0x10e5,0x18e5,0x10e4,0x18e5,0x10e4,0x18e5,0x10e4,0x18e5,0x10e4,0x1905,0x18e4,0x10e5,0x18e4,0x10e5,0x1905,
  0x18e4,0x10e5,0x1904,0x10e5,0x18e5,0x1105,0x18e5,0x10e5,0x1904,0x10e5,0x18e4,0x10e5,0x18e4,0x10e5,0x18e5,0x1105,
  0x18e5,0x10e5,0x1904,0x18e5,0x10e4,0x18e5,0x1904,0x10e5,0x18e4,0x10e5,0x1904,0x10e5,0x18e4,0x10e5,0x18e5,0x10e5,
  0x1905,0x10e4,0x18e5,0x10e5,0x18e5,0x10e4,0x18e5,0x10e5,0x18e5,0x10e4,0x18e5,0x18e4,0x10e5,0x18e4,0x18e5,0x10e4,
  0x18e5,0x10e5,0x1905,0x10e4,0x18e5,0x18e4,0x10e5,0x18e5,0x18e5,0x10e5,0x1904,0x10e5,0x18e4,0x1105,0x18e4,0x18e5,
  0x1105,0x18e5,0x10e4,0x1905,0x10e4,0x18e5,0x10e5,0x18e5,0x10e5,0x1905,0x10e5,0x18e5,0x18e5,0x10e5,0x18e5,0x10e5,
  0x18e5,0x10e5,0x18e5,0x10e4,0x18e5,0x10e4,0x1905,0x18e4,0x10e5,0x1904,0x10e5,0x18e4,0x10e5,0x18e4,0x10e5,0x18e4,
  0x18e5,0x10e5,0x18e5,0x10e4,0x1905,0x10e4,0x18e5,0x1104,0x18e5,0x1105,0x18e4,0x10e5,0x18e4,0x10e5,0x18e4,0x10e5,
  0x18e4,0x10e5,0x1905,0x10e5,0x18e5,0x18e4,0x1105,0x18e5,0x10e5,0x18e5,0x10e5,0x18e5,0x10e5,0x1905,0x18e5,0x1105,
  0x18e4,0x10e5,0x18e5,0x10e5,0x18e5,0x10e5,0x18e5,0x10e5,0x18e4,0x1105,0x18e4,0x10e5,0x18e4,0x10e5,0x18e4,0x10e5,
  0x18e4,0x10e5,0x18e5,0x1904,0x10e5,0x18e5,0x1905,0x10e5,0x18e5,0x18e5,0x10e4,0x1905,0x10e5,0x18e5,0x10e4,0x18e5,
  0x18e4,0x10e5,0x18e4,0x18e5,0x10e4,0x18e5,0x18e4,0x10e5,0x18e5,0x18e5,0x10e4,0x1905,0x10e4,0x18e5,0x18e4,0x10e5,
  0x18e4,0x1905,0x10e5,0x18e5,0x10e5,0x18e5,0x1905,0x10e5,0x18e4,0x10e5,0x1904,0x10e5,0x18e4,0x1105,0x18e4,0x18e5,
  0x1105,0x18e5,0x10e6,0x18e5,0x10e5,0x1905,0x18e5,0x10e4,0x18e5,0x10e5,0x18e5,0x10e6,0x18e4,0x10e6,0x18e4,0x10e5,
  0x18e5,0x10e5,0x1925,0x10e5,0x1906,0x1904,0x1106,0x18e4,0x10e5,0x18e4,0x1106,0x18e5,0x1106,0x1906,0x10e5,0x1906,
  0x10e6,0x1906,0x18e5,0x10e5,0x1906,0x1104,0x18e6,0x1905,0x1106,0x1906,0x1125,0x1906,0x1906,0x1126,0x18e4,0x1906,
  0x1105,0x1906,0x10e5,0x1926,0x1106,0x1906,0x1126,0x18e5,0x1105,0x18e5,0x1106,0x1906,0x1926,0x2146,0x1925,0x2126,
  0x1945,0x2126,0x1926,0x1906,0x1106,0x1906,0x1106,0x1905,0x1106,0x2106,0x1126,0x1166,0x0986,0x11a5,0x11a7,0x11c6,
  0x11c7,0x09e6,0x11e7,0x11e6,0x19c8,0x11a6,0x11e8,0x09c7,0x19c8,0x11e7,0x19c7,0x19c8,0x11e7,0x19c8,0x11c7,0x19c8,
  0x11c8,0x19c8,0x19c8,0x11c7,0x19e7,0x19c7,0x11c8,0x19c8,0x11c8,0x19e7,0x11c8,0x19c8,0x11c8,0x19c8,0x11c8,0x19c8,
  0x19c7,0x11c8,0x19c8,0x11c8,0x19e8,0x19c8,0x11c8,0x19e8,0x19c7,0x09e7,0x11e6,0x11e7,0x09c7,0x11c7,0x09a5,0x1186,
  0x1165,0x1146,0x2125,0x1106,0x1905,0x1906,0x2105,0x1106,0x2106,0x1926,0x2145,0x2126,0x1905,0x1926,0x1925,0x2106,
  0x1126,0x18e5,0x1106,0x18e5,0x1126,0x18e5,0x1106,0x1926,0x1106,0x1906,0x10e5,0x1906,0x10e4,0x1906,0x10e4,0x1906,
  0x1105,0x1926,0x1106,0x1906,0x1905,0x1106,0x18e6,0x1125,0x18e5,0x1106,0x1906,0x1105,0x1906,0x1106,0x1906,0x10e4,
  0x18e6,0x10e5,0x18e5,0x10e6,0x18e5,0x10e6,0x1905,0x10e5,0x18e6,0x10e5,0x18e4,0x10e5,0x1904,0x10e5,0x18e4,0x10e6,
  0x18e5,0x18e5,0x10e5,0x18e5,0x18e5,0x10e5,0x18e5,0x10e6,0x1105,0x18e5,0x10e6,0x18e5,0x10e5,0x1905,0x18e5,0x10e4,
  0x18e5,0x10e5,0x18e5,0x10e5,0x10e5,0x18e5,0x10e5,0x1905,0x10e5,0x18e5,0x1905,0x10e5,0x18e4,0x18e5,0x10e4,0x18e5,
  0x10e4,0x1905,0x18e4,0x10e5,0x18e4,0x18e5,0x10e4,0x18e5,0x18e5,0x10e5,0x18e5,0x1105,0x18e5,0x10e5,0x18e5,0x18e5,
  0x10e4,0x18e5,0x10e5,0x18e5,0x10e4,0x18e5,0x10e4,0x18e5,0x10e4,0x18e5,0x10e4,0x18e5,0x10e4,0x1905,0x18e4,0x10e5,
  0x18e4,0x10e5,0x18e4,0x10e5,0x18e5,0x10e5,0x18e5,0x10e5,0x18e5,0x1105,0x18e5,0x18e5,0x1105,0x18e5,0x10e4,0x1905,
  0x10e4,0x18e5,0x1105,0x18e5,0x10e5,0x1905,0x10e5,0x18e5,0x1105,0x18e5,0x10e5,0x18e5,0x10e5,0x1905,0x18e5,0x10e4,
  0x18e5,0x10e5,0x18e5,0x10e5,0x18e4,0x10e5,0x18e4,0x10e5,0x18e5,0x10e5,0x1905,0x10e5,0x18e5,0x1904,0x10e5,0x18e4,
  0x10e5,0x18e4,0x10e5,0x18e5,0x1105,0x18e5,0x10e5,0x18e5,0x10e5,0x18e5,0x18e5,0x10e5,0x18e5,0x1104,0x18e5,0x18e4,
  0x10e5,0x18e5,0x1104,0x18e5,0x18e5,0x1105,0x18e4,0x18e5,0x1105,0x18e5,0x10e5,0x1905,0x10e5,0x18e5,0x1105,0x18e5,
  0x10e4,0x18e5,0x10e5,0x18e5,0x10e5,0x1905,0x10e4,0x18e5,0x1104,0x18e5,0x10e5,0x18e5,0x10e5,0x18e5,0x10e5,0x18e4,
  0x10e5,0x18e5,0x10e5,0x18e5,0x10e5,0x18e4,0x18e5,0x1104,0x18e5,0x10e4,0x18e5,0x1104,0x18e5,0x10e4,0x1905,0x10e4,
  0x18e5,0x1104,0x18e5,0x18e5,0x1105,0x18e5,0x10e5,0x18e5,0x10e5,0x18e5,0x18e5,0x10e5,0x1904,0x18e5,0x10e5,0x18e5,
  0x10e5,0x1904,0x10e5,0x18e5,0x10e5,0x18e5,0x10e5,0x18e5,0x18e4,0x10e5,0x18e5,0x10e5,0x1905,0x18e5,0x10e5,0x1905,
  0x18e5,0x10e5,0x18e4,0x18e5,0x10e5,0x18e5,0x10e4,0x18e5,0x18e4,0x1105,0x18e4,0x10e5,0x18e4,0x10e5,0x18e4,0x10e5,
  0x18e5,0x10e5,0x1904,0x18e5,0x10e4,0x1905,0x10e4,0x18e5,0x10e5,0x18e5,0x10e5,0x18e5,0x1105,0x18e5,0x10e5,0x1905,
  0x10e5,0x18e5,0x10e5,0x18e5,0x10e4,0x18e5,0x10e4,0x18e5,0x10e4,0x1905,0x10e5,0x18e5,0x18e4,0x10e5,0x18e5,0x1105,
  0x18e5,0x10e5,0x18e5,0x1105,0x18e5,0x10e5,0x1905,0x10e4,0x18e5,0x10e5,0x18e5,0x10e5,0x18e5,0x10e5,0x1905,0x10e5,
  0x18e5,0x10e5,0x18e4,0x10e5,0x1904,0x10e5,0x18e4,0x10e5,0x18e5,0x18e5,0x10e5,0x18e5,0x18e5,0x10e5,0x18e5,0x10e5,
  0x10e5,0x18e4,0x10e5,0x18e4,0x18e5,0x10e5,0x18e5,0x10e5,0x18e5,0x1104,0x18e5,0x18e5,0x1105,0x18e5,0x10e6,0x1905,
  0x18e4,0x10e5,0x18e4,0x18e5,0x10e6,0x18e5,0x1105,0x18e5,0x1906,0x1105,0x18e6,0x10e4,0x18e5,0x1105,0x18e5,0x1105,
  0x1905,0x10e4,0x1906,0x1125,0x1906,0x1906,0x1106,0x1906,0x1126,0x1906,0x1906,0x1105,0x1906,0x1106,0x1906,0x1905,
  0x1906,0x1105,0x1906,0x1105,0x1906,0x1105,0x1906,0x1106,0x2126,0x1105,0x1906,0x1925,0x1906,0x2106,0x1126,0x1926,
  0x1126,0x1925,0x2106,0x1905,0x1926,0x2125,0x1906,0x2146,0x1905,0x2106,0x1166,0x1186,0x11e7,0x12ea,0x344f,0x242f,
  0x2c4f,0x2c4f,0x2450,0x2c2f,0x2450,0x2c30,0x2430,0x2c30,0x2c30,0x2430,0x2c2f,0x2430,0x2c2f,0x2c30,0x242f,0x2c50,
  0x2c4f,0x2430,0x2c6f,0x2430,0x2c30,0x2450,0x2c2f,0x2450,0x2c30,0x2430,0x2c2f,0x2430,0x2c4f,0x2430,0x2c2f,0x2450,
  0x2c50,0x2430,0x2c4f,0x2c50,0x244f,0x2c50,0x2c2f,0x3430,0x242f,0x2c50,0x2450,0x2c6e,0x244f,0x2c4f,0x2c4f,0x1289,
  0x09a7,0x1146,0x1167,0x1947,0x1926,0x1906,0x2906,0x10e4,0x2106,0x1906,0x1926,0x2126,0x1926,0x2126,0x2126,0x1125,
  0x1926,0x18e4,0x1126,0x1905,0x1906,0x1105,0x1906,0x1105,0x1906,0x1905,0x1126,0x2106,0x1106,0x1926,0x1106,0x1906,
  0x1106,0x1905,0x10e5,0x1906,0x10e5,0x1925,0x10e5,0x1905,0x1106,0x1925,0x10e5,0x1905,0x10e5,0x1904,0x1106,0x18e5,
  0x1125,0x18e5,0x10e4,0x1905,0x1905,0x10e6,0x18e4,0x10e6,0x18e4,0x1106,0x18e5,0x10e5,0x18e5,0x10e5,0x18e5,0x10e5,
  0x1904,0x10e6,0x18e4,0x1105,0x18e4,0x10e5,0x1904,0x10e5,0x10e5,0x18e4,0x10e5,0x18e4,0x18e5,0x10e4,0x18e5,0x10e5,
  0x18e5,0x1104,0x18e5,0x18e5,0x10e5,0x1904,0x18e5,0x10e4,0x18e5,0x10e4,0x18e5,0x10e4,0x18e5,0x10e5,0x1905,0x10e5,
  0x18e5,0x10e5,0x18e5,0x10e5,0x1905,0x10e5,0x18e5,0x10e4,0x1905,0x10e4,0x18e5,0x18e4,0x10e5,0x18e4,0x10e5,0x1905,
  0x10e5,0x18e4,0x1905,0x10e5,0x18e5,0x1905,0x10e5,0x18e5,0x1905,0x10e5,0x18e5,0x10e5,0x18e5,0x10e4,0x18e5,0x10e5,
  0x18e5,0x1905,0x10e5,0x18e4,0x1105,0x18e4,0x18e5,0x1104,0x18e5,0x18e4,0x10e5,0x18e4,0x10e5,0x18e5,0x10e5,0x18e5,
  0x18e5,0x10e4,0x18e5,0x10e4,0x18e5,0x10e4,0x18e5,0x18e4,0x10e5,0x18e4,0x10e5,0x18e4,0x18e5,0x10e4,0x18e5,0x10e5,
  0x18e5,0x1104,0x18e5,0x18e5,0x1105,0x18e5,0x10e5,0x1905,0x18e4,0x10e5,0x18e4,0x18e5,0x10e5,0x18e5,0x10e5,0x18e5,
  0x18e5,0x1105,0x18e5,0x10e4,0x18e5,0x10e4,0x18e5,0x10e4,0x1905,0x10e4,0x18e5,0x1104,0x18e5,0x18e5,0x10e5,0x18e5,
  0x1105,0x18e5,0x18e5,0x10e4,0x18e5,0x10e5,0x18e5,0x10e4,0x18e5,0x10e4,0x18e5,0x10e4,0x18e5,0x10e4,0x18e5,0x10e5,
  0x1905,0x10e4,0x18e5,0x1904,0x10e5,0x18e5,0x10e5,0x18e5,0x10e5,0x18e4,0x18e5,0x10e4,0x1905,0x18e4,0x10e5,0x1905,
  0x10e4,0x18e5,0x1104,0x18e5,0x18e5,0x1105,0x18e5,0x10e5,0x18e5,0x18e5,0x10e5,0x18e5,0x10e5,0x18e5,0x10e5,0x18e5,
  0x18e5,0x10e5,0x18e4,0x10e5,0x18e4,0x18e5,0x10e4,0x1905,0x18e4,0x10e5,0x1904,0x10e5,0x18e5,0x10e5,0x18e4,0x1105,
  0x18e5,0x10e5,0x18e4,0x10e5,0x1904,0x10e5,0x18e4,0x1105,0x18e5,0x10e5,0x1904,0x18e5,0x10e4,0x18e5,0x10e4,0x18e5,
  0x10e4,0x18e5,0x10e5,0x1904,0x10e5,0x18e5,0x10e5,0x1905,0x10e5,0x18e5,0x10e5,0x18e5,0x1905,0x10e5,0x18e5,0x10e4,
  0x18e5,0x18e5,0x10e5,0x18e5,0x10e5,0x18e5,0x18e5,0x1104,0x18e5,0x18e4,0x1105,0x18e4,0x18e5,0x10e4,0x18e5,0x10e4,
  0x18e5,0x18e4,0x1105,0x18e5,0x10e5,0x1905,0x10e5,0x18e5,0x10e5,0x18e4,0x10e5,0x18e5,0x10e5,0x1904,0x10e5,0x18e4,
  0x10e5,0x1904,0x10e5,0x18e4,0x10e5,0x18e4,0x10e5,0x18e5,0x1104,0x18e5,0x10e4,0x1905,0x18e4,0x10e5,0x18e4,0x10e5,
  0x18e4,0x1105,0x18e5,0x10e5,0x18e5,0x10e5,0x18e5,0x10e5,0x1904,0x10e5,0x18e4,0x1105,0x18e4,0x10e5,0x1904,0x10e5,
  0x10e5,0x1905,0x18e6,0x10e5,0x1905,0x10e5,0x18e4,0x1105,0x18e5,0x18e5,0x10e5,0x18e5,0x10e4,0x18e5,0x18e5,0x10e6,
  0x18e5,0x10e5,0x1906,0x10e4,0x18e5,0x10e4,0x1906,0x10e4,0x18e6,0x10e5,0x18e6,0x18e5,0x10e6,0x1905,0x18e6,0x10e5,
  0x18e6,0x18e5,0x10e6,0x1906,0x10e4,0x1906,0x1104,0x1906,0x1104,0x1906,0x1106,0x1906,0x1125,0x1906,0x1106,0x1905,
  0x1106,0x1906,0x1926,0x1106,0x1906,0x1926,0x1905,0x2126,0x2126,0x1106,0x1906,0x1906,0x2105,0x1906,0x1926,0x1167,
  0x1147,0x1926,0x1926,0x2146,0x1126,0x1906,0x1106,0x18e5,0x1127,0x2168,0x1147,0x0a47,0x3cb1,0x2511,0x35b4,0x2df4,
  0x2df5,0x2614,0x2df5,0x25f4,0x2615,0x2df4,0x25f5,0x2e14,0x25f5,0x2dd5,0x2615,0x2df6,0x25f5,0x2e16,0x25f5,0x2df5,
  0x25f5,0x2df5,0x25f6,0x2df4,0x25f5,0x2df6,0x25f5,0x2df4,0x25f5,0x2df5,0x2615,0x2df5,0x2df5,0x25f6,0x2df5,0x2df5,
  0x25f5,0x2df5,0x25f5,0x2df6,0x1e15,0x2635,0x2db5,0x3db5,0x2615,0x25f4,0x2615,0x2df5,0x25f4,0x2e35,0x25b2,0x34d1,
  0x3c90,0x11e8,0x1186,0x0947,0x1945,0x1906,0x2105,0x2926,0x1104,0x1946,0x1145,0x1926,0x1926,0x2106,0x1926,0x2126,
  0x1946,0x1906,0x1926,0x2126,0x1926,0x1906,0x1126,0x1906,0x1106,0x1906,0x1105,0x18e5,0x1905,0x10e6,0x1905,0x1926,
  0x1106,0x1906,0x1905,0x1125,0x1906,0x10e5,0x1906,0x1906,0x1106,0x1906,0x18e5,0x1106,0x1905,0x1906,0x10e4,0x18e5,
  0x1906,0x10e5,0x1906,0x10e5,0x18e5,0x10e5,0x18e5,0x1905,0x10e5,0x18e4,0x10e5,0x18e4,0x18e5,0x1105,0x18e5,0x18e5,
  0x10e5,0x18e5,0x10e5,0x18e5,0x10e5,0x18e5,0x10e5,0x18e5,0x10e6,0x1905,0x18e5,0x10e5,0x1905,0x10e5,0x18e4,0x1105,
  0x18e5,0x18e5,0x10e4,0x18e5,0x10e5,0x18e5,0x10e5,0x18e5,0x10e5,0x1905,0x10e5,0x18e5,0x1105,0x18e4,0x10e5,0x18e4,
  0x18e5,0x10e4,0x1905,0x10e4,0x18e5,0x10e4,0x1905,0x10e5,0x18e5,0x10e5,0x18e5,0x1105,0x18e5,0x10e5,0x18e4,0x10e5,
  0x18e5,0x10e5,0x18e4,0x10e5,0x18e4,0x10e5,0x18e4,0x10e5,0x18e4,0x10e5,0x1904,0x18e5,0x10e4,0x18e5,0x1105,0x18e4,
  0x10e5,0x18e4,0x10e5,0x18e5,0x18e5,0x10e5,0x18e5,0x10e5,0x18e5,0x10e5,0x1905,0x10e5,0x18e4,0x1105,0x18e4,0x10e5,
  0x1905,0x10e5,0x18e5,0x1905,0x10e5,0x18e5,0x1105,0x18e5,0x10e5,0x1905,0x18e5,0x10e5,0x1905,0x10e5,0x18e4,0x1105,
  0x18e5,0x18e5,0x10e4,0x18e5,0x10e4,0x18e5,0x18e4,0x10e5,0x18e5,0x10e5,0x1905,0x10e4,0x18e5,0x10e4,0x1905,0x10e4,
  0x18e5,0x10e4,0x18e5,0x18e5,0x10e5,0x1905,0x18e5,0x10e5,0x18e5,0x18e5,0x10e5,0x18e5,0x10e4,0x18e5,0x1104,0x18e5,
  0x10e4,0x18e5,0x10e5,0x18e5,0x1104,0x18e5,0x10e5,0x1905,0x10e5,0x18e5,0x1905,0x10e5,0x18e5,0x1905,0x10e4,0x18e5,
  0x18e5,0x10e5,0x18e5,0x10e5,0x18e4,0x10e5,0x18e4,0x1905,0x10e5,0x18e5,0x1105,0x18e5,0x10e5,0x18e5,0x10e5,0x18e5,
  0x10e5,0x18e5,0x18e5,0x10e4,0x18e5,0x10e4,0x18e5,0x10e4,0x18e5,0x1104,0x18e5,0x10e4,0x1905,0x18e4,0x10e5,0x1904,
  0x10e5,0x18e5,0x1105,0x18e5,0x10e5,0x1905,0x10e5,0x18e5,0x10e5,0x18e5,0x10e5,0x18e4,0x10e5,0x18e5,0x10e5,0x18e4,
  0x10e5,0x18e5,0x1105,0x18e5,0x18e5,0x10e5,0x18e5,0x18e5,0x10e4,0x18e5,0x10e5,0x18e5,0x10e5,0x1905,0x10e5,0x18e5,
  0x1105,0x18e4,0x10e5,0x18e5,0x10e4,0x1905,0x10e4,0x18e5,0x10e4,0x18e5,0x18e4,0x10e5,0x18e4,0x10e5,0x1905,0x18e5,
  0x10e4,0x1905,0x10e4,0x18e5,0x1104,0x18e5,0x10e5,0x18e5,0x10e5,0x18e5,0x10e5,0x18e5,0x10e5,0x18e5,0x1105,0x18e5,
  0x10e5,0x18e5,0x10e4,0x18e5,0x18e4,0x10e5,0x18e4,0x1905,0x10e5,0x18e5,0x18e4,0x1105,0x18e5,0x10e5,0x18e5,0x18e5,
  0x10e5,0x18e5,0x18e5,0x10e5,0x1905,0x18e5,0x10e4,0x18e5,0x18e5,0x10e5,0x18e5,0x10e5,0x18e5,0x10e5,0x18e5,0x1905,
  0x10e5,0x18e4,0x10e5,0x18e4,0x18e5,0x1104,0x18e5,0x18e5,0x10e5,0x18e5,0x10e5,0x18e5,0x10e5,0x18e5,0x10e5,0x18e5,
  0x18e5,0x10e4,0x18e5,0x10e4,0x18e5,0x10e5,0x18e5,0x10e5,0x18e5,0x10e5,0x18e5,0x1105,0x18e5,0x10e5,0x1905,0x10e4,
  0x18e5,0x10e4,0x18e5,0x10e5,0x1906,0x10e5,0x18e5,0x1106,0x18e5,0x1905,0x1105,0x18e5,0x10e4,0x1906,0x10e4,0x18e5,
  0x1104,0x1906,0x1105,0x1906,0x1126,0x18e5,0x1106,0x18e5,0x1106,0x1904,0x1126,0x18e4,0x1106,0x1906,0x1905,0x1106,
  0x2105,0x1106,0x1905,0x1106,0x1905,0x1106,0x1906,0x1905,0x1905,0x1905,0x1906,0x1105,0x2126,0x2106,0x1126,0x1146,
  0x1147,0x1925,0x1905,0x1904,0x1946,0x1924,0x1966,0x1926,0x1988,0x0986,0x1209,0x3d13,0x3594,0x2635,0x2615,0x15f5,
  0x2e16,0x1df5,0x2615,0x1e15,0x1615,0x1e15,0x1df4,0x25f5,0x1df5,0x25f4,0x2df5,0x1df4,0x25f5,0x1df4,0x25f5,0x1df4,
  0x2616,0x1e35,0x25f5,0x1e15,0x2635,0x1df4,0x25f5,0x2616,0x1df5,0x25f6,0x25f4,0x1df6,0x25f5,0x1e15,0x2615,0x1df5,
  0x25f5,0x1e36,0x2615,0x1e15,0x1635,0x0e36,0x2df5,0x2dd5,0x2616,0x1615,0x1e15,0x1e56,0x25f5,0x1e15,0x1e35,0x2dd4,
  0x4db5,0x34b2,0x1209,0x09c8,0x1987,0x1926,0x2947,0x1906,0x10c5,0x1147,0x1926,0x1127,0x2107,0x1906,0x2106,0x1945,
  0x1926,0x1104,0x1906,0x1925,0x2106,0x1105,0x1906,0x1905,0x1126,0x1905,0x1106,0x1926,0x1906,0x1906,0x10e6,0x18e5,
  0x1106,0x1925,0x1106,0x18e4,0x1106,0x18e4,0x1106,0x1904,0x1106,0x18e4,0x1106,0x1904,0x10e5,0x18e4,0x1126,0x18e5,
  0x10e4,0x1926,0x1905,0x1105,0x1925,0x18e5,0x1105,0x18e5,0x1106,0x18e5,0x1926,0x1106,0x18e5,0x10e5,0x18e4,0x10e5,
  0x1905,0x10e5,0x18e4,0x18e5,0x1104,0x18e5,0x18e5,0x10e5,0x18e5,0x10e4,0x18e5,0x10e4,0x18e5,0x10e5,0x18e5,0x10e4,
  0x18e5,0x10e5,0x18e5,0x1105,0x10e4,0x18e5,0x10e4,0x1905,0x18e4,0x10e5,0x18e4,0x18e5,0x10e5,0x18e5,0x18e5,0x10e5,
  0x1905,0x10e5,0x18e5,0x18e5,0x10e5,0x18e5,0x10e4,0x18e5,0x18e4,0x10e5,0x18e4,0x10e5,0x18e4,0x1905,0x10e5,0x18e4,
  0x1905,0x10e5,0x18e5,0x1105,0x18e5,0x10e5,0x1905,0x10e5,0x18e5,0x18e5,0x10e5,0x18e5,0x1105,0x18e5,0x10e5,0x18e5,
  0x10e5,0x1905,0x18e4,0x10e5,0x1904,0x10e5,0x18e4,0x10e5,0x1904,0x10e5,0x18e4,0x10e5,0x18e5,0x18e5,0x10e5,0x18e4,
  0x10e5,0x18e4,0x10e5,0x18e4,0x10e5,0x18e4,0x18e5,0x10e4,0x18e5,0x10e4,0x18e5,0x10e4,0x18e5,0x10e5,0x18e5,0x10e4,
  0x18e5,0x10e5,0x18e5,0x1105,0x18e5,0x10e5,0x1905,0x10e4,0x18e5,0x10e4,0x18e5,0x10e5,0x1905,0x10e5,0x18e5,0x10e5,
  0x18e5,0x1905,0x10e4,0x18e5,0x10e4,0x18e5,0x10e4,0x18e5,0x1104,0x18e5,0x10e4,0x18e5,0x1105,0x18e5,0x10e5,0x18e5,
  0x10e5,0x18e4,0x1105,0x18e4,0x10e5,0x18e5,0x18e4,0x10e5,0x18e4,0x10e5,0x18e4,0x10e5,0x18e4,0x10e5,0x18e5,0x10e4,
  0x1905,0x10e4,0x18e5,0x10e5,0x1905,0x18e5,0x10e5,0x18e4,0x10e5,0x18e4,0x10e5,0x18e4,0x10e5,0x18e4,0x1105,0x18e4,
  0x18e5,0x1104,0x18e5,0x10e5,0x18e5,0x1105,0x18e5,0x10e5,0x18e5,0x10e5,0x18e5,0x18e5,0x10e5,0x18e5,0x10e4,0x18e5,
  0x10e5,0x18e4,0x18e5,0x10e4,0x18e5,0x10e4,0x18e5,0x10e4,0x18e5,0x1104,0x18e5,0x10e5,0x1905,0x10e4,0x18e5,0x1905,
  0x10e4,0x18e5,0x18e4,0x10e5,0x18e4,0x10e5,0x1904,0x10e5,0x18e5,0x1105,0x18e4,0x10e5,0x18e4,0x10e5,0x18e4,0x10e5,
  0x18e5,0x10e5,0x18e5,0x1105,0x18e5,0x18e5,0x10e5,0x18e5,0x18e5,0x1105,0x18e5,0x10e5,0x1905,0x10e4,0x18e5,0x10e5,
  0x18e5,0x10e5,0x18e5,0x10e5,0x18e5,0x10e4,0x18e5,0x1104,0x18e5,0x10e4,0x18e5,0x1104,0x18e5,0x10e4,0x18e5,0x18e4,
  0x1105,0x18e4,0x10e5,0x1905,0x10e5,0x18e5,0x10e5,0x18e4,0x10e5,0x1905,0x10e5,0x18e4,0x10e5,0x18e4,0x10e5,0x1904,
  0x10e5,0x18e4,0x10e5,0x18e4,0x10e5,0x18e4,0x1105,0x18e5,0x10e4,0x1905,0x18e4,0x10e5,0x1904,0x18e5,0x10e4,0x18e5,
  0x10e5,0x18e5,0x1905,0x10e5,0x18e5,0x10e5,0x18e4,0x10e5,0x1904,0x10e5,0x18e4,0x18e5,0x1104,0x18e5,0x18e4,0x10e5,
  0x1904,0x10e5,0x18e5,0x1126,0x18e4,0x10e5,0x1905,0x18e5,0x10e4,0x1905,0x10e4,0x18e5,0x1105,0x18e5,0x10e6,0x1905,
  0x1126,0x1906,0x10e5,0x18e4,0x10e5,0x18e4,0x18e5,0x1125,0x18e5,0x10e6,0x18e5,0x1126,0x18e5,0x10e5,0x1926,0x10e5,
  0x18e6,0x10e5,0x1926,0x1105,0x1906,0x10e4,0x1906,0x10e4,0x1926,0x10e5,0x1906,0x1106,0x1926,0x1104,0x1906,0x10e5,
  0x1926,0x18e5,0x1106,0x1926,0x1906,0x1905,0x1146,0x2126,0x1106,0x1906,0x1104,0x2126,0x1905,0x2106,0x1126,0x1947,
  0x1146,0x2126,0x20e6,0x10e5,0x1925,0x1126,0x1906,0x0967,0x1166,0x0a4a,0x44f2,0x2df5,0x25b4,0x1e35,0x1df4,0x2656,
  0x1e14,0x2615,0x1e34,0x1e35,0x1634,0x1e55,0x1e16,0x2616,0x2635,0x1e16,0x2616,0x1e35,0x2616,0x1e15,0x2616,0x2635,
  0x1e15,0x2615,0x1e15,0x2616,0x2616,0x1e15,0x2614,0x1e15,0x2615,0x1e16,0x2616,0x1e35,0x2615,0x1e15,0x2615,0x1e14,
  0x2616,0x2615,0x1e15,0x2615,0x1655,0x1635,0x25f5,0x2614,0x2615,0x1e14,0x1615,0x1df4,0x1e36,0x1e55,0x0dd4,0x3696,
  0x1d54,0x3d73,0x3cd3,0x1207,0x0987,0x1966,0x08e3,0x20e5,0x21a6,0x18e5,0x1145,0x1947,0x2106,0x1906,0x2126,0x2126,
  0x1145,0x1946,0x1926,0x1926,0x1906,0x18e5,0x1126,0x1906,0x1106,0x1906,0x18e5,0x1105,0x18e5,0x1145,0x1906,0x1106,
  0x1905,0x1106,0x1906,0x10e5,0x1906,0x1905,0x1106,0x18e5,0x1106,0x1906,0x10e6,0x18e6,0x1105,0x1906,0x10e5,0x18e6,
  0x10e5,0x18e6,0x10e5,0x1906,0x10e5,0x18e5,0x10e5,0x1904,0x10e5,0x18e4,0x10e5,0x18e4,0x10e5,0x1906,0x10e5,0x18e5,
  0x10e5,0x18e5,0x1105,0x18e5,0x10e6,0x18e5,0x1105,0x18e4,0x1904,0x10e5,0x18e6,0x1105,0x18e4,0x10e6,0x1905,0x18e5,
  0x10e4,0x1905,0x10e4,0x18e5,0x18e5,0x1105,0x18e5,0x10e5,0x18e5,0x10e4,0x18e5,0x1105,0x18e4,0x10e5,0x1904,0x10e5,
  0x18e4,0x10e5,0x18e4,0x10e5,0x1904,0x10e5,0x18e5,0x10e5,0x1905,0x10e5,0x18e5,0x1905,0x10e5,0x18e5,0x10e5,0x18e5,
  0x10e4,0x18e5,0x10e4,0x18e5,0x18e4,0x10e5,0x18e4,0x18e5,0x1104,0x18e5,0x10e4,0x18e5,0x10e4,0x18e5,0x18e4,0x1105,
  0x18e4,0x10e5,0x18e5,0x10e5,0x18e5,0x10e5,0x1905,0x18e5,0x10e5,0x18e5,0x10e5,0x18e4,0x1105,0x18e4,0x10e5,0x1905,
  0x18e5,0x10e5,0x1905,0x10e5,0x18e5,0x1105,0x18e5,0x10e5,0x1904,0x10e5,0x18e5,0x1105,0x18e4,0x10e5,0x1905,0x18e5,
  0x10e4,0x1905,0x10e4,0x18e5,0x10e4,0x18e5,0x10e5,0x18e5,0x1105,0x18e5,0x10e5,0x18e4,0x10e5,0x18e4,0x18e5,0x1104,
  0x18e5,0x10e5,0x18e5,0x1105,0x18e5,0x10e5,0x1905,0x10e5,0x18e5,0x10e5,0x1905,0x10e4,0x18e5,0x10e4,0x18e5,0x10e4,
  0x1905,0x10e5,0x18e5,0x10e5,0x18e5,0x1104,0x18e5,0x10e5,0x1905,0x18e5,0x10e5,0x1905,0x10e5,0x18e4,0x1105,0x18e5,
  0x10e5,0x18e5,0x1104,0x18e5,0x10e4,0x18e5,0x10e4,0x18e5,0x1105,0x18e5,0x18e5,0x10e5,0x1905,0x10e5,0x18e5,0x10e5,
  0x18e5,0x10e5,0x18e4,0x1105,0x18e4,0x10e5,0x18e4,0x1905,0x10e4,0x18e5,0x1104,0x18e5,0x10e4,0x1905,0x10e5,0x18e5,
  0x1904,0x10e5,0x18e5,0x1105,0x18e5,0x10e5,0x18e5,0x1905,0x10e5,0x18e5,0x10e4,0x18e5,0x18e5,0x10e5,0x18e4,0x10e5,
  0x18e5,0x10e5,0x18e5,0x1105,0x18e5,0x10e5,0x18e5,0x10e4,0x18e5,0x18e5,0x10e5,0x18e5,0x1105,0x18e5,0x18e5,0x1104,
  0x18e5,0x18e4,0x10e5,0x18e4,0x10e5,0x18e4,0x10e5,0x1904,0x10e5,0x18e4,0x10e5,0x18e4,0x10e5,0x18e5,0x10e4,0x18e5,
  0x1104,0x18e5,0x10e4,0x1905,0x18e4,0x10e5,0x18e5,0x18e5,0x10e5,0x1905,0x18e5,0x10e5,0x18e5,0x18e5,0x1105,0x18e5,
  0x10e5,0x18e5,0x18e5,0x10e4,0x18e5,0x1104,0x18e5,0x10e5,0x18e4,0x10e5,0x18e5,0x10e5,0x18e5,0x1905,0x10e5,0x18e5,
  0x10e5,0x1905,0x10e5,0x18e5,0x1105,0x18e5,0x10e5,0x18e5,0x10e5,0x18e5,0x10e5,0x18e5,0x10e5,0x18e5,0x10e5,0x1904,
  0x10e5,0x18e4,0x10e5,0x18e4,0x10e5,0x1905,0x10e5,0x18e5,0x10e5,0x18e5,0x1105,0x18e5,0x10e5,0x18e5,0x1105,0x18e4,
  0x18e5,0x10e6,0x18e4,0x18e5,0x10e5,0x18e4,0x10e6,0x18e5,0x10e5,0x18e5,0x10e5,0x18e5,0x18e5,0x1104,0x18e5,0x10e4,
  0x18e5,0x18e4,0x1106,0x18e5,0x18e6,0x1105,0x18e5,0x1106,0x18e4,0x1106,0x1905,0x1106,0x18e4,0x1906,0x10e4,0x18e5,
  0x10e4,0x1906,0x1906,0x1106,0x1906,0x18e5,0x1126,0x18e5,0x1906,0x10e4,0x1906,0x1905,0x1106,0x1906,0x1106,0x2105,
  0x1106,0x1905,0x1106,0x1905,0x1906,0x1106,0x1906,0x1905,0x1906,0x2106,0x1926,0x1126,0x2106,0x1926,0x1926,0x1127,
  0x1925,0x1906,0x2104,0x1926,0x1925,0x1926,0x1165,0x1166,0x0a89,0x3cf4,0x2d74,0x3637,0x1615,0x1e15,0x1e36,0x1df5,
  0x1dd5,0x2df5,0x25f5,0x2e16,0x1df5,0x2e15,0x2df5,0x25f5,0x2df5,0x25f5,0x25f4,0x1df5,0x2df4,0x2615,0x1df4,0x25f5,
  0x1df5,0x25f6,0x2e15,0x1e34,0x2615,0x1df5,0x2616,0x1df5,0x25f4,0x1e15,0x25f4,0x1df5,0x25f5,0x25f5,0x1e15,0x25f5,
  0x1df4,0x25f5,0x1e14,0x25f6,0x1e35,0x1635,0x2dd6,0x35b5,0x2dd5,0x1e15,0x25f5,0x2df5,0x15d4,0x1e35,0x1656,0x2635,
  0x1e15,0x2dd5,0x3dd5,0x3430,0x1208,0x0987,0x1987,0x1106,0x18e5,0x2147,0x1126,0x2106,0x1906,0x2126,0x1905,0x2126,
  0x1125,0x18e5,0x1105,0x2106,0x1925,0x2106,0x1105,0x1906,0x1105,0x1906,0x1126,0x1906,0x1106,0x18e5,0x1905,0x1906,
  0x1906,0x1105,0x1906,0x1904,0x1106,0x18e4,0x1106,0x18e4,0x1906,0x10e4,0x1906,0x10e4,0x1906,0x18e4,0x10e5,0x1905,
  0x1905,0x1104,0x1906,0x1104,0x1906,0x10e4,0x1906,0x10e5,0x1906,0x10e5,0x1906,0x1126,0x1904,0x10e5,0x18e4,0x10e5,
  0x18e4,0x18e5,0x10e4,0x18e5,0x10e4,0x18e5,0x10e5,0x18e5,0x18e6,0x10e5,0x18e4,0x18e5,0x10e5,0x18e4,0x10e5,0x18e5,
  0x10e5,0x18e5,0x10e5,0x18e5,0x18e5,0x10e4,0x18e5,0x10e4,0x18e5,0x1105,0x18e5,0x10e4,0x18e5,0x10e5,0x18e5,0x10e5,
  0x18e5,0x18e5,0x1105,0x18e4,0x10e5,0x18e5,0x18e4,0x10e5,0x18e4,0x10e5,0x18e4,0x10e5,0x18e4,0x10e5,0x1904,0x10e5,
  0x18e5,0x1105,0x18e5,0x10e5,0x1905,0x10e5,0x18e5,0x10e5,0x18e5,0x10e4,0x1905,0x10e5,0x18e5,0x1105,0x18e5,0x10e5,
  0x18e5,0x10e4,0x18e5,0x1104,0x18e5,0x10e4,0x18e5,0x10e4,0x18e5,0x10e4,0x1905,0x18e5,0x10e5,0x18e5,0x18e5,0x10e4,
  0x18e5,0x10e4,0x18e5,0x18e4,0x10e5,0x18e4,0x10e5,0x18e4,0x18e5,0x10e5,0x18e4,0x18e5,0x10e5,0x18e4,0x10e5,0x18e5,
  0x10e5,0x18e5,0x10e5,0x18e5,0x18e5,0x1104,0x18e5,0x10e4,0x18e5,0x18e4,0x1105,0x18e5,0x18e5,0x1105,0x18e5,0x10e5,
  0x18e4,0x10e5,0x18e4,0x10e5,0x18e4,0x18e5,0x10e4,0x18e5,0x10e4,0x18e5,0x18e5,0x10e5,0x18e5,0x18e5,0x1105,0x18e5,
  0x18e5,0x10e4,0x18e5,0x18e4,0x10e5,0x18e5,0x10e5,0x18e4,0x10e5,0x18e4,0x10e5,0x18e4,0x18e5,0x10e5,0x18e5,0x18e4,
  0x10e5,0x18e5,0x18e5,0x10e5,0x18e5,0x1105,0x18e5,0x10e5,0x18e4,0x10e5,0x1904,0x10e5,0x18e4,0x18e5,0x10e4,0x18e5,
  0x1104,0x18e5,0x10e5,0x18e5,0x10e5,0x18e5,0x10e5,0x18e5,0x10e5,0x18e5,0x10e5,0x18e5,0x10e5,0x18e4,0x18e5,0x10e5,
  0x18e5,0x10e5,0x18e4,0x10e5,0x18e4,0x1905,0x10e4,0x18e5,0x10e4,0x18e5,0x18e5,0x1104,0x18e5,0x10e5,0x1905,0x10e5,
  0x18e4,0x1105,0x18e4,0x10e5,0x18e4,0x18e5,0x1105,0x18e5,0x10e4,0x18e5,0x1104,0x18e5,0x18e4,0x10e5,0x18e5,0x10e5,
  0x18e5,0x1105,0x18e5,0x18e5,0x10e5,0x1905,0x10e5,0x18e5,0x10e5,0x18e5,0x1104,0x18e5,0x18e5,0x10e5,0x1905,0x10e5,
  0x18e5,0x18e5,0x10e5,0x18e5,0x10e5,0x1905,0x10e4,0x18e5,0x10e4,0x18e5,0x10e4,0x18e5,0x1104,0x18e5,0x10e4,0x18e5,
  0x10e4,0x18e5,0x1105,0x18e5,0x10e5,0x18e5,0x10e4,0x1905,0x18e5,0x10e4,0x18e5,0x1904,0x10e5,0x18e4,0x10e5,0x18e4,
  0x18e5,0x10e4,0x18e5,0x10e4,0x18e5,0x18e4,0x10e5,0x18e4,0x1905,0x10e4,0x18e5,0x1104,0x18e5,0x10e4,0x18e5,0x10e5,
  0x18e5,0x10e5,0x18e5,0x1105,0x18e4,0x10e5,0x18e4,0x10e5,0x18e4,0x18e5,0x10e4,0x18e5,0x10e4,0x18e5,0x10e5,0x18e5,
  0x18e4,0x10e5,0x1905,0x10e4,0x18e5,0x1105,0x18e4,0x10e5,0x1904,0x10e4,0x18e6,0x1104,0x18e5,0x10e4,0x18e6,0x1905,
  0x1105,0x18e5,0x10e4,0x18e5,0x10e4,0x1906,0x10e4,0x1905,0x1105,0x1926,0x1106,0x18e4,0x1106,0x18e5,0x1905,0x1905,
  0x18e6,0x10e4,0x1905,0x1126,0x1905,0x10e5,0x2105,0x10e5,0x1905,0x10e5,0x1926,0x1106,0x2105,0x1926,0x18e4,0x2106,
  0x1105,0x1905,0x1105,0x1926,0x1105,0x2106,0x1945,0x18e5,0x1905,0x2126,0x10e4,0x1905,0x1906,0x2105,0x2126,0x1927,
  0x2127,0x1905,0x18e5,0x10e5,0x1925,0x1126,0x19c8,0x09a6,0x3c50,0x3574,0x2e16,0x1df5,0x1635,0x1e14,0x1e15,0x35f6,
  0x35d4,0x35b4,0x35b5,0x2dd4,0x35b5,0x2db5,0x3dd4,0x35b5,0x35b4,0x2df5,0x35b4,0x2dd5,0x2db5,0x2dd4,0x35b5,0x2dd5,
  0x2dd4,0x25f5,0x35d4,0x2dd5,0x35d4,0x2dd5,0x2dd4,0x35d5,0x25d4,0x35d5,0x2dd5,0x2dd4,0x2df5,0x2dd4,0x35d5,0x25d4,
  0x35f5,0x2dd5,0x35d4,0x2dd5,0x2dd5,0x2db4,0x3db4,0x3d95,0x3d94,0x35b4,0x35d5,0x3615,0x3df5,0x25f5,0x2614,0x1614,
  0x2616,0x1df5,0x3595,0x45b5,0x3c2e,0x09a5,0x1146,0x2146,0x1925,0x1105,0x1925,0x2125,0x1907,0x2105,0x1926,0x1946,
  0x1125,0x2126,0x1126,0x2125,0x1926,0x2106,0x1105,0x1906,0x1926,0x1105,0x1905,0x10e5,0x1905,0x2106,0x1106,0x1905,
  0x1106,0x1926,0x1105,0x18e5,0x1906,0x18e4,0x1106,0x1905,0x1105,0x18e6,0x1105,0x18e5,0x10e5,0x18e5,0x1105,0x18e5,
  0x1105,0x18e5,0x1106,0x1904,0x1106,0x1905,0x10e4,0x18e5,0x1904,0x10e4,0x18e5,0x18e4,0x10e5,0x18e6,0x1904,0x10e5,
  0x1905,0x10e4,0x18e5,0x1105,0x18e4,0x18e5,0x10e5,0x18e5,0x18e4,0x10e5,0x1905,0x10e4,0x18e5,0x1105,0x18e4,0x10e5,
  0x1904,0x10e4,0x18e5,0x1104,0x1104,0x18e5,0x10e5,0x1904,0x18e5,0x10e4,0x18e5,0x18e5,0x10e4,0x1905,0x10e4,0x18e4,
  0x1105,0x18e4,0x10e5,0x18e5,0x18e4,0x10e5,0x1905,0x10e4,0x18e5,0x1905,0x10e5,0x18e4,0x1105,0x18e5,0x10e4,0x18e5,
  0x18e4,0x10e5,0x18e4,0x18e4,0x10e5,0x18e4,0x1104,0x18e5,0x10e4,0x18e5,0x10e5,0x18e4,0x10e5,0x18e4,0x10e4,0x18e5,
  0x18e4,0x1105,0x18e5,0x18e5,0x10e4,0x18e5,0x10e5,0x1904,0x10e5,0x18e5,0x10e4,0x18e5,0x10e4,0x18e5,0x1104,0x18e5,
  0x10e5,0x1904,0x10e5,0x18e5,0x1104,0x18e5,0x18e5,0x1105,0x18e4,0x10e5,0x1905,0x10e4,0x18e5,0x1105,0x18e4,0x10e5,
  0x1904,0x10e4,0x18e5,0x1104,0x18e5,0x10e4,0x18e5,0x18e5,0x10e4,0x18e5,0x10e4,0x18e5,0x10e4,0x18e5,0x10e4,0x18e5,
  0x10e4,0x1905,0x10e5,0x18e4,0x1105,0x18e5,0x10e4,0x1905,0x18e5,0x10e4,0x18e4,0x1105,0x18e4,0x10e5,0x18e4,0x10e5,
  0x18e4,0x10e5,0x1905,0x10e5,0x18e4,0x1105,0x18e4,0x18e5,0x1105,0x18e4,0x10e5,0x1905,0x10e4,0x18e5,0x1104,0x18e5,
  0x10e4,0x1905,0x10e4,0x18e4,0x10e5,0x18e4,0x18e4,0x10e5,0x1905,0x10e4,0x18e5,0x10e5,0x18e4,0x10e5,0x1905,0x10e4,
  0x18e5,0x10e4,0x18e5,0x18e4,0x1105,0x18e4,0x10e4,0x18e5,0x1904,0x10e4,0x18e5,0x1104,0x18e5,0x10e5,0x1904,0x10e5,
  0x18e4,0x1105,0x18e4,0x10e5,0x18e5,0x10e4,0x18e5,0x10e5,0x18e4,0x1105,0x18e4,0x10e5,0x18e4,0x10e5,0x18e4,0x18e5,
  0x10e4,0x18e5,0x18e5,0x10e4,0x1905,0x10e4,0x18e5,0x10e4,0x1905,0x10e5,0x18e4,0x10e5,0x18e5,0x10e4,0x1904,0x10e5,
  0x18e4,0x10e4,0x18e5,0x1104,0x18e4,0x10e5,0x18e4,0x10e4,0x18e5,0x10e4,0x18e5,0x10e5,0x1904,0x10e4,0x18e5,0x18e4,
  0x10e4,0x1905,0x10e4,0x18e4,0x10e5,0x18e4,0x10e5,0x1905,0x10e4,0x18e5,0x1105,0x18e4,0x10e5,0x18e5,0x10e4,0x18e5,
  0x1905,0x10e4,0x18e4,0x10e5,0x18e4,0x18e5,0x10e5,0x18e4,0x10e5,0x1905,0x10e4,0x18e5,0x10e5,0x18e4,0x10e5,0x1905,
  0x10e4,0x18e5,0x1104,0x18e5,0x10e5,0x18e4,0x1105,0x18e5,0x10e4,0x18e5,0x10e5,0x18e4,0x10e5,0x1905,0x10e4,0x18e5,
  0x1904,0x10e4,0x18e5,0x18e4,0x10e5,0x18e5,0x1904,0x10e5,0x1905,0x10e4,0x18e5,0x1105,0x18e4,0x18e5,0x10e4,0x18e5,
  0x18e5,0x10e4,0x18e5,0x10e6,0x18e4,0x18e5,0x10e4,0x18e5,0x10e5,0x18e5,0x18e4,0x10e5,0x18e4,0x10e5,0x18e4,0x10e5,
  0x18e5,0x1106,0x18e4,0x1106,0x18e4,0x10e5,0x18e4,0x1106,0x18e5,0x18e4,0x1106,0x1906,0x10e4,0x18e5,0x1906,0x10e4,
  0x18e5,0x1106,0x1906,0x1104,0x1906,0x10e4,0x1906,0x10e4,0x1906,0x18e4,0x1106,0x18e4,0x1106,0x1905,0x1106,0x1905,
  0x1106,0x1906,0x1905,0x1106,0x1905,0x1106,0x1906,0x1905,0x2106,0x1905,0x1926,0x1126,0x2105,0x1906,0x1926,0x1126,
  0x2106,0x20e6,0x1925,0x18e5,0x1105,0x1145,0x0966,0x1aaa,0x3cf2,0x2db5,0x2e17,0x1dd4,0x2616,0x2616,0x2d95,0x2d32,
  0x34b2,0x3492,0x3c90,0x3c92,0x3490,0x3c91,0x3470,0x3c91,0x3490,0x3491,0x2c91,0x3490,0x2c91,0x3c92,0x2c90,0x3491,
  0x2cb1,0x34b0,0x2cb1,0x3491,0x2c91,0x34b0,0x3491,0x3490,0x2cb1,0x34b0,0x2cb1,0x3491,0x2c91,0x3490,0x2cb2,0x3c91,
  0x3490,0x2c91,0x3491,0x2cb0,0x34b1,0x2c91,0x3c71,0x4470,0x3472,0x3c91,0x34b1,0x3491,0x2491,0x3d53,0x35d5,0x25f5,
  0x25f4,0x2e16,0x2df5,0x3594,0x34b1,0x1a69,0x0186,0x1926,0x10e5,0x1925,0x1106,0x2106,0x2105,0x1906,0x2105,0x1106,
  0x1925,0x1925,0x1105,0x2106,0x1905,0x1106,0x1906,0x1105,0x1906,0x1106,0x1906,0x1905,0x10e5,0x1905,0x1106,0x1906,
  0x1105,0x1905,0x1106,0x18e4,0x1106,0x18e5,0x1105,0x18e5,0x1106,0x18e4,0x1906,0x10e5,0x1906,0x10e5,0x1905,0x10e5,
  0x1906,0x10e5,0x18e6,0x18e5,0x10e4,0x18e5,0x1905,0x10e5,0x1906,0x10e5,0x1905,0x1105,0x18e4,0x10e5,0x18e5,0x10e4,
  0x18e6,0x10e5,0x18e4,0x18e5,0x10e4,0x18e5,0x10e4,0x18e5,0x18e5,0x10e4,0x18e6,0x10e5,0x18e4,0x18e5,0x10e4,0x18e5,
  0x10e5,0x18e5,0x18e4,0x10e5,0x18e5,0x10e4,0x18e5,0x10e5,0x18e4,0x10e5,0x18e4,0x10e5,0x18e5,0x10e4,0x18e5,0x18e5,
  0x10e4,0x18e5,0x10e4,0x18e5,0x10e5,0x18e4,0x10e5,0x18e5,0x10e4,0x18e5,0x10e4,0x18e5,0x10e4,0x18e5,0x18e5,0x10e4,
  0x18e5,0x10e4,0x18e5,0x10e5,0x18e4,0x10e5,0x18e5,0x10e4,0x18e5,0x10e4,0x18e5,0x18e4,0x10e5,0x18e5,0x18e5,0x10e4,
  0x18e5,0x10e4,0x18e5,0x10e4,0x18e5,0x10e4,0x18e5,0x18e5,0x10e4,0x18e5,0x18e4,0x10e5,0x18e4,0x10e5,0x18e5,0x10e4,
  0x18e5,0x10e5,0x18e4,0x10e5,0x18e5,0x10e4,0x18e4,0x10e5,0x18e5,0x10e4,0x18e5,0x10e5,0x18e4,0x18e5,0x10e4,0x18e5,
  0x10e5,0x18e5,0x18e4,0x10e5,0x18e4,0x10e5,0x18e4,0x10e5,0x18e5,0x10e5,0x18e4,0x10e5,0x18e4,0x10e5,0x18e4,0x10e5,
  0x18e5,0x18e4,0x10e5,0x18e5,0x10e4,0x18e5,0x18e5,0x10e4,0x18e5,0x10e5,0x18e5,0x10e4,0x18e5,0x10e4,0x18e5,0x10e4,
  0x18e5,0x18e4,0x10e5,0x18e4,0x10e5,0x18e4,0x10e5,0x18e4,0x10e5,0x18e5,0x18e4,0x10e5,0x18e4,0x10e5,0x18e5,0x10e4,
  0x18e5,0x10e4,0x18e5,0x10e5,0x18e4,0x10e5,0x18e5,0x10e4,0x18e5,0x18e5,0x10e4,0x18e5,0x10e5,0x18e4,0x10e5,0x18e5,
  0x18e4,0x10e5,0x18e5,0x10e4,0x18e5,0x10e5,0x18e5,0x10e4,0x18e5,0x10e5,0x18e4,0x18e5,0x10e4,0x18e5,0x10e4,0x18e5,
  0x10e4,0x18e5,0x10e5,0x18e4,0x10e5,0x18e5,0x10e4,0x18e5,0x10e5,0x18e4,0x10e5,0x18e5,0x10e5,0x18e4,0x10e5,0x18e4,
  0x10e5,0x18e4,0x10e5,0x18e5,0x10e5,0x18e4,0x10e5,0x18e5,0x18e4,0x10e5,0x18e5,0x10e4,0x18e5,0x10e5,0x18e5,0x18e4,
  0x10e5,0x18e5,0x10e4,0x18e5,0x10e5,0x18e4,0x18e5,0x10e5,0x18e4,0x18e5,0x10e4,0x18e5,0x10e5,0x18e5,0x10e4,0x18e5,
  0x10e5,0x18e4,0x10e5,0x18e5,0x18e4,0x10e5,0x18e4,0x10e5,0x18e5,0x18e4,0x10e5,0x18e5,0x18e4,0x10e5,0x18e5,0x10e4,
  0x18e5,0x10e5,0x18e5,0x18e4,0x10e5,0x18e4,0x10e5,0x18e5,0x10e4,0x18e5,0x10e5,0x18e4,0x10e5,0x18e5,0x10e4,0x18e5,
  0x10e5,0x18e4,0x18e5,0x10e4,0x18e5,0x10e5,0x18e4,0x10e5,0x18e5,0x10e4,0x18e5,0x18e5,0x10e4,0x18e5,0x18e4,0x10e5,
  0x18e5,0x10e5,0x18e4,0x10e5,0x18e4,0x10e5,0x18e5,0x10e4,0x18e5,0x10e5,0x18e4,0x18e5,0x10e4,0x18e5,0x10e4,0x18e5,
  0x10e5,0x18e5,0x10e4,0x18e5,0x10e4,0x10e5,0x18e5,0x10e4,0x18e5,0x10e4,0x10e5,0x18e5,0x10e6,0x18e5,0x10e5,0x18e5,
  0x10e4,0x18e5,0x10e5,0x18e4,0x10e5,0x1906,0x10e5,0x18e4,0x1106,0x10e5,0x1905,0x1106,0x1905,0x1106,0x10e4,0x1906,
  0x10e4,0x1906,0x1105,0x1906,0x1106,0x18e4,0x1106,0x18e5,0x1106,0x10e4,0x1906,0x1106,0x1905,0x10e6,0x1906,0x1106,
  0x1905,0x1106,0x1105,0x2106,0x1906,0x1905,0x1106,0x2106,0x1906,0x1906,0x1925,0x1926,0x1906,0x2105,0x1907,0x2106,
  0x1905,0x20e6,0x2125,0x10e5,0x1924,0x1187,0x1186,0x2c0f,0x3595,0x35f5,0x1dd5,0x2616,0x1df4,0x35b5,0x3532,0x1b6d,
  0x0a49,0x1229,0x0a09,0x0a07,0x1208,0x0a08,0x11e7,0x09e8,0x11e8,0x09e7,0x11e8,0x09e8,0x1207,0x0a08,0x1207,0x0a08,
  0x1207,0x0a08,0x1208,0x0a07,0x1208,0x0a07,0x1208,0x0a08,0x1208,0x0a08,0x1207,0x0a08,0x1207,0x0a08,0x1207,0x0a08,
  0x09e8,0x1207,0x0a08,0x1207,0x0a08,0x1207,0x09e8,0x09e8,0x11e7,0x0a08,0x1229,0x0a48,0x1269,0x1bae,0x3533,0x35b5,
  0x2616,0x1db3,0x2df6,0x2dd4,0x3d94,0x2bad,0x11a6,0x1165,0x1105,0x1126,0x2105,0x1906,0x1906,0x2107,0x1905,0x2126,
  0x1125,0x1106,0x1905,0x1906,0x1105,0x1906,0x1105,0x1906,0x1105,0x1906,0x10e5,0x1106,0x1906,0x1105,0x1906,0x1105,
  0x1906,0x1105,0x1906,0x10e4,0x1906,0x10e4,0x1906,0x10e4,0x1906,0x10e6,0x10e6,0x1906,0x10e4,0x1905,0x1105,0x18e5,
  0x10e4,0x1905,0x1105,0x1106,0x1905,0x10e5,0x1105,0x18e4,0x10e5,0x18e4,0x10e5,0x18e5,0x10e5,0x18e5,0x10e5,0x18e4,
  0x10e5,0x18e4,0x10e5,0x10e5,0x18e5,0x10e4,0x18e5,0x10e5,0x10e6,0x18e5,0x10e4,0x18e5,0x10e4,0x10e5,0x18e5,0x10e4,
  0x18e5,0x10e4,0x10e5,0x18e5,0x10e5,0x18e5,0x10e4,0x18e5,0x10e5,0x18e4,0x10e5,0x18e4,0x10e5,0x18e5,0x10e4,0x10e5,
  0x18e5,0x10e4,0x18e5,0x10e4,0x18e5,0x10e4,0x18e5,0x10e4,0x18e5,0x10e4,0x18e5,0x10e5,0x18e5,0x10e4,0x10e5,0x18e5,
  0x10e4,0x18e5,0x10e5,0x18e4,0x10e5,0x18e4,0x10e5,0x18e5,0x10e5,0x18e4,0x10e5,0x10e5,0x18e4,0x10e5,0x10e4,0x18e5,
  0x10e5,0x18e5,0x10e4,0x18e5,0x10e5,0x18e5,0x10e4,0x10e5,0x18e4,0x10e5,0x10e5,0x18e5,0x10e4,0x18e5,0x10e4,0x18e5,
  0x10e4,0x18e5,0x10e4,0x18e5,0x10e4,0x18e5,0x10e5,0x18e4,0x10e5,0x18e5,0x10e4,0x18e5,0x10e4,0x10e5,0x18e5,0x10e4,
  0x18e5,0x10e4,0x10e5,0x18e5,0x10e5,0x18e5,0x10e4,0x18e5,0x10e4,0x18e5,0x10e5,0x18e4,0x10e5,0x18e5,0x10e5,0x18e4,
  0x10e5,0x10e5,0x18e4,0x10e5,0x18e4,0x10e5,0x10e4,0x18e5,0x10e4,0x18e5,0x10e4,0x18e5,0x10e5,0x18e4,0x10e5,0x18e5,
  0x10e5,0x10e4,0x18e5,0x10e5,0x18e4,0x10e5,0x18e5,0x10e5,0x18e4,0x10e5,0x10e4,0x18e5,0x10e5,0x18e4,0x10e5,0x18e5,
  0x10e5,0x18e5,0x10e4,0x18e5,0x10e5,0x18e4,0x10e5,0x18e5,0x10e4,0x10e5,0x18e4,0x10e5,0x18e4,0x10e5,0x18e4,0x10e5,
  0x10e5,0x18e4,0x10e5,0x18e5,0x10e4,0x18e5,0x10e4,0x18e5,0x10e4,0x18e5,0x10e5,0x10e4,0x18e5,0x10e5,0x18e4,0x10e5,
  0x18e5,0x10e4,0x18e5,0x10e5,0x18e4,0x10e5,0x18e4,0x10e5,0x18e4,0x10e5,0x18e5,0x10e4,0x18e5,0x10e4,0x18e5,0x10e5,
  0x18e5,0x10e5,0x18e4,0x10e5,0x18e4,0x10e5,0x18e4,0x10e5,0x10e5,0x18e4,0x10e5,0x18e4,0x10e5,0x18e4,0x10e5,0x10e5,
  0x18e4,0x10e5,0x18e5,0x10e4,0x18e5,0x10e5,0x10e4,0x18e5,0x10e5,0x10e4,0x18e5,0x10e4,0x18e5,0x10e4,0x18e5,0x10e4,
  0x18e5,0x10e5,0x18e4,0x10e5,0x10e5,0x18e5,0x10e4,0x18e5,0x10e4,0x10e5,0x18e4,0x10e5,0x10e4,0x18e5,0x10e4,0x18e5,
  0x10e4,0x18e5,0x10e4,0x10e5,0x18e5,0x10e4,0x18e5,0x10e4,0x18e5,0x10e4,0x18e5,0x10e4,0x18e5,0x10e4,0x18e5,0x10e4,
  0x18e5,0x10e5,0x10e5,0x18e5,0x10e4,0x18e5,0x10e4,0x18e5,0x10e4,0x18e5,0x10e4,0x10e5,0x18e4,0x10e5,0x10e5,0x18e4,
  0x10e5,0x18e4,0x10e5,0x18e5,0x10e5,0x18e4,0x10e5,0x18e4,0x10e5,0x18e4,0x10e5,0x10e5,0x18e5,0x10e4,0x18e5,0x10e5,
  0x10e4,0x10e5,0x18e4,0x10e5,0x18e6,0x10e4,0x18e5,0x10e4,0x18e5,0x10e5,0x18e5,0x10e4,0x18e6,0x10e4,0x10e5,0x18e5,
  0x10e4,0x10e5,0x18e4,0x1106,0x1906,0x10e4,0x1906,0x10e4,0x1906,0x10e4,0x18e5,0x1106,0x1105,0x1906,0x10e5,0x1105,
  0x1906,0x1105,0x1106,0x1905,0x1106,0x18e5,0x1105,0x10e5,0x1905,0x10e5,0x1905,0x1106,0x1906,0x1105,0x1106,0x1905,
  0x1106,0x1906,0x1106,0x1905,0x1106,0x1106,0x1905,0x1105,0x1906,0x1105,0x1926,0x1125,0x1926,0x1106,0x1906,0x1106,
  0x2105,0x18e6,0x2106,0x1104,0x1905,0x0966,0x09a7,0x2c10,0x2db4,0x2df6,0x1df4,0x25f5,0x35d4,0x2d33,0x1bae,0x0248,
  0x09e8,0x19c7,0x09a7,0x11a7,0x09a6,0x1187,0x0987,0x1166,0x1167,0x1967,0x1166,0x1967,0x0966,0x1967,0x1187,0x1986,
  0x1187,0x1986,0x1187,0x1986,0x1187,0x1187,0x1186,0x1187,0x1986,0x1187,0x1186,0x1987,0x1187,0x1966,0x0967,0x1966,
  0x1167,0x1966,0x1167,0x1967,0x0986,0x09a7,0x1186,0x1187,0x1186,0x09a7,0x11c6,0x09e8,0x09e8,0x1269,0x1bce,0x3553,
  0x2616,0x25d5,0x1df5,0x2df4,0x35b4,0x2bae,0x01c6,0x0946,0x1924,0x1106,0x1106,0x1905,0x1906,0x2106,0x1906,0x1906,
  0x1105,0x1925,0x1106,0x1906,0x1106,0x1905,0x1106,0x1106,0x1905,0x1106,0x18e6,0x1105,0x1106,0x1906,0x10e5,0x1106,
  0x1906,0x1105,0x1106,0x1906,0x1105,0x1906,0x1106,0x1905,0x1106,0x1905,0x1104,0x1906,0x10e4,0x1906,0x10e5,0x1905,
  0x1105,0x10e5,0x1905,0x10e5,0x1906,0x10e4,0x1906,0x10e6,0x1105,0x18e5,0x10e4,0x10e5,0x18e4,0x10e5,0x10e4,0x18e5,
  0x10e6,0x10e4,0x18e5,0x10e4,0x18e5,0x10e5,0x10e4,0x18e5,0x10e4,0x10e5,0x18e4,0x10e5,0x18e5,0x10e4,0x18e5,0x10e4,
  0x18e5,0x10e5,0x18e4,0x10e4,0x18e4,0x10e5,0x18e4,0x10e5,0x10e4,0x18e5,0x10e5,0x10e5,0x18e4,0x10e5,0x18e5,0x10e4,
  0x18e5,0x10e5,0x10e4,0x18e5,0x10e5,0x10e4,0x18e5,0x10e5,0x10e5,0x18e5,0x10e4,0x10e5,0x18e4,0x10e5,0x18e4,0x10e5,
  0x10e5,0x18e4,0x10e5,0x10e5,0x18e4,0x10e5,0x18e4,0x10e5,0x18e4,0x10e5,0x18e4,0x10e5,0x18e5,0x10e4,0x18e5,0x10e4,
  0x10e5,0x18e4,0x10e5,0x10e4,0x18e5,0x10e4,0x18e5,0x10e5,0x18e5,0x10e4,0x18e5,0x10e4,0x18e5,0x10e5,0x10e4,0x18e5,
  0x10e5,0x18e4,0x10e5,0x10e5,0x18e4,0x10e5,0x10e4,0x18e5,0x10e4,0x10e5,0x18e4,0x10e5,0x18e5,0x10e4,0x18e5,0x10e4,
  0x18e5,0x10e5,0x18e4,0x10e4,0x18e5,0x10e4,0x10e5,0x18e5,0x10e4,0x10e5,0x18e4,0x10e5,0x18e5,0x10e4,0x18e5,0x10e4,
  0x18e5,0x10e4,0x18e5,0x10e5,0x10e4,0x18e5,0x10e5,0x10e4,0x18e5,0x10e4,0x10e5,0x18e4,0x10e5,0x18e5,0x10e4,0x10e5,
  0x18e4,0x10e5,0x18e4,0x10e5,0x18e5,0x10e4,0x10e5,0x18e4,0x10e5,0x18e5,0x10e5,0x18e4,0x10e5,0x10e5,0x18e4,0x10e4,
  0x18e5,0x10e4,0x18e5,0x10e4,0x18e5,0x10e5,0x18e4,0x10e5,0x18e4,0x10e5,0x18e5,0x10e4,0x18e5,0x10e5,0x10e4,0x18e5,
  0x10e4,0x18e5,0x10e4,0x10e5,0x18e4,0x10e5,0x18e5,0x10e4,0x10e5,0x18e4,0x10e5,0x18e5,0x10e4,0x18e5,0x10e5,0x18e4,
  0x10e5,0x18e5,0x10e4,0x18e5,0x10e4,0x18e5,0x10e5,0x18e4,0x10e5,0x18e4,0x10e5,0x18e4,0x10e5,0x18e5,0x10e4,0x10e5,
  0x18e4,0x10e5,0x10e4,0x18e5,0x10e5,0x18e4,0x10e5,0x18e4,0x10e5,0x18e4,0x10e5,0x18e5,0x10e4,0x10e5,0x18e4,0x10e5,
  0x18e4,0x10e5,0x18e4,0x10e5,0x10e4,0x18e5,0x10e5,0x18e4,0x10e5,0x18e5,0x10e5,0x18e4,0x10e5,0x18e5,0x10e4,0x10e5,
  0x18e4,0x10e5,0x10e5,0x18e4,0x10e5,0x18e4,0x10e5,0x18e5,0x10e5,0x18e4,0x10e5,0x18e5,0x10e5,0x18e4,0x10e5,0x10e5,
  0x18e4,0x10e5,0x18e5,0x10e4,0x10e5,0x18e5,0x10e4,0x10e5,0x18e5,0x10e4,0x10e5,0x18e5,0x10e4,0x18e5,0x10e5,0x18e4,
  0x10e5,0x18e4,0x10e4,0x18e5,0x10e4,0x18e5,0x10e5,0x18e4,0x10e5,0x10e5,0x18e4,0x10e5,0x18e5,0x10e4,0x18e5,0x10e5,
  0x10e4,0x18e5,0x10e4,0x10e5,0x18e4,0x10e5,0x10e4,0x18e5,0x10e5,0x10e4,0x18e5,0x10e4,0x18e5,0x10e5,0x10e4,0x18e5,
  0x1906,0x10e4,0x18e5,0x10e5,0x10c5,0x18e5,0x10e4,0x10e5,0x18c4,0x10e6,0x18e5,0x10e5,0x10c4,0x18e5,0x10e4,0x18e5,
  0x10e5,0x1904,0x10e5,0x1105,0x1906,0x10e4,0x1106,0x1906,0x10e4,0x1906,0x10e4,0x18e5,0x10c5,0x1904,0x1106,0x18e5,
  0x1106,0x1905,0x1105,0x1906,0x1125,0x1106,0x1906,0x1105,0x1906,0x1106,0x1106,0x1905,0x1106,0x18e5,0x1106,0x1906,
  0x1105,0x10e5,0x18e6,0x1905,0x2106,0x10e5,0x2106,0x1106,0x1105,0x20e6,0x1106,0x1125,0x1926,0x1905,0x1906,0x2106,
  0x1905,0x20e6,0x1125,0x1125,0x1904,0x1147,0x11a8,0x242f,0x35d5,0x1df5,0x2615,0x25f4,0x35d5,0x24b0,0x0289,0x11e8,
  0x11a8,0x1987,0x1146,0x1966,0x0986,0x1166,0x1946,0x1146,0x1925,0x2126,0x1925,0x1946,0x2126,0x1925,0x1946,0x1926,
  0x1126,0x1145,0x2146,0x1946,0x1145,0x1947,0x1966,0x1946,0x1146,0x2145,0x1946,0x2145,0x1946,0x1926,0x2126,0x1925,
  0x2126,0x1926,0x1905,0x2146,0x1146,0x1965,0x1166,0x1946,0x1165,0x1167,0x1186,0x1187,0x19a7,0x0a09,0x1289,0x2513,
  0x25b3,0x2636,0x1e14,0x1e15,0x2db4,0x2bce,0x01c7,0x1146,0x1126,0x18e4,0x1106,0x1905,0x1906,0x1906,0x2105,0x1126,
  0x1904,0x10e6,0x1905,0x1106,0x1905,0x18e6,0x1905,0x1906,0x2106,0x1105,0x10e6,0x1905,0x1106,0x1905,0x1106,0x1905,
  0x1106,0x1906,0x1105,0x1906,0x1106,0x1105,0x1906,0x1106,0x1105,0x1906,0x10e5,0x1106,0x18e5,0x1105,0x10e5,0x1906,
  0x1105,0x1906,0x1106,0x18e4,0x10e5,0x1906,0x10e4,0x18e6,0x10e6,0x18e4,0x1105,0x18e5,0x10e4,0x18e5,0x10e6,0x18c4,
  0x10e6,0x18e5,0x10c4,0x18e5,0x10e4,0x18e5,0x10e4,0x10e5,0x18e5,0x10e5,0x18e5,0x10e4,0x10c5,0x18e5,0x10e4,0x10e5,
  0x18c4,0x10e5,0x18e5,0x10e5,0x10e4,0x10e5,0x18c5,0x10e4,0x18e5,0x10e4,0x18e5,0x10e4,0x18e5,0x10e4,0x10e5,0x18c4,
  0x10e5,0x18e4,0x10e5,0x18e4,0x10e5,0x18e5,0x10e4,0x18e5,0x10e4,0x18e5,0x10e4,0x18c5,0x10e5,0x18e4,0x10e5,0x18e4,
  0x10e5,0x18e5,0x10e4,0x18e5,0x10e5,0x10e5,0x18e4,0x10e5,0x10e5,0x18e5,0x10e4,0x18e5,0x10e4,0x18e5,0x10e5,0x18e4,
  0x10e5,0x18e5,0x10e4,0x18e5,0x10e5,0x10e4,0x18e5,0x10e4,0x10e5,0x18e4,0x10e5,0x18e5,0x10e4,0x18e5,0x10e5,0x18e4,
  0x10e5,0x10e5,0x18c4,0x10e5,0x18e5,0x10e4,0x18e5,0x10c5,0x18e5,0x10e4,0x18e5,0x10e4,0x10c5,0x18e5,0x10e4,0x10e5,
  0x18c4,0x10e5,0x18e5,0x10e5,0x10c4,0x18e5,0x10e4,0x18e5,0x10e5,0x18e4,0x10e5,0x10e4,0x18e5,0x10e4,0x10e5,0x18e5,
  0x10e4,0x18e5,0x10e4,0x18e5,0x10c5,0x18e4,0x10e5,0x18e5,0x10e5,0x18e5,0x10e4,0x18e5,0x10e4,0x10e5,0x18e5,0x10e4,
  0x18e5,0x10e5,0x10e5,0x18e4,0x10e5,0x18c4,0x10e5,0x18e5,0x10e4,0x10c4,0x18e5,0x10e4,0x18e5,0x10c4,0x18e5,0x10e5,
  0x10e4,0x18c5,0x10e5,0x10e4,0x18e5,0x10e4,0x10e5,0x18e5,0x10e4,0x18e5,0x10e4,0x10e5,0x18e4,0x10e5,0x18e5,0x10e4,
  0x18e5,0x10e5,0x18e5,0x10e4,0x18e5,0x10e4,0x10e5,0x18e5,0x10e5,0x18e5,0x10c4,0x18e5,0x10e4,0x10e5,0x18c4,0x10e5,
  0x10e4,0x18e5,0x10e4,0x10e5,0x18e5,0x10e4,0x10e5,0x18e5,0x10e5,0x10e4,0x18e5,0x10e5,0x10e4,0x18e5,0x10e5,0x18e4,
  0x10e5,0x18e4,0x10e5,0x18e4,0x10e5,0x10e5,0x18c5,0x10e4,0x18e5,0x10e5,0x10c4,0x18e5,0x10e5,0x18e4,0x10e5,0x18e5,
  0x10e4,0x10e5,0x18e5,0x10c5,0x18e4,0x10e5,0x18e4,0x10e5,0x18e4,0x10e5,0x18e4,0x10e5,0x10e4,0x18e5,0x10e5,0x18e5,
  0x10e5,0x18e4,0x10e5,0x18e4,0x10e5,0x10e5,0x18e4,0x10e5,0x18e4,0x10c5,0x18e4,0x10e5,0x18e4,0x10c5,0x18e4,0x10e5,
  0x18e5,0x10e4,0x10e5,0x18e4,0x10e5,0x18e4,0x10e5,0x18e4,0x10e5,0x18e5,0x10e4,0x18e5,0x10e5,0x10e4,0x18e5,0x10e5,
  0x10e4,0x18e5,0x10c5,0x10e5,0x18e5,0x10e4,0x10e5,0x18e5,0x10e4,0x18e5,0x10e5,0x18e4,0x10e5,0x18e5,0x10e4,0x18e5,
  0x10c5,0x18e4,0x10e5,0x18e5,0x10e4,0x18e5,0x10e5,0x18c4,0x10e5,0x18e5,0x10c4,0x18e5,0x10e4,0x18e5,0x10e4,0x10e5,
  0x10e4,0x18e5,0x10e5,0x18e5,0x10e4,0x18e5,0x10e5,0x18e4,0x10e5,0x10e4,0x18e5,0x10e4,0x1906,0x10e5,0x18e6,0x10e4,
  0x1905,0x10e5,0x18e4,0x10e5,0x1906,0x10e5,0x1905,0x1106,0x1106,0x18e5,0x1106,0x1105,0x18e6,0x10e5,0x1905,0x10c5,
  0x1905,0x1106,0x18e6,0x1106,0x1926,0x10e4,0x1906,0x10e5,0x1905,0x10e6,0x1905,0x1106,0x1906,0x1106,0x1905,0x10e5,
  0x1906,0x1106,0x1905,0x1906,0x1906,0x1906,0x1905,0x2106,0x1106,0x1905,0x1906,0x1106,0x1925,0x1906,0x2106,0x18e6,
  0x1906,0x18e4,0x1106,0x1926,0x1126,0x1926,0x09a8,0x2c30,0x25d4,0x1e15,0x1e14,0x1df5,0x2db4,0x34d1,0x0a47,0x11e8,
  0x1186,0x1166,0x1965,0x1146,0x1966,0x1145,0x1126,0x1906,0x1104,0x18e5,0x1926,0x1104,0x1905,0x1106,0x1904,0x1125,
  0x1926,0x1106,0x1925,0x2126,0x1146,0x1925,0x1946,0x1145,0x1946,0x1946,0x2146,0x1925,0x2106,0x1925,0x1126,0x18e5,
  0x1925,0x2126,0x1926,0x2105,0x1126,0x1946,0x1125,0x1126,0x1946,0x1125,0x1166,0x1165,0x1987,0x11e8,0x0a48,0x3532,
  0x2615,0x1e34,0x1df5,0x1df6,0x35b5,0x23cd,0x09a8,0x0965,0x1126,0x18c4,0x1106,0x1106,0x2105,0x18e6,0x2105,0x1106,
  0x1106,0x1905,0x1106,0x1106,0x1905,0x1906,0x1106,0x2105,0x1906,0x18e5,0x1106,0x1906,0x1105,0x1106,0x18e6,0x1106,
  0x18e5,0x1106,0x1906,0x10c4,0x1906,0x10e5,0x10e5,0x1906,0x1106,0x1905,0x1106,0x1905,0x1106,0x18e4,0x10e6,0x18e4,
  0x10e5,0x18e5,0x1106,0x1106,0x18e4,0x10e6,0x10e4,0x18e6,0x10e4,0x10e5,0x18e4,0x10e5,0x10e5,0x18c4,0x10e5,0x10e5,
  0x18e4,0x10e5,0x18e5,0x10e4,0x10e5,0x18e5,0x10e4,0x18e6,0x10e4,0x18e5,0x10e5,0x18e5,0x10e4,0x18e5,0x10e5,0x18e4,
  0x10e5,0x10e4,0x18e5,0x10e4,0x10c5,0x18e4,0x10e5,0x18e5,0x10e5,0x18e4,0x10c5,0x18e5,0x10e4,0x18c5,0x10e5,0x18e4,
  0x10e5,0x10e5,0x18e5,0x10c5,0x18e4,0x10e5,0x10e4,0x18c5,0x10e4,0x10e5,0x18e5,0x10e4,0x18e5,0x10e5,0x10e4,0x18c5,
  0x10e4,0x10e5,0x18e4,0x10e5,0x18e4,0x10c5,0x18e5,0x10e4,0x18e5,0x10e4,0x10e5,0x18e5,0x10e4,0x10e5,0x18e4,0x10e5,
  0x18c4,0x10e5,0x10e5,0x18c4,0x10e5,0x18e5,0x10e4,0x18c5,0x10e4,0x18e5,0x10e4,0x10c5,0x18e5,0x10e4,0x18e5,0x10c4,
  0x18e5,0x10e4,0x18e5,0x10e4,0x18e5,0x10e5,0x18e4,0x10e5,0x10e4,0x18e5,0x10e5,0x18e5,0x10e4,0x18e5,0x10e5,0x18e4,
  0x10e5,0x10e4,0x18e5,0x10e4,0x18e5,0x10e5,0x18e5,0x10e4,0x18e5,0x10e5,0x18e4,0x10e5,0x18e5,0x10e5,0x18e4,0x10e5,
  0x10e5,0x18c4,0x10e5,0x10e4,0x18e5,0x10e5,0x18e4,0x10c5,0x18e4,0x10e5,0x18c5,0x10e5,0x18e5,0x10c4,0x18e5,0x10e5,
  0x18e4,0x10c5,0x18e4,0x10e5,0x18e5,0x10e5,0x18e4,0x10e5,0x18e5,0x10e5,0x18e4,0x10e5,0x10e5,0x18e5,0x10e4,0x18e5,
  0x10e5,0x10e4,0x18e5,0x10e5,0x18e4,0x10e5,0x18e4,0x10c5,0x10e5,0x18e4,0x10c5,0x18e5,0x10e5,0x18c4,0x10e5,0x18e5,
  0x10c4,0x10e5,0x18e4,0x10e5,0x10c5,0x18e5,0x10e4,0x18c5,0x10e4,0x10e5,0x18e4,0x10e5,0x18e5,0x10e4,0x10e5,0x18e5,
  0x10e4,0x10c5,0x18e5,0x10e4,0x18e5,0x10c5,0x18e4,0x10e4,0x18e5,0x10c5,0x10e4,0x18e5,0x10e5,0x18c4,0x10e5,0x10e4,
  0x18e5,0x10e5,0x18e5,0x10e4,0x18c5,0x10e4,0x10e5,0x18e5,0x10e4,0x18e5,0x10e5,0x18e4,0x10e5,0x18e5,0x10c4,0x10e5,
  0x18e5,0x10c4,0x18e5,0x10e4,0x18e5,0x10e5,0x10e4,0x18e5,0x10e5,0x10e4,0x18e5,0x10c5,0x18e5,0x10e4,0x18c5,0x10e4,
  0x10e5,0x18c4,0x10e5,0x10e5,0x18e4,0x10c5,0x18e4,0x10e5,0x10e5,0x18e4,0x10e5,0x10e5,0x18e4,0x10e5,0x10e5,0x18e4,
  0x10e5,0x18c4,0x10e5,0x18e5,0x10e4,0x10e5,0x18e5,0x10e5,0x18c4,0x10e5,0x18e5,0x10c4,0x18e5,0x10e5,0x10c4,0x18e5,
  0x10e5,0x18e4,0x10e5,0x18e4,0x10e5,0x18e4,0x10c5,0x18e4,0x10e5,0x18c4,0x10e5,0x10e5,0x18e4,0x10c5,0x10e4,0x18e5,
  0x10e4,0x10e5,0x18e4,0x10e5,0x10e5,0x18c4,0x10e5,0x10e5,0x18e4,0x10e5,0x18e5,0x10e4,0x10e5,0x18e5,0x10e4,0x18e5,
  0x10e4,0x18e5,0x10c4,0x10e4,0x18e6,0x10e4,0x18e5,0x10e4,0x18e5,0x10e4,0x18e5,0x10e5,0x18e5,0x10e4,0x10e4,0x18c5,
  0x10e4,0x1105,0x18e5,0x10e5,0x10e4,0x1906,0x10e4,0x18c4,0x1106,0x18e4,0x1106,0x1904,0x10e5,0x18e5,0x10e5,0x10e4,
  0x1906,0x1104,0x1105,0x1905,0x1106,0x1905,0x10e4,0x1906,0x10e4,0x1906,0x1105,0x1105,0x1905,0x1106,0x1105,0x1905,
  0x10e4,0x1906,0x10e5,0x18e6,0x1105,0x1905,0x1106,0x1905,0x18e5,0x1905,0x1905,0x1106,0x1905,0x2106,0x1905,0x2106,
  0x18e5,0x1906,0x1144,0x1145,0x1926,0x1946,0x1188,0x2c2f,0x1df5,0x2635,0x1e35,0x25d3,0x25b3,0x3cd2,0x0a47,0x11a7,
  0x1166,0x2147,0x1145,0x1126,0x1945,0x1926,0x2125,0x1126,0x1925,0x1126,0x1924,0x1126,0x1124,0x1925,0x1125,0x1146,
  0x1945,0x1146,0x1945,0x1145,0x1946,0x1165,0x1966,0x1165,0x1966,0x1145,0x1165,0x1946,0x1145,0x1926,0x1145,0x1925,
  0x1945,0x1125,0x1925,0x1926,0x1125,0x2125,0x1126,0x1904,0x1925,0x1945,0x1166,0x1165,0x1987,0x09a6,0x1229,0x2cf1,
  0x2e35,0x1df4,0x2636,0x1df4,0x2db4,0x2bcf,0x09e7,0x1967,0x1104,0x1925,0x1125,0x1906,0x1905,0x2106,0x1905,0x2106,
  0x1104,0x1106,0x2105,0x1906,0x1905,0x2106,0x1905,0x1906,0x1905,0x1906,0x1905,0x10e5,0x20e5,0x1106,0x18e4,0x1105,
  0x1106,0x1904,0x1105,0x10e5,0x1905,0x10e4,0x1906,0x1104,0x1905,0x1106,0x1905,0x1106,0x18e4,0x10e5,0x18e4,0x10e6,
  0x10e4,0x18e6,0x10e4,0x18e5,0x1105,0x18e5,0x10e4,0x18e5,0x1105,0x18e5,0x1105,0x1906,0x10e4,0x18e6,0x10e4,0x18e5,
  0x10e5,0x18e4,0x10e5,0x18e5,0x10e4,0x18c5,0x10e4,0x18e5,0x10e4,0x18e5,0x10c4,0x10e5,0x18e5,0x10e5,0x18e5,0x10e4,
  0x18e5,0x10e4,0x18e5,0x10e4,0x18e5,0x10e4,0x10e5,0x18e4,0x10e4,0x10e5,0x18e4,0x10e5,0x10e4,0x18e5,0x10e4,0x10e5,
  0x18e4,0x10e4,0x18e4,0x10e5,0x10e4,0x18e5,0x10e4,0x18e5,0x10e4,0x18e5,0x10e4,0x18e5,0x10e4,0x18e4,0x10e5,0x18e4,
  0x10e5,0x18e4,0x10e5,0x18c4,0x10e5,0x18e4,0x10e4,0x10e5,0x18e4,0x10c5,0x18e4,0x10e5,0x18c4,0x10e5,0x10e4,0x18e5,
  0x10e4,0x18e5,0x10e4,0x18e5,0x10e4,0x18e4,0x10e5,0x18e4,0x10e5,0x10e4,0x18e5,0x10e4,0x18e4,0x10e5,0x10e4,0x18e5,
  0x10e4,0x18e5,0x10e4,0x10e5,0x18e4,0x10c5,0x10e4,0x18e5,0x10e4,0x18e5,0x10c4,0x10e4,0x18e5,0x10e4,0x18e5,0x10e4,
  0x18e5,0x10e4,0x18e5,0x10e4,0x18e5,0x10e4,0x10e4,0x18c5,0x10e4,0x10e4,0x18e5,0x10c4,0x10e4,0x18e5,0x10e4,0x18c4,
  0x10e5,0x18e4,0x10e5,0x18e4,0x10e5,0x18e4,0x10e5,0x10e4,0x18e5,0x10e4,0x10e4,0x18e4,0x10e5,0x18e4,0x10e4,0x18e5,
  0x10e4,0x18e5,0x10e4,0x10e4,0x18e4,0x10e5,0x10e4,0x18e4,0x10e4,0x18e5,0x10e4,0x18e5,0x10e4,0x18e4,0x10e5,0x10e4,
  0x18e5,0x10e4,0x18e4,0x10e5,0x10c4,0x18e5,0x10e4,0x18e5,0x10e4,0x18e5,0x10e4,0x10e4,0x18e5,0x10e4,0x10e5,0x18e4,
  0x10e5,0x18e4,0x10e5,0x18e4,0x10e4,0x18e5,0x10e4,0x18e5,0x10e4,0x18e5,0x10e4,0x10e5,0x18e4,0x10e5,0x18e4,0x10e5,
  0x18e4,0x10e5,0x18e4,0x10e5,0x10e4,0x18e4,0x10e5,0x10e5,0x18e4,0x10e5,0x18e4,0x10e4,0x18e5,0x10e4,0x18e5,0x10e4,
  0x18e5,0x10c4,0x10e4,0x18e5,0x10e4,0x18e5,0x10e4,0x18e4,0x10e5,0x10e4,0x18e4,0x10e5,0x10e4,0x18e4,0x10e5,0x18e4,
  0x10e5,0x18e4,0x10e5,0x10e4,0x18e5,0x10e4,0x18e5,0x10c4,0x18e5,0x10e4,0x18e5,0x10e4,0x10e4,0x18e5,0x10e4,0x18e5,
  0x10e4,0x18e5,0x10e4,0x18e5,0x10e4,0x18e5,0x10e4,0x18e5,0x10e4,0x10e5,0x18e4,0x10e5,0x10e4,0x18e5,0x10e4,0x18e5,
  0x10e4,0x10e5,0x18e4,0x10e5,0x18c4,0x10e5,0x18e4,0x10e4,0x10e5,0x18e4,0x10e4,0x10e5,0x18e4,0x10e4,0x18e5,0x10e4,
  0x18e4,0x10e5,0x18e4,0x10e5,0x18e4,0x10e5,0x18e4,0x10e5,0x10e4,0x18e5,0x10e4,0x18e5,0x10e4,0x18e5,0x10e4,0x18e5,
  0x10e4,0x18e5,0x10e4,0x18e5,0x10e4,0x18e5,0x10e4,0x18e4,0x10e5,0x18e4,0x10e4,0x18e5,0x10e4,0x18c5,0x10e4,0x18e5,
  0x1906,0x10e4,0x18e5,0x10e4,0x18e5,0x10e4,0x10e5,0x18c5,0x10e5,0x18e4,0x10e5,0x10c4,0x18e5,0x10e4,0x18e6,0x1104,
  0x1906,0x10e5,0x18e4,0x10e5,0x1905,0x10e5,0x1906,0x10e4,0x18e6,0x10e5,0x18e5,0x1105,0x10e5,0x18e4,0x1106,0x18e4,
  0x1105,0x1905,0x1106,0x1105,0x1926,0x10e4,0x1106,0x18e4,0x1106,0x10e4,0x1906,0x10e5,0x18c5,0x1106,0x1905,0x1106,
  0x10e6,0x1905,0x1106,0x1105,0x20e6,0x1905,0x1906,0x1905,0x18e6,0x1905,0x2106,0x1105,0x1926,0x1125,0x1927,0x1106,
  0x1906,0x18e4,0x1146,0x1145,0x1125,0x2147,0x1188,0x2c31,0x25f4,0x1e15,0x1614,0x2615,0x2dd4,0x3491,0x0247,0x0987,
  0x1945,0x1926,0x2125,0x1126,0x1945,0x1106,0x1905,0x1126,0x1925,0x1126,0x1945,0x1146,0x1145,0x1146,0x1145,0x0926,
  0x1145,0x0946,0x1145,0x1146,0x1145,0x1166,0x1166,0x1166,0x0945,0x1146,0x0946,0x0945,0x1146,0x0945,0x1946,0x0925,
  0x1926,0x1126,0x1925,0x1106,0x1925,0x1126,0x1925,0x1126,0x18e4,0x1146,0x1145,0x1146,0x1965,0x1167,0x11e7,0x2d33,
  0x25f3,0x15f4,0x1634,0x25f5,0x35b4,0x2bce,0x09c7,0x0967,0x1904,0x10e5,0x18e4,0x1126,0x1905,0x1106,0x1905,0x2106,
  0x1905,0x20e6,0x1905,0x18e5,0x1905,0x2106,0x10e5,0x1106,0x1905,0x1106,0x1905,0x1106,0x1905,0x10e5,0x1105,0x1906,
  0x1105,0x1905,0x1105,0x18e5,0x1105,0x18e5,0x1105,0x1906,0x1106,0x1105,0x18e6,0x10e4,0x1106,0x18e4,0x1106,0x18e4,
  0x1106,0x1905,0x1106,0x10e5,0x18e5,0x10e4,0x1906,0x10e4,0x1906,0x10e4,0x18c5,0x10e4,0x18e5,0x10e4,0x18e5,0x10e4,
  0x10e6,0x18e4,0x10e5,0x10e4,0x18e5,0x10e5,0x10e5,0x18e4,0x18e5,0x10e5,0x18e5,0x10e4,0x18e5,0x10e4,0x10e5,0x18c5,
  0x10e5,0x18e4,0x10e5,0x10c4,0x18e5,0x10e4,0x18e5,0x10e4,0x18e5,0x10e4,0x10e5,0x18e4,0x10e5,0x18e4,0x10e5,0x18e4,
  0x10e5,0x18e5,0x10e4,0x18e5,0x10e4,0x18e5,0x10e4,0x18e5,0x10e4,0x18e5,0x10c4,0x10e5,0x18e4,0x10e5,0x10e4,0x18e5,
  0x10e4,0x18e5,0x10e4,0x10e5,0x18e4,0x10e5,0x18e4,0x10e5,0x18e4,0x10e5,0x18e4,0x10e5,0x10e4,0x18e5,0x10e4,0x18e5,
  0x10e4,0x10e5,0x18e4,0x10e5,0x10e4,0x18e5,0x10e4,0x10e5,0x18e4,0x10e5,0x18e4,0x10e5,0x10e5,0x18e4,0x10e5,0x10e4,
  0x18e5,0x10e4,0x18e5,0x10e4,0x18e5,0x10e4,0x18e5,0x10e4,0x18e5,0x10e4,0x18e5,0x10e4,0x18e5,0x10e4,0x10e5,0x18c4,
  0x10e5,0x18e4,0x10e5,0x10c4,0x18e5,0x10e4,0x18e5,0x10e4,0x18e5,0x10e5,0x18e4,0x10e5,0x18e4,0x10e5,0x18e5,0x10e4,
  0x18e5,0x10e4,0x18e5,0x10e4,0x10e5,0x18e4,0x10e5,0x18e4,0x10e4,0x18e5,0x10e5,0x10e4,0x18e5,0x10e4,0x10e5,0x18e4,
  0x10e5,0x10e4,0x18e5,0x10e5,0x18c4,0x10e5,0x18e4,0x10e5,0x10c5,0x18e4,0x10e5,0x10e4,0x18c5,0x10e4,0x18e5,0x10e4,
  0x18c5,0x10e4,0x18e5,0x10e4,0x18e5,0x10e4,0x18e5,0x10e4,0x10e5,0x18e4,0x10e5,0x18e5,0x10e4,0x18e5,0x10e4,0x18e5,
  0x10e4,0x18e5,0x10e4,0x18e5,0x10e4,0x18e5,0x10e4,0x10e5,0x18e4,0x10e5,0x18e4,0x10e5,0x18e4,0x10c5,0x18e4,0x10e5,
  0x18e4,0x10e5,0x18e4,0x10e5,0x18e4,0x10e5,0x18e4,0x10e5,0x18e4,0x10e5,0x18e4,0x10e5,0x10e4,0x18e5,0x10e4,0x18e5,
  0x10e4,0x18e5,0x10e5,0x10e4,0x18e5,0x10e4,0x18e5,0x10e4,0x18e5,0x10e5,0x18e4,0x10c5,0x18e4,0x10e5,0x18e4,0x10e5,
  0x18e4,0x10e5,0x18e4,0x10e5,0x18e4,0x10e5,0x18e4,0x10e5,0x18e4,0x10e5,0x10e4,0x18e5,0x10e4,0x18e5,0x10e4,0x10e5,
  0x18e4,0x10e5,0x18e4,0x10e5,0x18e4,0x10e5,0x10e4,0x18e5,0x10e4,0x18c5,0x10e4,0x18e5,0x10e4,0x18e5,0x10c4,0x10e5,
  0x18e4,0x10e5,0x18e4,0x10e5,0x18e4,0x10e5,0x10e4,0x18e5,0x10e4,0x18e5,0x10e4,0x18e5,0x10e4,0x18e5,0x10e4,0x18e5,
  0x10e5,0x10e4,0x18c5,0x10e4,0x10e5,0x18e4,0x10e5,0x18e4,0x10e5,0x18e4,0x10e5,0x10e4,0x18e5,0x10e4,0x18e5,0x10e4,
  0x18e5,0x10e4,0x18c5,0x10e4,0x18e5,0x10e4,0x18e5,0x10e4,0x10e5,0x18e4,0x10e5,0x10e4,0x18e5,0x10e4,0x10e5,0x18e4,
  0x10c4,0x10e5,0x18c4,0x10e6,0x10c4,0x18e5,0x10c4,0x18e5,0x10e4,0x10c6,0x18e4,0x10e6,0x18c4,0x10e5,0x10c4,0x18e5,
  0x10c4,0x1906,0x10c4,0x1906,0x10c4,0x10e5,0x18c4,0x1106,0x10e5,0x1906,0x10e5,0x18e5,0x10c4,0x18e6,0x10c4,0x18e5,
  0x10e6,0x1105,0x18e5,0x1106,0x18c4,0x1106,0x18c4,0x1106,0x18c4,0x1106,0x18e5,0x1106,0x1105,0x18e6,0x10e4,0x18e6,
  0x10e4,0x10e6,0x18c4,0x1106,0x1905,0x10e6,0x1105,0x18e6,0x1105,0x18e5,0x10e5,0x2106,0x10e5,0x1906,0x10e5,0x1906,
  0x18e5,0x18e5,0x0924,0x1144,0x1106,0x1946,0x1968,0x2430,0x25d5,0x1df4,0x15d5,0x25f5,0x3db5,0x2c90,0x09e9,0x09a7,
  0x1927,0x1925,0x2106,0x1125,0x1107,0x2106,0x1907,0x20e6,0x1106,0x10e5,0x2127,0x1905,0x2106,0x1106,0x2126,0x1105,
  0x1126,0x1925,0x1147,0x1926,0x1947,0x1946,0x1167,0x1146,0x1967,0x1126,0x1946,0x1127,0x2145,0x1106,0x1925,0x20e6,
  0x1905,0x18e5,0x2106,0x1905,0x20e6,0x1905,0x18e6,0x1905,0x1106,0x1125,0x1926,0x1145,0x1106,0x1966,0x09e9,0x3532,
  0x2dd5,0x1e14,0x1dd5,0x1df4,0x3d95,0x23ce,0x11a8,0x1146,0x18c5,0x1125,0x1105,0x1925,0x1106,0x1925,0x18e6,0x2105,
  0x10c5,0x1905,0x1106,0x20e5,0x1106,0x18e5,0x1106,0x2105,0x18e6,0x18e4,0x10c6,0x10e4,0x18e6,0x1105,0x18c5,0x1105,
  0x18e6,0x1105,0x18e6,0x10e4,0x10e6,0x18e4,0x10e6,0x10e4,0x18e5,0x1106,0x1905,0x10e6,0x18e4,0x10c5,0x10e4,0x18c6,
  0x10e4,0x10c5,0x1905,0x10e5,0x18e4,0x10e6,0x10e4,0x18e6,0x10e4,0x10c5,0x1905,0x1106,0x10e4,0x18e6,0x10c4,0x18e5,
  0x10c4,0x18e5,0x10c4,0x18e5,0x10c5,0x18e5,0x10c4,0x10e5,0x10c4,0x10e5,0x18c4,0x1106,0x10c4,0x18e6,0x10c4,0x18e5,
  0x10e4,0x10c5,0x18e4,0x10e5,0x18e4,0x10c5,0x10e4,0x18c5,0x10e4,0x18c5,0x10e4,0x18c5,0x10e4,0x10c5,0x18e4,0x10c5,
  0x18e4,0x10c5,0x10e4,0x18c5,0x10e4,0x18c5,0x10e4,0x10c5,0x18e4,0x10c5,0x18e4,0x10e5,0x10c4,0x18e5,0x10c4,0x18e5,
  0x10c4,0x10e5,0x18c4,0x10e5,0x10c4,0x18e5,0x10c4,0x18e5,0x10c4,0x10e5,0x18c4,0x10e5,0x18c4,0x10e5,0x18c4,0x10e5,
  0x18c4,0x10e5,0x18c4,0x10e5,0x18c4,0x10e5,0x18c4,0x10e5,0x18c4,0x10e5,0x18c4,0x10e5,0x18c4,0x10e5,0x18c4,0x10e5,
  0x18c4,0x10e5,0x10c4,0x18e5,0x10c4,0x18e5,0x10c4,0x18e5,0x10c4,0x10e5,0x18c4,0x10e5,0x10c4,0x18e5,0x10c4,0x18e5,
  0x10e4,0x10c5,0x18e4,0x10e5,0x18c4,0x10e5,0x10c4,0x18e5,0x10c4,0x18e5,0x10c4,0x18e5,0x10c4,0x10e5,0x18c4,0x10e5,
  0x10c4,0x18e5,0x10c4,0x18e5,0x10c4,0x18e5,0x10c4,0x18e5,0x10c5,0x10e4,0x18c4,0x10e5,0x18c4,0x10e5,0x18c4,0x10e5,
  0x18c4,0x10e5,0x18c4,0x10e5,0x10e4,0x18c5,0x10e4,0x18c5,0x10e4,0x10e5,0x18c4,0x10e5,0x18e4,0x10c5,0x10e4,0x18c5,
  0x10e4,0x18e5,0x10c4,0x18e5,0x10c4,0x18e5,0x10c4,0x18e5,0x10c4,0x18e5,0x10c4,0x18e4,0x10c5,0x10e4,0x18c5,0x10e4,
  0x10c5,0x18e4,0x10c5,0x10e4,0x18c5,0x10e4,0x18c5,0x10e4,0x18c5,0x10e4,0x18c5,0x10e4,0x10c5,0x18e4,0x10e5,0x18c4,
  0x10e5,0x10c4,0x18e5,0x10c4,0x18e5,0x10c4,0x18e5,0x10c4,0x10e5,0x18c4,0x10e5,0x18c4,0x10e5,0x18c4,0x10e5,0x10c4,
  0x18e5,0x10c4,0x18e4,0x10c5,0x18e4,0x10c5,0x10e4,0x18c5,0x10e4,0x10c4,0x18e5,0x10e4,0x18c5,0x10e4,0x10c5,0x18e4,
  0x10c5,0x10e4,0x18c5,0x10e4,0x10c5,0x18e4,0x10c5,0x10e4,0x18c5,0x10e4,0x18c5,0x10e4,0x18c5,0x10e4,0x18c5,0x10e4,
  0x18c5,0x10e4,0x10c5,0x18e4,0x10c5,0x18e4,0x10c5,0x18e4,0x10c5,0x18e4,0x10e5,0x18c4,0x10e5,0x18c4,0x10e5,0x18e4,
  0x10c5,0x18e4,0x10c5,0x10e4,0x18c5,0x10e4,0x18c5,0x10e4,0x18c5,0x10e4,0x18c5,0x10e4,0x10c5,0x18e4,0x10c5,0x10e4,
  0x18c4,0x10e5,0x18e4,0x10c5,0x18e4,0x10c5,0x10e4,0x18c5,0x10e4,0x10c5,0x18e4,0x10c5,0x18e4,0x10c5,0x10e4,0x18c5,
  0x10e4,0x10c5,0x18e4,0x10e5,0x10c4,0x18e5,0x10c4,0x18e5,0x10c4,0x18e5,0x10c4,0x18e5,0x10c4,0x18e5,0x10c4,0x10e5,
  0x18e5,0x10e4,0x18e5,0x10e4,0x18c5,0x10e4,0x18e5,0x10c5,0x18e5,0x10e4,0x18c5,0x10e4,0x10e5,0x18e5,0x10e5,0x18c5,
  0x10e5,0x10e4,0x18e5,0x10c4,0x1906,0x10e4,0x1906,0x10e4,0x18e5,0x10e5,0x10e5,0x18e5,0x10e5,0x10e4,0x18e6,0x10e4,
  0x1905,0x10e5,0x1906,0x1105,0x18e6,0x10e4,0x1106,0x18c4,0x1106,0x1904,0x10e6,0x1905,0x1106,0x1905,0x10e6,0x1105,
  0x1906,0x10e5,0x1906,0x10e5,0x1106,0x2105,0x1106,0x1905,0x18e6,0x1105,0x2106,0x1905,0x1906,0x20e5,0x1106,0x1125,
  0x1906,0x10c4,0x1126,0x1945,0x1925,0x2127,0x11a7,0x2c31,0x1dd4,0x2636,0x1e15,0x25b5,0x35b4,0x3492,0x11c7,0x0987,
  0x1926,0x2106,0x1125,0x1907,0x1926,0x20e7,0x1906,0x1907,0x2106,0x1906,0x2105,0x18e7,0x1905,0x2106,0x1905,0x1927,
  0x1146,0x1927,0x1186,0x09a7,0x1228,0x0a49,0x1269,0x0a4a,0x0a28,0x11a8,0x1186,0x1967,0x1926,0x1927,0x1925,0x1906,
  0x20e7,0x1905,0x20e7,0x1926,0x1927,0x2105,0x1907,0x20e5,0x1106,0x1925,0x1126,0x1905,0x1947,0x1946,0x09c8,0x34d1,
  0x2615,0x25f5,0x1df5,0x2df4,0x3595,0x23ce,0x11c8,0x1146,0x1105,0x18e4,0x10e6,0x1925,0x1106,0x18e5,0x2106,0x1905,
  0x2106,0x18e5,0x1106,0x2105,0x10e6,0x1905,0x2106,0x10e5,0x1906,0x1905,0x20e6,0x1105,0x1906,0x1105,0x18c6,0x1105,
  0x1106,0x18e5,0x1105,0x1905,0x10e5,0x18e5,0x10e5,0x1906,0x10e5,0x1906,0x1104,0x1906,0x10c4,0x1906,0x10e4,0x10c5,
  0x1905,0x10e5,0x18c5,0x10e5,0x1905,0x10c5,0x18e4,0x10e5,0x18e5,0x10e5,0x10e4,0x18c5,0x10e4,0x18e5,0x10e5,0x10c5,
  0x18e5,0x10e5,0x18c4,0x10e5,0x10e4,0x18e5,0x10e4,0x18c6,0x18e5,0x10e4,0x18e5,0x10e4,0x18c6,0x10e4,0x18e5,0x10c4,
  0x18e5,0x10e4,0x18c5,0x10e4,0x10e5,0x18e4,0x10c5,0x18e4,0x10e5,0x18c4,0x10e5,0x18e4,0x10c5,0x18e4,0x10e5,0x18e4,
  0x10c5,0x18e4,0x10e5,0x18c4,0x10e5,0x10e4,0x18c5,0x10e4,0x18e5,0x10e4,0x10c5,0x18e4,0x10e5,0x18c4,0x10e5,0x10c4,
  0x18e5,0x10e4,0x18c5,0x10e4,0x18e5,0x10e4,0x10e5,0x18c4,0x10e5,0x18e4,0x10e5,0x18e4,0x10e5,0x18c4,0x10e5,0x10e4,
  0x18c5,0x10e4,0x10e5,0x18c4,0x10e5,0x18e4,0x10c5,0x18e4,0x10e5,0x18c4,0x10e5,0x18e4,0x10c5,0x18e4,0x10e5,0x18c4,
  0x10e5,0x18e4,0x10c5,0x18e4,0x10e5,0x10e4,0x18e5,0x10c4,0x18e5,0x10e4,0x18e5,0x10e4,0x18c5,0x10e4,0x18e5,0x10c4,
  0x18e5,0x10e4,0x18c5,0x10e4,0x10e5,0x18e4,0x10e5,0x18c4,0x10e5,0x10e4,0x18e5,0x10c4,0x18e5,0x10e4,0x18e5,0x10e4,
  0x18e5,0x10e4,0x10e5,0x18c4,0x10e5,0x10e4,0x18c5,0x10e4,0x18e4,0x10c5,0x18e5,0x10e4,0x18c5,0x10e4,0x10e5,0x18c4,
  0x10e5,0x18e4,0x10c5,0x18e4,0x10e5,0x18e4,0x10c5,0x10e4,0x18e5,0x10c4,0x18e5,0x10c4,0x10e5,0x18e4,0x10e5,0x18e4,
  0x10c5,0x10e4,0x18e5,0x10e4,0x10e5,0x18c4,0x10e5,0x10e4,0x18e5,0x10c4,0x10e5,0x18e5,0x10e4,0x18c5,0x10e4,0x18e5,
  0x10c4,0x18e5,0x10e4,0x18c5,0x10e4,0x10e5,0x18c4,0x10e5,0x10e4,0x18c5,0x10e4,0x18e5,0x10e4,0x18c5,0x10e4,0x10e5,
  0x18c4,0x10e5,0x18e4,0x10c5,0x10e4,0x18e5,0x10c4,0x18e5,0x10e4,0x18c5,0x10e4,0x10e5,0x18c4,0x10e5,0x18e4,0x10c5,
  0x10e4,0x18e5,0x10e4,0x18e5,0x10c4,0x18e5,0x10e4,0x10e5,0x18c5,0x10e4,0x18c5,0x10e4,0x10e5,0x18e4,0x10e5,0x18c4,
  0x10e5,0x18e4,0x10e5,0x18c4,0x10e5,0x18e4,0x10c5,0x18e4,0x10e5,0x18c4,0x10e5,0x18e4,0x10c5,0x10e4,0x18e5,0x10c4,
  0x10e5,0x18e4,0x10c5,0x18e4,0x10e5,0x10c4,0x18e5,0x10e4,0x18e5,0x10c4,0x10e5,0x18e4,0x10c5,0x10e4,0x18e5,0x10c4,
  0x18e5,0x10e4,0x18c5,0x10e4,0x18e5,0x10e4,0x18c5,0x10e4,0x10e5,0x18c4,0x10e5,0x18e4,0x10e5,0x18c4,0x10e5,0x18e5,
  0x10c4,0x18e5,0x10e4,0x18e5,0x10c4,0x18e5,0x10e4,0x10c5,0x18e4,0x10e5,0x18c4,0x10e5,0x18e4,0x10c5,0x18e4,0x10e5,
  0x18c4,0x10e5,0x10e4,0x18c5,0x10e4,0x18e5,0x10e4,0x10c5,0x18e4,0x10e5,0x18c4,0x10e5,0x10e4,0x18e5,0x10e4,0x18c5,
  0x10c4,0x10e5,0x10c5,0x18e5,0x10e4,0x10c6,0x10e4,0x10e5,0x10c4,0x18e5,0x10e4,0x10c6,0x18e4,0x10c5,0x10e4,0x10e5,
  0x18e4,0x1106,0x10c4,0x1106,0x10e4,0x10c5,0x1104,0x18e6,0x10e4,0x10c6,0x18e4,0x10e5,0x10e5,0x18e5,0x1105,0x10c5,
  0x1105,0x1905,0x10e5,0x1106,0x10e4,0x18e6,0x10e4,0x1106,0x10c4,0x1106,0x1104,0x10e6,0x18e4,0x10e6,0x1104,0x1906,
  0x10c4,0x1106,0x2105,0x1906,0x18e5,0x1906,0x10e5,0x1106,0x2105,0x10e6,0x1104,0x1906,0x1905,0x1906,0x20e5,0x1126,
  0x1105,0x1925,0x1125,0x1104,0x1105,0x1146,0x1188,0x242f,0x25f5,0x1dd4,0x1df5,0x1df5,0x35b5,0x2c90,0x09e8,0x1166,
  0x1126,0x1125,0x1106,0x1125,0x20e6,0x1905,0x1927,0x2126,0x1147,0x1925,0x1906,0x2105,0x1906,0x1105,0x1146,0x1166,
  0x1147,0x09a6,0x0a6a,0x1aea,0x2d53,0x2d94,0x2dd5,0x3db4,0x2cd3,0x132b,0x124a,0x0986,0x1167,0x1125,0x1146,0x1905,
  0x1905,0x2106,0x1925,0x1126,0x1945,0x1906,0x1925,0x1906,0x10e5,0x1126,0x1905,0x1126,0x1145,0x1167,0x09e7,0x2d12,
  0x25d4,0x1df5,0x1e14,0x1df6,0x35b4,0x23ce,0x01a7,0x1966,0x1144,0x1106,0x18e4,0x1106,0x10e5,0x2106,0x18e5,0x1106,
  0x1105,0x1926,0x10e5,0x1106,0x1904,0x18e6,0x1905,0x1106,0x10e5,0x1906,0x1905,0x18c5,0x1105,0x10c5,0x1105,0x18e6,
  0x10e5,0x1105,0x1105,0x10c5,0x1105,0x10e5,0x18e5,0x10e5,0x1105,0x10e6,0x1104,0x10e6,0x10e4,0x1106,0x18c4,0x1106,
  0x10e4,0x18c5,0x1105,0x10e6,0x10c4,0x1106,0x10c4,0x1106,0x10e4,0x18c5,0x1105,0x1105,0x18c5,0x10e5,0x10c4,0x18e5,
  0x10e4,0x10c5,0x10e4,0x18e5,0x10c4,0x10e6,0x18c4,0x10e5,0x10c4,0x10e5,0x10c4,0x18e5,0x10e4,0x10c5,0x10e4,0x10e5,
  0x10c4,0x18e5,0x10e4,0x10c5,0x10c4,0x10e5,0x18e4,0x10c5,0x10e4,0x10e5,0x10c4,0x10e5,0x18e4,0x10c5,0x10e4,0x10c5,
  0x10e4,0x10e5,0x18c4,0x10e5,0x10c4,0x18e5,0x10e4,0x10c5,0x10e4,0x18c5,0x10e4,0x10c5,0x18e4,0x10e5,0x18e4,0x10e5,
  0x10c4,0x18e5,0x10e4,0x10c5,0x10e4,0x18c5,0x10e4,0x10e5,0x10c4,0x10e5,0x10c4,0x10e5,0x10c4,0x10e5,0x18e4,0x10c5,
  0x10e4,0x18e5,0x10c4,0x10e5,0x10e4,0x10c5,0x10e4,0x10e5,0x10c4,0x10e5,0x10c4,0x10e5,0x10e4,0x10c5,0x10e4,0x10e5,
  0x10c4,0x10e5,0x18e4,0x10c5,0x10e4,0x18c5,0x10e4,0x10e5,0x10c4,0x10e5,0x10c4,0x18e5,0x10e4,0x10c5,0x10e4,0x10e5,
  0x10c4,0x18e5,0x10e4,0x10c5,0x18e4,0x10c5,0x10e4,0x10e5,0x18c4,0x10e5,0x10c4,0x10e5,0x10e4,0x10c5,0x10e4,0x18c5,
  0x10e4,0x10c5,0x18e4,0x10e5,0x10c4,0x18e5,0x10e4,0x10c5,0x10e4,0x18e5,0x10c4,0x10e5,0x10e4,0x18c5,0x10e4,0x10e5,
  0x10c4,0x10e5,0x10e4,0x10c5,0x18e4,0x10c5,0x10e4,0x18e5,0x10c4,0x10e5,0x18e4,0x10e5,0x18c4,0x10e5,0x10c4,0x10e5,
  0x18e4,0x10c5,0x10e4,0x18c5,0x10e4,0x10e5,0x18c4,0x10e5,0x10c4,0x18e5,0x10e4,0x10c4,0x10e5,0x10e4,0x18c5,0x10e4,
  0x10e5,0x10c4,0x10e5,0x10e4,0x18c5,0x10e4,0x10e5,0x18c4,0x10e5,0x10e4,0x10c5,0x10e4,0x18c5,0x10e4,0x10e5,0x18c4,
  0x10e5,0x10e4,0x10c5,0x18e4,0x10e5,0x10c4,0x10e5,0x10e4,0x18c5,0x10e4,0x10e5,0x18c4,0x10e5,0x10c4,0x10e5,0x18e4,
  0x10c5,0x10e4,0x10c5,0x10e4,0x10e5,0x10c4,0x18e5,0x10c4,0x10e4,0x18e5,0x10e4,0x10c5,0x18e4,0x10c5,0x10e4,0x10e5,
  0x10c4,0x10e5,0x18c4,0x10e5,0x10e4,0x10c5,0x10e4,0x10e5,0x10c4,0x10e5,0x10e4,0x10c5,0x18e4,0x10e5,0x10c4,0x18e5,
  0x10e4,0x10c5,0x18e4,0x10e5,0x10c4,0x18e5,0x10c4,0x10e5,0x10c4,0x18e5,0x10c4,0x10e5,0x18e4,0x10c5,0x10e4,0x10e5,
  0x10c4,0x10e5,0x10e4,0x18c5,0x10e4,0x10c5,0x10e4,0x18e5,0x10c4,0x10e5,0x10e4,0x10c5,0x10e4,0x10e5,0x18c4,0x10e5,
  0x10e4,0x10c5,0x10e4,0x10c5,0x10e4,0x10e5,0x18c4,0x10e5,0x10e4,0x18c5,0x10e4,0x10e5,0x10c4,0x10e5,0x10c4,0x10e5,
  0x10e4,0x18c5,0x10e4,0x10e5,0x18c4,0x10e5,0x10c4,0x18e5,0x10e4,0x10c5,0x10e4,0x18e5,0x10c4,0x10e5,0x18c4,0x10e5,
  0x10e5,0x18c5,0x10e4,0x10c5,0x18e4,0x10e5,0x18c4,0x10e5,0x18e4,0x10c5,0x10e4,0x18e5,0x10c4,0x1106,0x18c4,0x10e5,
  0x10e4,0x18e5,0x10e4,0x18c5,0x1105,0x1905,0x10e5,0x10e5,0x18e5,0x10e5,0x10e5,0x1906,0x1105,0x10c5,0x1105,0x18e5,
  0x10e5,0x1105,0x1105,0x18e6,0x10e4,0x1106,0x18c4,0x1106,0x18e4,0x10e6,0x1904,0x1106,0x10c5,0x1906,0x1105,0x10e6,
  0x1905,0x1106,0x10e5,0x1106,0x1105,0x18e6,0x1105,0x18e6,0x1105,0x1106,0x18e5,0x1125,0x1905,0x2106,0x1905,0x1126,
  0x1905,0x10e5,0x1124,0x1926,0x10e5,0x1967,0x09c7,0x2430,0x2df4,0x1df5,0x25d4,0x1df5,0x2dd4,0x3471,0x0a07,0x0987,
  0x1925,0x1126,0x1925,0x1106,0x1905,0x2126,0x1106,0x1146,0x1945,0x1126,0x2125,0x1926,0x1905,0x2126,0x1125,0x1147,
  0x09a6,0x12aa,0x3470,0x2d74,0x2e14,0x2e15,0x1dd4,0x25f6,0x2dd4,0x3575,0x3c70,0x1229,0x1186,0x0967,0x0945,0x1926,
  0x18e6,0x1904,0x2106,0x1145,0x1146,0x1905,0x1927,0x20e5,0x1127,0x1925,0x1126,0x1105,0x1946,0x1186,0x11c7,0x2d32,
  0x2e15,0x1dd4,0x25f5,0x1df5,0x2d95,0x2bcd,0x09c8,0x1145,0x1925,0x1125,0x10e6,0x1105,0x1906,0x1905,0x1906,0x18e5,
  0x1126,0x1105,0x1906,0x10e5,0x1906,0x1905,0x10e6,0x2105,0x1906,0x18e5,0x1106,0x1105,0x1106,0x18e5,0x10e6,0x1105,
  0x1906,0x10e4,0x1906,0x10e4,0x18e6,0x10e4,0x1106,0x18c4,0x1106,0x1905,0x10e5,0x1905,0x10e5,0x18e5,0x10e5,0x18e5,
  0x10e6,0x10e5,0x18e5,0x10e5,0x18e5,0x10e5,0x1905,0x10c4,0x1906,0x10e4,0x18c5,0x10e4,0x10e5,0x10c4,0x18e6,0x10e4,
  0x10c6,0x18e4,0x10e5,0x10c4,0x18e5,0x10c4,0x10e5,0x10e4,0x10e4,0x18c6,0x10e4,0x10c5,0x18e4,0x10e5,0x18c4,0x10e5,
  0x18e4,0x10c5,0x10e4,0x18e5,0x18e4,0x10c5,0x10e4,0x10e5,0x18c4,0x10e5,0x18e4,0x10c5,0x10e4,0x18e5,0x10e4,0x18e5,
  0x10c4,0x18e5,0x10e4,0x10e5,0x18e4,0x10c5,0x10e4,0x18e5,0x10c4,0x10e5,0x18e4,0x10e5,0x10c4,0x10e5,0x10c4,0x18e5,
  0x10e4,0x10c5,0x18e4,0x10e5,0x18e4,0x10c5,0x10e4,0x18e5,0x10e4,0x18c5,0x10e4,0x18e5,0x10e4,0x18c5,0x10e4,0x10e5,
  0x18c4,0x10e5,0x10e4,0x18c5,0x10e4,0x18e5,0x10c4,0x18e5,0x10e4,0x18e5,0x10e4,0x18c5,0x10e4,0x18e5,0x10c4,0x18e5,
  0x10e4,0x18c5,0x10e4,0x10e5,0x18c4,0x10e5,0x10c4,0x18e5,0x10e4,0x18c5,0x10e4,0x10c5,0x18e4,0x10e5,0x18c4,0x10e5,
  0x18e4,0x10c5,0x10e4,0x18e5,0x10c4,0x10e5,0x18c4,0x10e5,0x10e4,0x18e5,0x10e4,0x18c5,0x10e4,0x18e5,0x10c4,0x10e5,
  0x18c4,0x10e5,0x10c4,0x18e5,0x10e4,0x10c5,0x10e4,0x18e5,0x10c4,0x10e5,0x10e4,0x18c5,0x10e4,0x10e5,0x18c4,0x10e5,
  0x18e4,0x10c5,0x18e4,0x10e5,0x10c4,0x18e5,0x10e4,0x10c5,0x18e4,0x10e5,0x10c4,0x10e5,0x10e4,0x18c5,0x10e4,0x18c5,
  0x10e4,0x10e5,0x18c4,0x10e5,0x10c4,0x18e5,0x10e4,0x10e5,0x18e4,0x10c5,0x10e4,0x18e5,0x10c4,0x18e5,0x10e4,0x10c5,
  0x18e4,0x10e5,0x18c4,0x10e5,0x10e4,0x18c5,0x10e4,0x10e5,0x18c4,0x10e5,0x18e4,0x10c5,0x10e4,0x18e5,0x10c4,0x10e5,
  0x18e4,0x10c5,0x18e4,0x10e5,0x10c4,0x18e5,0x10e4,0x18c5,0x10e4,0x10e5,0x18c4,0x10e5,0x10e4,0x18e5,0x10c4,0x10e5,
  0x18e4,0x10c5,0x18e4,0x10c5,0x18e4,0x10e5,0x10e4,0x18e5,0x10c5,0x10e4,0x18c5,0x10e4,0x10e5,0x18c4,0x10e5,0x18c4,
  0x10e5,0x18e4,0x10e5,0x10c4,0x18e5,0x10e4,0x18c5,0x10e4,0x18e5,0x10c4,0x18e5,0x10e4,0x10c5,0x18e4,0x10e5,0x10c4,
  0x18e5,0x10e4,0x10c5,0x10e4,0x18e5,0x10e4,0x10e5,0x18c4,0x10e5,0x10e4,0x18e5,0x10c4,0x10e5,0x18e4,0x10c5,0x18e4,
  0x10e5,0x18c4,0x10e5,0x10e4,0x10e5,0x18e4,0x10c5,0x10e4,0x18e5,0x10c4,0x18e5,0x10e4,0x18c5,0x10e4,0x10e5,0x18c4,
  0x10e5,0x18e4,0x10c5,0x18e4,0x10e5,0x18c4,0x10e5,0x18e4,0x10c5,0x10e4,0x18e5,0x10c4,0x18e5,0x10e4,0x18e5,0x10c4,
  0x18e5,0x10e4,0x18c5,0x10e4,0x10e5,0x10c4,0x18e5,0x10e4,0x10c5,0x18e4,0x10e5,0x10c4,0x18e5,0x10c4,0x10e5,0x10e4,
  0x10e4,0x18e5,0x10e4,0x10e4,0x10c5,0x10e4,0x18e4,0x10c5,0x10e4,0x10e4,0x18c5,0x10e5,0x10e4,0x18e5,0x1104,0x18c4,
  0x10e5,0x10c4,0x10e4,0x1905,0x10e5,0x1105,0x1905,0x10e4,0x10e5,0x10e5,0x18e4,0x10c4,0x1105,0x1905,0x10e5,0x1106,
  0x1905,0x10e5,0x1906,0x1105,0x10e5,0x1906,0x1105,0x10e5,0x1106,0x1905,0x10e5,0x1106,0x18e5,0x10e5,0x1106,0x18e5,
  0x10e5,0x1106,0x2105,0x18e5,0x1906,0x1905,0x1905,0x1106,0x20e5,0x1105,0x1106,0x1105,0x2106,0x18e5,0x1905,0x1906,
  0x1125,0x1125,0x18e6,0x1124,0x1106,0x1146,0x11c7,0x2430,0x25d4,0x25f4,0x1df6,0x25d4,0x2dd4,0x2c91,0x11e7,0x0986,
  0x1146,0x1105,0x1925,0x1105,0x18e6,0x1925,0x2125,0x1906,0x1926,0x1125,0x1125,0x1946,0x1125,0x18e5,0x2127,0x1166,
  0x1a69,0x3491,0x35b3,0x35d4,0x25b4,0x1db4,0x25f4,0x2616,0x25d4,0x35d4,0x4574,0x344f,0x1229,0x1186,0x0946,0x1126,
  0x2105,0x18e6,0x1925,0x1945,0x1126,0x1125,0x1925,0x2107,0x1105,0x1126,0x1106,0x1925,0x1145,0x1167,0x11e7,0x2d31,
  0x25f4,0x25f5,0x1e15,0x25f4,0x35b5,0x23cd,0x11a7,0x1166,0x1104,0x18e5,0x1105,0x1906,0x10e5,0x1905,0x20e5,0x1106,
  0x1124,0x1905,0x1105,0x1106,0x20e5,0x1105,0x1106,0x18e5,0x2105,0x1106,0x20e5,0x1105,0x18e6,0x10e5,0x1105,0x18e6,
  0x1105,0x1104,0x10e6,0x18e4,0x1105,0x18c5,0x1105,0x10e4,0x10e6,0x1105,0x1904,0x10e6,0x10e4,0x1105,0x10c5,0x1105,
  0x18e4,0x10e6,0x10e4,0x10e4,0x10e6,0x18e4,0x1105,0x10e6,0x10c4,0x10e4,0x10e5,0x18c4,0x10e4,0x18e5,0x10c4,0x10e4,
  0x18e6,0x10c4,0x10e5,0x18e4,0x10e4,0x10e5,0x18c4,0x10e5,0x10e4,0x18e5,0x10e4,0x10e4,0x10c5,0x10e4,0x18e4,0x10c5,
  0x10e4,0x10e4,0x18c5,0x10e4,0x10e4,0x18e5,0x10c4,0x18e4,0x10e5,0x10c4,0x10e4,0x18e5,0x10c4,0x10e4,0x10c5,0x10e4,
  0x18e4,0x10c4,0x10e5,0x10c4,0x10e4,0x18e5,0x10c4,0x10e4,0x18e5,0x10c4,0x10e4,0x18e5,0x10c4,0x18e4,0x10e5,0x10c4,
  0x18e5,0x10e4,0x10c5,0x10e4,0x10c5,0x18e4,0x10c4,0x10e5,0x18c4,0x10e4,0x10e5,0x18c4,0x10e4,0x10e5,0x18c4,0x10e4,
  0x10e5,0x18c4,0x10e4,0x10e5,0x18c4,0x10e4,0x10e5,0x18c4,0x10e5,0x10c4,0x18e5,0x10e4,0x10c4,0x18e5,0x10e4,0x10c4,
  0x18e5,0x10e4,0x10c4,0x10e5,0x10e4,0x18e4,0x10e5,0x10c4,0x10e4,0x18e5,0x10e4,0x10e4,0x10c5,0x10e4,0x18e4,0x10c5,
  0x10e4,0x10e4,0x18c5,0x10e4,0x10e4,0x18e5,0x10e4,0x18c4,0x10e5,0x10c4,0x10e4,0x18e5,0x10c4,0x10e4,0x18e5,0x10e4,
  0x10e4,0x10e5,0x18e4,0x10c4,0x10e5,0x18e4,0x10c4,0x10e5,0x18e4,0x10c4,0x18e5,0x10e4,0x10c4,0x18e5,0x10e4,0x10c4,
  0x10e5,0x18e4,0x10c4,0x10e5,0x18e4,0x10c4,0x10e5,0x18e4,0x10c4,0x10e5,0x18e4,0x10c4,0x18e5,0x10e4,0x10e4,0x10e5,
  0x18c4,0x10e4,0x10e5,0x10e4,0x18e5,0x10c4,0x10e4,0x18c5,0x10e4,0x10e4,0x18c5,0x10e4,0x10e5,0x10c4,0x18e4,0x10e5,
  0x10c4,0x18e4,0x10e5,0x18c4,0x10e4,0x10e5,0x18c4,0x10e4,0x10e5,0x10c4,0x18e4,0x10e4,0x10c5,0x10e4,0x18e4,0x10c4,
  0x10e5,0x10e4,0x10c4,0x18e5,0x10e4,0x10c4,0x18e5,0x10e4,0x10c4,0x10e5,0x10e4,0x18c4,0x10e5,0x10c4,0x18e4,0x10e5,
  0x10c4,0x10e4,0x18e5,0x10e4,0x10c5,0x18e4,0x10c5,0x10e4,0x18e4,0x10c5,0x10e4,0x18e4,0x10c5,0x10e4,0x10e4,0x18e5,
  0x10c4,0x10e4,0x10c5,0x18e4,0x10e4,0x10c5,0x18e4,0x10e4,0x10c4,0x18e5,0x10e4,0x18c4,0x10e5,0x10e4,0x18c4,0x10e5,
  0x10e4,0x18c4,0x10e4,0x18e5,0x10c4,0x10e4,0x18c4,0x10e5,0x10e4,0x18c4,0x10e4,0x10e5,0x18c4,0x10e4,0x10e5,0x10c4,
  0x18e4,0x10e5,0x18c4,0x10e4,0x18c5,0x10e4,0x10e4,0x18c5,0x10e4,0x10e4,0x10c5,0x18e4,0x10e4,0x18c5,0x10e4,0x10e4,
  0x10c5,0x10e4,0x18e4,0x10c5,0x10e4,0x10e4,0x10c5,0x10e4,0x18e4,0x10c5,0x10e4,0x10e4,0x10c5,0x18e4,0x10e4,0x10e5,
  0x10c4,0x10e4,0x10e5,0x18c4,0x10e4,0x18e5,0x10c4,0x10e4,0x18e5,0x10c4,0x10e5,0x18e4,0x10e4,0x10e5,0x18c4,0x10e5,
  0x10c5,0x10e4,0x18c5,0x10e5,0x18e4,0x10c5,0x10e4,0x18e4,0x10c5,0x18e4,0x10e4,0x10c6,0x18e4,0x10c5,0x10e5,0x10e4,
  0x18c4,0x10e5,0x18c5,0x10e4,0x1105,0x18c4,0x1104,0x10e6,0x1904,0x10e5,0x1105,0x10e5,0x18c4,0x1105,0x1105,0x18e4,
  0x1106,0x1105,0x10e5,0x1906,0x1105,0x10e5,0x1905,0x1105,0x18e4,0x1106,0x1105,0x18e5,0x10e6,0x10e5,0x18e5,0x10e5,
  0x1105,0x18e5,0x1906,0x1905,0x10e5,0x2106,0x10e5,0x1105,0x1906,0x18e5,0x1105,0x1906,0x1905,0x1906,0x18e5,0x1125,
  0x18e6,0x1124,0x1105,0x1904,0x1105,0x1947,0x09a7,0x242f,0x2df5,0x1dd4,0x1df5,0x1df5,0x35b4,0x2c90,0x01e8,0x1166,
  0x1145,0x1926,0x1105,0x1105,0x2105,0x1906,0x1926,0x2126,0x1905,0x1946,0x0945,0x0925,0x1946,0x1905,0x1926,0x11a7,
  0x232b,0x3d94,0x2dd5,0x1df4,0x1db3,0x3616,0x15b4,0x1df4,0x25f5,0x25d3,0x3594,0x4d95,0x1b0b,0x0186,0x1166,0x1107,
  0x1905,0x2105,0x1106,0x1125,0x1125,0x1906,0x1925,0x1906,0x1907,0x1906,0x2125,0x1126,0x1125,0x1986,0x09e8,0x2cf1,
  0x2df5,0x1df4,0x1df6,0x1e15,0x3db4,0x23ae,0x09c7,0x1165,0x18e5,0x1125,0x1106,0x10e5,0x1106,0x2105,0x1906,0x10e5,
  0x1926,0x1105,0x10e6,0x2105,0x1106,0x18e5,0x2105,0x1106,0x10e5,0x1105,0x1906,0x10e4,0x1105,0x18e6,0x1105,0x1105,
  0x10e6,0x1904,0x1105,0x10c5,0x1105,0x10e4,0x18e6,0x10e4,0x1905,0x10e6,0x1104,0x1905,0x10c5,0x1905,0x10e4,0x18e5,
  0x1105,0x10e4,0x18e6,0x10e4,0x1905,0x10c5,0x1105,0x18c4,0x1106,0x18e4,0x10e4,0x10e5,0x10e4,0x10c4,0x18e5,0x10e4,
  0x10c4,0x10e5,0x18e4,0x10c5,0x10e4,0x18c4,0x10e6,0x10e4,0x10c4,0x10e4,0x18c5,0x10e4,0x18e4,0x10c5,0x10e4,0x18e4,
  0x10c6,0x18e4,0x10e4,0x10c5,0x18c4,0x10e4,0x10e5,0x10c4,0x18e4,0x10e5,0x18c4,0x10e4,0x10e5,0x18c4,0x10e4,0x18c5,
  0x10e4,0x10e5,0x18c4,0x10e5,0x18c4,0x10e4,0x10e5,0x18c4,0x10e4,0x10e5,0x18c4,0x10e4,0x10e5,0x10c4,0x18e4,0x10e5,
  0x10c4,0x18e4,0x10e4,0x18c4,0x10e4,0x10e5,0x18e4,0x10e4,0x10e5,0x18c4,0x10e4,0x10e5,0x18c4,0x10e4,0x10e5,0x18c4,
  0x10e4,0x10e5,0x18c4,0x10e4,0x10e5,0x18c4,0x10e4,0x10e5,0x18c4,0x10e4,0x10c4,0x18e5,0x10e4,0x10c4,0x18e5,0x10e4,
  0x10c4,0x10e5,0x18e4,0x10c4,0x18e5,0x10c4,0x10e4,0x18e5,0x10c4,0x10e4,0x18c5,0x10e4,0x18e4,0x10c5,0x10e4,0x18e4,
  0x10c5,0x18e4,0x10e4,0x10c5,0x18e4,0x10c4,0x10e5,0x10e4,0x18c4,0x10e5,0x18c4,0x10e4,0x10e5,0x18c4,0x10e4,0x10c5,
  0x18e4,0x10c4,0x10e5,0x10e4,0x18c4,0x10e5,0x10e4,0x18c4,0x10e5,0x10e4,0x10c4,0x18e5,0x10e4,0x10c4,0x18e5,0x10e4,
  0x18c4,0x10e5,0x10e4,0x18c4,0x10e5,0x10e4,0x18c4,0x10e5,0x10e4,0x18c4,0x10e5,0x10e4,0x10c4,0x18e5,0x10c4,0x10e4,
  0x10e5,0x18c4,0x10e4,0x18c5,0x10e4,0x10e5,0x10c4,0x10e4,0x18c5,0x10e4,0x10e5,0x18c4,0x10e4,0x18e5,0x10c4,0x10e4,
  0x18e5,0x10c4,0x10e4,0x10e5,0x18c4,0x10e4,0x10e5,0x18c4,0x10e4,0x18e5,0x10c4,0x10e5,0x18e4,0x10c5,0x10e4,0x18e5,
  0x10c4,0x18e5,0x10e4,0x10c4,0x18e5,0x10e4,0x10c4,0x10e5,0x18e4,0x10c4,0x18e5,0x10e4,0x10e4,0x18e5,0x10c4,0x10e4,
  0x18e5,0x10e4,0x10c4,0x18e5,0x10e4,0x10c4,0x18e4,0x10c5,0x10e4,0x18e4,0x10c5,0x10e4,0x10e4,0x18c5,0x10e4,0x10e4,
  0x18e5,0x10c4,0x18e4,0x10e5,0x10c4,0x18e4,0x10e5,0x10c4,0x18e5,0x10e4,0x10c5,0x10e4,0x18e4,0x10c5,0x10e4,0x10e4,
  0x18c5,0x10e4,0x10e5,0x10c4,0x10e5,0x18e4,0x10e5,0x10c4,0x18e5,0x10e4,0x10c5,0x18e4,0x10e5,0x10c4,0x18e4,0x10e5,
  0x10c4,0x10e4,0x10e5,0x10c4,0x10e4,0x18c5,0x10e4,0x10e4,0x10c5,0x18e4,0x10e4,0x10c5,0x10e4,0x10e4,0x18c5,0x10e4,
  0x18e4,0x10c5,0x10e4,0x18e4,0x10c5,0x18e4,0x10e4,0x18c5,0x10e4,0x10e4,0x18c5,0x10e4,0x18e4,0x10c5,0x10e4,0x18c4,
  0x10e5,0x18e4,0x10c4,0x10e5,0x10e4,0x10c4,0x18e5,0x10e4,0x10c4,0x10e5,0x18e4,0x10c5,0x10e4,0x18c4,0x10e5,0x10e4,
  0x18e5,0x10c4,0x10e5,0x10e4,0x18c5,0x10e4,0x10e5,0x10c4,0x10e4,0x10e5,0x18c4,0x10e5,0x10e4,0x10e5,0x18c4,0x10e5,
  0x10e4,0x10e4,0x10e5,0x18e5,0x10e4,0x1106,0x10c4,0x1905,0x10e5,0x10e5,0x1906,0x10c4,0x1106,0x18e4,0x10e6,0x10e4,
  0x1906,0x10e4,0x1106,0x1105,0x18c5,0x1105,0x10e4,0x10e6,0x10e4,0x1906,0x10e4,0x1106,0x10e5,0x18e6,0x1105,0x1105,
  0x10e6,0x1104,0x1906,0x10e5,0x1906,0x1105,0x1106,0x18e5,0x1106,0x1105,0x10e6,0x1125,0x20e5,0x1905,0x2106,0x1125,
  0x1126,0x1104,0x1905,0x1125,0x10e5,0x1146,0x09c8,0x2c2f,0x25f4,0x1df5,0x25d4,0x1df4,0x2dd5,0x2c70,0x11e7,0x0987,
  0x1125,0x1126,0x1925,0x1105,0x1905,0x2126,0x1905,0x1925,0x1925,0x1105,0x1946,0x0945,0x1125,0x2127,0x1166,0x2249,
  0x44f3,0x2dd3,0x1df4,0x2636,0x1dd4,0x1df5,0x1e35,0x25f6,0x1e14,0x1db4,0x2df4,0x3593,0x34b1,0x1228,0x0987,0x1926,
  0x2106,0x1125,0x1125,0x1906,0x1125,0x1126,0x2105,0x1906,0x1105,0x1926,0x1926,0x1905,0x1146,0x1186,0x09c7,0x3532,
  0x2614,0x1dd4,0x2614,0x2615,0x3594,0x23cd,0x11c8,0x1145,0x1105,0x1125,0x18e5,0x1105,0x1906,0x18e5,0x1905,0x1905,
  0x1106,0x1125,0x1105,0x10c4,0x1905,0x1906,0x18e5,0x1905,0x1906,0x20e5,0x1105,0x1906,0x1905,0x1104,0x18e6,0x10e5,
  0x1906,0x10e4,0x1106,0x18e4,0x10e6,0x18e4,0x1106,0x10c4,0x1106,0x1905,0x10e5,0x1105,0x10e4,0x18e6,0x10e4,0x10e6,
  0x10c4,0x18e6,0x10e5,0x10c5,0x10e4,0x1905,0x10c5,0x10e4,0x18e5,0x10c4,0x10e6,0x18e4,0x10c6,0x18e4,0x10e6,0x10c4,
  0x18e6,0x10e4,0x10c4,0x10e5,0x18e5,0x10e4,0x10c4,0x18e5,0x18e5,0x10c5,0x10e5,0x10e4,0x18c5,0x10e4,0x10e5,0x10c4,
  0x10e4,0x10e5,0x18c4,0x10e5,0x10e5,0x10c4,0x18e5,0x10e4,0x10c5,0x10e4,0x10e5,0x18c4,0x10e5,0x10e4,0x18e5,0x10e4,
  0x10c5,0x18e4,0x10e4,0x10e4,0x10e5,0x18c4,0x10e4,0x10e5,0x10c4,0x18e5,0x10e4,0x10c5,0x18e4,0x10e5,0x10c4,0x18e4,
  0x10e5,0x10c4,0x10e5,0x10e5,0x18e4,0x10c5,0x10e4,0x18c5,0x10e4,0x10e5,0x18c4,0x10e5,0x10e4,0x10c5,0x18e4,0x10e5,
  0x10c4,0x10e5,0x10e4,0x18c5,0x10e4,0x10e5,0x18c4,0x10e4,0x10e5,0x10e4,0x18e5,0x10c4,0x10e5,0x10e4,0x10c4,0x18e5,
  0x10e4,0x18c5,0x10e4,0x10e5,0x10c4,0x18e5,0x10c4,0x10e4,0x18e5,0x10c4,0x10e5,0x10e4,0x18c5,0x10e4,0x10e5,0x10c4,
  0x10e4,0x10e5,0x18c4,0x10e5,0x10e4,0x10e5,0x18c4,0x10e5,0x10e4,0x10e4,0x10e5,0x18c4,0x10e4,0x10e5,0x10c4,0x18e4,
  0x10e5,0x10c4,0x18e5,0x10c4,0x10e5,0x18e4,0x10c5,0x10e4,0x18e5,0x10c4,0x10e5,0x10e4,0x18c5,0x10e4,0x10e4,0x10c5,
  0x10e4,0x18e5,0x10c4,0x10e5,0x10e4,0x18c5,0x10e4,0x10e4,0x10c5,0x10e4,0x18e5,0x10c4,0x18e5,0x10e4,0x10e5,0x18c4,
  0x10e5,0x10e4,0x10c5,0x10e4,0x18c4,0x10e4,0x18e5,0x10e4,0x10e5,0x10c4,0x18e4,0x10e5,0x10c4,0x10e4,0x10e5,0x18c4,
  0x10e4,0x10e5,0x18c4,0x10e4,0x10e5,0x10c4,0x18e4,0x10e5,0x10c4,0x10e5,0x18e4,0x10c4,0x10e4,0x18e5,0x10c4,0x10e4,
  0x10e4,0x10c4,0x18e5,0x10e4,0x10c4,0x18e5,0x10e4,0x18c4,0x10e5,0x10e4,0x10c4,0x18e5,0x10c4,0x10e5,0x10e4,0x18c5,
  0x10e4,0x10c5,0x18e4,0x10c4,0x10e5,0x18e4,0x10e5,0x10e4,0x18c5,0x10e4,0x10e4,0x18c5,0x10e4,0x10e5,0x18c4,0x10e5,
  0x10c4,0x10e5,0x10e4,0x18c4,0x10e5,0x10e4,0x10c5,0x18e4,0x10e4,0x10c4,0x18e4,0x10e5,0x10c4,0x10e4,0x18e5,0x10c4,
  0x10e5,0x10e4,0x18c4,0x10e4,0x18e5,0x10c4,0x10e4,0x18e4,0x10c5,0x10e4,0x10e4,0x10c4,0x18e4,0x10e5,0x10c4,0x18e4,
  0x10e5,0x18c4,0x10e4,0x18e5,0x10e4,0x10e4,0x18c5,0x10e4,0x18e5,0x10c4,0x10e5,0x18e4,0x10c5,0x18e4,0x10e5,0x10c4,
  0x10e5,0x18e4,0x10c5,0x10e4,0x10e4,0x18c5,0x10e4,0x10e5,0x10c4,0x18e5,0x10e4,0x10c5,0x10e4,0x18e4,0x10c5,0x10e4,
  0x18e5,0x10c4,0x10e5,0x18e4,0x10c5,0x18e4,0x10e5,0x10c4,0x18e5,0x10e4,0x10c4,0x10e4,0x18e5,0x10e4,0x10c4,0x18e5,
  0x10e5,0x10c4,0x18c4,0x10e5,0x10c4,0x18c5,0x10e4,0x18c5,0x10e5,0x18c5,0x10e4,0x10c5,0x18c5,0x10c5,0x10e4,0x18c6,
  0x10c4,0x18c5,0x10c4,0x1106,0x10c4,0x18e6,0x10e4,0x10e5,0x18e5,0x10e4,0x10c6,0x18e4,0x10c4,0x10e6,0x18e4,0x10e5,
  0x10e4,0x1906,0x10e5,0x18e4,0x1105,0x10c5,0x18e5,0x10e5,0x18e5,0x10e4,0x1106,0x18e5,0x10e4,0x1105,0x10c5,0x18e5,
  0x1106,0x18e5,0x18e5,0x1906,0x10e5,0x20e5,0x18e5,0x1106,0x20e4,0x10e5,0x1925,0x1106,0x1105,0x18e6,0x1905,0x1905,
  0x1105,0x1905,0x10e5,0x1124,0x18e6,0x1146,0x11a8,0x1c0f,0x25d5,0x1df4,0x1dd5,0x25d4,0x2dd5,0x3470,0x01e8,0x0986,
  0x1925,0x1105,0x1126,0x1905,0x1906,0x1905,0x1927,0x1905,0x2106,0x1125,0x1126,0x1925,0x1126,0x1106,0x0947,0x1aca,
  0x4554,0x25d4,0x1e35,0x0e14,0x15d4,0x25d6,0x0db4,0x1e14,0x1df6,0x1e14,0x1df5,0x2df3,0x3d73,0x1249,0x0966,0x1926,
  0x1906,0x1106,0x1125,0x1107,0x1925,0x1105,0x1926,0x18e6,0x1125,0x1907,0x1105,0x1126,0x1925,0x1166,0x11e7,0x2cf2,
  0x25d4,0x25f5,0x15f5,0x1df5,0x3db4,0x23af,0x09a7,0x1965,0x10e4,0x1906,0x10e4,0x10e6,0x10e5,0x2106,0x18e5,0x10e6,
  0x1125,0x1906,0x10e5,0x1906,0x10e5,0x10e6,0x2105,0x18e6,0x18e5,0x1105,0x18e5,0x10e6,0x20e5,0x1106,0x10e5,0x10e5,
  0x1106,0x18e4,0x10e5,0x10e5,0x18e5,0x10c4,0x1105,0x18c5,0x10e5,0x1105,0x18e4,0x10e6,0x18e4,0x10e6,0x10c4,0x18e4,
  0x10c5,0x10e4,0x1905,0x10e5,0x18c5,0x10e4,0x10e6,0x18e4,0x10e5,0x10e5,0x18c4,0x10c4,0x10e4,0x10c5,0x18c4,0x10e4,
  0x10c4,0x18c5,0x10e4,0x18c5,0x10c4,0x10c5,0x18e4,0x10c5,0x10e5,0x10c4,0x18c4,0x10e5,0x10c4,0x18c4,0x10e4,0x18c6,
  0x10e4,0x18c5,0x10e4,0x10c4,0x10e5,0x18c4,0x10c4,0x10e5,0x18c4,0x10c4,0x18e5,0x10c4,0x10c4,0x18c5,0x10c4,0x10e4,
  0x10c4,0x10c5,0x18c4,0x10c5,0x10e4,0x10c5,0x18c4,0x10e5,0x18c4,0x10c4,0x10e5,0x18c4,0x10c4,0x10e4,0x18c5,0x10c4,
  0x10e5,0x18c4,0x10c4,0x18c4,0x10c5,0x10e4,0x18c4,0x10c5,0x10c4,0x18e4,0x10c5,0x10c4,0x18c4,0x10e4,0x10c5,0x10c4,
  0x18e4,0x10c4,0x18c5,0x10e4,0x10c4,0x10c5,0x10e4,0x18c5,0x10c4,0x18c5,0x10e4,0x10c4,0x18c4,0x10e5,0x18c4,0x10c5,
  0x10e4,0x10c4,0x18c5,0x10e4,0x18c4,0x10e4,0x10c5,0x18c4,0x10e5,0x10c4,0x18c4,0x10e5,0x10c4,0x18c4,0x10e4,0x18c5,
  0x10e4,0x18c5,0x10e4,0x10c4,0x18c5,0x10c4,0x10e4,0x18c5,0x10c4,0x18c5,0x10c4,0x10e5,0x10c4,0x18c5,0x10e4,0x10c5,
  0x18c4,0x10e4,0x10c5,0x18e4,0x10c4,0x10c5,0x18e4,0x10c4,0x10c4,0x18e5,0x10c4,0x18c4,0x10e4,0x10c5,0x18c4,0x10e5,
  0x18c4,0x10c4,0x10e5,0x18c4,0x10c4,0x10e4,0x10c5,0x18c4,0x10e5,0x18c4,0x10c4,0x10e5,0x10c4,0x18c4,0x10c4,0x10e5,
  0x18c4,0x10c4,0x18e4,0x10c5,0x10e4,0x10c5,0x10c4,0x18c4,0x10e4,0x18c5,0x10c4,0x10e4,0x18c5,0x10c4,0x18e5,0x10c4,
  0x10c5,0x10e4,0x10c5,0x18c4,0x10e5,0x18c4,0x10c5,0x10e4,0x18c4,0x10c4,0x10e5,0x18c4,0x10e5,0x10c4,0x18e5,0x10c4,
  0x18c5,0x10e4,0x10c5,0x18c4,0x10e5,0x10c4,0x10c5,0x10e4,0x18c5,0x10c4,0x18e5,0x10c4,0x10e4,0x18c5,0x10c4,0x10e4,
  0x18c5,0x10e4,0x10c5,0x18e4,0x10c4,0x10c5,0x10c4,0x18e4,0x10c4,0x10c5,0x10e4,0x10c5,0x18e4,0x10c4,0x10e5,0x18c4,
  0x10e4,0x18c5,0x10c4,0x10e5,0x18c4,0x10c4,0x18e4,0x10c5,0x10c4,0x18e5,0x10c4,0x10c5,0x18e4,0x10c5,0x10c4,0x18e4,
  0x10c4,0x18c5,0x10e4,0x10c5,0x10c4,0x18e5,0x10c4,0x10c5,0x10e4,0x18c5,0x10c4,0x18e5,0x10c4,0x10c5,0x18e4,0x10c5,
  0x10c4,0x10e5,0x18c4,0x10c5,0x18c4,0x10e5,0x10c4,0x10c4,0x10e5,0x18c4,0x10c4,0x10e5,0x18c4,0x10c4,0x10e4,0x18c5,
  0x10c4,0x10e4,0x18c4,0x10c5,0x18e4,0x10c5,0x10c4,0x18e4,0x10c5,0x10c4,0x18e4,0x10c4,0x18c5,0x10e4,0x10c5,0x18e4,
  0x10c4,0x10e5,0x18c4,0x10c4,0x10e4,0x10c5,0x18c4,0x10e4,0x10c4,0x18c5,0x10e4,0x18c5,0x10c4,0x10c5,0x18e4,0x10c4,
  0x10c5,0x18e5,0x10c4,0x10e5,0x18c5,0x10e4,0x10c5,0x10e4,0x18c5,0x10c4,0x10e5,0x18c4,0x10e4,0x10c5,0x18e4,0x10c4,
  0x10e5,0x1105,0x18c4,0x10e5,0x18e5,0x10e4,0x10e6,0x18e4,0x10e6,0x1105,0x18e4,0x10e6,0x10e4,0x18c4,0x1106,0x10c4,
  0x1106,0x10e4,0x1906,0x10e5,0x10e5,0x18e5,0x10e5,0x10e5,0x10e5,0x10e5,0x1904,0x10e6,0x10e5,0x20e6,0x1105,0x10c5,
  0x1905,0x10c5,0x1905,0x20e5,0x1906,0x18e5,0x18e5,0x10e5,0x1906,0x20e5,0x1926,0x1904,0x2106,0x18e6,0x2107,0x1105,
  0x1106,0x1924,0x18c5,0x1125,0x10e5,0x1946,0x11a7,0x2c50,0x25d4,0x2df4,0x25d5,0x1df4,0x2db4,0x2c91,0x11c7,0x0987,
  0x1125,0x2126,0x1904,0x1906,0x18e5,0x2105,0x1925,0x1906,0x1925,0x2106,0x1125,0x1105,0x2126,0x1126,0x1186,0x1acc,
  0x3dd4,0x25d4,0x0df5,0x1615,0x1e16,0x1e15,0x2657,0x15d3,0x1df4,0x1df4,0x1e15,0x1dd4,0x3594,0x1a49,0x0987,0x1926,
  0x1926,0x1905,0x1105,0x20e5,0x1906,0x1925,0x2105,0x18e6,0x1906,0x1905,0x2126,0x1905,0x1146,0x1166,0x09e7,0x3d11,
  0x25f5,0x1dd4,0x1e15,0x25f5,0x2db3,0x23ae,0x11c7,0x1146,0x1104,0x1906,0x1905,0x18e5,0x1906,0x18e5,0x2105,0x18e6,
  0x2125,0x1905,0x1906,0x18e5,0x18e5,0x18e5,0x1905,0x18e6,0x2105,0x10e5,0x1906,0x18e5,0x1105,0x18c5,0x1905,0x18c6,
  0x1105,0x10e5,0x1905,0x10c4,0x1106,0x10c4,0x1906,0x10c4,0x1106,0x18e5,0x1105,0x10e5,0x10e5,0x10e5,0x18e5,0x10c5,
  0x10e4,0x18c6,0x10e4,0x10c5,0x10e5,0x18c5,0x10e4,0x10e6,0x10c4,0x18e5,0x10c5,0x10e5,0x18c6,0x10e4,0x10c6,0x18e4,
  0x10c6,0x10e4,0x10c5,0x10e4,0x18c5,0x10e5,0x10c4,0x10e5,0x10c4,0x18e5,0x10c4,0x10e5,0x18c5,0x10e4,0x10c5,0x10e4,
  0x18c5,0x10c4,0x10e5,0x18c4,0x10e4,0x10c5,0x18e4,0x10c4,0x10e5,0x18c4,0x10e4,0x10c5,0x18e4,0x10e4,0x10c5,0x18c4,
  0x10e5,0x18e4,0x10c5,0x10e4,0x18c4,0x10e5,0x10c4,0x10e4,0x10c5,0x18e4,0x10c4,0x10e5,0x10c4,0x18e5,0x10c4,0x10e4,
  0x18c4,0x10e5,0x10e4,0x10c5,0x18e4,0x10c5,0x10e4,0x10e4,0x18c5,0x10c4,0x10e4,0x18e5,0x10c4,0x10e5,0x18c4,0x10e5,
  0x10c4,0x18e5,0x10c4,0x10e5,0x18c4,0x10e4,0x18c5,0x10e4,0x10c4,0x10e4,0x10c5,0x18e4,0x10c5,0x10e4,0x10c5,0x18e4,
  0x10c5,0x10e4,0x10c4,0x10e5,0x10c4,0x18e5,0x10c4,0x10e5,0x10c4,0x18e5,0x10c4,0x10e4,0x18c5,0x10e4,0x10c5,0x10e4,
  0x18c5,0x10c4,0x10e5,0x18c4,0x10e4,0x10c5,0x18e4,0x10c4,0x10e5,0x10e4,0x18c4,0x10e5,0x18c4,0x10e4,0x10c5,0x18e4,
  0x10c5,0x10e4,0x18c4,0x10c5,0x10e4,0x18c4,0x10e5,0x10c4,0x10e5,0x10c4,0x18e5,0x10c4,0x10e5,0x18c4,0x10e5,0x10c4,
  0x10e5,0x10c4,0x18e4,0x10c5,0x10e4,0x18c5,0x10e4,0x10c5,0x18e4,0x10c5,0x10e4,0x18c4,0x10e5,0x10c4,0x18e5,0x10c4,
  0x10e5,0x18c4,0x10e5,0x10c4,0x18e5,0x10c4,0x18e5,0x10c4,0x10c5,0x10e4,0x18c5,0x10e4,0x10c5,0x10e4,0x10c4,0x18e5,
  0x10c4,0x18e4,0x10c5,0x10e4,0x10c4,0x10e5,0x18c4,0x10e5,0x10c4,0x18e5,0x10c4,0x10e5,0x10c4,0x18c4,0x10e4,0x10c5,
  0x10e4,0x18c5,0x10e4,0x10c4,0x18e5,0x10c4,0x18e4,0x10c5,0x10e4,0x10c4,0x10e5,0x18c4,0x10c5,0x10e4,0x18c5,0x10e4,
  0x10c4,0x18c4,0x10e5,0x10c4,0x10e5,0x18c4,0x10e5,0x10c4,0x10e5,0x18c4,0x10e4,0x18c4,0x10c5,0x10e4,0x18c4,0x10c5,
  0x10e4,0x10c4,0x18e5,0x10c4,0x10e5,0x10c4,0x10e5,0x18c4,0x10e5,0x10c4,0x10e5,0x18c4,0x10e4,0x10c5,0x18e4,0x10c5,
  0x10e4,0x10c5,0x18e4,0x10c4,0x10e5,0x10c4,0x18e4,0x10c5,0x18e4,0x10c4,0x10e5,0x10c4,0x18e5,0x10c4,0x10e4,0x10c5,
  0x18e4,0x10c4,0x10e5,0x10c4,0x10e4,0x18c5,0x10e4,0x18c5,0x10e4,0x10c5,0x18e4,0x10c4,0x10e5,0x10c4,0x18e5,0x10c4,
  0x10e5,0x18c4,0x10e5,0x10c4,0x10e5,0x10c4,0x18e5,0x10c4,0x10e4,0x18c5,0x10e4,0x10c5,0x10e4,0x18c5,0x10e4,0x10c5,
  0x10c4,0x18e4,0x10c5,0x10e4,0x18c5,0x10e4,0x10c5,0x18e4,0x10c5,0x10e4,0x10c5,0x10e4,0x18c4,0x10e5,0x10c4,0x10e5,
  0x18c4,0x10e4,0x10c5,0x18c4,0x10e4,0x10c5,0x18c4,0x10e5,0x10c4,0x10e4,0x18c4,0x10e6,0x10c4,0x18e5,0x10c5,0x10e5,
  0x18c4,0x10c5,0x10e5,0x10c4,0x10e5,0x18c4,0x10c4,0x10e5,0x18c5,0x10c4,0x10e5,0x18c4,0x1106,0x10c4,0x1105,0x18c5,
  0x1105,0x18e4,0x1105,0x10e6,0x18e4,0x10e5,0x10e4,0x18e5,0x10e4,0x18e6,0x10e4,0x1105,0x18c6,0x10e4,0x18e5,0x1105,
  0x10e5,0x1105,0x18e6,0x1105,0x10e5,0x1906,0x18e5,0x1105,0x18e5,0x1906,0x1105,0x1904,0x1105,0x18e5,0x1906,0x1905,
  0x1125,0x1106,0x10e4,0x1904,0x1104,0x1927,0x0987,0x242f,0x25d5,0x1dd4,0x25f5,0x1dd5,0x35d4,0x2c90,0x09e7,0x1167,
  0x1145,0x1105,0x1106,0x18e4,0x18e6,0x1925,0x1906,0x1926,0x1105,0x1125,0x1906,0x1125,0x1905,0x1147,0x0966,0x1aea,
  0x3d95,0x2df4,0x0dd4,0x1656,0x1df4,0x1df5,0x15f4,0x2615,0x1e35,0x15f5,0x1614,0x2df4,0x3593,0x0a49,0x1166,0x1126,
  0x2106,0x1126,0x1106,0x1925,0x2106,0x1105,0x1927,0x18e5,0x1926,0x1905,0x1905,0x1925,0x1126,0x1986,0x09c7,0x2d12,
  0x25f4,0x25f4,0x1df4,0x2615,0x3d94,0x23ce,0x01a8,0x1965,0x10e5,0x1124,0x10e6,0x18e4,0x10e5,0x20e6,0x1905,0x10e5,
  0x10c5,0x1905,0x10e5,0x1106,0x18e5,0x2105,0x18e6,0x1905,0x10e6,0x1105,0x18e5,0x10e5,0x20e5,0x10e5,0x10e5,0x10e5,
  0x18e5,0x1104,0x10e6,0x18e4,0x10e6,0x18c4,0x1105,0x10c5,0x18e5,0x1105,0x10e5,0x1905,0x10c4,0x1905,0x10c4,0x1106,
  0x18c4,0x1104,0x10e6,0x1905,0x10c4,0x10c5,0x18e4,0x10c4,0x1906,0x10c4,0x10c4,0x18e5,0x10c4,0x10e4,0x18c4,0x10e5,
  0x10c4,0x18e4,0x10c4,0x18c5,0x10e4,0x10c4,0x18e6,0x10c4,0x18c4,0x10e4,0x10c5,0x18c4,0x10e4,0x10c6,0x18c4,0x10e4,
  0x10c4,0x10e5,0x18c4,0x10e5,0x18e4,0x10c4,0x10c5,0x18e4,0x10c4,0x10e5,0x10c4,0x18e4,0x10c5,0x10c4,0x10e4,0x18c5,
  0x10c4,0x10e4,0x18c4,0x10e5,0x10c4,0x18c4,0x10e5,0x18c4,0x10e4,0x10c5,0x10c4,0x18e4,0x10c5,0x10c4,0x10e5,0x18c4,
  0x10e5,0x10c4,0x18c5,0x10e4,0x10c4,0x18e4,0x10c5,0x18c4,0x10e4,0x10c5,0x10c4,0x10e5,0x18c4,0x10c4,0x10e5,0x18c4,
  0x10e4,0x10c5,0x10e4,0x18c4,0x10e5,0x10c4,0x10e4,0x18c5,0x10e4,0x18c5,0x10c4,0x10e5,0x18c4,0x10c4,0x18e4,0x10c4,
  0x10e4,0x18c5,0x10e4,0x18c4,0x10c5,0x10e4,0x18c4,0x10e4,0x18c4,0x10e4,0x10c5,0x18c4,0x10e4,0x10c5,0x18c4,0x10e4,
  0x10c4,0x10e4,0x18c4,0x10e5,0x10c4,0x18e4,0x10c5,0x10e4,0x18c4,0x10c5,0x10e4,0x10c4,0x10e5,0x18c4,0x10c4,0x10e4,
  0x18c5,0x10c4,0x10e5,0x18c4,0x10e5,0x10c4,0x10e4,0x18c5,0x10e4,0x18c4,0x10e4,0x10c5,0x18e4,0x10c4,0x10e4,0x18c4,
  0x10e4,0x18c5,0x10c4,0x10e4,0x18c5,0x10e4,0x18c4,0x10e4,0x10c4,0x10e4,0x18c5,0x10e4,0x10c4,0x18e5,0x10c4,0x10e4,
  0x18c4,0x10e5,0x10c4,0x18c4,0x10e4,0x10c4,0x10e5,0x18c4,0x10e4,0x10c5,0x10e4,0x18c4,0x10e4,0x18c5,0x10c4,0x10e4,
  0x10c5,0x10c4,0x18e4,0x10c5,0x18e4,0x10c4,0x10e4,0x18c5,0x10e4,0x10c4,0x10c5,0x18e4,0x10c5,0x10e4,0x10c5,0x18e4,
  0x10c4,0x10e4,0x18c5,0x10e4,0x10c4,0x10e5,0x10c4,0x18e4,0x10c5,0x18e4,0x10c4,0x10e5,0x18c4,0x10e4,0x10c4,0x18c5,
  0x10e4,0x10c5,0x10e4,0x18c4,0x10e4,0x10c5,0x18c4,0x10e4,0x18c5,0x10e4,0x10c5,0x10e4,0x18c5,0x10c4,0x10e5,0x10c4,
  0x18e5,0x10c4,0x10c4,0x18e4,0x10c5,0x18e4,0x10c4,0x10e5,0x10c4,0x18e4,0x10c4,0x10e5,0x18c4,0x10e4,0x10c5,0x18e4,
  0x10c5,0x10e4,0x10c5,0x18e4,0x10c4,0x18c5,0x10e4,0x10c4,0x10c5,0x18e4,0x10c4,0x10e5,0x10c4,0x18e4,0x10c5,0x18e4,
  0x10c5,0x10e4,0x18c4,0x10e5,0x18c4,0x10c4,0x10e5,0x10c4,0x18c4,0x10e4,0x10c5,0x18e4,0x10c5,0x18c4,0x10e4,0x10c5,
  0x18c4,0x10e4,0x10c5,0x18e4,0x10c4,0x18e4,0x10c4,0x10e5,0x18c4,0x10e4,0x10c5,0x18e4,0x10c4,0x10c4,0x18e4,0x10c4,
  0x18e5,0x10c4,0x10c4,0x18e5,0x10c4,0x10e4,0x18c4,0x10e5,0x10c4,0x18e4,0x10c4,0x18c5,0x10e4,0x10c4,0x18e5,0x10c4,
  0x10e5,0x10c4,0x10e4,0x10c5,0x10e4,0x10c5,0x10e5,0x10c4,0x18e5,0x10c6,0x10c4,0x10e5,0x10c4,0x10c5,0x10e4,0x10c5,
  0x1105,0x10c4,0x18c5,0x1105,0x10c4,0x1106,0x10c5,0x10e4,0x10e5,0x1106,0x10e5,0x1104,0x10e5,0x18c5,0x1105,0x10c4,
  0x10e6,0x1104,0x10e6,0x10e5,0x10e5,0x10e5,0x10c5,0x1106,0x10c4,0x1105,0x10e5,0x1105,0x10c5,0x10e6,0x10e4,0x10e6,
  0x18c5,0x1105,0x10e6,0x18e5,0x1906,0x10e5,0x18e6,0x1905,0x10c5,0x18e5,0x1126,0x1105,0x1906,0x20e5,0x18e5,0x1126,
  0x10e5,0x1924,0x10e6,0x1104,0x1126,0x1146,0x09c8,0x2c2f,0x25f4,0x1dd5,0x1df4,0x1dd4,0x2db5,0x2c90,0x01c8,0x0966,
  0x1146,0x1905,0x1124,0x1105,0x1906,0x2105,0x1905,0x1926,0x1905,0x1106,0x1145,0x1106,0x1905,0x1125,0x0947,0x128a,
  0x34f3,0x25b3,0x1615,0x0e14,0x1df5,0x15b5,0x1e35,0x1df5,0x15b3,0x25f4,0x1dd4,0x25b3,0x3513,0x0a48,0x0947,0x1925,
  0x1906,0x1106,0x1925,0x1106,0x1126,0x1105,0x2125,0x18e6,0x10e6,0x1126,0x1106,0x1126,0x1125,0x1167,0x09e6,0x3512,
  0x25d4,0x1df5,0x1df5,0x1df5,0x35b5,0x23ad,0x09a7,0x1166,0x10e4,0x1905,0x1105,0x10e6,0x1105,0x18e5,0x18e6,0x1105,
  0x1105,0x1126,0x10e5,0x18c4,0x1906,0x10e5,0x10e5,0x1106,0x18e5,0x18e6,0x1105,0x10e5,0x1906,0x10e5,0x1905,0x10c6,
  0x1105,0x10e5,0x10e5,0x10e4,0x10e5,0x10e5,0x10e5,0x10e4,0x10e6,0x1105,0x10e4,0x10e6,0x10e4,0x10e6,0x10c4,0x10e5,
  0x10e5,0x10c5,0x1105,0x10c5,0x1105,0x10c5,0x1106,0x10c4,0x10c4,0x10e5,0x10e5,0x1104,0x10c5,0x10e5,0x10e5,0x10e5,
  0x10c5,0x10e4,0x10c6,0x10e4,0x10c5,0x10e4,0x10c4,0x10c5,0x10e5,0x10c5,0x10e4,0x10c5,0x10e4,0x10c4,0x10e5,0x10c4,
  0x18e5,0x10c5,0x10c4,0x10e5,0x10e5,0x10c4,0x10e5,0x10c4,0x10c5,0x18e4,0x10c5,0x10c4,0x10e5,0x10c4,0x10e5,0x10c4,
  0x10e5,0x10c4,0x10e5,0x10c4,0x10e5,0x10c4,0x10e4,0x10c5,0x10c4,0x18e5,0x10c4,0x10e5,0x10c4,0x18e4,0x10c5,0x10e4,
  0x10c4,0x10e5,0x10c4,0x10c4,0x10e5,0x10c4,0x10e5,0x10c4,0x10e5,0x18c4,0x10e4,0x10c4,0x10e5,0x10c4,0x10e4,0x10c5,
  0x10c4,0x18e4,0x10c5,0x10c4,0x10e4,0x18c5,0x10c4,0x10e5,0x10c4,0x10e4,0x10c5,0x10e4,0x10c5,0x10e4,0x10c5,0x10c5,
  0x10e4,0x10c5,0x10c4,0x10e5,0x18c4,0x10e5,0x10c4,0x10c5,0x10e5,0x10c4,0x10e4,0x10c5,0x10e4,0x10c4,0x10e5,0x10c4,
  0x18e5,0x10c5,0x10c4,0x10e5,0x10c4,0x10c5,0x10e4,0x10c5,0x10e4,0x10c4,0x18c5,0x10e4,0x10c4,0x10e5,0x10c5,0x10e4,
  0x10c4,0x10e5,0x10c4,0x10e4,0x10c4,0x18c5,0x10e4,0x10c4,0x10c5,0x10e4,0x10c5,0x10c4,0x10e5,0x10c4,0x10c5,0x10e5,
  0x10c4,0x10e4,0x10c5,0x10e4,0x10c4,0x10c5,0x10e4,0x10c5,0x18c5,0x10e4,0x10c5,0x10c4,0x10e5,0x10c4,0x10c5,0x10e4,
  0x10c5,0x10c4,0x10e5,0x10c4,0x10e5,0x18c4,0x10c4,0x10e5,0x10c4,0x18e4,0x10c5,0x10c4,0x10e5,0x10c4,0x10e5,0x18c4,
  0x10e4,0x10c5,0x10e4,0x10c4,0x10c5,0x10e4,0x10c5,0x10c4,0x10e5,0x18c4,0x10e4,0x10c4,0x10e5,0x18c4,0x10c4,0x10e5,
  0x10c4,0x10c5,0x10e4,0x10c5,0x18c4,0x10e4,0x10c5,0x10c4,0x10e5,0x10c4,0x10c5,0x10e4,0x10c4,0x10c5,0x10e4,0x10c5,
  0x10e4,0x18c4,0x10c5,0x10e4,0x10c5,0x10e4,0x10c5,0x10e4,0x10c4,0x10c5,0x18e4,0x10c4,0x10e5,0x10c4,0x18e4,0x10c5,
  0x10c4,0x10e5,0x10c4,0x10e5,0x10c4,0x10c5,0x10e4,0x18c4,0x10c5,0x10e4,0x10c5,0x10c4,0x10e5,0x10c4,0x10c4,0x10e5,
  0x10c4,0x18c4,0x10e4,0x10c5,0x10e4,0x10c4,0x10c5,0x10e4,0x10c4,0x10e5,0x10c4,0x18c4,0x10e5,0x10c4,0x10c4,0x10e5,
  0x10c4,0x10c5,0x10e4,0x10c4,0x10e5,0x10c4,0x18e4,0x10c5,0x10e4,0x10c5,0x10c4,0x10e4,0x10c4,0x10e5,0x10c4,0x10e4,
  0x10c5,0x10e4,0x10c4,0x10c5,0x10e4,0x10c5,0x10c4,0x10e5,0x10c4,0x10c5,0x10e4,0x10c5,0x10e4,0x10c5,0x10e5,0x10c4,
  0x10c4,0x10e5,0x10c4,0x10e4,0x10c5,0x10c4,0x10e5,0x10c4,0x10c5,0x10e4,0x10c5,0x10e4,0x10c5,0x10e4,0x10c4,0x10c5,
  0x18c4,0x10e6,0x10c4,0x18e4,0x10c5,0x10e4,0x18c4,0x10c5,0x10e4,0x10c4,0x10e4,0x18c5,0x10e4,0x10c5,0x18c4,0x10e4,
  0x10c5,0x10e5,0x10c4,0x10e6,0x18e4,0x10c5,0x10c4,0x18e5,0x10c6,0x10e4,0x18c4,0x10e6,0x10e4,0x10c4,0x1106,0x10e4,
  0x1905,0x10e5,0x1105,0x18e5,0x10e4,0x1105,0x18c4,0x10e5,0x1105,0x18e5,0x1105,0x10e6,0x18e5,0x10c4,0x10e6,0x1105,
  0x10e5,0x10e4,0x10e5,0x1905,0x10e5,0x1105,0x18e5,0x10e5,0x1105,0x18e5,0x1125,0x1104,0x18e6,0x1905,0x18e5,0x1125,
  0x1106,0x1104,0x10e4,0x1104,0x1904,0x1126,0x09a7,0x2450,0x25d4,0x25f4,0x1dd5,0x1df4,0x35b4,0x2c71,0x1207,0x0966,
  0x1145,0x1106,0x1105,0x1104,0x18e5,0x1926,0x1906,0x2105,0x1905,0x1105,0x1925,0x1145,0x1106,0x1906,0x1946,0x01a6,
  0x1b6c,0x3df4,0x1df4,0x15d5,0x25f5,0x25f5,0x1e35,0x1db3,0x2636,0x1dd4,0x2df4,0x3593,0x1b2b,0x01c6,0x1146,0x1907,
  0x1905,0x1105,0x1105,0x1126,0x1105,0x1125,0x1906,0x1905,0x10e5,0x1925,0x1905,0x1105,0x1945,0x1166,0x09e7,0x2cf2,
  0x2614,0x1dd4,0x2614,0x1df4,0x3594,0x2bce,0x09a7,0x1165,0x18e4,0x1125,0x10e5,0x10e5,0x1906,0x18e5,0x1905,0x18e6,
  0x1125,0x1905,0x1106,0x18e5,0x10e5,0x1106,0x10e5,0x20e5,0x1105,0x18e5,0x18e5,0x1106,0x18e5,0x10e4,0x10e6,0x1105,
  0x10e5,0x1904,0x10e6,0x10e4,0x18e6,0x10c4,0x1105,0x18c5,0x1105,0x10e5,0x1905,0x10e5,0x10c4,0x1905,0x10c4,0x10e5,
  0x18e4,0x10c4,0x10e5,0x1905,0x10c4,0x10c4,0x18e4,0x10e6,0x10e4,0x18c5,0x10e5,0x10c4,0x18e4,0x10c4,0x10c4,0x18e4,
  0x10c5,0x10e4,0x18c4,0x10e4,0x10c4,0x18c5,0x10e4,0x10c4,0x18c4,0x10e5,0x10c4,0x18e4,0x10c6,0x10e4,0x18c4,0x10c6,
  0x10e4,0x10c4,0x10e4,0x18c4,0x18c4,0x10e4,0x10c4,0x18e4,0x10c4,0x10e4,0x10c4,0x10e4,0x18c4,0x10e4,0x18c4,0x10e4,
  0x10c4,0x18e4,0x10c4,0x10c4,0x18e4,0x10c5,0x18c4,0x10e4,0x10c4,0x10e4,0x10c4,0x18e4,0x10c5,0x10e4,0x10c4,0x10c4,
  0x18c5,0x10e4,0x10c4,0x18e5,0x10c4,0x10c4,0x18e4,0x10c4,0x10c4,0x10e5,0x10c4,0x18e5,0x10c4,0x10c4,0x18e5,0x10c4,
  0x10e4,0x10c5,0x10e4,0x10c4,0x10c5,0x10e4,0x10c4,0x10c4,0x10e4,0x18c5,0x10e4,0x10c4,0x18e4,0x10c4,0x10e4,0x18c4,
  0x10c4,0x18e4,0x10c4,0x10e4,0x10c4,0x10c4,0x10e4,0x10c4,0x18c4,0x10e5,0x10c4,0x18e4,0x10c5,0x10e4,0x18c4,0x10c5,
  0x10e4,0x10c4,0x10e4,0x18c4,0x10e4,0x10c4,0x18c4,0x10e4,0x10c5,0x10e4,0x10c4,0x10c5,0x18e4,0x10c4,0x10c4,0x18e4,
  0x10c5,0x10e4,0x18c4,0x10c5,0x10e4,0x10c4,0x10e5,0x10c4,0x18e4,0x10c4,0x10e4,0x18c4,0x10c4,0x10e4,0x18c4,0x10c4,
  0x10e5,0x18c4,0x10e4,0x10c5,0x18e4,0x10c4,0x10c5,0x10e4,0x10c4,0x10e4,0x10c4,0x18e4,0x10c4,0x10e4,0x18c4,0x10c4,
  0x10e4,0x18c4,0x10e4,0x10c4,0x10c5,0x10e4,0x10c4,0x10e4,0x10c5,0x10c4,0x10e4,0x10c4,0x18e4,0x10c4,0x10c4,0x10e5,
  0x10c4,0x18e4,0x10c5,0x10e4,0x18c4,0x10c5,0x18e4,0x10c4,0x10e4,0x10c5,0x10c4,0x10e4,0x10c4,0x10e5,0x10c4,0x18c4,
  0x10e4,0x10c4,0x18c4,0x10e4,0x10c5,0x10c4,0x18e4,0x10c4,0x10c4,0x18e4,0x10c4,0x10c5,0x18e4,0x10c4,0x10e4,0x18c4,
  0x10e5,0x10c4,0x10e4,0x10c4,0x18c4,0x10e4,0x18c4,0x10c5,0x10e4,0x10c4,0x10c4,0x10e5,0x10c4,0x10e4,0x10c4,0x10e4,
  0x10c4,0x18e4,0x10c4,0x10c4,0x18e4,0x10c4,0x10e5,0x10c4,0x10e4,0x10c4,0x18e4,0x10c4,0x10c4,0x18e5,0x10c4,0x10e4,
  0x18c4,0x10e5,0x10c4,0x10c4,0x18e5,0x10c4,0x10e4,0x18c5,0x10e4,0x18c4,0x10e5,0x10c4,0x10c4,0x10e5,0x10c4,0x18c4,
  0x10e4,0x18c4,0x10c4,0x10e5,0x18c4,0x10e4,0x10c5,0x10e4,0x10c4,0x18e4,0x10c5,0x10e4,0x18c5,0x10c4,0x10e4,0x18c5,
  0x10e4,0x10c4,0x18e5,0x10c4,0x10c4,0x18e4,0x10c4,0x10c4,0x18e4,0x10c4,0x10c4,0x18e4,0x10c4,0x10c4,0x18e4,0x10c5,
  0x10e4,0x18c4,0x10e5,0x10c4,0x18e4,0x10c4,0x10c4,0x18e4,0x10c4,0x10e4,0x18c4,0x10e4,0x10c4,0x18c5,0x10e4,0x10c4,
  0x10e4,0x10c4,0x10c5,0x10e4,0x10c5,0x10c4,0x10e4,0x10c4,0x10e4,0x18c5,0x10c4,0x10e5,0x10c4,0x10e5,0x10c5,0x10c4,
  0x18e4,0x10e5,0x18e5,0x10c4,0x1105,0x10c5,0x10e4,0x10c5,0x10e5,0x10e4,0x10e4,0x1105,0x18c5,0x10e5,0x10e4,0x1105,
  0x10e6,0x10e5,0x1106,0x10e5,0x1106,0x10e5,0x1106,0x10e4,0x1105,0x10e5,0x10e6,0x1105,0x10c5,0x1105,0x18e5,0x1105,
  0x10e6,0x18e5,0x1906,0x18e5,0x10e6,0x1905,0x18e6,0x1105,0x18e6,0x1105,0x1106,0x1925,0x18e5,0x1905,0x20e6,0x1105,
  0x1905,0x1105,0x1105,0x1105,0x10e5,0x1146,0x11a7,0x244f,0x25d5,0x1dd4,0x1df4,0x1dd4,0x2dd4,0x2c70,0x09e7,0x0967,
  0x1125,0x1925,0x1105,0x1906,0x18e5,0x1905,0x1925,0x1907,0x1905,0x1906,0x1145,0x1125,0x1125,0x18e6,0x1926,0x0967,
  0x12ca,0x24d2,0x2df4,0x2614,0x1db4,0x25b5,0x1e15,0x1df4,0x1db4,0x25b3,0x3d74,0x34d1,0x126a,0x0986,0x1146,0x1925,
  0x20e5,0x1907,0x1105,0x1925,0x1105,0x1906,0x1925,0x18e7,0x1926,0x1907,0x1925,0x1106,0x1145,0x1166,0x11c6,0x2d31,
  0x25f5,0x1dd4,0x1e15,0x1df5,0x35b4,0x23ad,0x09c7,0x1146,0x10e4,0x1125,0x10e5,0x1105,0x10e5,0x1906,0x18e5,0x1105,
  0x10e5,0x10e5,0x1105,0x18e5,0x1905,0x10e5,0x1905,0x18e6,0x1105,0x10e6,0x1905,0x10e5,0x10e5,0x1106,0x10e5,0x18e5,
  0x1106,0x10e4,0x1105,0x10c4,0x1105,0x10c4,0x1105,0x10c4,0x10e5,0x1105,0x10e4,0x1105,0x10c5,0x1105,0x10c5,0x1105,
  0x10e6,0x1105,0x10c5,0x1105,0x10c5,0x1105,0x10c4,0x1105,0x10c5,0x10c4,0x10e4,0x10c4,0x10c5,0x10e4,0x10c6,0x10e4,
  0x10c5,0x10c4,0x10e5,0x10c4,0x10e4,0x10c4,0x10e4,0x18c6,0x10e4,0x10c4,0x10c5,0x10e4,0x10c4,0x10c4,0x10e4,0x10c4,
  0x10e4,0x18c5,0x10c4,0x10e5,0x10c4,0x10e5,0x10c4,0x10e5,0x10c4,0x10c5,0x18e4,0x10c5,0x10c4,0x10e5,0x10c4,0x10c5,
  0x10e4,0x10c5,0x10e4,0x10c5,0x10c4,0x10e4,0x10c4,0x10e5,0x18c4,0x10c5,0x10e4,0x10c4,0x10c4,0x10e4,0x18c5,0x10e4,
  0x10c4,0x10e4,0x10c4,0x10c4,0x10e4,0x10c5,0x10e4,0x10c5,0x10e4,0x18c4,0x10e4,0x10c4,0x10e4,0x10c4,0x10e4,0x10c4,
  0x18c4,0x10e4,0x10c4,0x18e4,0x10c4,0x10e4,0x18c5,0x10e4,0x10c4,0x10c4,0x10e4,0x10c4,0x10c5,0x10e4,0x10c5,0x10e4,
  0x10c5,0x10e4,0x10c5,0x18c4,0x10e5,0x10c4,0x18e5,0x10c4,0x10e4,0x10c4,0x10c5,0x10e4,0x10c4,0x10c4,0x10e4,0x10c4,
  0x10e4,0x18c5,0x10c4,0x10e5,0x10c4,0x10e5,0x10c4,0x10c4,0x18e4,0x10c5,0x18e4,0x10c4,0x10e4,0x10c5,0x10e4,0x10c4,
  0x10c4,0x10e4,0x10c4,0x10e4,0x18c5,0x10e4,0x10c4,0x10e4,0x10c5,0x10c4,0x10e5,0x10c4,0x10e5,0x10c4,0x10e5,0x10c4,
  0x10e4,0x10c4,0x10c5,0x10e4,0x10c4,0x10e4,0x18c4,0x10e4,0x10c5,0x18c4,0x10e5,0x10c4,0x10c5,0x10e4,0x10c5,0x10e4,
  0x10c5,0x10e4,0x10c5,0x18e4,0x10c4,0x10e4,0x18c5,0x10c4,0x18e4,0x10c4,0x10e5,0x10c4,0x10c5,0x10e4,0x18c4,0x10e4,
  0x10c5,0x10c4,0x10e4,0x10c4,0x10e4,0x10c4,0x10e4,0x10c5,0x10c4,0x18e4,0x10c4,0x18e5,0x10c4,0x10c4,0x10e4,0x10c5,
  0x10e4,0x10c5,0x10e4,0x10c4,0x10e4,0x10c5,0x10e4,0x10c5,0x10e4,0x10c5,0x10e4,0x10c4,0x10e4,0x10c5,0x10e4,0x10c4,
  0x10c4,0x10e4,0x18c5,0x10e4,0x10c5,0x10e4,0x10c4,0x10e4,0x18c4,0x10e5,0x10c4,0x18e4,0x10c4,0x18c5,0x10e4,0x10c5,
  0x18e4,0x10c5,0x10e4,0x10c5,0x10e4,0x10c4,0x18c4,0x10e4,0x10c5,0x10c4,0x10e5,0x10c4,0x10e4,0x10c4,0x10e4,0x10c5,
  0x10c4,0x10e4,0x10c4,0x10e4,0x10c4,0x10e5,0x10c4,0x10e4,0x10c4,0x10c4,0x10e4,0x10c4,0x18e4,0x10c4,0x10e4,0x10c5,
  0x10e4,0x10c5,0x10e4,0x10c4,0x10c4,0x10e5,0x10c4,0x18c4,0x10e5,0x10c4,0x10e4,0x10c4,0x10e4,0x10c4,0x10e4,0x10c4,
  0x10c4,0x10e4,0x10c4,0x10e4,0x10c5,0x10e4,0x10c5,0x10e4,0x10c5,0x10e4,0x10c5,0x10e4,0x10c5,0x10e4,0x10c4,0x10e4,
  0x10c5,0x10c4,0x10e4,0x10c4,0x10c5,0x10e4,0x10c5,0x10e4,0x10c5,0x10c4,0x10e5,0x10c4,0x10e4,0x10c4,0x10e4,0x18c5,
  0x10e4,0x18c4,0x10e5,0x10c4,0x18e5,0x10c4,0x18e5,0x10c4,0x10c4,0x10e4,0x10c4,0x10e5,0x18c5,0x10c4,0x10e5,0x10c5,
  0x10e4,0x10c4,0x10c4,0x1106,0x10c4,0x1905,0x10c4,0x18e6,0x10c5,0x18e5,0x10c4,0x1105,0x10e5,0x10c4,0x1906,0x10c4,
  0x1905,0x10e4,0x1905,0x10e5,0x10e4,0x18e5,0x10e4,0x18e5,0x10c5,0x1105,0x18e4,0x10e5,0x18e6,0x10e5,0x1106,0x10e5,
  0x1105,0x10e5,0x1905,0x18e5,0x1905,0x18e5,0x1105,0x18e5,0x1905,0x18e5,0x1105,0x1125,0x18e6,0x18e5,0x1905,0x1106,
  0x1125,0x1104,0x1905,0x1105,0x1904,0x1147,0x09c7,0x242f,0x2df4,0x1dd4,0x25d6,0x1df4,0x2db5,0x3490,0x09c7,0x0986,
  0x1125,0x1126,0x1105,0x1105,0x1905,0x2106,0x1926,0x1905,0x2125,0x1905,0x1126,0x1925,0x1125,0x20e5,0x1926,0x1146,
  0x11e7,0x130b,0x34f1,0x2d95,0x3e15,0x1db3,0x25d5,0x1e14,0x25d5,0x35b4,0x3470,0x12aa,0x01c7,0x1147,0x1146,0x18e6,
  0x1905,0x18e5,0x1925,0x1126,0x1145,0x1105,0x1905,0x1905,0x1106,0x1105,0x1126,0x1905,0x1146,0x1166,0x09e8,0x2d12,
  0x2df4,0x1dd4,0x2615,0x1df5,0x3db4,0x23ae,0x11a7,0x1165,0x10e4,0x2126,0x10e5,0x18e6,0x1105,0x20e5,0x18e5,0x1106,
  0x18e5,0x1106,0x10e5,0x1106,0x18e5,0x1106,0x18e5,0x1905,0x18e5,0x1905,0x10e5,0x1906,0x18e5,0x10e5,0x1105,0x10e5,
  0x10e5,0x1104,0x18e6,0x10c4,0x1106,0x18c4,0x10e6,0x10e4,0x18e6,0x10e5,0x1105,0x18e5,0x10e4,0x10e5,0x18e4,0x10e5,
  0x10e4,0x18e5,0x10e4,0x18c4,0x1105,0x18c6,0x10e5,0x10e4,0x18e5,0x10e4,0x18c5,0x10e4,0x10c4,0x1904,0x10c4,0x18e4,
  0x10c5,0x18e4,0x10c4,0x18c5,0x10e4,0x10c5,0x10c4,0x10e4,0x10e4,0x18c4,0x10e4,0x10c4,0x18e5,0x10c4,0x18e5,0x10c4,
  0x10c4,0x10e5,0x10c4,0x10e4,0x18e4,0x10c4,0x18c4,0x10e4,0x10c4,0x10e4,0x10c4,0x10e4,0x10c4,0x10e4,0x18c4,0x10e4,
  0x10c4,0x18c4,0x10e4,0x18c4,0x10e4,0x10c5,0x18e4,0x10c4,0x10e4,0x10c4,0x10e5,0x18c4,0x10e5,0x10c4,0x10e4,0x10c4,
  0x10e5,0x18c4,0x10e5,0x10c4,0x18e4,0x10c4,0x10c4,0x18e4,0x10c4,0x10c5,0x10e4,0x10c5,0x18c4,0x10e5,0x10c4,0x10e5,
  0x10c4,0x10c5,0x10e4,0x10c5,0x10e4,0x10c4,0x10e4,0x10c5,0x18e4,0x10c5,0x18c4,0x10e4,0x10c4,0x18c4,0x10e4,0x10c4,
  0x18e4,0x10c4,0x10e4,0x10c4,0x10e4,0x10c4,0x10e4,0x10c5,0x10e4,0x18c4,0x10e4,0x10c4,0x18e5,0x10c4,0x18e5,0x10c4,
  0x10c4,0x10e4,0x10c4,0x10e4,0x18c4,0x10c4,0x10e5,0x10c4,0x10e4,0x10c4,0x10c4,0x10e5,0x10c4,0x18e4,0x10c4,0x18e5,
  0x10c4,0x18e5,0x10c4,0x10e4,0x10c4,0x10c4,0x18e5,0x10c4,0x18e4,0x10c4,0x18e4,0x10c4,0x10e4,0x18c4,0x10e4,0x18c4,
  0x10c5,0x10e4,0x18c4,0x10c4,0x18e5,0x10c4,0x10e5,0x10c4,0x10e4,0x10c4,0x10e4,0x10c4,0x18e4,0x10c4,0x10e4,0x18c4,
  0x10e4,0x18c4,0x10c4,0x10e4,0x10c5,0x10c4,0x10e4,0x10c5,0x10e4,0x10c4,0x18e4,0x10c4,0x18e4,0x10c5,0x10e4,0x10c4,
  0x18e4,0x10c4,0x18c5,0x10e4,0x10c5,0x18e4,0x10c4,0x10e4,0x10c4,0x10e5,0x10c4,0x10c4,0x10e4,0x18c5,0x10e4,0x10c4,
  0x18e4,0x10c4,0x10e5,0x18c4,0x10e4,0x18c4,0x10e4,0x10c4,0x18e4,0x10c4,0x18e4,0x10c5,0x18e4,0x10c4,0x18c5,0x10e4,
  0x10c5,0x10e4,0x10c4,0x10c4,0x10e4,0x18c5,0x10e4,0x10c5,0x10e4,0x10c4,0x10e4,0x10c5,0x10e4,0x10c4,0x10c4,0x10e4,
  0x10c4,0x10c4,0x10e4,0x18c4,0x10e5,0x10c4,0x10e5,0x10c4,0x18e4,0x10c4,0x18e4,0x10c5,0x18e4,0x10c5,0x18c4,0x10e4,
  0x10c4,0x18e5,0x10c4,0x18c5,0x10e4,0x18c4,0x10c4,0x10e5,0x18c4,0x10e5,0x10c4,0x10e5,0x10c4,0x10e5,0x18c4,0x10e4,
  0x10c4,0x18e4,0x10c4,0x10e5,0x18c4,0x10c4,0x10e4,0x10c4,0x10c4,0x10e4,0x18c5,0x10c4,0x10e5,0x18c4,0x10c5,0x10e4,
  0x18c5,0x10c4,0x10e5,0x18c4,0x10e4,0x10c4,0x18e4,0x10c4,0x10e4,0x18c4,0x10e4,0x18c4,0x10e4,0x18c5,0x10c4,0x10e4,
  0x18c4,0x10e4,0x18c5,0x10e4,0x10c4,0x18e4,0x10c4,0x18e4,0x10c4,0x18e4,0x10c4,0x18c5,0x10e4,0x10c5,0x10c4,0x10e4,
  0x10c5,0x10c4,0x10c5,0x10c4,0x10c4,0x10c4,0x10c4,0x10c5,0x18c4,0x10c5,0x10c4,0x10c5,0x10c4,0x10c5,0x18c4,0x10c5,
  0x10c5,0x18c5,0x10c4,0x10e5,0x10c4,0x10e5,0x10e5,0x10c4,0x10c5,0x10c4,0x10c5,0x10c4,0x18c5,0x10e5,0x10e4,0x10e5,
  0x10e6,0x10e5,0x10e6,0x10e5,0x10e6,0x10e5,0x10e6,0x10e4,0x10e5,0x10e5,0x1106,0x10e5,0x10c5,0x10e5,0x10e5,0x18e5,
  0x10e6,0x10e5,0x18e6,0x10e5,0x10e6,0x10e5,0x10e6,0x10e5,0x10e6,0x10e5,0x1106,0x1104,0x20e5,0x1905,0x20e6,0x1105,
  0x1105,0x1105,0x10e5,0x1105,0x10e4,0x1126,0x09a8,0x240f,0x25d5,0x1dd4,0x1dd5,0x1dd4,0x2db4,0x2c71,0x09e7,0x1167,
  0x1125,0x1105,0x1905,0x1106,0x18e5,0x1905,0x1906,0x1907,0x1905,0x2105,0x1905,0x18e6,0x18e5,0x18e6,0x1125,0x1147,
  0x0986,0x0a29,0x130b,0x2cf2,0x2593,0x1dd4,0x1db3,0x1dd4,0x2db4,0x2cd2,0x12ca,0x11c8,0x1166,0x1126,0x1125,0x18e5,
  0x20e5,0x18e6,0x2105,0x1125,0x1125,0x1906,0x1905,0x18e7,0x18e5,0x1907,0x1905,0x1105,0x1125,0x1966,0x09c7,0x2cf2,
  0x25f4,0x1dd5,0x1df4,0x1df4,0x3594,0x23ad,0x09a7,0x1146,0x10e4,0x1905,0x10e5,0x10e5,0x10e5,0x18e6,0x18e5,0x10e5,
  0x1105,0x1105,0x18e5,0x10e5,0x20e5,0x10e5,0x10e6,0x18e5,0x18e6,0x10e5,0x10e5,0x18e5,0x10e5,0x1106,0x18e5,0x10e6,
  0x10e5,0x10e4,0x10e5,0x10c4,0x10e5,0x10c4,0x10e5,0x10c4,0x1105,0x10e5,0x18e4,0x10e6,0x10c4,0x10e6,0x10c4,0x10e6,
  0x18c4,0x10e6,0x10e5,0x10c5,0x10c4,0x10c4,0x10e5,0x10c5,0x10c5,0x10c4,0x10c4,0x10c4,0x10c5,0x10c4,0x10c6,0x10c4,
  0x10c6,0x10c4,0x10c4,0x10c4,0x10c4,0x18c4,0x10c4,0x10c5,0x10c6,0x10c4,0x10c5,0x10c4,0x10c4,0x10c4,0x10c4,0x10c6,
  0x18c4,0x10c5,0x10c4,0x10c5,0x10c4,0x10c5,0x10c4,0x10c5,0x18c4,0x10c5,0x10c4,0x18c5,0x10c4,0x10c5,0x10c4,0x10c5,
  0x10c4,0x10c5,0x10c4,0x10c5,0x10c4,0x10c4,0x10c4,0x10c5,0x10c4,0x18c4,0x10c4,0x10c4,0x10c4,0x10c5,0x18c4,0x10c4,
  0x10c4,0x10c4,0x10c4,0x10c5,0x10c4,0x18c5,0x10c4,0x10c5,0x10c4,0x10c4,0x18c4,0x10c4,0x10c4,0x10c4,0x18c4,0x10c4,
  0x18c4,0x10c4,0x18c4,0x10c4,0x18c5,0x10c4,0x18c4,0x10c4,0x10c4,0x10c4,0x10c5,0x10c4,0x10e5,0x10c4,0x10c5,0x10c4,
  0x10c5,0x10c4,0x18c5,0x10c4,0x10c5,0x18c4,0x10c4,0x10c4,0x10c5,0x10c4,0x10c5,0x10c4,0x10c4,0x10c4,0x10c4,0x10c5,
  0x18c4,0x10c5,0x10c4,0x10c5,0x10c4,0x10c4,0x18c4,0x10c5,0x10c4,0x18c5,0x10c4,0x10c4,0x10c4,0x10c5,0x10c4,0x10c4,
  0x10c4,0x10c4,0x10c5,0x10c4,0x18c5,0x10c4,0x10c4,0x10c4,0x10c5,0x10c4,0x10c5,0x10c4,0x10c5,0x10c4,0x10c5,0x10c4,
  0x10c4,0x10c4,0x10e5,0x10c4,0x10c4,0x10c4,0x10c4,0x18c4,0x10c5,0x10c4,0x18c5,0x10c4,0x10c5,0x10c4,0x10c5,0x10c4,
  0x10c5,0x10c4,0x10c5,0x10c4,0x18c4,0x10e4,0x18c5,0x10c4,0x10c4,0x10c5,0x10c4,0x10c5,0x10c4,0x10c4,0x10c5,0x10c4,
  0x10c5,0x10c4,0x10c4,0x10c4,0x10c4,0x10c5,0x10c4,0x18c5,0x10c4,0x10c4,0x18c4,0x10c5,0x10c4,0x10c4,0x10c4,0x10c5,
  0x10c4,0x18c4,0x10c4,0x10c5,0x10c4,0x10c5,0x10c4,0x10c5,0x10c4,0x10c5,0x10c4,0x10c4,0x10c4,0x10c4,0x10c4,0x10c4,
  0x18c4,0x10c5,0x10c4,0x18c5,0x10c4,0x10c4,0x10c4,0x10c4,0x18c4,0x10c5,0x18c4,0x10c4,0x10c4,0x18c5,0x10c4,0x10c5,
  0x18c4,0x10c5,0x10c4,0x10c4,0x10c4,0x18c4,0x10c4,0x10c5,0x10c4,0x10c5,0x10c4,0x10c4,0x10c4,0x10c4,0x10c4,0x10c5,
  0x10c4,0x10c4,0x10c4,0x10c4,0x10c4,0x10c5,0x10c4,0x10c4,0x10c4,0x10c4,0x18c4,0x10c4,0x18c4,0x10c4,0x10c5,0x10c4,
  0x10c5,0x10c4,0x10c4,0x10c4,0x10c4,0x10e5,0x18c4,0x10c5,0x10c4,0x10c4,0x10c4,0x10c4,0x10c4,0x10c4,0x10c4,0x10c4,
  0x10e4,0x10c4,0x18c4,0x10c5,0x10c4,0x10c5,0x10c4,0x10c5,0x18c4,0x10c5,0x10c4,0x10c5,0x10c4,0x10c4,0x10c5,0x10c4,
  0x10c5,0x10c4,0x10c4,0x10c4,0x10c5,0x10c4,0x10c5,0x10c4,0x10c5,0x10c4,0x10c4,0x10c4,0x10c4,0x18c4,0x10c4,0x10c5,
  0x10e4,0x18c4,0x10c4,0x18c5,0x10e5,0x10c4,0x18c4,0x10e4,0x10c4,0x10c4,0x18e5,0x10c4,0x10c5,0x10e4,0x10c5,0x10c4,
  0x10e4,0x10e5,0x10c4,0x18e5,0x10e5,0x10c4,0x18e4,0x1106,0x10e4,0x10e5,0x18e5,0x10e5,0x10c4,0x10c4,0x1106,0x10e4,
  0x18e5,0x10e5,0x10e5,0x1905,0x10e4,0x10e5,0x18c4,0x1106,0x10e4,0x18e5,0x10e5,0x10e5,0x18c6,0x10e5,0x10c6,0x1105,
  0x10c4,0x10e5,0x10e5,0x1905,0x18e5,0x18e5,0x18e5,0x1905,0x18c4,0x18e5,0x1125,0x1106,0x10e5,0x18e5,0x18e5,0x1105,
  0x1905,0x1104,0x10e5,0x1924,0x10e5,0x1146,0x11a7,0x242f,0x25d4,0x25d4,0x1df5,0x25d4,0x35b4,0x2c70,0x09e7,0x0966,
  0x1125,0x1126,0x10e4,0x1105,0x20e5,0x1906,0x1925,0x1126,0x1926,0x1905,0x1905,0x18e5,0x18e5,0x2105,0x1125,0x1946,
  0x0966,0x09c7,0x0a28,0x34b2,0x2dd3,0x25d5,0x25b4,0x2636,0x2594,0x1c2f,0x0249,0x1187,0x1946,0x1146,0x1905,0x18e6,
  0x18e5,0x18c5,0x10e5,0x1126,0x1145,0x1105,0x1905,0x1905,0x1105,0x1105,0x2126,0x1105,0x1126,0x1186,0x09c6,0x34f2,
  0x2614,0x15f4,0x1dd4,0x25d6,0x2db4,0x23ae,0x09a7,0x1965,0x10e4,0x1106,0x1905,0x10c5,0x10e5,0x1905,0x20e5,0x10e6,
  0x1125,0x1106,0x10e5,0x18e6,0x10e4,0x1905,0x18e5,0x18e5,0x10e5,0x18e6,0x2105,0x10e6,0x18e5,0x10e4,0x10e5,0x10c5,
  0x1906,0x10e4,0x10e6,0x18e4,0x10e6,0x18c4,0x1106,0x18c4,0x10e6,0x10e5,0x10e4,0x10e5,0x10c4,0x18e5,0x10e4,0x10e5,
  0x10c4,0x10e5,0x10e5,0x10e5,0x10e5,0x18e5,0x10c4,0x10e4,0x18e5,0x10c4,0x10c5,0x18e4,0x10c5,0x18c4,0x10e4,0x10c4,
  0x10c4,0x18e5,0x10c4,0x10c5,0x10e4,0x10c5,0x10e4,0x18c4,0x10e4,0x18c4,0x10c4,0x18c4,0x10e5,0x10c4,0x18c4,0x10e4,
  0x10c4,0x10c4,0x18e4,0x10c4,0x10e4,0x10c4,0x18c4,0x10e4,0x10c4,0x10c4,0x10c4,0x10e4,0x10c4,0x18c4,0x10c4,0x18e4,
  0x10c4,0x10c4,0x18e4,0x10c4,0x10c5,0x18e4,0x10c4,0x10c4,0x10c5,0x10e4,0x10c5,0x10c4,0x18c4,0x10e4,0x10c5,0x10c4,
  0x10c5,0x18c4,0x10e4,0x18c4,0x10c4,0x10e4,0x10c4,0x10e4,0x18c5,0x10c4,0x10e5,0x10c4,0x10c5,0x10e4,0x10c5,0x10c4,
  0x10e5,0x10c4,0x10c5,0x10e4,0x10c4,0x10c5,0x10c4,0x10c5,0x10e4,0x10c4,0x18e4,0x10c4,0x18c4,0x10c4,0x18c4,0x10c4,
  0x10c4,0x10e4,0x10c4,0x10c4,0x10e4,0x10c5,0x10c4,0x18c4,0x10e4,0x18c4,0x10c4,0x18c4,0x10e5,0x10c4,0x18c4,0x10e4,
  0x10c4,0x10c4,0x18e4,0x10c4,0x10c5,0x10e4,0x10c4,0x10c4,0x10e4,0x10c4,0x10c4,0x18e5,0x10c4,0x10c4,0x18c4,0x10e5,
  0x10c4,0x10c4,0x18c4,0x10e4,0x10c4,0x10c4,0x10e5,0x10c4,0x18c4,0x10c4,0x10c4,0x18e4,0x10c4,0x10c4,0x18c4,0x10e5,
  0x10c4,0x18c4,0x10c4,0x10c4,0x18c5,0x10c4,0x10c5,0x10e4,0x10c4,0x10c4,0x10c4,0x10e4,0x10c4,0x18c4,0x10c4,0x10e4,
  0x18c4,0x10c4,0x10e4,0x10c5,0x10c4,0x10c4,0x10c4,0x10c4,0x18e4,0x10c4,0x10c4,0x18e4,0x10c5,0x10c4,0x18c4,0x10e4,
  0x10c4,0x18c4,0x10e5,0x10c4,0x18c4,0x10c4,0x10e4,0x10c4,0x10c4,0x10e5,0x10c4,0x10e4,0x18c4,0x10c5,0x18e4,0x10c4,
  0x10c5,0x10c4,0x10e4,0x10c4,0x10c4,0x18c4,0x10c4,0x18e4,0x10c4,0x10c4,0x18c4,0x10c5,0x10e4,0x10c5,0x18c4,0x10e5,
  0x10c4,0x10c4,0x10e4,0x10c4,0x10c4,0x10e5,0x18c4,0x10c5,0x10c4,0x10c4,0x10c4,0x10c5,0x10e4,0x10c4,0x10c4,0x10e4,
  0x10c4,0x10c4,0x18e5,0x10c4,0x10c5,0x10e4,0x10c4,0x18c4,0x10e4,0x10c4,0x10c4,0x18c5,0x10e4,0x10c5,0x10c4,0x18e4,
  0x10c4,0x10c5,0x18e4,0x10c5,0x10c4,0x10e4,0x18c4,0x10c5,0x10e4,0x10c5,0x10c4,0x10c5,0x10c4,0x10e4,0x10c4,0x18c4,
  0x10c4,0x10c5,0x18e4,0x10c5,0x18c4,0x10c4,0x10c4,0x10c4,0x18e5,0x10c4,0x10c5,0x18e4,0x10c5,0x18c4,0x10e5,0x18c4,
  0x10c5,0x10c4,0x10c4,0x10c4,0x10c4,0x18c4,0x10e4,0x10c4,0x10c4,0x10c4,0x10c4,0x10c4,0x10e5,0x18c4,0x10c4,0x10e4,
  0x18c4,0x10c4,0x10c5,0x18e4,0x10c4,0x18c4,0x10e4,0x10c4,0x10c4,0x18e5,0x10c4,0x10c5,0x10e4,0x10c5,0x10e4,0x18c4,
  0x10c6,0x10c4,0x10e5,0x10c4,0x10c4,0x10c5,0x10c4,0x10c5,0x10c4,0x10c5,0x10c4,0x10c5,0x18c4,0x10c5,0x18c4,0x10c6,
  0x18c4,0x10c5,0x10c5,0x10c4,0x10e5,0x10e5,0x10e5,0x10c4,0x18e5,0x10e5,0x10c5,0x10c4,0x10e6,0x18c4,0x10e5,0x10c4,
  0x1106,0x10e4,0x10e6,0x10e5,0x10c5,0x1105,0x10c4,0x10e5,0x10c5,0x10e5,0x1105,0x10e5,0x10e5,0x1104,0x18e5,0x10e5,
  0x10e6,0x1905,0x10c5,0x18e5,0x18e6,0x1105,0x10e5,0x10e5,0x10e6,0x18e5,0x1905,0x1105,0x18e6,0x2106,0x1907,0x1105,
  0x10e6,0x10c4,0x1105,0x10e5,0x10e4,0x1146,0x09a8,0x242f,0x25d5,0x1dd4,0x1dd4,0x1dd5,0x2dd4,0x2c71,0x11c7,0x1147,
  0x1905,0x1905,0x1905,0x10c5,0x18e5,0x1905,0x1906,0x1926,0x2125,0x1906,0x1905,0x2106,0x1904,0x1125,0x1905,0x1926,
  0x1126,0x0988,0x0208,0x3471,0x3594,0x25d4,0x1db4,0x25d4,0x25b4,0x2c10,0x11a7,0x1948,0x2126,0x1125,0x1125,0x1905,
  0x1905,0x1126,0x1906,0x1106,0x1906,0x2106,0x18e6,0x20e6,0x1105,0x1105,0x1905,0x1905,0x1926,0x1147,0x09a7,0x2cf2,
  0x25d4,0x25f5,0x1e14,0x1dd4,0x3594,0x2bae,0x01a8,0x1146,0x10e4,0x1105,0x10c4,0x10e5,0x18e6,0x18e5,0x18e5,0x10e5,
  0x18e4,0x10e5,0x1105,0x20e5,0x10e6,0x18e5,0x18e6,0x1105,0x10e5,0x18e5,0x10c4,0x10e5,0x10e5,0x1106,0x10e4,0x10e5,
  0x10e5,0x10e4,0x10e5,0x10c4,0x10e5,0x10c4,0x10e5,0x10c4,0x10e5,0x1906,0x10e4,0x1106,0x10c4,0x10e6,0x10c4,0x18c5,
  0x10e5,0x10c5,0x18e4,0x10c5,0x10c4,0x10e5,0x10c5,0x10c5,0x10c5,0x10e4,0x10e5,0x10c4,0x10c5,0x10c4,0x10c6,0x18c4,
  0x10c5,0x10c4,0x10c4,0x18c5,0x10c4,0x10c4,0x10c6,0x10c4,0x10c5,0x10c4,0x10e6,0x10c4,0x10c4,0x10c6,0x10c4,0x10c5,
  0x10c4,0x10c6,0x10c4,0x10c4,0x10c5,0x10c4,0x10c5,0x10c4,0x10c5,0x18e4,0x10c5,0x10c4,0x10c5,0x10e4,0x10c5,0x10c4,
  0x10c5,0x10c4,0x10c5,0x10c4,0x10c4,0x10c4,0x10c5,0x18e4,0x10c4,0x10c4,0x18c4,0x10e5,0x10c4,0x10c4,0x10c4,0x18c4,
  0x10e4,0x10c5,0x10c4,0x10c5,0x10c4,0x10c5,0x18c4,0x10c4,0x10c4,0x10c4,0x10c4,0x18c4,0x10c4,0x10c4,0x18c4,0x10c4,
  0x10c4,0x10c4,0x18c4,0x10c5,0x10c4,0x10e4,0x18c4,0x10c4,0x10c5,0x10c4,0x10c5,0x10c4,0x10c5,0x10c4,0x10e5,0x10c4,
  0x18c5,0x10c4,0x10c5,0x18c4,0x10c4,0x18c4,0x10e5,0x10c4,0x10c5,0x10c4,0x10e5,0x10c4,0x10c4,0x10c5,0x10c4,0x10c5,
  0x10c4,0x10c5,0x10c4,0x10c4,0x18c4,0x10c5,0x18c4,0x10c5,0x18c4,0x10c5,0x10c4,0x10c4,0x10c4,0x10e5,0x10c4,0x10c4,
  0x18c5,0x10c4,0x10c5,0x10c4,0x10c5,0x18c4,0x10c4,0x10c4,0x10e5,0x10c4,0x10c5,0x10c4,0x10c5,0x10e4,0x10c4,0x10c4,
  0x10c5,0x10c4,0x10e5,0x10c4,0x10c4,0x10e4,0x18c4,0x10c4,0x10c5,0x18e4,0x10c5,0x10c4,0x10c5,0x10e4,0x10c5,0x10c4,
  0x10c5,0x10c4,0x18c4,0x10c4,0x10c5,0x18e4,0x10c5,0x10c4,0x10c5,0x10c4,0x10c5,0x10c4,0x10c4,0x10e4,0x10c5,0x10c4,
  0x10c5,0x10c4,0x10c4,0x10c5,0x10e4,0x10c5,0x18c4,0x10c5,0x18c4,0x10c4,0x10c4,0x10c5,0x10c4,0x10c4,0x10c4,0x10c4,
  0x18e4,0x10c5,0x10c4,0x18c5,0x10c4,0x10e5,0x10c4,0x10c5,0x10c4,0x10c5,0x10e4,0x10c4,0x18c4,0x10c4,0x10c4,0x10c4,
  0x10c4,0x18c5,0x10c4,0x10c5,0x18c4,0x10c4,0x10c4,0x10e4,0x10c4,0x10e5,0x18c4,0x10c4,0x10c4,0x18c5,0x10c4,0x18c5,
  0x10c4,0x10c4,0x10c4,0x10c4,0x18c4,0x10c5,0x10c4,0x10c5,0x10c4,0x18c5,0x10e4,0x10c4,0x10c4,0x18c4,0x10c5,0x10c4,
  0x10c4,0x10c4,0x10c4,0x10c4,0x18c5,0x10c4,0x10c4,0x10c4,0x18c4,0x10c4,0x10e4,0x18c4,0x10c5,0x10c4,0x10c5,0x10e4,
  0x10c4,0x10c4,0x10c4,0x10c4,0x10c4,0x10e5,0x10c4,0x10c4,0x10c4,0x10c4,0x10c4,0x10c4,0x10c4,0x10c4,0x10c4,0x10c4,
  0x10c4,0x18e5,0x10c4,0x10e5,0x10c4,0x10c5,0x10c4,0x18c5,0x10e4,0x10c5,0x18e4,0x10c4,0x10c4,0x10c4,0x10c5,0x10c4,
  0x10c5,0x10e4,0x10c4,0x10c4,0x10c5,0x10c4,0x10c5,0x18c4,0x10c4,0x10c4,0x10c4,0x18c4,0x10c4,0x10c4,0x10c5,0x10c4,
  0x10c4,0x18c4,0x10c4,0x10c4,0x18c5,0x10e4,0x10c4,0x18c5,0x10e4,0x10c4,0x18c4,0x10e5,0x10c5,0x10c4,0x10e4,0x10e5,
  0x10e5,0x10e4,0x18c4,0x10e5,0x18c4,0x10c4,0x10c4,0x10c5,0x10e4,0x10e5,0x1104,0x18e5,0x10c4,0x10e4,0x10c4,0x18e5,
  0x10c4,0x10e5,0x1905,0x10e5,0x1905,0x10c4,0x10e6,0x18c4,0x1105,0x18c4,0x10e5,0x18e5,0x10e5,0x10e6,0x10c4,0x10e5,
  0x10c4,0x10e5,0x10e5,0x18e5,0x10e5,0x18e5,0x10e5,0x18e5,0x1105,0x10e5,0x1106,0x1125,0x18e5,0x18e5,0x18e5,0x1905,
  0x1125,0x18c4,0x1105,0x1124,0x18e4,0x1146,0x1187,0x240f,0x25f4,0x25d4,0x1dd4,0x25d4,0x2db4,0x3470,0x09c7,0x1166,
  0x1105,0x18e5,0x2105,0x1905,0x18e5,0x1905,0x1927,0x1906,0x18e6,0x1906,0x1905,0x1125,0x1105,0x1104,0x10c4,0x2105,
  0x1146,0x0967,0x09e8,0x3471,0x3574,0x2dd4,0x1dd4,0x25d5,0x25d4,0x23ef,0x1188,0x1967,0x1926,0x1125,0x0926,0x20e5,
  0x1105,0x1125,0x1126,0x1906,0x18e6,0x18e6,0x1906,0x1905,0x1125,0x1906,0x1905,0x1925,0x1106,0x1126,0x09a8,0x34d1,
  0x25d4,0x1dd4,0x1df4,0x1df4,0x2d95,0x23cd,0x09a7,0x1146,0x1904,0x1106,0x10e5,0x1105,0x10e5,0x1905,0x18e6,0x10e5,
  0x1125,0x1106,0x10c4,0x10e5,0x10e5,0x1905,0x18e5,0x18e5,0x18e6,0x10e5,0x1905,0x10c5,0x10e5,0x18e5,0x10c4,0x10e5,
  0x1906,0x10e5,0x18e5,0x10e5,0x10e5,0x18e4,0x10e6,0x10e5,0x10e5,0x10e5,0x10e5,0x18c4,0x10e5,0x18e4,0x10c4,0x10e5,
  0x10c4,0x10e5,0x10e5,0x10e6,0x18c4,0x1105,0x18c4,0x10c4,0x10e5,0x18c4,0x10c4,0x10c4,0x18e5,0x10c4,0x10c4,0x10e4,
  0x10c5,0x10c4,0x10e4,0x10c5,0x10c4,0x18e4,0x10c4,0x10c4,0x10c4,0x18c4,0x10c4,0x10c4,0x18c4,0x10e4,0x10c4,0x18c4,
  0x10e4,0x10c4,0x18c4,0x10e5,0x10c4,0x18e4,0x10c4,0x10c4,0x10c4,0x10c4,0x10c4,0x18c4,0x10c4,0x10c4,0x18c4,0x10c4,
  0x10e4,0x18c4,0x10c4,0x18e4,0x10c4,0x18c4,0x10c4,0x10c4,0x10c4,0x10c5,0x10c4,0x10c4,0x10c4,0x18c5,0x10e4,0x10c4,
  0x10c4,0x10c4,0x10c4,0x18e4,0x10c4,0x10c4,0x10e4,0x10c5,0x10c4,0x10e4,0x10c5,0x10e4,0x10c4,0x10c5,0x10e4,0x10c4,
  0x18c5,0x10e4,0x10c4,0x10c4,0x18c4,0x10c4,0x10c4,0x10e4,0x18c4,0x10c4,0x10c4,0x18e4,0x10c4,0x10c4,0x10c4,0x10c4,
  0x10e4,0x10c4,0x18c4,0x10e4,0x10c5,0x10c4,0x10c4,0x10c4,0x10c4,0x18c4,0x10c4,0x10c4,0x18c4,0x10e4,0x10c4,0x18c4,
  0x10e4,0x10c4,0x18c4,0x10e5,0x10c4,0x10c4,0x10e4,0x10c4,0x10c4,0x10e4,0x18c4,0x10c4,0x18c4,0x10c4,0x10c4,0x10c4,
  0x10e4,0x10c4,0x10e4,0x18c4,0x10c4,0x10e4,0x10c4,0x18c4,0x10c4,0x10c4,0x18e4,0x10c4,0x18c4,0x10c4,0x10c5,0x18c4,
  0x10e4,0x18c4,0x10c4,0x18c4,0x10c4,0x10c5,0x10c4,0x10c4,0x10c4,0x10c4,0x10c4,0x18c4,0x10c4,0x18c4,0x10c4,0x18c4,
  0x10e4,0x10c4,0x10c5,0x10e4,0x10c4,0x10c4,0x10c4,0x18c4,0x10e4,0x18c4,0x10c4,0x10e4,0x18c4,0x10c4,0x18c4,0x10c4,
  0x10e4,0x18c4,0x10c4,0x18c4,0x10c4,0x10c4,0x10c4,0x10e4,0x10c4,0x10c4,0x18c4,0x10e4,0x10c4,0x18c4,0x10e5,0x10c4,
  0x10c4,0x10c4,0x10c4,0x10e4,0x10c4,0x10c4,0x10c4,0x18c4,0x10e4,0x10c4,0x18c4,0x10c4,0x10c5,0x10e4,0x10c4,0x18c5,
  0x10e4,0x10c4,0x10c4,0x10e4,0x10c4,0x10c4,0x10c5,0x18c4,0x10c4,0x10c4,0x10c4,0x10e4,0x10c4,0x10c4,0x10e4,0x10c4,
  0x10e4,0x18c5,0x10c4,0x10e4,0x10c4,0x10c4,0x10e4,0x18c4,0x10c4,0x10c4,0x10c4,0x10c4,0x10c5,0x10e4,0x10c4,0x10c4,
  0x18e4,0x10c5,0x10c4,0x10e4,0x10c4,0x10e4,0x10c5,0x10c4,0x10e4,0x10c5,0x10c4,0x10c4,0x10c4,0x18e4,0x10c4,0x10c4,
  0x18c5,0x10c4,0x18e4,0x10c5,0x10c4,0x18c4,0x10c4,0x10c4,0x18e5,0x10c4,0x18c4,0x10e5,0x10c4,0x18e4,0x10c5,0x10c4,
  0x10c4,0x10c4,0x10c4,0x18c4,0x10c4,0x18e4,0x10c4,0x10c4,0x10c4,0x10c4,0x10c4,0x10c5,0x18c4,0x10e4,0x18c4,0x10c4,
  0x10c4,0x18c4,0x10c4,0x10c4,0x18e4,0x10c4,0x10c4,0x10e4,0x10c5,0x10c4,0x10e4,0x10c5,0x10c4,0x18e4,0x10c4,0x10c4,
  0x10c4,0x10e4,0x10c5,0x10c4,0x10c4,0x10c4,0x10c4,0x10c4,0x10c4,0x10c4,0x10c5,0x10c4,0x10c4,0x10c4,0x10e5,0x10c4,
  0x10c5,0x10c4,0x10c5,0x10e4,0x10e5,0x10c4,0x1106,0x10c4,0x10e5,0x10e5,0x10e4,0x10c4,0x10e5,0x10c5,0x10e5,0x10c4,
  0x1106,0x10e4,0x10e5,0x10e5,0x10e5,0x10c4,0x1105,0x10c4,0x10e5,0x10c4,0x10e5,0x1105,0x10e5,0x10e5,0x1105,0x10e5,
  0x10e5,0x1905,0x10e5,0x10e5,0x1905,0x18e5,0x10e5,0x18e5,0x10c4,0x10e5,0x1105,0x1105,0x18e5,0x18e5,0x1905,0x10e5,
  0x10c4,0x10c4,0x1104,0x10c5,0x1105,0x1126,0x09a7,0x1c2f,0x25d4,0x1df4,0x1df4,0x1df4,0x2db4,0x2cb1,0x09c7,0x1146,
  0x1106,0x1125,0x1105,0x10c5,0x10e5,0x1105,0x1106,0x1906,0x1906,0x10e5,0x1105,0x1104,0x1105,0x1904,0x1925,0x1905,
  0x1126,0x0987,0x01e8,0x2cb1,0x2d94,0x1dd4,0x15d4,0x15f4,0x25d4,0x242f,0x0987,0x1947,0x1125,0x0945,0x0924,0x18e5,
  0x1905,0x1145,0x1127,0x18e6,0x20e6,0x1106,0x1905,0x10e5,0x1105,0x1105,0x1105,0x1105,0x1127,0x1146,0x09a7,0x2cf2,
  0x25f4,0x15f4,0x15f4,0x1df4,0x3594,0x23ad,0x01a7,0x1145,0x10e4,0x1104,0x10e5,0x10e5,0x10e5,0x18e5,0x20e5,0x10e5,
  0x1105,0x1105,0x18e5,0x1905,0x10e5,0x10e5,0x10e5,0x10e5,0x1105,0x18e5,0x18e5,0x10e5,0x10c4,0x1105,0x10c5,0x10e4,
  0x10e5,0x10e5,0x10c4,0x10e5,0x10c4,0x10e5,0x10c4,0x1105,0x10e5,0x10e5,0x10e4,0x1105,0x10c4,0x10c5,0x10c4,0x10c4,
  0x10c4,0x10c5,0x10e4,0x10e5,0x10c4,0x10c4,0x10c5,0x10e4,0x10c4,0x10c4,0x1106,0x10c4,0x10c4,0x10c4,0x10c5,0x10c4,
  0x10c5,0x10c4,0x10c4,0x10c4,0x10c5,0x10c4,0x10c4,0x10c5,0x10c4,0x10e4,0x10c4,0x10c5,0x10c4,0x10c4,0x10c5,0x10c4,
  0x10c4,0x10c4,0x10c4,0x10c4,0x10c4,0x10c4,0x10c4,0x10e4,0x10c4,0x18c4,0x10e4,0x10c4,0x10c4,0x10e4,0x10c4,0x10c4,
  0x10c4,0x10c4,0x10c4,0x10c5,0x10c4,0x10e4,0x10c5,0x10c4,0x10e4,0x10c4,0x10c4,0x10e4,0x10c4,0x10c4,0x10c4,0x10c4,
  0x10c5,0x10e4,0x10c4,0x10c4,0x10c4,0x10c4,0x10c4,0x10c4,0x10c4,0x18c4,0x10c4,0x10c4,0x10c4,0x10c4,0x10c4,0x10c4,
  0x10c4,0x10c4,0x10c4,0x10e4,0x10c4,0x10c5,0x10c4,0x10c4,0x10c4,0x10e4,0x10c4,0x10c4,0x10c4,0x10c4,0x10e4,0x18c4,
  0x10c4,0x10c4,0x10c4,0x10c4,0x10c4,0x10c4,0x10e4,0x10c4,0x10c4,0x10e4,0x10c4,0x10c4,0x10c4,0x10c4,0x10c4,0x10c4,
  0x10c4,0x10c4,0x10c4,0x10c4,0x10c4,0x10c4,0x10c4,0x10c4,0x10c4,0x10c4,0x10c5,0x10e4,0x10c4,0x10c4,0x10e5,0x10c4,
  0x10c4,0x10c4,0x10c4,0x10c4,0x10c4,0x10c5,0x10c4,0x10c4,0x10e5,0x10c4,0x10c4,0x10c4,0x10c4,0x10c4,0x10e4,0x10c4,
  0x10c4,0x10c4,0x10c4,0x10e4,0x10c4,0x10c4,0x10e4,0x10c4,0x10c4,0x18e4,0x10c4,0x10c4,0x10e4,0x10c4,0x10c4,0x10c4,
  0x10c4,0x10c4,0x10c4,0x10c4,0x18c4,0x10c4,0x10e4,0x10c4,0x10c4,0x10c4,0x10c4,0x10c5,0x10c4,0x10c4,0x10c4,0x10c4,
  0x10c4,0x10c4,0x10e4,0x10c4,0x10c4,0x10e4,0x10c4,0x10c4,0x10c5,0x10e4,0x10c4,0x10c5,0x10c4,0x10c4,0x10c4,0x10c4,
  0x10c4,0x10c4,0x10c4,0x10c4,0x10c4,0x18c4,0x10e4,0x10c4,0x10c4,0x10c4,0x10c5,0x10e4,0x10c4,0x10c4,0x10c4,0x10c4,
  0x10c4,0x10c4,0x10c4,0x10c4,0x10c4,0x10e4,0x10c4,0x10c4,0x10c4,0x10e4,0x10c5,0x10c4,0x18c4,0x10c4,0x10c4,0x10c4,
  0x10c4,0x10c4,0x10c4,0x10c4,0x10c5,0x10c4,0x10c4,0x10c4,0x10e4,0x10c4,0x10c4,0x10e4,0x10c4,0x10c4,0x10c4,0x10c4,
  0x10c4,0x10c4,0x10c4,0x10c4,0x10c4,0x10c4,0x18c4,0x10c4,0x10c4,0x10c4,0x18c4,0x10e4,0x10c4,0x10c4,0x10c4,0x10c4,
  0x10e4,0x10c4,0x10c4,0x10c4,0x10c4,0x10e4,0x10c4,0x10c4,0x10c4,0x10c4,0x10c4,0x10c4,0x10c4,0x10c4,0x10c4,0x10e4,
  0x10c4,0x10c4,0x10c4,0x10e4,0x10c4,0x10c4,0x10c4,0x10c4,0x10c4,0x10c4,0x10e4,0x10c4,0x10c4,0x10c4,0x10c4,0x10e4,
  0x10c4,0x10c4,0x10e5,0x10c4,0x10c4,0x10c4,0x10c4,0x10c4,0x10c4,0x10c4,0x10c4,0x10c4,0x10c4,0x10c4,0x10c4,0x10c4,
  0x10c5,0x10c4,0x10c5,0x10e4,0x10c5,0x10c4,0x10e5,0x10c5,0x10c4,0x10e4,0x10c5,0x10c4,0x1105,0x10c4,0x10e5,0x10c4,
  0x10e4,0x10e5,0x10c4,0x10e5,0x10c5,0x10c5,0x10c4,0x18c4,0x10e5,0x10c5,0x10c5,0x10e4,0x10c5,0x10c4,0x10e4,0x10e5,
  0x10e4,0x10e5,0x10e5,0x10e6,0x1105,0x10c4,0x10e5,0x10c4,0x10e5,0x10e5,0x10e5,0x10e5,0x10e6,0x10e5,0x10c4,0x18e6,
  0x10c4,0x10e5,0x10e5,0x10e5,0x10e5,0x10e6,0x1105,0x10e5,0x18e6,0x1105,0x1105,0x1105,0x1905,0x18e6,0x18e5,0x10e5,
  0x10e6,0x10e4,0x1105,0x10c4,0x1105,0x1146,0x09c8,0x240f,0x25d4,0x1dd5,0x1dd4,0x1df4,0x2db5,0x2c90,0x09c7,0x0966,
  0x1125,0x1105,0x1105,0x1105,0x1905,0x1905,0x1106,0x1927,0x18e5,0x1925,0x2106,0x1105,0x1124,0x18e6,0x18e4,0x1105,
  0x1127,0x0186,0x0207,0x2c91,0x2db3,0x1dd4,0x1614,0x15f4,0x1df4,0x2450,0x0987,0x1166,0x1927,0x0925,0x1125,0x1905,
  0x18e6,0x1105,0x1905,0x18e6,0x1906,0x1107,0x1906,0x1105,0x1106,0x1105,0x1125,0x1105,0x1126,0x1166,0x09a8,0x2cf3,
  0x25f4,0x15d4,0x1df5,0x1df4,0x3594,0x23ad,0x09c6,0x1147,0x10e4,0x1925,0x18e5,0x10c5,0x1105,0x18e5,0x18e5,0x1105,
  0x1106,0x1105,0x10e5,0x10e6,0x10c4,0x18e5,0x18e6,0x10e5,0x10e5,0x10e5,0x10c4,0x1105,0x10e5,0x10e6,0x10c4,0x1105,
  0x10e5,0x10e6,0x1105,0x10c4,0x10e5,0x10c4,0x10e5,0x10e6,0x10e5,0x1105,0x10e6,0x10e5,0x10c4,0x10c5,0x10e5,0x10e4,
  0x10e6,0x10c4,0x18e5,0x10e5,0x10c5,0x1105,0x10c4,0x10c6,0x10c4,0x10c5,0x10c4,0x10e5,0x10c4,0x10e5,0x10c4,0x10c4,
  0x10e4,0x18c5,0x10c4,0x10e4,0x10c4,0x10c5,0x10e4,0x10c4,0x10c4,0x10c4,0x10c5,0x10e4,0x10c5,0x10c4,0x10e4,0x10c5,
  0x10c4,0x10e5,0x10c5,0x10c4,0x10c5,0x10c4,0x10c4,0x10c5,0x10c4,0x10c5,0x10c4,0x10c4,0x10c5,0x10c4,0x10c4,0x10c5,
  0x10e4,0x10c4,0x10c4,0x10e4,0x10c4,0x10c4,0x10c4,0x10c4,0x10c4,0x18c4,0x10c4,0x10c4,0x10c4,0x10c4,0x10e5,0x10c4,
  0x10c4,0x10c4,0x10c4,0x10c5,0x10e4,0x10c4,0x10c5,0x10e4,0x10c4,0x10c4,0x10c4,0x10e4,0x10c4,0x18c4,0x10e5,0x10c4,
  0x10e4,0x10c4,0x10c5,0x10c4,0x10c4,0x10e4,0x10c4,0x10c5,0x10c4,0x10c4,0x10c5,0x10c4,0x10e4,0x10c5,0x10c4,0x10c4,
  0x10c5,0x10e4,0x10c4,0x10c5,0x10e4,0x10c4,0x10c4,0x10c5,0x10c4,0x10c4,0x10c5,0x10e4,0x10c5,0x10c4,0x10e4,0x10c5,
  0x10c4,0x10e4,0x10c5,0x10c4,0x10e4,0x10c4,0x10e5,0x10c4,0x10e4,0x10c4,0x10c4,0x10c4,0x10c5,0x10c4,0x10c4,0x18c4,
  0x10c4,0x10c5,0x10c4,0x10e4,0x10c4,0x10c4,0x10e4,0x10c4,0x10c4,0x10c4,0x10c4,0x10c5,0x10e4,0x10c4,0x10c4,0x10c4,
  0x10c4,0x10c5,0x10c4,0x10c4,0x10c5,0x10c4,0x10c4,0x18c5,0x10c4,0x10c4,0x10c5,0x10c4,0x10c4,0x10c5,0x10e4,0x10c4,
  0x10c5,0x10e4,0x10c4,0x10c4,0x10e4,0x10c5,0x10c4,0x10c4,0x10c5,0x10e4,0x10c4,0x10c4,0x10e4,0x10c4,0x10e5,0x10c4,
  0x10c4,0x10c5,0x10c4,0x10c4,0x10c5,0x10c4,0x10c4,0x10c4,0x10c4,0x10c4,0x10c4,0x10c4,0x10e4,0x10c4,0x10c4,0x10e5,
  0x10c4,0x10e4,0x18c5,0x10c4,0x10e4,0x10c5,0x10c4,0x10c4,0x10c5,0x10c4,0x10c4,0x10c4,0x10c4,0x10c4,0x10e4,0x10c4,
  0x10c4,0x10e5,0x10c4,0x10e4,0x18c5,0x10c4,0x10c4,0x10e4,0x10c5,0x10c4,0x10c4,0x10c4,0x10e4,0x10c5,0x10c4,0x10e4,
  0x10c5,0x10c4,0x10e4,0x10c4,0x10c4,0x10e4,0x10c4,0x10c5,0x10c4,0x10c4,0x10c5,0x10c4,0x18c4,0x10c4,0x10e4,0x10c5,
  0x10c4,0x10e4,0x18c4,0x10c5,0x10e4,0x10c4,0x10c4,0x10e4,0x10c5,0x10c4,0x10c4,0x10c5,0x10c4,0x10c4,0x10c5,0x10c4,
  0x10c4,0x10c4,0x10c4,0x10e4,0x10c4,0x10c5,0x10c4,0x10e4,0x10c4,0x10c5,0x10e4,0x10c4,0x10c4,0x10c4,0x10c4,0x10c5,
  0x10c4,0x10e4,0x10c5,0x10c4,0x10c4,0x10c5,0x10c4,0x10e4,0x10c5,0x10c4,0x18c4,0x10c4,0x10c5,0x10e4,0x10c4,0x10c5,
  0x10c4,0x10c4,0x10c4,0x10c4,0x10c4,0x10e5,0x10c4,0x10c4,0x10e4,0x18c5,0x10c4,0x10e4,0x10c4,0x10c5,0x10e4,0x10c4,
  0x10c4,0x10c4,0x10c4,0x10c4,0x10c5,0x10c4,0x10c4,0x10c4,0x10c5,0x10c4,0x10c4,0x10c4,0x10c4,0x10c4,0x18c5,0x10c4,
  0x10e5,0x10c5,0x10e4,0x10c4,0x10e5,0x10e4,0x10e5,0x10c4,0x10e4,0x10e5,0x10c4,0x10e6,0x10c4,0x10c5,0x10c4,0x10c4,
  0x10e5,0x10e5,0x1105,0x10e5,0x1105,0x10e5,0x10c5,0x10e5,0x1104,0x10e5,0x1105,0x10e5,0x10e5,0x1105,0x10e5,0x10c5,
  0x1105,0x10e5,0x10e5,0x1105,0x18e5,0x18e5,0x10e5,0x10e5,0x18e5,0x10e5,0x1105,0x1106,0x18e5,0x18e5,0x1905,0x1105,
  0x10e5,0x10c4,0x1105,0x10c4,0x1106,0x1126,0x09a7,0x240f,0x25f4,0x1df4,0x1dd4,0x1e14,0x2db4,0x2c90,0x01e8,0x1166,
  0x1125,0x1125,0x1106,0x1105,0x10e5,0x1106,0x1106,0x1906,0x2106,0x1906,0x1105,0x1105,0x1904,0x1905,0x10e4,0x1105,
  0x1145,0x0166,0x01e7,0x2cb1,0x2db3,0x1dd5,0x1df4,0x1df4,0x25d3,0x242e,0x1187,0x1146,0x1126,0x1105,0x1125,0x18e5,
  0x18e5,0x1905,0x1106,0x18e6,0x1906,0x1106,0x1906,0x18e5,0x1105,0x1105,0x1105,0x1106,0x1926,0x1146,0x09a7,0x2d12,
  0x25d4,0x15d4,0x1e14,0x1dd4,0x3594,0x23ae,0x09a7,0x1146,0x10e4,0x1105,0x10c4,0x10e5,0x10e5,0x18e6,0x18e5,0x10e5,
  0x10e5,0x1105,0x10e5,0x18e5,0x1905,0x10e5,0x1105,0x10e5,0x18e5,0x1106,0x10e5,0x10e5,0x10c4,0x10e5,0x10c5,0x10e6,
  0x10e5,0x10e5,0x10e5,0x10e5,0x10e5,0x10e5,0x1104,0x10e5,0x18e5,0x10e5,0x10e4,0x10e5,0x10c4,0x10e5,0x10c4,0x10c4,
  0x10c4,0x10e4,0x10c5,0x10c5,0x10c4,0x10c4,0x10e5,0x10c4,0x10e4,0x10c4,0x10c4,0x10e5,0x10c4,0x10c5,0x10c4,0x18c6,
  0x10c4,0x10c4,0x10c5,0x10c4,0x10c4,0x10c5,0x10c4,0x10c4,0x10c4,0x10c5,0x10c4,0x10c4,0x10c4,0x10c4,0x10c4,0x10c4,
  0x10c4,0x10c4,0x10c4,0x10c4,0x10e4,0x10c4,0x10c4,0x10e4,0x10c4,0x10c4,0x10e4,0x10c4,0x10c4,0x10e4,0x10c4,0x10c4,
  0x10c4,0x10c5,0x10c4,0x10c4,0x10c4,0x10c4,0x10e4,0x10c5,0x10c4,0x10e4,0x10c5,0x10c4,0x10e4,0x10c4,0x10c4,0x10c4,
  0x18c4,0x10c4,0x10e4,0x10c4,0x10c4,0x10c4,0x18c4,0x10c4,0x10c4,0x10e5,0x10c4,0x10c4,0x10c5,0x10c4,0x10c4,0x10c4,
  0x10c4,0x10c4,0x10c4,0x10e4,0x10c4,0x10c4,0x10c4,0x10e4,0x10c4,0x10c4,0x10e4,0x10c4,0x10c4,0x10c4,0x10c4,0x10c4,
  0x10c4,0x10c4,0x10c4,0x10c4,0x10c4,0x10c4,0x10c4,0x18e4,0x10c4,0x10c4,0x10c4,0x10c4,0x10c4,0x10c4,0x10c4,0x10c4,
  0x10c4,0x10c4,0x10c4,0x10c4,0x10c4,0x10c4,0x18c4,0x10c4,0x10c4,0x10c5,0x10e4,0x10c4,0x10c4,0x10e4,0x10c4,0x10c4,
  0x10e4,0x10c4,0x10c4,0x10c5,0x10c4,0x10c4,0x10c4,0x10c4,0x10c4,0x10c5,0x10e4,0x10c4,0x10c4,0x10c4,0x10c5,0x10c4,
  0x10e4,0x10c4,0x10e4,0x10c4,0x10c4,0x10e4,0x10c4,0x10c4,0x10e4,0x10c4,0x10c4,0x10e4,0x10c4,0x10c4,0x10c4,0x10c4,
  0x10c4,0x10c4,0x10c4,0x10c5,0x10c4,0x10c4,0x10c4,0x10c4,0x10c4,0x10c4,0x10c4,0x10c4,0x10c5,0x10c4,0x10c4,0x10c4,
  0x10e4,0x10c4,0x10c4,0x10e4,0x10c4,0x10c4,0x10e5,0x18c4,0x10c4,0x10e4,0x10c5,0x10c4,0x10c4,0x10c5,0x10c4,0x10c4,
  0x18c4,0x10c4,0x10c4,0x10c4,0x10c4,0x10c4,0x10c4,0x10c4,0x10e4,0x10c4,0x10c4,0x10e4,0x10c4,0x10c5,0x10c4,0x10c4,
  0x10c4,0x10c4,0x18c4,0x10c4,0x10c4,0x10c4,0x10c4,0x10c4,0x10c4,0x18c4,0x10c4,0x10c4,0x10c4,0x10c4,0x10c4,0x10c4,
  0x10c4,0x10c4,0x10c4,0x10c5,0x18c4,0x10c4,0x10c4,0x10e4,0x10c4,0x10c4,0x10e4,0x10c4,0x10c4,0x10c5,0x10c4,0x10c4,
  0x10c4,0x10c4,0x10c4,0x10c4,0x10c4,0x10c5,0x10c4,0x10c4,0x10c4,0x10e4,0x10c4,0x10c4,0x10e4,0x10c4,0x10e4,0x10c4,
  0x10c4,0x10e5,0x10c4,0x10c4,0x10c4,0x10c4,0x10c4,0x10c5,0x10c4,0x10c4,0x10c4,0x10c4,0x10e5,0x10c4,0x10e4,0x10c4,
  0x18c4,0x10c4,0x10c4,0x10c4,0x10c4,0x10e4,0x10c4,0x10c4,0x10c4,0x10e4,0x10c5,0x10c4,0x10c4,0x10c4,0x10c4,0x10c4,
  0x10e4,0x10c4,0x10c4,0x10e5,0x10c4,0x10c4,0x10c4,0x18c5,0x10c4,0x10c4,0x10c4,0x10c4,0x10c4,0x10c4,0x10c4,0x10c4,
  0x10c5,0x10c5,0x10c5,0x10c4,0x10c4,0x18c4,0x10c4,0x10c5,0x10c4,0x18c4,0x10c4,0x10c5,0x10c5,0x10c4,0x10c4,0x10c4,
  0x10c4,0x10c4,0x10c5,0x10e5,0x10c4,0x10e4,0x10c4,0x10e6,0x10c4,0x10c5,0x10c5,0x18c4,0x10c4,0x10c4,0x10e6,0x10c4,
  0x18e5,0x10e5,0x10e5,0x10e5,0x10e5,0x10e5,0x10e5,0x10e4,0x10e5,0x10e5,0x10e6,0x10e5,0x10e5,0x10e5,0x10e5,0x10e5,
  0x10e5,0x10e6,0x10e5,0x10e5,0x18e5,0x18e5,0x10e6,0x18e5,0x10e5,0x18e5,0x1105,0x1105,0x18e5,0x18e6,0x18e6,0x1105,
  0x1105,0x10c5,0x1105,0x10e4,0x10e5,0x1146,0x09a7,0x240f,0x25d4,0x1dd5,0x1dd4,0x1dd4,0x25b4,0x3490,0x01e7,0x0966,
  0x1125,0x1105,0x1105,0x1905,0x18e5,0x1105,0x1906,0x1906,0x1905,0x1905,0x1105,0x1106,0x1905,0x1905,0x18e6,0x10e5,
  0x1126,0x0966,0x01c6,0x2c71,0x2db3,0x2db3,0x25f4,0x1dd3,0x25d5,0x240e,0x0986,0x1126,0x1105,0x1106,0x1105,0x18e5,
  0x18e5,0x1906,0x1907,0x18e6,0x1906,0x1906,0x1906,0x10e5,0x1905,0x1105,0x1105,0x1105,0x1126,0x1166,0x09c7,0x2cf2,
  0x25d5,0x25d4,0x1df4,0x1df4,0x3594,0x23ae,0x09a7,0x1146,0x18e4,0x1106,0x10e5,0x10e5,0x10e5,0x18e5,0x18e5,0x10e5,
  0x1105,0x1105,0x10e5,0x18e5,0x10e6,0x10e5,0x10e5,0x20e5,0x18e5,0x10e5,0x10e5,0x10e6,0x10e5,0x10e5,0x10c5,0x18e5,
  0x10e5,0x10e5,0x10e5,0x10e5,0x10e5,0x10e4,0x18e5,0x10e5,0x10e6,0x10e5,0x10e5,0x10e5,0x10c5,0x10c4,0x10e5,0x18c5,
  0x10e6,0x10e5,0x10c4,0x10e5,0x10c4,0x10c5,0x10e4,0x10c5,0x10e6,0x18c5,0x10c4,0x10c4,0x10c4,0x18c4,0x10c4,0x10c4,
  0x10c5,0x10c4,0x10c4,0x10c5,0x10c4,0x18c4,0x10c4,0x10c4,0x10c4,0x10c5,0x10c4,0x10c4,0x10c4,0x18c4,0x10c4,0x10c6,
  0x10c4,0x18c4,0x10c4,0x10c4,0x10c5,0x10c4,0x10c4,0x18c4,0x10c4,0x10c4,0x10c4,0x10c5,0x10c4,0x10c4,0x10c4,0x18c5,
  0x10c4,0x10c4,0x10c4,0x10c4,0x10c5,0x10c4,0x10c4,0x10c4,0x10c4,0x10c4,0x10c4,0x10c4,0x10c5,0x18c4,0x10c4,0x10c4,
  0x10c4,0x10c5,0x10c4,0x10c4,0x18c4,0x10c4,0x10c4,0x10c5,0x10c4,0x10c4,0x10c4,0x10c4,0x10c4,0x10c4,0x10c4,0x10c4,
  0x10c5,0x10c4,0x18c4,0x10c4,0x10c5,0x10c4,0x10c4,0x10c4,0x18c5,0x10c4,0x10c4,0x10c4,0x18c5,0x10c4,0x10c4,0x10c4,
  0x10c5,0x10c4,0x10c4,0x10c4,0x10c4,0x18c5,0x10c4,0x10c4,0x10c4,0x10c5,0x10c4,0x10c4,0x10c4,0x18c4,0x10c4,0x10c5,
  0x10c4,0x18c4,0x10c4,0x10c4,0x10c5,0x10c4,0x10c4,0x10c4,0x10c4,0x10c4,0x10c4,0x10c4,0x10c4,0x10c4,0x10c4,0x10c5,
  0x10c4,0x10c4,0x10c4,0x18c4,0x10c4,0x10c4,0x10c5,0x10c4,0x18c4,0x10c4,0x10c4,0x10c4,0x10c4,0x10c4,0x10c4,0x10c4,
  0x10c4,0x10c4,0x10c5,0x10c4,0x10c4,0x10c4,0x10c4,0x10c4,0x10c4,0x10c5,0x10c4,0x10c4,0x10c4,0x10c4,0x10c5,0x10c4,
  0x10c4,0x18c4,0x10c4,0x10c4,0x10c4,0x10c4,0x10c4,0x10c4,0x10c4,0x10c5,0x10c4,0x10c4,0x10c4,0x10c4,0x10c4,0x10c4,
  0x10c4,0x10c5,0x10c4,0x10c4,0x10c4,0x18c4,0x10c4,0x10c4,0x10c4,0x10c4,0x10c4,0x18c4,0x10c4,0x10c4,0x10c4,0x10c4,
  0x10c4,0x10c4,0x10c4,0x10c5,0x10c4,0x10c4,0x10c5,0x10c4,0x10c4,0x10c4,0x10c4,0x10c5,0x10c4,0x18c4,0x10c4,0x10c4,
  0x10c5,0x10c4,0x10c4,0x10c4,0x10c4,0x10c5,0x10c4,0x10c4,0x10c4,0x10c4,0x10c5,0x10c4,0x10c4,0x10c4,0x10c5,0x10c4,
  0x18c4,0x10c4,0x10c4,0x10c4,0x10c4,0x10c4,0x10c4,0x10c4,0x10c5,0x18c4,0x10c4,0x10c4,0x10c4,0x10c4,0x10c4,0x10c4,
  0x18c4,0x10c5,0x10c4,0x10c4,0x10c4,0x10c4,0x10c4,0x10c4,0x10c4,0x10c4,0x10c4,0x10c4,0x10c5,0x10c4,0x10c4,0x18c4,
  0x10c4,0x10c4,0x10c4,0x10c5,0x10c4,0x10c4,0x10c4,0x18c4,0x10c4,0x10c4,0x10c4,0x10c4,0x10c4,0x10c4,0x18c4,0x10c4,
  0x10c5,0x10c4,0x10c4,0x10c4,0x10c5,0x10c4,0x10c4,0x18c4,0x10c5,0x10c4,0x10c4,0x10c4,0x10c4,0x10c4,0x10c4,0x10c4,
  0x10c5,0x18c4,0x10c4,0x10c4,0x10c4,0x18c4,0x10c4,0x10c4,0x10c4,0x10c4,0x10c4,0x10c5,0x10c4,0x18c4,0x10c4,0x10c4,
  0x10c4,0x10c4,0x10c4,0x18c4,0x10c6,0x10c4,0x10c4,0x10c4,0x10c4,0x10c4,0x10c5,0x10c4,0x10c5,0x10c4,0x10e5,0x10c5,
  0x10c4,0x18c4,0x10c4,0x10e6,0x18c4,0x10e5,0x10c4,0x10e5,0x10c4,0x18c4,0x10e5,0x10c4,0x10e6,0x10c4,0x10e5,0x10e5,
  0x10e5,0x10e5,0x10e5,0x10e5,0x10e6,0x18e5,0x10e5,0x10e5,0x18e6,0x10e5,0x10e5,0x10c4,0x18e5,0x10e6,0x10e5,0x10e5,
  0x10e5,0x10e5,0x10e5,0x10e5,0x10e6,0x18e5,0x18e5,0x18e5,0x18e5,0x10e6,0x1105,0x1105,0x18e5,0x18e5,0x20e6,0x10e5,
  0x10e5,0x10c4,0x1905,0x10e4,0x10e5,0x1146,0x11a8,0x240f,0x25d4,0x25d4,0x1dd4,0x1dd4,0x2db5,0x2c70,0x01e7,0x0966,
  0x1126,0x1105,0x1105,0x1105,0x18e5,0x1905,0x1906,0x1906,0x1907,0x1905,0x1105,0x1105,0x18e5,0x18e5,0x18e5,0x10e5,
  0x1125,0x1147,0x01a6,0x3450,0x3d73,0x3593,0x2db4,0x2db3,0x3593,0x23ee,0x0966,0x1126,0x1106,0x1105,0x1105,0x18e5,
  0x18e6,0x1906,0x1906,0x1906,0x1906,0x1906,0x2106,0x18e5,0x1905,0x1906,0x1105,0x1105,0x1126,0x0967,0x09c7,0x2cf2,
  0x25d4,0x1dd4,0x1df4,0x1df5,0x3594,0x23ad,0x09a7,0x1147,0x10e4,0x1105,0x10e5,0x10e5,0x10e5,0x18e5,0x20e6,0x10e5,
  0x1105,0x1906,0x10e5,0x18e5,0x10e5,0x18e5,0x18e5,0x10e6,0x10e5,0x18e5,0x18e5,0x10e5,0x18e5,0x10e5,0x10c5,0x10e5,
  0x10e5,0x10e6,0x10e5,0x18e5,0x10e5,0x10e6,0x10e5,0x10e5,0x10e5,0x10e5,0x10e4,0x10e5,0x18c4,0x10c5,0x10c4,0x10c5,
  0x10e4,0x10c4,0x10e5,0x10e5,0x10e5,0x10c5,0x10e5,0x18c5,0x10e5,0x10c4,0x10c4,0x10c4,0x10c4,0x10c4,0x10c5,0x10c4,
  0x10c4,0x10c4,0x10c4,0x10c4,0x10c4,0x10c4,0x10c5,0x10c5,0x10c4,0x10c4,0x10c4,0x18c4,0x10c5,0x10c4,0x10c4,0x10c4,
  0x10c4,0x10c5,0x10c5,0x10c4,0x10c4,0x10c4,0x10c4,0x10c5,0x10c4,0x10c4,0x10c4,0x10c4,0x18c4,0x10c4,0x10c4,0x10c4,
  0x10c4,0x10c4,0x10c4,0x10c4,0x18c4,0x10c4,0x10c4,0x10c4,0x10c5,0x10c4,0x10c4,0x18c4,0x10c4,0x10c4,0x10c4,0x10c5,
  0x10c4,0x10c4,0x10c4,0x10c4,0x10c5,0x10c4,0x10c4,0x10c4,0x10c4,0x10c4,0x10c4,0x18c4,0x10c4,0x10c4,0x10c5,0x10c4,
  0x18c4,0x10c4,0x10c4,0x10c4,0x10c4,0x10c4,0x18c5,0x10c4,0x10c4,0x10c4,0x10c4,0x10c4,0x10c4,0x10c4,0x10c4,0x10c4,
  0x10c4,0x18c4,0x10c4,0x10c5,0x10c4,0x10c4,0x10c4,0x10c4,0x10c4,0x10c4,0x10c4,0x18c4,0x10c5,0x10c4,0x10c4,0x10c4,
  0x10c4,0x10c4,0x10c5,0x10c4,0x10c4,0x10c4,0x10c4,0x10c5,0x10c4,0x18c4,0x10c4,0x10c5,0x18c4,0x10c4,0x10c4,0x10c4,
  0x10c4,0x18c4,0x10c4,0x10c4,0x10c5,0x10c4,0x10c4,0x10c4,0x10c4,0x10c4,0x10c4,0x10c4,0x10c5,0x18c4,0x10c4,0x10c4,
  0x18c5,0x10c4,0x10c4,0x10c4,0x18c4,0x10c5,0x10c4,0x10c4,0x10c4,0x10c4,0x10c4,0x10c4,0x10c5,0x10c4,0x10c4,0x10c4,
  0x10c4,0x10c5,0x10c4,0x10c4,0x10c4,0x10c4,0x18c5,0x10c4,0x10c4,0x10c4,0x18c4,0x10c4,0x10c4,0x10c4,0x18c5,0x10c4,
  0x10c4,0x18c4,0x10c4,0x10c4,0x10c5,0x10c4,0x10c4,0x10c4,0x10c5,0x10c4,0x10c4,0x10c4,0x10c4,0x10c4,0x10c4,0x10c4,
  0x10c5,0x10c4,0x10c4,0x10c4,0x10c4,0x10c4,0x10c4,0x10c4,0x10c4,0x18c5,0x10c4,0x10c4,0x10c4,0x10c4,0x10c4,0x10c4,
  0x10c4,0x10c4,0x10c4,0x10c5,0x10c4,0x10c4,0x10c4,0x10c4,0x10c5,0x10c4,0x10c4,0x10c4,0x10c4,0x10c4,0x18c4,0x10c4,
  0x10c4,0x10c5,0x10c4,0x10c4,0x10c4,0x10c5,0x10c4,0x10c4,0x10c4,0x10c4,0x10c4,0x10c5,0x10c4,0x10c4,0x10c4,0x10c5,
  0x10c4,0x10c4,0x10c4,0x10c4,0x10c4,0x10c4,0x18c5,0x10c4,0x10c4,0x18c5,0x10c4,0x10c4,0x10c4,0x18c4,0x10c4,0x10c5,
  0x10c4,0x10c4,0x10c4,0x10c4,0x18c4,0x10c4,0x10c4,0x10c4,0x10c4,0x10c5,0x10c4,0x18c4,0x10c4,0x10c5,0x10c4,0x10c4,
  0x10c4,0x10c4,0x10c4,0x10c4,0x18c4,0x10c4,0x10c4,0x10c4,0x10c4,0x10c4,0x10c4,0x10c4,0x10c4,0x10c5,0x10c4,0x18c4,
  0x10c4,0x10c4,0x10c4,0x10c4,0x10c4,0x10c4,0x10c4,0x10c4,0x10c4,0x10c4,0x10c4,0x10c4,0x10c4,0x10c4,0x10c5,0x10c4,
  0x10c5,0x10c4,0x10c4,0x10c4,0x10c4,0x10c4,0x10c4,0x10c4,0x10c4,0x10c4,0x10c4,0x10c5,0x10c4,0x18c4,0x10c5,0x10c4,
  0x10c4,0x10e5,0x10c4,0x10c4,0x10c4,0x10c5,0x10c5,0x10c4,0x10e5,0x10c4,0x10c5,0x10c4,0x10c4,0x10c5,0x10c4,0x10e5,
  0x10e5,0x10c4,0x10e5,0x10e4,0x10e5,0x10c4,0x10e5,0x10c4,0x10e5,0x10c4,0x10e5,0x10c4,0x10e5,0x10e5,0x10e5,0x10e5,
  0x10e5,0x10e5,0x10e5,0x10e5,0x10e5,0x20e5,0x18e5,0x10e5,0x10e5,0x10e5,0x10e5,0x1105,0x18e5,0x18e5,0x18e5,0x1105,
  0x10e5,0x10c4,0x1105,0x10e4,0x1905,0x1946,0x0987,0x242f,0x25d4,0x1dd4,0x25d5,0x1dd4,0x2dd5,0x2c70,0x09e7,0x1186,
  0x1126,0x1125,0x10e5,0x10e5,0x18e5,0x18e5,0x1905,0x1906,0x1105,0x1105,0x1105,0x1105,0x1905,0x18e5,0x18e4,0x20e5,
  0x1926,0x0925,0x0186,0x3bef,0x4d33,0x4553,0x3d73,0x3d73,0x4553,0x33ae,0x0946,0x1906,0x1906,0x1905,0x1105,0x18e5,
  0x18e5,0x1105,0x1106,0x1105,0x1906,0x1106,0x1906,0x18e5,0x1905,0x1905,0x18e5,0x1105,0x1126,0x1167,0x09e8,0x34d1,
  0x25d4,0x25d4,0x1dd5,0x1dd4,0x3594,0x2bae,0x09a7,0x1146,0x1104,0x10e4,0x10e5,0x10e5,0x10e5,0x18e5,0x18e5,0x10e5,
  0x10e5,0x10e5,0x10e5,0x10e5,0x18e5,0x18e5,0x18e5,0x10e5,0x10e5,0x18e5,0x10c5,0x10e5,0x10e5,0x10e5,0x10e5,0x10e5,
  0x10e5,0x10e4,0x10e5,0x10c4,0x10e5,0x10c4,0x10e5,0x10c4,0x10e5,0x10e5,0x10e4,0x10c4,0x10c5,0x10c4,0x10c5,0x10c4,
  0x10e5,0x10e4,0x10c4,0x10c4,0x10c4,0x18e5,0x10c4,0x10c5,0x10e5,0x10c4,0x10e4,0x10c4,0x10c5,0x10c4,0x10c5,0x10c4,
  0x10c5,0x10c4,0x10c4,0x10c4,0x10c4,0x10c4,0x10c4,0x10c4,0x10c4,0x10c5,0x10c4,0x10c4,0x10c4,0x10c4,0x10c4,0x10c4,
  0x10c4,0x10c4,0x10c4,0x10c4,0x10c4,0x10c4,0x10c4,0x10c4,0x10c4,0x10c4,0x10c4,0x10c4,0x10c4,0x10c4,0x10c4,0x10c4,
  0x10c4,0x10c4,0x10c4,0x10c4,0x10c4,0x10c4,0x10c4,0x10c4,0x18c4,0x10c4,0x10c4,0x10c4,0x10c4,0x10c4,0x10c4,0x10c4,
  0x10c4,0x10c4,0x10c4,0x10c4,0x10c4,0x10c4,0x10c4,0x10c4,0x10c4,0x10c4,0x10c4,0x10c4,0x10c4,0x10c4,0x10c4,0x10c4,
  0x10c4,0x10c4,0x10c4,0x10c4,0x10c4,0x10c4,0x10c4,0x10c4,0x10c4,0x10c4,0x10c4,0x10c4,0x10c4,0x10c4,0x10c4,0x10c4,
  0x10c4,0x10c4,0x10c4,0x10c4,0x10c4,0x10c4,0x10c4,0x10c4,0x10c4,0x10c4,0x10c4,0x10c4,0x10c4,0x10c4,0x10c4,0x10c4,
  0x10c4,0x10c4,0x10c4,0x10c4,0x10c4,0x18c4,0x10c4,0x10c4,0x10c4,0x10c4,0x10c4,0x10c4,0x10c4,0x10c4,0x10c4,0x10c4,
  0x10c4,0x10c4,0x10c4,0x10c4,0x10c4,0x10c4,0x10c4,0x10c4,0x10c4,0x10c4,0x10c4,0x10c4,0x10c4,0x10c4,0x10c4,0x10c4,
  0x10c4,0x10c4,0x10c4,0x10c4,0x10c4,0x10c4,0x10c4,0x10c4,0x10c4,0x10c4,0x10c4,0x10c4,0x10c4,0x18c4,0x10c4,0x10c4,
  0x10c4,0x10c4,0x10c4,0x10c4,0x18c4,0x10c4,0x10c4,0x10c4,0x10c4,0x10c4,0x10c4,0x10c4,0x10c4,0x10c4,0x10c4,0x10c4,
  0x10c4,0x10c4,0x10c4,0x10c4,0x10c4,0x10c4,0x10c4,0x10c4,0x10c4,0x10c4,0x10c4,0x10c4,0x10c4,0x10c4,0x10c4,0x18c4,
  0x10c4,0x10c4,0x10c4,0x10c4,0x10c4,0x10c4,0x10c4,0x18c4,0x10c4,0x10c4,0x10c4,0x10c4,0x10c4,0x10c4,0x10c4,0x10c4,
  0x10c4,0x10c4,0x10c4,0x10c4,0x10c4,0x10c4,0x10c4,0x10c4,0x10c4,0x10c4,0x10c4,0x10c4,0x18c4,0x10c4,0x10c4,0x10c4,
  0x10c4,0x10c4,0x10c4,0x10c4,0x10c4,0x10c4,0x10c4,0x18c4,0x10c4,0x10c4,0x10c4,0x10c4,0x10c4,0x18c4,0x10c4,0x10c4,
  0x10c4,0x10c4,0x10c4,0x10c4,0x10c4,0x10c4,0x10c4,0x10c4,0x10c4,0x10c4,0x10c4,0x10c4,0x10c4,0x10c4,0x10c4,0x10c4,
  0x10c4,0x10c4,0x10c4,0x10c4,0x10c4,0x10c4,0x10c4,0x10c4,0x10c4,0x10c4,0x10c4,0x10c4,0x10c4,0x10c4,0x10c4,0x10c4,
  0x10c4,0x10c4,0x10c4,0x10c4,0x10c4,0x10c4,0x10c4,0x10c4,0x10c4,0x10c4,0x10c4,0x10c4,0x10c4,0x18c4,0x10c4,0x10c4,
  0x10c4,0x10c4,0x10c4,0x10c4,0x10c4,0x10c4,0x10c4,0x10c4,0x10c4,0x10c4,0x10c4,0x10c4,0x10c4,0x10c4,0x10c4,0x10c4,
  0x10c4,0x10c4,0x10c4,0x10c4,0x10c4,0x10c4,0x10c5,0x10c4,0x10c4,0x10c4,0x10c4,0x10c4,0x10c4,0x10c4,0x10c4,0x10c4,
  0x10e4,0x10c4,0x10c4,0x10e5,0x10c4,0x10c4,0x10c4,0x10e5,0x10c4,0x10c4,0x10e5,0x10c4,0x10e5,0x10c4,0x10e5,0x18c4,
  0x10c5,0x10c5,0x10e5,0x18e5,0x10e5,0x10c4,0x10e5,0x10c4,0x10e5,0x10c4,0x10e5,0x10e5,0x10e5,0x10e5,0x10e5,0x10c4,
  0x18e5,0x10e5,0x10e5,0x18e5,0x10e5,0x10e5,0x18e5,0x10e5,0x18e5,0x18e5,0x10e5,0x1105,0x18e5,0x18e5,0x18e5,0x1105,
  0x1105,0x10c4,0x10e4,0x1904,0x1905,0x1946,0x1187,0x240f,0x25d4,0x25d4,0x25d5,0x1dd4,0x2db4,0x2c70,0x09e7,0x1166,
  0x1125,0x1925,0x1105,0x10c4,0x18e5,0x20e5,0x18e5,0x1905,0x1105,0x1105,0x1105,0x1905,0x1905,0x28e5,0x18e5,0x1905,
  0x1906,0x1105,0x0966,0x1249,0x1aaa,0x1aca,0x12ea,0x1aa9,0x22ca,0x1228,0x1105,0x2106,0x18e5,0x1905,0x1905,0x1905,
  0x2105,0x1905,0x1105,0x1105,0x1105,0x1906,0x18e5,0x20e5,0x18e5,0x18e5,0x18e5,0x1125,0x1126,0x1187,0x09a7,0x3512,
  0x25d4,0x25d5,0x1dd4,0x25d4,0x3594,0x23ad,0x09a6,0x1146,0x1925,0x10c4,0x10e5,0x10e5,0x20e5,0x18e5,0x18e5,0x18e5,
  0x1105,0x1105,0x18e5,0x10e5,0x18e5,0x10e5,0x10e5,0x10e5,0x10c5,0x10e5,0x10c5,0x18e5,0x10c4,0x10e5,0x10e5,0x10e5,
  0x10e5,0x10e5,0x10e5,0x10c4,0x10e5,0x10c4,0x10e5,0x10c4,0x10e5,0x10c4,0x10c5,0x10c4,0x10e5,0x10c4,0x10e5,0x10c4,
  0x10e5,0x10e5,0x10e4,0x18c5,0x10c4,0x10e5,0x10c4,0x10c5,0x10c4,0x10c4,0x10e5,0x10c4,0x10c5,0x10c4,0x10c4,0x10c4,
  0x10c4,0x10c4,0x10c4,0x10c4,0x10c4,0x10c4,0x10c4,0x10c4,0x10c4,0x10c4,0x10c4,0x10c4,0x10c5,0x10c4,0x10c4,0x10c4,
  0x10c4,0x10c4,0x10c4,0x10c4,0x10c4,0x18c4,0x10c4,0x10c4,0x10c4,0x10c4,0x18c4,0x10c4,0x10c4,0x10c4,0x10c4,0x10c4,
  0x10c4,0x10c4,0x18c4,0x10c4,0x10c4,0x10c4,0x10c4,0x10c4,0x10c4,0x10c4,0x10c4,0x10c4,0x10c4,0x10c4,0x10c4,0x10c4,
  0x10c4,0x10c4,0x10c4,0x10c4,0x10c4,0x10c4,0x10c4,0x10c4,0x10c4,0x10c4,0x10c4,0x10c4,0x10c4,0x10c4,0x10c4,0x10c4,
  0x10c4,0x10c4,0x10c4,0x10c4,0x10c4,0x10c4,0x10c4,0x10c4,0x10c4,0x10c4,0x10c4,0x10c4,0x10c4,0x10c4,0x10c4,0x18c4,
  0x10c4,0x10c4,0x10c4,0x10c4,0x10c4,0x10c4,0x10c4,0x10c4,0x10c4,0x10c4,0x10c4,0x10c4,0x10c4,0x10c4,0x10c4,0x10c4,
  0x10c4,0x10c4,0x10c4,0x10c4,0x10c4,0x10c4,0x10c4,0x10c4,0x10c4,0x10c4,0x10c4,0x10c4,0x10c4,0x10c4,0x10c4,0x10c4,
  0x10c4,0x10c4,0x10c4,0x10c4,0x10c4,0x10c4,0x10c4,0x18c4,0x10c4,0x10c4,0x10c4,0x18c4,0x10c4,0x10c4,0x10c4,0x10c4,
  0x10c4,0x10c4,0x10c4,0x10c4,0x10c4,0x10c4,0x10c4,0x10c4,0x18c4,0x10c4,0x10c4,0x18c4,0x10c4,0x10c4,0x10c4,0x10c4,
  0x10c4,0x10c4,0x10c4,0x10c4,0x10c4,0x10c4,0x10c4,0x10c4,0x10c4,0x10c4,0x10c4,0x10c4,0x10c4,0x10c4,0x10c4,0x10c4,
  0x10c4,0x10c4,0x10c4,0x10c4,0x10c4,0x10c4,0x10c4,0x10c4,0x10c4,0x10c4,0x10c4,0x10c4,0x10c4,0x18c4,0x10c4,0x10c4,
  0x10c4,0x10c4,0x10c4,0x10c4,0x10c4,0x18c4,0x10c4,0x10c4,0x10c4,0x10c4,0x10c4,0x10c4,0x10c4,0x10c4,0x10c4,0x10c4,
  0x18c4,0x10c4,0x10c4,0x10c4,0x10c4,0x18c4,0x10c4,0x10c4,0x18c4,0x10c4,0x10c4,0x10c4,0x10c4,0x10c4,0x10c4,0x10c4,
  0x10c4,0x10c4,0x10c4,0x10c4,0x10c4,0x18c4,0x10c4,0x10c4,0x10c4,0x10c4,0x10c4,0x10c4,0x10c4,0x10c4,0x10c4,0x10c4,
  0x10c4,0x10c4,0x10c4,0x10c4,0x18c4,0x10c4,0x10c4,0x10c4,0x10c4,0x10c4,0x10c4,0x10c4,0x10c4,0x10c4,0x10c4,0x10c4,
  0x10a4,0x10c4,0x10c4,0x10c4,0x10c4,0x10c4,0x10c4,0x10c4,0x10c4,0x10c4,0x10c4,0x10c4,0x10c4,0x10c4,0x10c4,0x10c4,
  0x10c4,0x10c4,0x10c4,0x10c4,0x10c4,0x10c4,0x10c4,0x10c4,0x10c4,0x10c4,0x10c4,0x18c4,0x10c4,0x10c4,0x10c4,0x10c4,
  0x10c4,0x10c4,0x10c4,0x10c4,0x10c4,0x10c4,0x10c4,0x10c4,0x10c4,0x10c4,0x10c4,0x10c4,0x10c4,0x10c4,0x10c4,0x10c4,
  0x10c4,0x10c5,0x10c4,0x10c4,0x10c5,0x10c4,0x10c4,0x10c4,0x10c4,0x10c4,0x10c4,0x10c4,0x10c4,0x10c4,0x10c5,0x10c4,
  0x10c4,0x10e5,0x10c4,0x10c4,0x10a4,0x10e5,0x10c4,0x10e4,0x10c5,0x10e5,0x10e5,0x10e5,0x10c4,0x10c4,0x10e5,0x10c4,
  0x10e5,0x10c4,0x10e5,0x10e4,0x10e5,0x10c4,0x10e5,0x10c4,0x10e5,0x10c4,0x10c5,0x10e5,0x10e5,0x10e5,0x18c5,0x10e5,
  0x1905,0x10e5,0x10c5,0x10e5,0x10e5,0x10e5,0x18e5,0x1905,0x1905,0x1905,0x1905,0x1905,0x1905,0x18e5,0x18e5,0x1105,
  0x1105,0x1104,0x10e5,0x10c4,0x10e5,0x1926,0x11a7,0x240f,0x25d4,0x25d4,0x25d5,0x25b4,0x2594,0x34b1,0x0a07,0x0966,
  0x1146,0x1126,0x1125,0x10e5,0x18e5,0x18e5,0x18e5,0x1905,0x1125,0x1125,0x1125,0x1125,0x1905,0x1905,0x2105,0x18e5,
  0x18e5,0x1106,0x1146,0x0946,0x0945,0x09a6,0x09c7,0x09a5,0x09a6,0x0986,0x1946,0x2126,0x2105,0x1905,0x1105,0x1905,
  0x1905,0x1905,0x1125,0x1125,0x1125,0x1105,0x1905,0x18e5,0x18e5,0x18e5,0x1905,0x1125,0x1146,0x0986,0x09e8,0x2d12,
  0x25f4,0x25b4,0x1dd4,0x25d4,0x3594,0x23ad,0x09a7,0x1126,0x1925,0x10c4,0x1105,0x10e5,0x18e5,0x18e5,0x18e5,0x1905,
  0x1905,0x1905,0x1905,0x1905,0x18e5,0x10e5,0x10c5,0x10c5,0x10e5,0x10e5,0x10e5,0x1905,0x10c5,0x18e5,0x10e5,0x10e5,
  0x10e5,0x10e4,0x10e5,0x10c4,0x10e5,0x10c4,0x10c5,0x10c4,0x10e5,0x10e5,0x10e5,0x10c4,0x10c4,0x10e5,0x10c4,0x10c4,
  0x10c4,0x10e5,0x10e5,0x10e5,0x10e5,0x10c4,0x10c4,0x10c4,0x10e5,0x10c4,0x10c5,0x10e5,0x10c4,0x10c4,0x10c5,0x10c4,
  0x10c5,0x10c4,0x10c4,0x10c4,0x10c4,0x10c4,0x10c4,0x10c5,0x10c4,0x10c4,0x10c4,0x10c4,0x10c4,0x10c4,0x10c4,0x10c4,
  0x10c4,0x10c4,0x10c4,0x10c4,0x10c4,0x10a4,0x10c4,0x10c4,0x10c4,0x10a4,0x10c4,0x10c4,0x10c4,0x10a4,0x10c4,0x10c4,
  0x10c4,0x10c4,0x10c4,0x10c4,0x10c4,0x10c4,0x10c4,0x10c4,0x10c4,0x10c4,0x10a4,0x10c4,0x10c4,0x10c4,0x10a4,0x10c4,
  0x10c4,0x10c4,0x10c4,0x10c4,0x10c4,0x10c4,0x10c4,0x10c4,0x10c4,0x10c4,0x10c4,0x10c4,0x10c4,0x10c4,0x10c4,0x10c4,
  0x10c4,0x10c4,0x10c4,0x10c4,0x10c4,0x10c4,0x10a4,0x10c4,0x10c4,0x10c4,0x10a4,0x10c4,0x10c4,0x10c4,0x10c4,0x10c4,
  0x10c4,0x10c4,0x10c4,0x10c4,0x10c4,0x10c4,0x10c4,0x10c4,0x10c4,0x10c4,0x10c4,0x10c4,0x10c4,0x10c4,0x10c4,0x10c4,
  0x10c4,0x10c4,0x10c4,0x10c4,0x10c4,0x10c4,0x10c4,0x10c4,0x10c4,0x10c4,0x10c4,0x10c4,0x10a4,0x10c4,0x10c4,0x10c4,
  0x10a4,0x10c4,0x10c4,0x10c4,0x10c4,0x10c4,0x10c4,0x10c4,0x10c4,0x10c4,0x10c4,0x10c4,0x10c4,0x10c4,0x10c4,0x10c4,
  0x10c4,0x10c4,0x10a4,0x10c4,0x10c4,0x10c4,0x10a4,0x10c4,0x10c4,0x10c4,0x10a4,0x10c4,0x10c4,0x10c4,0x10c4,0x10c4,
  0x10c4,0x10c4,0x10c4,0x10c4,0x10c4,0x10c4,0x10c4,0x10c4,0x10c4,0x10c4,0x10c4,0x10c4,0x10c4,0x10c4,0x10c4,0x10c4,
  0x10c4,0x10c4,0x10c4,0x10a4,0x10c4,0x10c4,0x10c4,0x10a4,0x10c4,0x10c4,0x10c4,0x10c4,0x10c4,0x10c4,0x10c4,0x10c4,
  0x10c4,0x10c4,0x10c4,0x10c4,0x10c4,0x10c4,0x10c4,0x10c4,0x10c4,0x10c4,0x10c4,0x10c4,0x10c4,0x10c4,0x10c4,0x10c4,
  0x10c4,0x10c4,0x10c4,0x10c4,0x10c4,0x10c4,0x10c4,0x10c4,0x10c4,0x10c4,0x10c4,0x10c4,0x10c4,0x10c4,0x10c4,0x10c4,
  0x10c4,0x10c4,0x10c4,0x10c4,0x10c4,0x10c4,0x10c4,0x10c4,0x10c4,0x10c4,0x10c4,0x10c4,0x10c4,0x10c4,0x10c4,0x10c4,
  0x10c4,0x10c4,0x10c4,0x10c4,0x10c4,0x10c4,0x10c4,0x10c4,0x10c4,0x10c4,0x10c4,0x10c4,0x10a4,0x10c4,0x10c4,0x10c4,
  0x10c4,0x10c4,0x10c4,0x10c4,0x10c4,0x10c4,0x10c4,0x10c4,0x10c4,0x10c4,0x10c4,0x10c4,0x10c4,0x10c4,0x10a4,0x10c4,
  0x10c4,0x10c4,0x10c4,0x10c4,0x10c4,0x10c4,0x10c4,0x10c4,0x10a4,0x10c4,0x10c4,0x10c4,0x10c4,0x10c4,0x10c4,0x10c4,
  0x10c4,0x10c4,0x10a4,0x10c4,0x10c4,0x10c4,0x10c4,0x10c4,0x10c4,0x10c4,0x10c4,0x10c4,0x10c4,0x10c4,0x10c4,0x10c4,
  0x10a4,0x10c4,0x10c4,0x10c4,0x10c4,0x10c4,0x10c4,0x10c4,0x10c4,0x10c4,0x10c4,0x10c5,0x10c4,0x10c4,0x10c4,0x10e4,
  0x10e5,0x10c4,0x10a4,0x10e5,0x10c4,0x10c4,0x10c4,0x10e5,0x10e5,0x10e5,0x10c4,0x10c4,0x10e5,0x10c4,0x10c4,0x10c5,
  0x10c4,0x10e5,0x10e5,0x10c5,0x10e5,0x10c4,0x10e5,0x10a4,0x10e5,0x10c4,0x10e5,0x10c4,0x10e5,0x10c4,0x10e5,0x10c4,
  0x10e5,0x10c4,0x10e5,0x10e5,0x10e5,0x10c5,0x10c5,0x18e5,0x10c4,0x10e5,0x1105,0x1105,0x10e5,0x18e5,0x18e5,0x10e5,
  0x10e5,0x10c4,0x10c4,0x1104,0x1105,0x1126,0x0987,0x23ef,0x25d4,0x1dd4,0x25b4,0x1df4,0x2593,0x34b1,0x0228,0x09c7,
  0x1186,0x1145,0x1125,0x10e5,0x18e5,0x18e5,0x18e5,0x10e5,0x1105,0x1125,0x1125,0x1105,0x1105,0x1105,0x18e5,0x18e5,
  0x18e6,0x1106,0x1126,0x1126,0x0967,0x1186,0x0166,0x0986,0x09a6,0x0945,0x10e5,0x10c5,0x18e5,0x1105,0x0905,0x1105,
  0x1105,0x1105,0x1105,0x1125,0x0926,0x1126,0x1105,0x18e5,0x18e5,0x1905,0x1925,0x1146,0x1187,0x09a7,0x0228,0x24f2,
  0x25d4,0x25b3,0x25f5,0x1db4,0x3594,0x23ad,0x01a6,0x1146,0x10e4,0x10c4,0x10e5,0x10e5,0x10e5,0x18e5,0x18e5,0x10e5,
  0x10e5,0x10e5,0x10a4,0x18e5,0x10e5,0x10e5,0x10e5,0x10e5,0x10e5,0x10c4,0x10c5,0x10c4,0x10c5,0x10c4,0x10e5,0x10c5,
  0x10e5,0x10e5,0x10e5,0x10c4,0x10c5,0x10c4,0x10e5,0x10c4,0x10e5,0x10c4,0x10a4,0x10e5,0x10c4,0x10c4,0x10c5,0x10c4,
  0x10e5,0x10c4,0x10c4,0x10c5,0x10c4,0x10a5,0x10c4,0x10c5,0x10c4,0x10c5,0x10c5,0x10c5,0x10c5,0x10c4,0x10a4,0x10c4,
  0x10c5,0x10c4,0x10c4,0x10c4,0x10c4,0x10c5,0x10c4,0x10c4,0x10a4,0x10c4,0x10c5,0x10c4,0x10c4,0x10c4,0x10c4,0x10c4,
  0x10c4,0x10c4,0x10c4,0x10c4,0x10c4,0x10c4,0x10c4,0x10c4,0x10c4,0x10c4,0x10c4,0x10c4,0x10c4,0x10c4,0x10c4,0x10c4,
  0x10c4,0x10c4,0x10c4,0x10c4,0x10c4,0x10c4,0x10a4,0x10c4,0x10c4,0x10c4,0x10c4,0x10c4,0x10c4,0x10c4,0x10c4,0x10c4,
  0x10c4,0x10c4,0x10a4,0x10c4,0x10c4,0x10a4,0x10c4,0x10c4,0x10c4,0x10a4,0x10c4,0x10c4,0x10a4,0x10c4,0x10c4,0x10c4,
  0x10c4,0x10a4,0x10c4,0x10c4,0x10c4,0x10c4,0x10c4,0x10c4,0x10c4,0x10c4,0x10c4,0x10c4,0x10c4,0x10c4,0x10a4,0x10c4,
  0x10c4,0x10c4,0x10c4,0x10c4,0x10c4,0x10c4,0x10c4,0x10c4,0x10a4,0x10c4,0x10c4,0x10c4,0x10c4,0x10c4,0x10c4,0x10c4,
  0x10c4,0x10c4,0x10c4,0x10c4,0x10c4,0x10c4,0x10c4,0x10c4,0x10c4,0x10c4,0x10a4,0x10c4,0x10c4,0x10c4,0x10c4,0x10c4,
  0x10c4,0x10c4,0x10c4,0x10c4,0x10c4,0x10c4,0x10c4,0x10c4,0x10c4,0x10c4,0x10c4,0x10a4,0x10c4,0x10c4,0x10c4,0x10a4,
  0x10c4,0x10c4,0x10c4,0x10c4,0x10c4,0x10c4,0x10c4,0x10c4,0x10c4,0x10c4,0x10c4,0x10c4,0x10c4,0x10c4,0x10a4,0x10c4,
  0x10c4,0x10c4,0x10c4,0x10c4,0x10c4,0x10c4,0x10c4,0x10c4,0x10c4,0x10c4,0x10c4,0x10c4,0x10c4,0x10c4,0x10c4,0x10a4,
  0x10c4,0x10c4,0x10c4,0x10c4,0x10c4,0x10c4,0x10c4,0x10c4,0x10c4,0x10c4,0x10c4,0x10a4,0x10c4,0x10c4,0x10c4,0x10a4,
  0x10c4,0x10c4,0x10c4,0x10c4,0x10c4,0x10c4,0x10c4,0x10c4,0x10a4,0x10c4,0x10c4,0x10c4,0x10a4,0x10c4,0x10c4,0x10c4,
  0x10c4,0x10c4,0x10c4,0x10c4,0x10c4,0x10c4,0x10c4,0x10c4,0x10c4,0x10c4,0x10c4,0x10c4,0x10c4,0x10c4,0x10c4,0x10c4,
  0x10c4,0x10c4,0x10c4,0x10c4,0x10c4,0x10c4,0x10c4,0x10c4,0x10a4,0x10c4,0x10c4,0x10a4,0x10c4,0x10c4,0x10c4,0x10c4,
  0x10c4,0x10c4,0x10c4,0x10c4,0x10c4,0x10c4,0x10c4,0x10c4,0x10c4,0x10c4,0x10a4,0x10c4,0x10c4,0x10c4,0x10c4,0x10c4,
  0x10c4,0x10c4,0x10c4,0x10c4,0x10a4,0x10c4,0x10c4,0x10c4,0x10c4,0x10c4,0x10c4,0x10c4,0x10a4,0x10c4,0x10c4,0x10c4,
  0x10c4,0x10c4,0x10a4,0x10c4,0x10c4,0x10c4,0x10a4,0x10c4,0x10c4,0x10c4,0x10c4,0x10c4,0x10c4,0x10a4,0x10c4,0x10c4,
  0x10c4,0x10c4,0x10c4,0x10c4,0x10c4,0x10c4,0x10a4,0x10c4,0x10c5,0x10c4,0x10c4,0x10c4,0x10c4,0x10c4,0x10c4,0x10c4,
  0x10c4,0x10c4,0x10a4,0x10c4,0x10a4,0x10c4,0x10a4,0x10c4,0x10a4,0x10c4,0x10a4,0x10c4,0x10a4,0x10c4,0x10a5,0x10c4,
  0x10a4,0x10e5,0x10c4,0x10c4,0x10c4,0x10c5,0x10c4,0x10a4,0x10c4,0x10c5,0x10e4,0x10c5,0x10c4,0x10c5,0x10c4,0x10a4,
  0x10c4,0x10a4,0x10c5,0x10e5,0x10a4,0x10e5,0x10a4,0x10e5,0x10c4,0x10c5,0x10e5,0x10c5,0x18e5,0x10c5,0x1905,0x10c5,
  0x1905,0x10c5,0x10e5,0x10c5,0x10e5,0x10c5,0x18e5,0x1905,0x18e5,0x10e5,0x18e5,0x1905,0x18c5,0x18e5,0x18e5,0x1105,
  0x18e5,0x10c4,0x10e4,0x10e5,0x10c4,0x1126,0x0987,0x240f,0x25d4,0x25b4,0x1dd4,0x1dd5,0x25b4,0x2c90,0x0a28,0x09c7,
  0x09a7,0x1166,0x1165,0x1165,0x1905,0x1925,0x1906,0x1125,0x1925,0x1105,0x1125,0x1105,0x1125,0x1905,0x1125,0x1105,
  0x1946,0x1946,0x1126,0x1146,0x1145,0x08e4,0x1145,0x1146,0x0966,0x1126,0x1966,0x1906,0x1946,0x1105,0x0945,0x1125,
  0x1125,0x1905,0x1125,0x1105,0x0945,0x0926,0x1125,0x1905,0x1925,0x1905,0x1945,0x1166,0x09a7,0x09a7,0x0a48,0x2512,
  0x1dd3,0x25f5,0x1db4,0x1dd4,0x3594,0x238d,0x0986,0x1125,0x1125,0x10a4,0x10e5,0x10a4,0x18e5,0x18c5,0x1905,0x18e5,
  0x1905,0x18e5,0x1905,0x1905,0x10e5,0x10a4,0x10e5,0x10c5,0x18e5,0x10c5,0x18e5,0x10c5,0x18e5,0x10e5,0x10a4,0x10e5,
  0x10c5,0x10e4,0x10c5,0x10c4,0x10e5,0x10c4,0x10e5,0x10a4,0x10e5,0x10c5,0x10e4,0x10e5,0x10a4,0x10e5,0x10c4,0x10e5,
  0x10c4,0x10c5,0x10e5,0x10c5,0x10c4,0x10c4,0x10c5,0x10c4,0x10a4,0x10e5,0x10a4,0x10e5,0x10c4,0x10c4,0x10c5,0x10a4,
  0x10c5,0x10a4,0x10c4,0x10a5,0x10c4,0x10a4,0x10c4,0x10a4,0x10c4,0x10c4,0x10a4,0x10c4,0x10a4,0x10c4,0x10a4,0x10c4,
  0x10a4,0x10c4,0x10a4,0x10c4,0x10a4,0x10c4,0x10a4,0x10c4,0x10a4,0x10c4,0x10a4,0x10c4,0x10a4,0x10c4,0x10a4,0x10c4,
  0x10a4,0x10c4,0x10a4,0x10c4,0x10a4,0x10c4,0x10c4,0x10a4,0x10c4,0x10a4,0x10c4,0x10a4,0x10c4,0x10a4,0x10c4,0x10a4,
  0x10c4,0x10a4,0x10c4,0x10c4,0x10a4,0x10c4,0x10c4,0x10a4,0x10c4,0x10c4,0x10a4,0x10c4,0x10c4,0x10a4,0x10c4,0x10a4,
  0x10c4,0x10c4,0x10a4,0x10c4,0x10a4,0x10c4,0x10a4,0x10c4,0x10a4,0x10c4,0x10a4,0x10c4,0x10a4,0x10c4,0x10c4,0x10a4,
  0x10c4,0x10a4,0x10c4,0x10a4,0x10c4,0x10a4,0x10c4,0x10a4,0x10c4,0x10c4,0x10a4,0x10c4,0x10a4,0x10c4,0x10a4,0x10c4,
  0x10a4,0x10c4,0x10a4,0x10c4,0x10a4,0x10c4,0x10a4,0x10c4,0x10a4,0x10c4,0x10c4,0x10c4,0x10c4,0x10a4,0x10c4,0x10a4,
  0x10c4,0x10a4,0x10c4,0x10a4,0x10c4,0x10a4,0x10c4,0x10a4,0x10c4,0x10a4,0x10c4,0x10c4,0x10a4,0x10c4,0x10a4,0x10c4,
  0x10c4,0x10a4,0x10c4,0x10a4,0x10c4,0x10a4,0x10c4,0x10a4,0x10c4,0x10a4,0x10c4,0x10a4,0x10c4,0x10a4,0x10c4,0x10c4,
  0x10a4,0x10c4,0x10a4,0x10c4,0x10a4,0x10c4,0x10a4,0x10c4,0x10a4,0x10c4,0x10a4,0x10c4,0x10a4,0x10c4,0x10a4,0x10c4,
  0x10c4,0x10a4,0x10c4,0x10a4,0x10c4,0x10a4,0x10c4,0x10a4,0x10c4,0x10a4,0x10c4,0x10c4,0x10a4,0x10c4,0x10a4,0x10c4,
  0x10c4,0x10a4,0x10c4,0x10a4,0x10c4,0x10a4,0x10c4,0x10a4,0x10c4,0x10c4,0x10a4,0x10c4,0x10c4,0x10a4,0x10c4,0x10a4,
  0x10c4,0x10a4,0x10c4,0x10a4,0x10c4,0x10a4,0x10c4,0x10a4,0x10c4,0x10a4,0x10c4,0x10a4,0x10c4,0x10a4,0x10c4,0x10a4,
  0x10c4,0x10a4,0x10c4,0x10a4,0x10c4,0x10a4,0x10c4,0x10a4,0x10c4,0x10c4,0x10a4,0x10c4,0x10c4,0x10a4,0x10c4,0x10a4,
  0x10c4,0x10a4,0x10c4,0x10a4,0x10c4,0x10a4,0x10c4,0x10a4,0x10c4,0x10a4,0x10c4,0x10c4,0x10c4,0x10a4,0x10c4,0x10a4,
  0x10c4,0x10a4,0x10c4,0x10a4,0x10c4,0x10c4,0x10a4,0x10c4,0x10a4,0x10c4,0x10a4,0x10c4,0x10c4,0x10c4,0x10c4,0x10a4,
  0x10c4,0x10a4,0x10c4,0x10c4,0x10a4,0x10c4,0x10c4,0x10c4,0x10c4,0x10a4,0x10c4,0x10a4,0x10c4,0x10c4,0x10a4,0x10c4,
  0x10a4,0x10c4,0x10a4,0x10c4,0x10a4,0x10c4,0x10c4,0x10a4,0x10c4,0x10a4,0x10c4,0x10a4,0x10c4,0x10a4,0x10c4,0x10a4,
  0x10a4,0x10c5,0x10c4,0x10a4,0x10c5,0x10c4,0x10a4,0x10c5,0x10c4,0x10a4,0x10c4,0x10c4,0x10a5,0x10c4,0x10c4,0x10c5,
  0x10e5,0x10a4,0x10c4,0x10c5,0x10c4,0x10c4,0x10c4,0x10e5,0x10e5,0x10e5,0x10c5,0x10c4,0x10e5,0x10a4,0x10e5,0x10c4,
  0x10c5,0x10c4,0x10c5,0x10e5,0x10e5,0x10c4,0x10e5,0x10a4,0x10e5,0x10e4,0x10e5,0x10c4,0x10e5,0x10e5,0x10e5,0x10c4,
  0x10c5,0x10c4,0x10e5,0x10c5,0x10e5,0x10e5,0x10c5,0x10e5,0x18e5,0x10a4,0x1105,0x1105,0x10c5,0x18e5,0x18e5,0x10e5,
  0x10e5,0x10c4,0x10a4,0x1104,0x10e4,0x1106,0x0987,0x240f,0x25b4,0x1df5,0x1dd4,0x1614,0x25f4,0x24d1,0x0aea,0x0a08,
  0x09c6,0x09a6,0x0966,0x0965,0x1146,0x1126,0x1126,0x1105,0x1925,0x1945,0x1925,0x1145,0x1145,0x1126,0x1165,0x1146,
  0x1106,0x1146,0x1986,0x1946,0x1166,0x1966,0x1926,0x1966,0x1166,0x0946,0x1166,0x1125,0x1126,0x1165,0x0945,0x0965,
  0x1145,0x1905,0x1925,0x1145,0x0946,0x0946,0x1146,0x1126,0x1946,0x1166,0x1146,0x11a7,0x09c7,0x09e8,0x0b0b,0x2532,
  0x1df4,0x1df5,0x1db4,0x25d4,0x3574,0x238d,0x01a6,0x1106,0x10e4,0x10c4,0x10c5,0x10e5,0x10e5,0x18c5,0x18e5,0x10e5,
  0x10e5,0x1105,0x10e5,0x10c5,0x18e5,0x10e5,0x10e5,0x10c5,0x10e5,0x10e5,0x10c5,0x10c4,0x10e5,0x10c5,0x10e5,0x10c5,
  0x10c5,0x10e5,0x10e5,0x10a4,0x10e5,0x10a4,0x10e5,0x10e4,0x10e5,0x10e5,0x10c5,0x10c4,0x10e5,0x10a4,0x10c4,0x10a4,
  0x10e5,0x10c4,0x10c5,0x10c5,0x10c4,0x10a5,0x10c4,0x10c5,0x10c4,0x10a4,0x10e5,0x10c4,0x10c4,0x10a4,0x10c4,0x10c4,
  0x10c4,0x10a4,0x10c4,0x10c4,0x10a4,0x10c4,0x10c4,0x10c5,0x10a4,0x10c4,0x10c4,0x10a5,0x10c4,0x10c4,0x10a4,0x10c4,
  0x10c4,0x10a4,0x10c4,0x10c4,0x10c4,0x10c4,0x10c4,0x10a4,0x10c4,0x10c4,0x10c4,0x10c4,0x10c4,0x10c4,0x10c4,0x10a4,
  0x10c4,0x10c4,0x10a4,0x10c4,0x10c4,0x10a4,0x10c4,0x10c4,0x10c4,0x10c4,0x10c4,0x10c4,0x10a4,0x10c4,0x10c4,0x10c4,
  0x10c4,0x10c4,0x10a4,0x10c4,0x10c4,0x10c4,0x10a4,0x10c4,0x10a4,0x10c4,0x10c4,0x10a4,0x10c4,0x10c4,0x10c4,0x10c4,
  0x10a4,0x10c4,0x10c4,0x10c4,0x10a4,0x10c4,0x10c4,0x10c4,0x10c4,0x10a4,0x10c4,0x10c4,0x10c4,0x10a4,0x10c4,0x10c4,
  0x10c4,0x10a4,0x10c4,0x10c4,0x10a4,0x10c4,0x10c4,0x10c4,0x10a4,0x10c4,0x10c4,0x10a4,0x10c4,0x10c4,0x10a4,0x10c4,
  0x10c4,0x10a4,0x10c4,0x10c4,0x10a4,0x10c4,0x10c4,0x10a4,0x10c4,0x10a4,0x10c4,0x10a4,0x10c4,0x10c4,0x10c4,0x10c4,
  0x10c4,0x10c4,0x10a4,0x10c4,0x10c4,0x10a4,0x10c4,0x10c4,0x10a4,0x10c4,0x10a4,0x10c4,0x10c4,0x10c4,0x10c4,0x10a4,
  0x10c4,0x10c4,0x10c4,0x10c4,0x10c4,0x10c4,0x10c4,0x10c4,0x10a4,0x10c4,0x10c4,0x10c4,0x10c4,0x10c4,0x10a4,0x10c4,
  0x10c4,0x10a4,0x10c4,0x10c4,0x10a4,0x10c4,0x10c4,0x10a4,0x10c4,0x10c4,0x10a4,0x10c4,0x10c4,0x10a4,0x10c4,0x10c4,
  0x10a4,0x10c4,0x10c4,0x10c4,0x10c4,0x10c4,0x10c4,0x10c4,0x10c4,0x10c4,0x10a4,0x10c4,0x10c4,0x10c4,0x10c4,0x10a4,
  0x10c4,0x10c4,0x10a4,0x10c4,0x10c4,0x10a4,0x10c4,0x10c4,0x10a4,0x10c4,0x10c4,0x10a4,0x10c4,0x10c4,0x10a4,0x10c4,
  0x10c4,0x10a4,0x10c4,0x10c4,0x10a4,0x10c4,0x10a4,0x10c4,0x10c4,0x10a4,0x10c4,0x10c4,0x10a4,0x10c4,0x10c4,0x10a4,
  0x10c4,0x10c4,0x10a4,0x10c4,0x10c4,0x10a4,0x10c4,0x10c4,0x10a4,0x10c4,0x10c4,0x10c4,0x10a4,0x10c4,0x10c4,0x10a4,
  0x10c4,0x10c4,0x10a4,0x10c4,0x10c4,0x10a4,0x10c4,0x10c4,0x10a4,0x10c4,0x10c4,0x10a4,0x10c4,0x10c4,0x10c4,0x10a4,
  0x10c4,0x10c4,0x10a4,0x10c4,0x10c4,0x10a4,0x10c4,0x10c4,0x10a4,0x10c4,0x10c4,0x10a4,0x10c4,0x10a4,0x10c4,0x10c4,
  0x10c4,0x10c4,0x10a4,0x10c4,0x10c4,0x10a4,0x10c4,0x10a4,0x10c4,0x10c4,0x10a4,0x10c4,0x10c4,0x10a4,0x10c4,0x10c4,
  0x10c4,0x10a4,0x10c4,0x10c4,0x10c4,0x10a4,0x10c4,0x10c4,0x10c4,0x10a4,0x10c4,0x10c4,0x10a4,0x10c4,0x10c4,0x10c4,
  0x10c4,0x10a4,0x10c4,0x10c4,0x10a4,0x10c4,0x10c4,0x10a4,0x10c4,0x10c4,0x10a5,0x10c4,0x10c4,0x10a4,0x10c5,0x10c5,
  0x10c4,0x10e5,0x10a4,0x10c4,0x10a4,0x10e5,0x10a4,0x10c4,0x10a4,0x10c4,0x10c5,0x10a5,0x10c4,0x10c4,0x10a5,0x10c4,
  0x10e5,0x10c4,0x10c5,0x10c5,0x10e5,0x10c5,0x10c4,0x10e5,0x10c4,0x10e5,0x10c5,0x10e5,0x10c5,0x10e5,0x10c5,0x10e5,
  0x10e5,0x10e5,0x10c5,0x10e5,0x10c5,0x10e5,0x10e5,0x10c5,0x10e5,0x1105,0x10e5,0x1105,0x1905,0x18e5,0x1905,0x1105,
  0x10e5,0x1104,0x10e5,0x10e4,0x10e4,0x1125,0x0966,0x240f,0x2dd4,0x25d4,0x15f4,0x15f4,0x1df4,0x2d53,0x2c70,0x1acb,
  0x0a28,0x09e8,0x09e7,0x09c7,0x1167,0x1187,0x1167,0x1166,0x1966,0x1946,0x1186,0x1186,0x1167,0x0987,0x11a6,0x1187,
  0x0986,0x0986,0x1167,0x1186,0x1186,0x1987,0x1166,0x1986,0x1187,0x11a7,0x0987,0x1167,0x1187,0x09a7,0x09a7,0x0987,
  0x1187,0x1966,0x1946,0x1187,0x0987,0x0987,0x0987,0x1167,0x1967,0x11a7,0x11a7,0x11c7,0x0a28,0x1b0b,0x3471,0x2593,
  0x1614,0x1df5,0x1dd4,0x1db4,0x3594,0x238d,0x0166,0x0925,0x1125,0x10c4,0x10e5,0x10e5,0x10e5,0x18e5,0x18e5,0x10e5,
  0x10e5,0x10e5,0x18e5,0x10c4,0x1105,0x10c5,0x10e5,0x10e5,0x10c5,0x10e5,0x10e5,0x10e5,0x10a4,0x10e5,0x10e5,0x10c5,
  0x10e5,0x10e5,0x10c5,0x10e5,0x10c4,0x10e5,0x10c4,0x10e5,0x10c5,0x10e4,0x10e5,0x10a4,0x10c4,0x10e5,0x10a4,0x10e5,
  0x10a4,0x10c4,0x10e5,0x10a4,0x10c4,0x10c4,0x10a4,0x10c4,0x10c5,0x10c4,0x10e5,0x10c5,0x10e4,0x10c5,0x10a4,0x10c5,
  0x10a4,0x10c4,0x10c4,0x10a4,0x10c4,0x10c4,0x10a4,0x10c4,0x10c4,0x10a4,0x10c4,0x10c4,0x10a4,0x10c4,0x10c4,0x10a4,
  0x10c4,0x10c4,0x10a4,0x10c4,0x10c4,0x10a4,0x10c4,0x10c4,0x10c4,0x10a4,0x10c4,0x10a4,0x10c4,0x10a4,0x10c4,0x10c4,
  0x10a4,0x10c4,0x10c4,0x10a4,0x10c4,0x10c4,0x10a4,0x10c4,0x10a4,0x10c4,0x10a4,0x10c4,0x10c4,0x10c4,0x10a4,0x10c4,
  0x10a4,0x10c4,0x10c4,0x10a4,0x10c4,0x10a4,0x10c4,0x10c4,0x10c4,0x10a4,0x10c4,0x10c4,0x10c4,0x10a4,0x10c4,0x10a4,
  0x10c4,0x10c4,0x10a4,0x10c4,0x10c4,0x10a4,0x10c4,0x10a4,0x10c4,0x10c4,0x10c4,0x10a4,0x10c4,0x10c4,0x10a4,0x10c4,
  0x10a4,0x10c4,0x10c4,0x10a4,0x10c4,0x10c4,0x10a4,0x10c4,0x10c4,0x10a4,0x10c4,0x10c4,0x10a4,0x10c4,0x10c4,0x10a4,
  0x10c4,0x10c4,0x10a4,0x10c4,0x10c4,0x10a4,0x10c4,0x10c4,0x10c4,0x10c4,0x10a4,0x10c4,0x10a4,0x10c4,0x10a4,0x10c4,
  0x10a4,0x10c4,0x10c4,0x10a4,0x10c4,0x10c4,0x10a4,0x10c4,0x10c4,0x10c4,0x10c4,0x10a4,0x10c4,0x10a4,0x10c4,0x10c4,
  0x10a4,0x10c4,0x10a4,0x10c4,0x10a4,0x10c4,0x10a4,0x10c4,0x10c4,0x10c4,0x10a4,0x10c4,0x10a4,0x10c4,0x10c4,0x10a4,
  0x10c4,0x10c4,0x10a4,0x10c4,0x10c4,0x10a4,0x10c4,0x10c4,0x10a4,0x10c4,0x10c4,0x10a4,0x10c4,0x10c4,0x10a4,0x10c4,
  0x10c4,0x10a4,0x10c4,0x10a4,0x10c4,0x10a4,0x10c4,0x10a4,0x10c4,0x10a4,0x10c4,0x10c4,0x10a4,0x10c4,0x10a4,0x10c4,
  0x10c4,0x10a4,0x10c4,0x10c4,0x10a4,0x10c4,0x10c4,0x10a4,0x10c4,0x10c4,0x10a4,0x10c4,0x10c4,0x10a4,0x10c4,0x10c4,
  0x10a4,0x10c4,0x10c4,0x10a4,0x10c4,0x10c4,0x10c4,0x10a4,0x10c4,0x10c4,0x10a4,0x10c4,0x10c4,0x10a4,0x10c4,0x10c4,
  0x10a4,0x10c4,0x10c4,0x10a4,0x10c4,0x10c4,0x10a4,0x10c4,0x10c4,0x10a4,0x10c4,0x10a4,0x10c4,0x10c4,0x10a4,0x10c4,
  0x10c4,0x10a4,0x10c4,0x10c4,0x10a4,0x10c4,0x10c4,0x10a4,0x10c4,0x10c4,0x10a4,0x10c4,0x10c4,0x10a4,0x10c4,0x10c4,
  0x10a4,0x10c4,0x10c4,0x10c4,0x10a4,0x10c4,0x10c4,0x10a4,0x10c4,0x10c4,0x10a4,0x10c4,0x10c4,0x10c4,0x10a4,0x10c4,
  0x10a4,0x10c4,0x10c4,0x10a4,0x10c4,0x10c4,0x10a4,0x10c4,0x10a4,0x10c4,0x10c4,0x10a4,0x10c4,0x10c4,0x10a4,0x10c4,
  0x10a4,0x10c4,0x10c4,0x10a4,0x10c4,0x10c4,0x10a4,0x10c4,0x10a4,0x10c4,0x10c4,0x10a4,0x10c4,0x10c4,0x10a4,0x10c4,
  0x10c4,0x10c4,0x10a4,0x10c4,0x10c4,0x10a4,0x10c4,0x10c4,0x10a4,0x10c4,0x10c4,0x10a4,0x10c4,0x10c4,0x10a5,0x10c4,
  0x10a4,0x10c4,0x10c4,0x10e5,0x10c4,0x10a4,0x10c4,0x10e5,0x10a4,0x10c4,0x10c4,0x10e5,0x10a4,0x10e5,0x10e4,0x10a4,
  0x10e5,0x10a4,0x10e5,0x10e5,0x10c5,0x10e5,0x10e5,0x10c5,0x10e5,0x10e5,0x10e5,0x10c5,0x10e5,0x10c4,0x10c5,0x10c4,
  0x10c5,0x10c4,0x10e5,0x10c5,0x08e5,0x10c5,0x10e5,0x18e5,0x18c5,0x10e5,0x10e5,0x18e5,0x18e5,0x18e5,0x18c5,0x18e5,
  0x18e5,0x10c5,0x10e5,0x1105,0x10e5,0x1125,0x0966,0x1aeb,0x3513,0x2db4,0x15d4,0x1615,0x1dd4,0x25d4,0x3594,0x2450,
  0x1bad,0x1b8d,0x1b4c,0x1b6c,0x1b4d,0x132c,0x134d,0x1b4c,0x1b0c,0x1b4c,0x1b4c,0x1b2c,0x136c,0x1b4c,0x134c,0x1b4c,
  0x136c,0x1b4c,0x1b4c,0x1b4c,0x1b2c,0x1b4c,0x1b4d,0x1b2c,0x136c,0x136c,0x1b4c,0x1b4c,0x134c,0x134c,0x136c,0x136c,
  0x1b2c,0x1b2c,0x1b2c,0x1b2c,0x1b4c,0x1b4c,0x1b2c,0x1b2c,0x1b4c,0x1b2c,0x1b6d,0x1b8d,0x138e,0x2cb1,0x3594,0x25f5,
  0x0db3,0x1e15,0x1dd4,0x2db4,0x34f2,0x1aca,0x0986,0x0905,0x1105,0x10e5,0x10c5,0x10e5,0x18e5,0x18c5,0x18e5,0x18e5,
  0x18e5,0x10c5,0x18e5,0x10e5,0x10c5,0x10e5,0x10c5,0x10e5,0x10e5,0x10a4,0x10e5,0x10c5,0x10c5,0x10e5,0x10c5,0x10e5,
  0x10e5,0x10c5,0x10e5,0x10c4,0x10c5,0x10c4,0x10e5,0x10a4,0x10e5,0x10a4,0x10c4,0x10e5,0x10c5,0x10e5,0x10c4,0x10c5,
  0x10e5,0x10a4,0x10c4,0x10c4,0x10c5,0x10c5,0x10c4,0x08c5,0x10c4,0x10a4,0x10e4,0x10c4,0x10a4,0x10c4,0x10c4,0x10c4,
  0x10c5,0x10a4,0x10c4,0x10c4,0x10a4,0x10c4,0x10c5,0x10a4,0x10c4,0x10c5,0x10a4,0x10c4,0x10c4,0x10a4,0x10c4,0x10c4,
  0x10a4,0x10c4,0x10c4,0x10a4,0x10c4,0x10a4,0x10c4,0x10a4,0x10c4,0x10c4,0x10a4,0x10c4,0x10c4,0x10a4,0x10c4,0x10c4,
  0x10c4,0x10a4,0x10c4,0x10c4,0x10a4,0x10c4,0x10c4,0x10a4,0x10c4,0x10c4,0x10a4,0x10c4,0x10a4,0x10c4,0x10c4,0x10a4,
  0x10c4,0x10c4,0x10a4,0x10c4,0x10c4,0x10c4,0x10a4,0x10c4,0x10c4,0x10c4,0x10a4,0x10c4,0x10a4,0x10c4,0x10c4,0x10c4,
  0x10a4,0x10c4,0x10c4,0x10a4,0x10c4,0x10c4,0x10c4,0x10c4,0x10a4,0x10c4,0x10a4,0x10c4,0x10a4,0x10c4,0x10c4,0x10c4,
  0x10c4,0x10a4,0x10c4,0x10c4,0x10a4,0x10c4,0x10c4,0x10a4,0x10c4,0x10c4,0x10a4,0x10c4,0x10c4,0x10a4,0x10c4,0x10c4,
  0x10a4,0x10c4,0x10c4,0x10a4,0x10c4,0x10c4,0x10a4,0x10c4,0x10a4,0x10c4,0x10c4,0x10c4,0x10c4,0x10a4,0x10c4,0x10c4,
  0x10a4,0x10c4,0x10c4,0x10c4,0x10a4,0x10c4,0x10c4,0x10a4,0x10c4,0x10a4,0x10c4,0x10c4,0x10a4,0x10c4,0x10c4,0x10a4,
  0x10c4,0x10c4,0x10c4,0x10a4,0x10c4,0x10c4,0x10a4,0x10c4,0x10a4,0x10c4,0x10c4,0x10a4,0x08c4,0x10a4,0x10c4,0x10c4,
  0x10a4,0x10c4,0x10c4,0x10a4,0x10c4,0x10c4,0x10a4,0x10c4,0x10c4,0x10a4,0x10c4,0x10c4,0x10a4,0x10c4,0x10c4,0x10c4,
  0x10a4,0x10c4,0x10c4,0x10c4,0x10a4,0x10c4,0x10c4,0x10a4,0x10c4,0x10c4,0x10a4,0x10c4,0x10c4,0x10a4,0x10c4,0x10c4,
  0x10a4,0x10c4,0x10c4,0x10a4,0x10c4,0x10c4,0x10a4,0x10c4,0x08c4,0x10a4,0x10c4,0x10c4,0x10a4,0x10c4,0x10c4,0x10a4,
  0x10c4,0x10c4,0x10a4,0x10c4,0x10c4,0x10a4,0x10c4,0x10c4,0x10a4,0x10c4,0x10c4,0x10a4,0x10c4,0x10c4,0x10a4,0x10c4,
  0x10c4,0x10a4,0x10c4,0x10c4,0x10a4,0x10c4,0x10c4,0x10a4,0x10c4,0x10c4,0x10c4,0x10c4,0x10a4,0x10c4,0x10c4,0x10a4,
  0x10c4,0x10c4,0x10a4,0x10c4,0x10c4,0x10a4,0x10c4,0x10c4,0x10c4,0x10a4,0x10c4,0x10c4,0x10a4,0x10c4,0x10a4,0x10c4,
  0x10c4,0x10a4,0x10c4,0x10a4,0x10c4,0x10c4,0x10a4,0x10c4,0x10c4,0x10a4,0x10c4,0x10c4,0x10a4,0x10c4,0x10c4,0x10a4,
  0x10c4,0x10a4,0x10c4,0x10c4,0x10a4,0x10c4,0x10c4,0x10c4,0x10c4,0x10a4,0x10c4,0x10c4,0x10a4,0x10c4,0x10c4,0x08c4,
  0x10c4,0x10a4,0x10c4,0x10c4,0x10a4,0x10c4,0x10c4,0x10c4,0x10c4,0x10a4,0x10c4,0x10c4,0x10a4,0x10c4,0x10c4,0x10a4,
  0x10a4,0x10c4,0x10c5,0x10a4,0x10c4,0x10c4,0x10a4,0x10c4,0x10c4,0x10a4,0x10c4,0x10c4,0x10a5,0x10c4,0x10c4,0x10c4,
  0x10e5,0x10a4,0x10c4,0x10a4,0x10c4,0x10c5,0x10a4,0x10c4,0x10c4,0x10a4,0x10c5,0x10c5,0x10c5,0x10c4,0x18c5,0x10c4,
  0x10e5,0x10c4,0x08a4,0x10c5,0x10c4,0x10c5,0x08e5,0x10e5,0x10c5,0x10e5,0x10c5,0x10e5,0x10e5,0x10a4,0x10e5,0x10c4,
  0x18e5,0x10a4,0x10e5,0x10e5,0x10e5,0x10e5,0x10a4,0x10e5,0x10e5,0x10c5,0x10e5,0x1905,0x18e5,0x1905,0x1905,0x18e5,
  0x1905,0x1905,0x10c5,0x08c4,0x0925,0x0945,0x0925,0x0986,0x3c2f,0x3554,0x25f5,0x1db4,0x15b4,0x25f5,0x25b4,0x25b4,
  0x2db5,0x2d94,0x2db5,0x2db4,0x2d95,0x25b4,0x25d5,0x25b4,0x25b4,0x2db4,0x2d94,0x2db4,0x25d4,0x2d94,0x2dd4,0x2db4,
  0x2d94,0x2db4,0x2db4,0x2d94,0x2db4,0x2db4,0x2d94,0x2db4,0x2db4,0x2d94,0x2dd4,0x2db4,0x2d94,0x2dd4,0x25d4,0x2db4,
  0x2db4,0x2dd4,0x2594,0x2db4,0x2db4,0x2d95,0x25b4,0x35b5,0x2db4,0x2db4,0x2d94,0x2db5,0x25d4,0x1db5,0x1df5,0x15d4,
  0x1df5,0x1df5,0x2db4,0x3d53,0x2bee,0x09a6,0x0946,0x0905,0x1105,0x10a4,0x18e5,0x1105,0x10e5,0x1105,0x1905,0x18e5,
  0x1905,0x10c4,0x10c5,0x10c4,0x10e5,0x10c4,0x10e5,0x10c5,0x10e5,0x10e5,0x10e5,0x10e5,0x10c5,0x10e5,0x10c4,0x10e5,
  0x10c5,0x10e5,0x10e5,0x10a4,0x18e5,0x10a4,0x10e5,0x10c4,0x10e5,0x10e5,0x10a4,0x10e4,0x10c4,0x18c5,0x10c4,0x10a5,
  0x10e4,0x10c4,0x10a4,0x10c4,0x10c4,0x10e5,0x10a4,0x10c4,0x10a5,0x10c4,0x10c4,0x10a4,0x10c4,0x10c4,0x10a5,0x10c4,
  0x10a4,0x10c4,0x10c4,0x10a4,0x10c4,0x10c4,0x10a4,0x10c4,0x10a4,0x10c4,0x10c5,0x10a4,0x10c4,0x10c4,0x10a4,0x10c4,
  0x10c4,0x10a4,0x10c4,0x10c4,0x10c4,0x10c4,0x10c4,0x10c4,0x10a4,0x10c4,0x10c4,0x08a4,0x10c4,0x10c4,0x10a4,0x10c4,
  0x10a4,0x10c4,0x08c4,0x10a4,0x10c4,0x10c4,0x10a4,0x10c4,0x10c4,0x10a4,0x10c4,0x10c4,0x10c4,0x10a4,0x10c4,0x10c4,
  0x10a4,0x10c4,0x10c4,0x10a4,0x10c4,0x10c4,0x10c4,0x10a4,0x10c4,0x10a4,0x10c4,0x10c4,0x10c4,0x10a4,0x10c4,0x10a4,
  0x10c4,0x10c4,0x10a4,0x10c4,0x10c4,0x10a4,0x10c4,0x10a4,0x10c4,0x10c4,0x10c4,0x10c4,0x10c4,0x10a4,0x10c4,0x10a4,
  0x10c4,0x10c4,0x10a4,0x10c4,0x10c4,0x10a4,0x10c4,0x10c4,0x10a4,0x10c4,0x10c4,0x10a4,0x10c4,0x10c4,0x10a4,0x10c4,
  0x10c4,0x10a4,0x10c4,0x10c4,0x10a4,0x10c4,0x10c4,0x10c4,0x10c4,0x10a4,0x10c4,0x10a4,0x10c4,0x10c4,0x10a4,0x10c4,
  0x10c4,0x10a4,0x10c4,0x10a4,0x10c4,0x10c4,0x10a4,0x10c4,0x10c4,0x10c4,0x08a4,0x10c4,0x10c4,0x10a4,0x08c4,0x10c4,
  0x10a4,0x10c4,0x10a4,0x10c4,0x10c4,0x10a4,0x10c4,0x10c4,0x10c4,0x10a4,0x10c4,0x10c4,0x10c4,0x10c4,0x10a4,0x10c4,
  0x10c4,0x10a4,0x10c4,0x10c4,0x10a4,0x10c4,0x10c4,0x10a4,0x10c4,0x10c4,0x10a4,0x10c4,0x10c4,0x10c4,0x10a4,0x10c4,
  0x10c4,0x10a4,0x10c4,0x10a4,0x10c4,0x10c4,0x10a4,0x10c4,0x10c4,0x10a4,0x10c4,0x10c4,0x10a4,0x10c4,0x10c4,0x10a4,
  0x08c4,0x10c4,0x10a4,0x10c4,0x08c4,0x10a4,0x10c4,0x10c4,0x10a4,0x10c4,0x10c4,0x10a4,0x10c4,0x10c4,0x10a4,0x10c4,
  0x10c4,0x10a4,0x10c4,0x10c4,0x10a4,0x10c4,0x08c4,0x10a4,0x10c4,0x10c4,0x08a4,0x10c4,0x10c4,0x10a4,0x08c4,0x10c4,
  0x10c4,0x10c4,0x10a4,0x10c4,0x10c4,0x08a4,0x10c4,0x10c4,0x10c4,0x08a4,0x10c4,0x10a4,0x10c4,0x10c4,0x10a4,0x10c4,
  0x10c4,0x10a4,0x10c4,0x10c4,0x10a4,0x10c4,0x10c4,0x10a4,0x10c4,0x10c4,0x10a4,0x10c4,0x10c4,0x10c4,0x10c4,0x10a4,
  0x10c4,0x10c4,0x10c4,0x10c4,0x10a4,0x10c4,0x10c4,0x10c4,0x10a4,0x10c4,0x10c4,0x10a4,0x10c4,0x10a4,0x10c4,0x10c4,
  0x10c4,0x10c4,0x10a4,0x10c4,0x10c4,0x10a4,0x10c4,0x10a4,0x10c4,0x10c4,0x10a4,0x10c4,0x10c4,0x10c4,0x10a4,0x10c4,
  0x10a4,0x10c4,0x10c4,0x10a4,0x10c4,0x10c4,0x10a4,0x10c4,0x10a4,0x10c4,0x10c4,0x10a4,0x10c4,0x10c4,0x10a4,0x10c4,
  0x10c4,0x10a4,0x10c4,0x10c4,0x10a4,0x10c4,0x10c4,0x10a4,0x10c4,0x10c5,0x10c3,0x10a4,0x10c4,0x10c4,0x10a5,0x10c3,
  0x10a4,0x10c4,0x10c5,0x10c3,0x10a5,0x10c4,0x10c5,0x10a4,0x10e4,0x10c4,0x10c4,0x10c4,0x10a4,0x10c5,0x10e4,0x08a4,
  0x10e5,0x10c4,0x10c4,0x10c5,0x10a5,0x10c4,0x10e4,0x10c5,0x10e5,0x10e5,0x10e5,0x08c4,0x10e5,0x10e5,0x10c5,0x10e4,
  0x08c5,0x10e5,0x10e5,0x10c5,0x10e5,0x10c5,0x10e5,0x10e4,0x08e5,0x10e5,0x10c5,0x1905,0x1104,0x1905,0x18e5,0x1905,
  0x1105,0x1905,0x1905,0x10e5,0x1125,0x0905,0x0945,0x0945,0x1aaa,0x3513,0x2db4,0x2594,0x1db5,0x25f5,0x15d4,0x15b4,
  0x1df5,0x1df4,0x1dd5,0x1df4,0x1dd5,0x1dd4,0x1df5,0x1df4,0x1df4,0x1dd4,0x1df4,0x1df4,0x1df4,0x1df4,0x1dd4,0x1df4,
  0x1df4,0x1df4,0x1dd4,0x1df4,0x15f4,0x1df4,0x1df4,0x1dd4,0x15f4,0x1df4,0x1df4,0x1dd4,0x15f4,0x1df4,0x1dd4,0x1df4,
  0x1df3,0x1dd4,0x1df4,0x1df4,0x1dd4,0x1df5,0x1df4,0x1dd5,0x1dd4,0x1db4,0x15f4,0x1df5,0x1df5,0x15d3,0x1e15,0x1dd4,
  0x1dd4,0x1dd4,0x2d53,0x3490,0x12a9,0x0164,0x0925,0x1905,0x18c5,0x10c4,0x10e4,0x10e5,0x1105,0x1105,0x08e5,0x10e5,
  0x18e5,0x18c5,0x08e4,0x10e5,0x10c5,0x10e5,0x10c5,0x08e5,0x10e4,0x10c5,0x10e5,0x10c5,0x10e5,0x10e5,0x10a4,0x10e5,
  0x10e5,0x10c5,0x10e5,0x10c4,0x10e5,0x10c4,0x10c5,0x10c4,0x10a4,0x10e5,0x10e5,0x10c5,0x10c4,0x10e4,0x10e5,0x10c4,
  0x10c5,0x10c4,0x10c4,0x10c4,0x08a4,0x10c4,0x10c4,0x10a5,0x10c4,0x10c4,0x10a4,0x08c4,0x10c4,0x10a4,0x10c4,0x10c4,
  0x10c5,0x10a4,0x10c4,0x10c4,0x10a4,0x10c4,0x10c5,0x10c4,0x10c4,0x10a4,0x10c4,0x10c4,0x10a4,0x10c4,0x10c4,0x10a4,
  0x10c4,0x10c4,0x10c3,0x10a4,0x10a4,0x10c4,0x08a4,0x10c4,0x10c4,0x10a4,0x10c4,0x10c4,0x10a4,0x10c4,0x10c4,0x08a4,
  0x10c4,0x10c4,0x10a4,0x10c4,0x10c4,0x10a4,0x08c4,0x10c4,0x10a4,0x10c4,0x08c4,0x10a4,0x10c4,0x10c4,0x08a4,0x10c4,
  0x10c4,0x10a4,0x10c3,0x10c4,0x10a4,0x10c4,0x10a4,0x10c3,0x10c4,0x10c4,0x10a4,0x10c4,0x10a4,0x10c4,0x10c4,0x10c4,
  0x10a4,0x10c4,0x10c4,0x10a4,0x10c4,0x10c4,0x10a4,0x10c4,0x10c4,0x10a4,0x10c4,0x10a4,0x10c4,0x10c4,0x10a4,0x10c4,
  0x08c4,0x10a4,0x10c4,0x10c4,0x08c4,0x10c4,0x10a4,0x10c4,0x10c4,0x10a4,0x10c4,0x10c4,0x10a4,0x10c4,0x10c4,0x10a4,
  0x10c4,0x10c4,0x10c3,0x10a4,0x10c4,0x10c4,0x10a4,0x10c3,0x10a4,0x10c4,0x10c4,0x10c3,0x10a4,0x10c4,0x10c4,0x10a4,
  0x10c4,0x10c4,0x10c4,0x10c4,0x10a4,0x10c4,0x10c4,0x08a4,0x10c4,0x10a4,0x10c4,0x10c4,0x10a4,0x10c4,0x10c4,0x10a4,
  0x10c4,0x10c4,0x10c4,0x08a3,0x10c4,0x10c4,0x10a4,0x10c3,0x08a4,0x10c4,0x10c4,0x10a4,0x10c4,0x10a4,0x10c4,0x10c3,
  0x08c4,0x10c4,0x10a4,0x10c4,0x08c3,0x10c4,0x10a4,0x10c4,0x08c4,0x10c4,0x10c4,0x10a4,0x10c4,0x10a4,0x10c4,0x10a4,
  0x10c4,0x10c4,0x10c4,0x10c4,0x10a4,0x10c4,0x10c4,0x10a4,0x10c4,0x10c4,0x10a4,0x10c4,0x10c4,0x10a4,0x10c4,0x10c4,
  0x10c4,0x10a4,0x10c4,0x10c4,0x10c4,0x10c4,0x10a4,0x10c4,0x10c4,0x10c4,0x10a4,0x10c4,0x08c4,0x10c4,0x10c4,0x10a4,
  0x08c4,0x10c4,0x10c4,0x10a4,0x08c4,0x10c4,0x10a4,0x10c4,0x10c3,0x10a4,0x10c4,0x10c4,0x10a4,0x10c4,0x10c4,0x10a4,
  0x10c4,0x10a4,0x08c4,0x10c4,0x10a4,0x10c4,0x10c4,0x10a4,0x10c4,0x10c4,0x10a4,0x10c4,0x10c4,0x08a3,0x10c4,0x10c4,
  0x10a4,0x10c4,0x08c3,0x10a4,0x10c4,0x10c4,0x08a4,0x10c4,0x10c4,0x10a4,0x08c3,0x10c4,0x10a4,0x10c4,0x10a4,0x08c4,
  0x10c3,0x10a4,0x10c4,0x10a4,0x10c4,0x10c4,0x10a4,0x10c4,0x10c4,0x10a4,0x10c4,0x10c4,0x10c4,0x10c4,0x10a4,0x10c4,
  0x10a4,0x10c4,0x10c4,0x10a4,0x10c4,0x10c4,0x10c4,0x10c4,0x10a4,0x10c4,0x10c4,0x10c4,0x08a4,0x10c4,0x10c4,0x10a4,
  0x10c4,0x10c4,0x10a4,0x08c4,0x10c4,0x10a4,0x10c4,0x10c4,0x10c4,0x10a4,0x10c4,0x10c4,0x10a4,0x10c4,0x10c4,0x10c4,
  0x10c4,0x08c4,0x10a3,0x08c5,0x10c4,0x08c3,0x10a5,0x08c4,0x10c3,0x08a4,0x10c4,0x08c4,0x10c5,0x08a3,0x10c4,0x08c4,
  0x10c4,0x08a5,0x10c4,0x08a4,0x10c4,0x08c4,0x10a3,0x08c4,0x10e5,0x08c3,0x10e5,0x08c5,0x10c3,0x08c4,0x10c5,0x10c3,
  0x10c5,0x10c5,0x10a4,0x10c4,0x08e5,0x10c3,0x10c5,0x10c4,0x08e4,0x10c5,0x10e5,0x10e5,0x10c5,0x08e5,0x10c4,0x18e5,
  0x10c4,0x10c5,0x08c3,0x10e5,0x10c5,0x08e4,0x10e5,0x10a4,0x18e5,0x10a4,0x08e4,0x1905,0x18e5,0x1905,0x1105,0x10c4,
  0x10e5,0x18e5,0x08e3,0x10e5,0x0926,0x0924,0x0145,0x0945,0x0144,0x12ca,0x2d34,0x3593,0x1dd4,0x25b4,0x15f3,0x15f4,
  0x15f4,0x0e13,0x1614,0x15d4,0x1df3,0x15f5,0x1dd4,0x1df3,0x1dd4,0x1df4,0x15f3,0x1dd4,0x1df4,0x1dd3,0x15f4,0x1df4,
  0x1dd3,0x15f4,0x1df4,0x1df3,0x1dd4,0x1df4,0x15d3,0x1df4,0x1df4,0x1dd3,0x15f4,0x1df4,0x1dd3,0x1df4,0x1df4,0x1dd4,
  0x1df4,0x15f4,0x1df4,0x1dd3,0x15f4,0x0df4,0x15d3,0x15f4,0x15f4,0x15f3,0x15d4,0x1df4,0x15f3,0x15f4,0x1dd4,0x15d4,
  0x2dd5,0x1d73,0x3532,0x0aa9,0x0945,0x0945,0x1105,0x08c5,0x18e4,0x18e5,0x18e5,0x1105,0x08e5,0x1124,0x1105,0x10e5,
  0x10e4,0x10c5,0x10e5,0x10a4,0x08e5,0x10e4,0x10e5,0x10c5,0x10e5,0x10e5,0x08e4,0x10e5,0x08a3,0x10e5,0x08c4,0x10c4,
  0x08e5,0x10e5,0x10c4,0x08c4,0x18c5,0x08c3,0x10e5,0x08a4,0x10c4,0x08c4,0x10c5,0x08e4,0x10e5,0x08a4,0x18e4,0x08a4,
  0x10c5,0x08e5,0x10a3,0x10c4,0x10c4,0x10a4,0x10c4,0x08c4,0x10c4,0x10c4,0x10e5,0x10e3,0x10a4,0x08c4,0x10c4,0x08a4,
  0x10c4,0x08c3,0x10a4,0x08c4,0x10c3,0x10a4,0x08c4,0x10a4,0x10c4,0x08c5,0x10a3,0x08c4,0x10c4,0x08c3,0x10a4,0x08c4,
  0x10c3,0x08a4,0x10c4,0x08c4,0x10c4,0x10c3,0x10c4,0x10a4,0x08c4,0x10c3,0x10a4,0x10c4,0x10c4,0x08a3,0x10c4,0x10c4,
  0x10c4,0x10a3,0x10c4,0x10c4,0x08a4,0x10c3,0x10c4,0x10a4,0x08c4,0x10c3,0x10a4,0x10c4,0x08c3,0x10a4,0x10c4,0x10c3,
  0x08a4,0x10c4,0x08c4,0x10a4,0x08c4,0x10c3,0x10c4,0x08a4,0x10c4,0x10a4,0x08c4,0x10c3,0x10c4,0x08a4,0x10c3,0x10a4,
  0x08c4,0x10c3,0x08a4,0x10c4,0x08c3,0x10a4,0x08c4,0x10c3,0x08a4,0x10c4,0x08c3,0x10a4,0x08c4,0x10c3,0x08c4,0x10a4,
  0x10c3,0x10c4,0x08a4,0x10c4,0x10a3,0x10c4,0x10c4,0x08a3,0x10c4,0x08c4,0x10a3,0x08c4,0x10c4,0x08c3,0x10a4,0x08c4,
  0x10c3,0x08a4,0x10c4,0x08c4,0x10c4,0x08a3,0x10c4,0x08c4,0x10c4,0x08a4,0x10c4,0x08a4,0x10c4,0x08c4,0x10a3,0x08c4,
  0x10c4,0x08a3,0x10c4,0x08a4,0x10c3,0x08c4,0x10a4,0x10c3,0x10c4,0x10c4,0x10a3,0x10c4,0x08c4,0x10c3,0x10a4,0x10c4,
  0x08c3,0x10a4,0x10c4,0x10c4,0x10a4,0x08c4,0x10c4,0x10c4,0x10c4,0x10a4,0x08c3,0x10c4,0x10a4,0x08c3,0x10c4,0x10a4,
  0x10c4,0x10a4,0x08c3,0x10c4,0x10a4,0x10c4,0x08c4,0x10a3,0x10c4,0x10a4,0x08c3,0x10c4,0x08c4,0x10c3,0x08c4,0x10c4,
  0x08a3,0x10c4,0x08a4,0x10c3,0x08c4,0x10a4,0x08c3,0x10c4,0x10a4,0x08c3,0x10c4,0x08a4,0x10c3,0x08c4,0x10a4,0x10c3,
  0x10a4,0x10c4,0x08c3,0x10a4,0x10c4,0x10a3,0x08c4,0x10c4,0x10a3,0x08c4,0x10c4,0x10c3,0x10a4,0x10c4,0x08a3,0x10c4,
  0x10c4,0x10a3,0x08c4,0x10c4,0x10a3,0x10c4,0x10c4,0x10a4,0x10c4,0x08c4,0x10c4,0x10a3,0x10c4,0x08c4,0x10a3,0x10c4,
  0x08c4,0x10c3,0x10a4,0x10c4,0x10c3,0x10c4,0x10a4,0x08c3,0x10a4,0x10c4,0x10c3,0x08c4,0x10a4,0x10c4,0x10c4,0x08a4,
  0x10c3,0x10c4,0x10c4,0x10c4,0x08a4,0x10c3,0x10c4,0x10a4,0x08c3,0x10c4,0x10c4,0x10a4,0x08c4,0x10c3,0x10c4,0x10a4,
  0x10c4,0x10c4,0x08c4,0x10c4,0x08a3,0x10c4,0x08c4,0x10a3,0x08c4,0x10c4,0x10a3,0x08c4,0x10a4,0x08c3,0x10c4,0x08a4,
  0x10c3,0x08c4,0x10a4,0x08c3,0x10c4,0x08a4,0x10c3,0x08a4,0x10c4,0x08c4,0x10a3,0x10c4,0x10c4,0x10a3,0x10c4,0x08c4,
  0x10a3,0x10c4,0x10c4,0x10c3,0x10a4,0x08c4,0x10c3,0x08a4,0x10c4,0x08c3,0x10a4,0x08c4,0x10c3,0x10a4,0x08c4,0x10a4,
  0x10a4,0x10c4,0x10a4,0x10c4,0x10a4,0x10a4,0x10c4,0x10a4,0x10c5,0x10a4,0x10a4,0x10a4,0x10c4,0x10a4,0x10a4,0x10a4,
  0x10c5,0x10a4,0x10c5,0x10a4,0x10c5,0x10a4,0x10e5,0x10a4,0x10a4,0x10c4,0x10a4,0x10c4,0x10c5,0x10a4,0x1105,0x10a4,
  0x10a4,0x08e5,0x10a5,0x10a4,0x10a4,0x10e5,0x08a4,0x10e5,0x10a4,0x10e5,0x10c5,0x08c5,0x10e5,0x10c4,0x10a4,0x10e5,
  0x08c4,0x10c5,0x10a4,0x10e5,0x10c5,0x10e5,0x10c5,0x08c4,0x10e5,0x10c4,0x10c5,0x10c5,0x1905,0x18e5,0x18e5,0x10e5,
  0x18e5,0x1905,0x10e5,0x10a4,0x10c4,0x08c4,0x0905,0x1166,0x0946,0x09c7,0x0a69,0x3cf4,0x3d94,0x2573,0x1dd4,0x1614,
  0x15d4,0x1614,0x15d4,0x1df4,0x1dd4,0x1dd4,0x25b4,0x15d4,0x1dd4,0x1df4,0x1dd4,0x1df4,0x1dd4,0x1df4,0x1dd4,0x1dd4,
  0x1df4,0x1dd4,0x1dd4,0x1dd4,0x15f4,0x1dd4,0x1df4,0x1dd4,0x1dd4,0x1df4,0x1dd4,0x1dd4,0x1df4,0x1dd4,0x15f4,0x1dd3,
  0x1df4,0x1dd4,0x1dd4,0x15f4,0x1dd4,0x1614,0x15f4,0x1df4,0x1dd4,0x1dd4,0x1df4,0x1dd4,0x15d4,0x1dd4,0x2db4,0x2594,
  0x3594,0x3d34,0x0a49,0x0966,0x0925,0x1106,0x1905,0x1885,0x20c5,0x18c5,0x18c5,0x10e5,0x1125,0x1105,0x1905,0x18e5,
  0x1905,0x10a4,0x10e5,0x10c4,0x10c5,0x10a4,0x08e5,0x10c5,0x10c5,0x10c5,0x10a3,0x1105,0x10a4,0x10c5,0x10c4,0x10c5,
  0x10c5,0x10e5,0x10c5,0x10c4,0x10e5,0x10a4,0x10e5,0x10a4,0x10e5,0x10c5,0x10c4,0x10c5,0x10a4,0x10c4,0x10a4,0x10e5,
  0x10a4,0x10a5,0x10c5,0x08a5,0x10a4,0x10c4,0x10a4,0x10a4,0x10c4,0x08a4,0x10a4,0x10c4,0x10a4,0x10c4,0x10a4,0x10a4,
  0x10c4,0x10a4,0x10c5,0x10a4,0x10c4,0x10a4,0x10c4,0x10a4,0x10a4,0x10c4,0x10a4,0x10c4,0x10a4,0x10a4,0x10c4,0x10a4,
  0x10c4,0x10a4,0x10a4,0x10a4,0x10a4,0x08a4,0x10a4,0x10c4,0x10a4,0x10a4,0x08c4,0x10a4,0x10c4,0x10a4,0x10a4,0x10a4,
  0x08c4,0x10a4,0x10c4,0x10a4,0x10c4,0x10a4,0x10c4,0x10a4,0x10c4,0x10a4,0x10c4,0x10a4,0x10a4,0x10c4,0x10a4,0x10a4,
  0x10c4,0x10a4,0x10c4,0x10a4,0x10c4,0x10a4,0x10a4,0x10c4,0x10a4,0x10c4,0x10a4,0x10a4,0x10c4,0x10a4,0x10c4,0x10a4,
  0x10c4,0x10a4,0x10c4,0x10a4,0x10a4,0x10c4,0x10a4,0x10a4,0x10c4,0x10a4,0x10a4,0x10c4,0x10a4,0x10a4,0x10a4,0x10c4,
  0x10a4,0x10c4,0x10a4,0x10c4,0x10a4,0x08a4,0x10c4,0x10a4,0x10a4,0x10c4,0x10a4,0x10c4,0x10a4,0x10a4,0x10c4,0x10a4,
  0x10c4,0x10a4,0x10a4,0x10a4,0x10c4,0x10a4,0x10a4,0x10a4,0x10c4,0x10a4,0x10c4,0x10a4,0x10c4,0x10a4,0x10c4,0x10a4,
  0x10a4,0x10c4,0x10a4,0x10c4,0x10a4,0x10a4,0x10c4,0x10a4,0x10a4,0x08c4,0x10a4,0x10a4,0x10a4,0x10c4,0x08a4,0x10c4,
  0x10a4,0x10c4,0x10a4,0x08a4,0x10c4,0x10a3,0x10a4,0x10a4,0x08c4,0x10a4,0x10a4,0x10c4,0x10a4,0x10c4,0x10a4,0x08c4,
  0x10a4,0x10c4,0x10a4,0x10a4,0x10c4,0x10a4,0x10a4,0x10c4,0x10a4,0x10c4,0x10a4,0x10a4,0x10a4,0x10a4,0x10a4,0x10c4,
  0x10a4,0x10c4,0x10a4,0x10a4,0x10c4,0x10a4,0x10a4,0x10c4,0x10a4,0x10c4,0x10a4,0x10c4,0x10a4,0x10c4,0x10a4,0x08c4,
  0x10a4,0x10c4,0x10a4,0x10c4,0x10a4,0x10c4,0x10a4,0x10a4,0x10c4,0x10a4,0x10a4,0x10a4,0x08c4,0x10a4,0x10c4,0x10a4,
  0x10a4,0x10c4,0x10a4,0x10a4,0x10c4,0x10a4,0x08c4,0x10a3,0x10c4,0x10a4,0x10a4,0x08c4,0x10a4,0x10c4,0x10a4,0x10c4,
  0x10a4,0x10a4,0x10c4,0x10a4,0x08a4,0x10c4,0x10a4,0x10c4,0x10a4,0x10c4,0x10a4,0x10a4,0x10c4,0x10a4,0x10c4,0x10a4,
  0x10c4,0x08a4,0x10a4,0x10a4,0x10c4,0x10a4,0x10c4,0x10a4,0x10c4,0x10a4,0x10a4,0x10c4,0x10a4,0x10a4,0x08c4,0x10a4,
  0x10a4,0x10a4,0x10a3,0x10c4,0x10a4,0x10a4,0x10c4,0x10a4,0x10a4,0x10c4,0x10a4,0x10c4,0x10a4,0x10a4,0x10c4,0x10a4,
  0x10c4,0x10a4,0x10c4,0x10a4,0x10a4,0x10c4,0x10a4,0x10c4,0x10a4,0x10a4,0x10c4,0x08a4,0x10a4,0x10c4,0x10a4,0x10a4,
  0x10c4,0x08a4,0x10a4,0x10c4,0x10a4,0x10c4,0x10a4,0x10a4,0x10c4,0x10a4,0x10c4,0x10a4,0x10c4,0x10a4,0x10c4,0x10a3,
  0x10c4,0x10a3,0x10c4,0x08a4,0x10c3,0x10a4,0x10c4,0x10a4,0x10a4,0x10c4,0x10c3,0x10a4,0x10c4,0x10a3,0x10c5,0x10a4,
  0x08c3,0x10a4,0x10a3,0x10c4,0x10a3,0x08a4,0x10c4,0x10c4,0x10e4,0x10c5,0x08e4,0x10a4,0x10e5,0x10a3,0x08c4,0x10c5,
  0x10c3,0x10a4,0x10c4,0x08e4,0x10a4,0x10c4,0x10a3,0x18c5,0x10c4,0x08c4,0x10e5,0x10c4,0x10e5,0x10a4,0x08e5,0x10a3,
  0x10e5,0x10a4,0x10e4,0x10c5,0x08e5,0x10c4,0x10a4,0x10e5,0x10a3,0x10c5,0x10c4,0x10e5,0x1904,0x18c5,0x18e5,0x10c4,
  0x18e5,0x18c5,0x1125,0x18c5,0x1905,0x1104,0x10c5,0x08e5,0x0924,0x0925,0x0987,0x0a28,0x4d33,0x3554,0x3592,0x2593,
  0x1dd3,0x25b2,0x25b3,0x25d3,0x2d72,0x2574,0x2d94,0x2d73,0x25b4,0x1db4,0x25b3,0x25d4,0x1db4,0x25b3,0x25d4,0x1db4,
  0x25d3,0x25b4,0x1dd4,0x25b3,0x25d4,0x25b4,0x25b3,0x25d4,0x1db4,0x25d3,0x25b4,0x25d4,0x1db3,0x25d4,0x25b4,0x25b4,
  0x25d4,0x1db3,0x25d4,0x25b4,0x25d3,0x25b3,0x25b3,0x1dd2,0x25b3,0x25d4,0x1db3,0x2593,0x2d73,0x3573,0x2d73,0x4554,
  0x4552,0x0208,0x09a6,0x0925,0x1126,0x18c4,0x20c5,0x10c4,0x20c5,0x10c4,0x18c4,0x1105,0x10e5,0x0904,0x10c5,0x10c5,
  0x10e4,0x10a4,0x18e5,0x08a3,0x10e5,0x10a4,0x10c4,0x10e5,0x08e4,0x10c5,0x10c4,0x10c5,0x10c4,0x10c4,0x10c4,0x10c5,
  0x08e4,0x10c5,0x10e5,0x08a3,0x18e5,0x10a4,0x10e4,0x10a4,0x10a5,0x10e4,0x10c4,0x10c4,0x10c4,0x10c4,0x10a5,0x10a3,
  0x10c5,0x08a3,0x10c4,0x10a4,0x10c3,0x08a5,0x10c4,0x10a4,0x10c4,0x10a5,0x10c3,0x08a5,0x10c4,0x10a3,0x08c4,0x10a4,
  0x10a4,0x10c4,0x10a4,0x08a3,0x10c5,0x10a3,0x08a4,0x10c4,0x10c4,0x10a3,0x10c4,0x08a5,0x10c3,0x10a4,0x10c4,0x10a3,
  0x10a4,0x10c4,0x10c3,0x10a4,0x10a3,0x10c4,0x10a4,0x10c3,0x08a4,0x10c4,0x10a3,0x10c4,0x08a3,0x10c4,0x10c4,0x10a3,
  0x10c4,0x10a4,0x08a3,0x10c4,0x10a3,0x08a4,0x10c4,0x10a3,0x08a4,0x10c4,0x10a3,0x08c4,0x10a4,0x10c3,0x08a4,0x10c4,
  0x10a3,0x10c4,0x10a3,0x10a4,0x08c3,0x10a4,0x10c4,0x08a3,0x10c4,0x08a3,0x10c4,0x08a4,0x10c3,0x10a4,0x08c4,0x10a3,
  0x10a4,0x08c4,0x10a3,0x10c4,0x10a4,0x10c3,0x10a4,0x08c4,0x10a3,0x10c4,0x10a4,0x08c3,0x10a4,0x10c4,0x10a3,0x08c4,
  0x10a4,0x10a3,0x10c4,0x08a3,0x10c4,0x10a4,0x10c3,0x10a4,0x10c4,0x10a3,0x10c4,0x08a4,0x10c3,0x10a4,0x10c4,0x10a3,
  0x10a4,0x10c4,0x10c3,0x10a4,0x10c4,0x10a3,0x10c4,0x10a4,0x08c3,0x10a4,0x10a3,0x10c4,0x10a3,0x08a4,0x10c4,0x10a3,
  0x10c4,0x10a4,0x08c3,0x10a4,0x10c4,0x10a3,0x08c4,0x10a4,0x10c3,0x10a4,0x10c4,0x08c3,0x10a4,0x10c4,0x10a3,0x10a4,
  0x10c4,0x08a3,0x10c4,0x10a3,0x10c4,0x10a4,0x08c4,0x10a3,0x10c4,0x10a4,0x10c3,0x10a4,0x08c4,0x10a3,0x10a4,0x10c4,
  0x10a3,0x10a4,0x10c4,0x08a4,0x10c3,0x10a4,0x10c4,0x08a3,0x10c4,0x10a4,0x08c3,0x10a4,0x10c4,0x10c3,0x10a4,0x08a4,
  0x10c3,0x10a4,0x10c4,0x10a3,0x10c4,0x08a4,0x10c3,0x10a4,0x08c4,0x10a3,0x10a4,0x10c4,0x10a3,0x08a4,0x10c4,0x10a3,
  0x10c4,0x08a4,0x10a3,0x10c4,0x08a4,0x10a3,0x10c4,0x08a4,0x10c3,0x10a4,0x08c4,0x10a3,0x10c4,0x10a4,0x10a3,0x10c4,
  0x08a4,0x10c3,0x10a4,0x10c4,0x08a3,0x10c4,0x10a4,0x10a4,0x10c4,0x08a3,0x10c4,0x10a4,0x10c3,0x10a4,0x10a4,0x08c3,
  0x10a4,0x10c4,0x08a3,0x10c4,0x10a4,0x10a3,0x08c4,0x10a4,0x10c3,0x08a4,0x10c4,0x10a3,0x08c4,0x10a3,0x10a4,0x08c3,
  0x10a4,0x10c4,0x10a3,0x10c4,0x10a4,0x08c3,0x10a4,0x10a4,0x08c3,0x10a4,0x10c4,0x08a3,0x10c4,0x10a4,0x10a3,0x10c4,
  0x08c3,0x10a4,0x10c4,0x08a4,0x10c4,0x10a3,0x10c4,0x10a4,0x08c3,0x10a4,0x10c4,0x08a3,0x10c4,0x10a4,0x10c3,0x10a4,
  0x10a4,0x10c3,0x10a4,0x10c4,0x10a3,0x10c4,0x10a4,0x10a3,0x10c4,0x08a3,0x10c4,0x10a4,0x10c3,0x08a4,0x10c4,0x10a3,
  0x10c4,0x10a4,0x10c3,0x08a4,0x10c4,0x10a3,0x08c4,0x10a4,0x10a3,0x10c4,0x10a4,0x08a3,0x10c4,0x10a3,0x08a4,0x10c4,
  0x10a4,0x08c4,0x10c5,0x10a3,0x10c4,0x10a5,0x08a4,0x10c4,0x08a4,0x10a4,0x08c5,0x10a3,0x08a4,0x10c4,0x08a4,0x10c4,
  0x10a5,0x10c4,0x10a5,0x08c4,0x10c5,0x10c3,0x10a4,0x10c4,0x08a4,0x10a3,0x10e5,0x10a4,0x10a4,0x10e5,0x10a4,0x10c3,
  0x08c5,0x10e5,0x10c5,0x10c5,0x10c4,0x10c4,0x10c4,0x08c5,0x10c4,0x10c5,0x10c5,0x1105,0x10c5,0x10e4,0x10a4,0x10e5,
  0x10a4,0x10e4,0x08a4,0x10c5,0x10e5,0x10c5,0x10e5,0x08a4,0x10e5,0x10a3,0x1105,0x18e5,0x1905,0x08c4,0x10e5,0x18e5,
  0x10a4,0x18e5,0x10a4,0x10c3,0x08a4,0x10e5,0x1125,0x1104,0x1105,0x1147,0x1946,0x00a5,0x09c7,0x1a68,0x44d2,0x3d32,
  0x3d32,0x3d53,0x3513,0x3d33,0x4513,0x4512,0x44f3,0x4533,0x3d13,0x3533,0x3513,0x3513,0x3533,0x3513,0x3533,0x3d13,
  0x3533,0x3532,0x3533,0x3513,0x3d13,0x3552,0x2d13,0x3533,0x3d13,0x3553,0x2d12,0x3533,0x3533,0x3513,0x3532,0x2d13,
  0x3533,0x3513,0x3513,0x3532,0x3d13,0x2d13,0x3d13,0x3d33,0x3cf2,0x3d13,0x3d13,0x3d13,0x4513,0x3cb2,0x5513,0x1269,
  0x0926,0x0946,0x0926,0x10e5,0x1905,0x18c5,0x18c5,0x18a5,0x20e6,0x10c4,0x10e5,0x1905,0x1104,0x10e5,0x1905,0x18c5,
  0x18e5,0x18e4,0x18e5,0x10c4,0x10c4,0x10c4,0x08c5,0x10e5,0x10c5,0x10e5,0x10a4,0x10e4,0x10a4,0x08e5,0x10a4,0x10e5,
  0x10c5,0x10e5,0x10c5,0x10a4,0x10e5,0x08a4,0x10c5,0x08c3,0x10a4,0x08e5,0x10c5,0x08c5,0x10c4,0x08c4,0x10c4,0x08a4,
  0x10c5,0x10a5,0x10c5,0x10a5,0x10a4,0x10c4,0x10a4,0x08c4,0x10a4,0x10c3,0x10a4,0x10a5,0x10c4,0x10a4,0x10a5,0x10c3,
  0x08a4,0x10c4,0x10a4,0x10c4,0x10a4,0x10c4,0x10a4,0x10c4,0x10a4,0x08e5,0x10a4,0x10a3,0x10c4,0x10a4,0x08a4,0x10c4,
  0x08a4,0x10a4,0x08c4,0x10a3,0x10c4,0x10a4,0x10c3,0x10a4,0x10c4,0x10a4,0x10c4,0x10a4,0x10a4,0x10a4,0x08c3,0x10a4,
  0x10a4,0x10c4,0x10a4,0x10c4,0x10a4,0x10c4,0x10a3,0x10c4,0x10a4,0x10c4,0x10a4,0x10c3,0x10a4,0x10c4,0x10a4,0x10c4,
  0x08a4,0x10a4,0x08c4,0x10a4,0x10c4,0x10a4,0x10a4,0x10c4,0x10a4,0x10a4,0x10c3,0x10a4,0x10a4,0x10c4,0x10a4,0x10c4,
  0x10a4,0x10c3,0x10a4,0x08a4,0x10c4,0x08a4,0x10c3,0x10a4,0x10c4,0x10a4,0x10c3,0x10a4,0x10c4,0x08a4,0x10c4,0x10a3,
  0x10c4,0x08a4,0x10c4,0x10a4,0x10a4,0x10c3,0x10a4,0x08c4,0x10a4,0x08c4,0x10a4,0x10a3,0x10c4,0x10a4,0x08a4,0x10c4,
  0x08a4,0x10a4,0x08c4,0x10a3,0x08a4,0x10c4,0x08a4,0x10c4,0x10a4,0x10c4,0x10a4,0x08c4,0x10a4,0x10c3,0x10a4,0x10c4,
  0x08a4,0x10a3,0x10c4,0x10a4,0x10a4,0x10c4,0x10a4,0x10c3,0x08a4,0x10c4,0x10a4,0x10a4,0x10c4,0x10a3,0x10c4,0x08a4,
  0x10c4,0x10a4,0x10a4,0x10c4,0x10a4,0x10c3,0x10a4,0x10c4,0x10a4,0x10c3,0x08a4,0x10a4,0x10c4,0x10a4,0x10c4,0x08a4,
  0x10c4,0x10a3,0x10c4,0x10a4,0x10c4,0x08a3,0x10c4,0x10a4,0x10a4,0x10c4,0x10a4,0x10c3,0x08a4,0x10a4,0x10c4,0x10a3,
  0x10c4,0x08a4,0x10c4,0x08a4,0x10a3,0x10c4,0x10a4,0x10c4,0x10a3,0x10c4,0x08a4,0x10c4,0x10a4,0x10c3,0x10a4,0x10c4,
  0x10a4,0x10c4,0x10a4,0x10a4,0x10c4,0x10a4,0x10c4,0x10a4,0x10c4,0x10a3,0x10c4,0x10a4,0x10a4,0x10c3,0x08a4,0x10c4,
  0x10a4,0x10c4,0x08a3,0x10c4,0x10a4,0x10a4,0x10c3,0x08a4,0x10c4,0x10a4,0x10a4,0x10c3,0x10a4,0x08c4,0x10a4,0x10c4,
  0x10a3,0x10a4,0x10c4,0x10a4,0x10c4,0x10a4,0x10c3,0x10a4,0x10a4,0x10c4,0x10a3,0x10a4,0x10c4,0x10a4,0x10c4,0x10a4,
  0x10a4,0x10c4,0x08a4,0x10c4,0x10a3,0x10a4,0x10c4,0x10a4,0x10c4,0x10a4,0x10a4,0x10c4,0x10a3,0x10c4,0x08a4,0x10c4,
  0x10a4,0x10c4,0x10a4,0x10c3,0x10a4,0x08c4,0x10a4,0x10c4,0x10a4,0x10c4,0x10a4,0x10a4,0x10c4,0x08a4,0x10a4,0x08c3,
  0x10a4,0x08c4,0x10a4,0x08a4,0x10c4,0x08a3,0x10c4,0x08a4,0x10c4,0x10a4,0x10c4,0x10a4,0x10a4,0x10c4,0x10a4,0x08c4,
  0x10a4,0x10c3,0x10a4,0x10a4,0x10c4,0x10a4,0x10a4,0x10c3,0x08a4,0x10c4,0x10a4,0x10c4,0x10a4,0x10c4,0x10a4,0x10c4,
  0x10c3,0x10a4,0x10c4,0x10a4,0x08c4,0x10a3,0x10c4,0x10a3,0x10c5,0x10a3,0x10c4,0x10a4,0x10c4,0x10a5,0x10c3,0x10a4,
  0x10c3,0x08a4,0x10c3,0x10a4,0x10c4,0x10c5,0x08a4,0x10e4,0x10a4,0x10e5,0x10a4,0x08c4,0x10a4,0x08c4,0x10a4,0x10c5,
  0x10c4,0x10c4,0x10e5,0x08c4,0x10a4,0x10e5,0x10a4,0x10e4,0x10a4,0x10e4,0x10a4,0x08e4,0x10c5,0x10c4,0x08e5,0x10a3,
  0x10c5,0x10c4,0x10c5,0x10e4,0x10c5,0x08e4,0x10c4,0x10c4,0x10c4,0x08c5,0x10c4,0x10c4,0x18c5,0x18e5,0x18e5,0x18e4,
  0x10c5,0x18e4,0x18c5,0x18e6,0x10e5,0x10c4,0x10e5,0x18e5,0x18e5,0x10c3,0x18e6,0x1105,0x0925,0x0986,0x01a6,0x09a7,
  0x09e7,0x09c7,0x09e6,0x09c7,0x01c7,0x09a7,0x09a7,0x01e6,0x09c7,0x09c6,0x01e7,0x09c6,0x0a07,0x01c6,0x0a07,0x09c6,
  0x01e7,0x09e7,0x09c7,0x0206,0x09c7,0x0a07,0x09e7,0x0a06,0x09c7,0x09e7,0x0a07,0x09c7,0x09e6,0x01c7,0x0a07,0x09c7,
  0x09e6,0x09e7,0x09c7,0x01e7,0x09c7,0x09c6,0x09e7,0x09c7,0x09e7,0x01c7,0x09e6,0x09c7,0x01e6,0x09a7,0x0966,0x0146,
  0x1146,0x10e5,0x10e6,0x10e5,0x18c5,0x1905,0x18c5,0x18c4,0x10c4,0x18c5,0x18e4,0x10e5,0x1105,0x08c5,0x18e4,0x10c5,
  0x10a4,0x10c4,0x18c4,0x08c4,0x10c5,0x10c4,0x10c5,0x10c4,0x10e5,0x08c4,0x10a4,0x18e5,0x10a4,0x10c4,0x10c4,0x08c4,
  0x10c5,0x10e4,0x08c5,0x10c3,0x18c5,0x10c3,0x10c5,0x10e4,0x10c5,0x10a3,0x10e5,0x10a3,0x10c4,0x10a4,0x10c5,0x10a3,
  0x10c4,0x10c5,0x10a3,0x08c4,0x10a3,0x10c5,0x10a3,0x10a5,0x10c4,0x08a5,0x10c4,0x10a3,0x08a4,0x10c3,0x10a4,0x10c4,
  0x10a4,0x10c3,0x08a5,0x10c3,0x10a4,0x08c5,0x10a3,0x10a4,0x10c3,0x10a4,0x10c4,0x10a4,0x08c4,0x10a4,0x10c4,0x10a3,
  0x10c4,0x10a3,0x10c4,0x10a4,0x10a3,0x08c4,0x10a4,0x08c4,0x10a3,0x10a4,0x08c3,0x10a4,0x10c3,0x10a4,0x10c4,0x10a4,
  0x08c3,0x10a4,0x10c3,0x08a4,0x10c3,0x10a4,0x08c4,0x10a4,0x10c3,0x08a4,0x10a4,0x10c4,0x08a4,0x10a3,0x10c4,0x10a3,
  0x10c4,0x10a3,0x10c4,0x10a4,0x10a3,0x08c4,0x10a3,0x10c4,0x08a3,0x10c4,0x10a4,0x10c4,0x08a3,0x10c4,0x10a3,0x08a4,
  0x10c4,0x10a4,0x10c4,0x10a3,0x10c4,0x10a4,0x10a4,0x10c4,0x08a3,0x10a4,0x08c4,0x10a4,0x10a3,0x10c4,0x10a4,0x10c4,
  0x10a4,0x10c3,0x10a4,0x10c4,0x10a3,0x08c4,0x10a4,0x10a4,0x10c3,0x10a4,0x10c4,0x10a4,0x08c4,0x10a3,0x10c4,0x10a3,
  0x10c4,0x10a3,0x10c4,0x10a4,0x10c4,0x10a4,0x10c3,0x10a4,0x10c3,0x08a4,0x10c3,0x10a4,0x10c4,0x10a4,0x08a4,0x10c3,
  0x10a4,0x10c4,0x10a4,0x08c3,0x10a4,0x08c3,0x10a4,0x10a4,0x10c4,0x10a3,0x10c4,0x08a3,0x10a4,0x10c4,0x10a4,0x10c3,
  0x10a4,0x10c3,0x10a4,0x08c3,0x10a4,0x10a4,0x08c4,0x10a3,0x10a4,0x10c4,0x10a4,0x10c3,0x10a4,0x08c3,0x10a4,0x10a3,
  0x10c4,0x08a4,0x10c4,0x10a3,0x10a4,0x10c4,0x10a4,0x10c3,0x08a4,0x10c3,0x10a4,0x10a4,0x10c4,0x10a3,0x08c4,0x10a4,
  0x10a4,0x10c3,0x10a4,0x10c4,0x10a4,0x10c4,0x08a3,0x10a4,0x10c4,0x10a4,0x10c3,0x10a4,0x08c4,0x10a4,0x10a4,0x08c3,
  0x10a4,0x10a3,0x08c4,0x10a3,0x10c4,0x08a3,0x10c4,0x10a3,0x08a4,0x10c4,0x10a4,0x08c3,0x10a4,0x10c4,0x10a4,0x10c3,
  0x10a4,0x10a4,0x10c4,0x10a4,0x10c3,0x08a4,0x10c4,0x10a4,0x10a3,0x10c4,0x10a4,0x08c4,0x10a4,0x10a3,0x10c4,0x10a4,
  0x10c4,0x08a4,0x10c3,0x10a4,0x08c3,0x10a4,0x10a4,0x08c4,0x10a3,0x10c4,0x08a4,0x10c4,0x10a4,0x08c3,0x10a4,0x10c4,
  0x08a3,0x10c4,0x10a3,0x10a4,0x10c4,0x08a4,0x10c3,0x10a4,0x08a3,0x10c4,0x10a3,0x08c4,0x10a4,0x10c4,0x10a4,0x10a3,
  0x10c4,0x08a3,0x10a4,0x10c4,0x10a4,0x10a3,0x10c4,0x08a3,0x10a4,0x10c3,0x08a4,0x10c3,0x10a4,0x10c3,0x10a4,0x10c4,
  0x10a4,0x10a3,0x10c4,0x10a3,0x10c4,0x10a4,0x10c4,0x10a3,0x10c4,0x10a4,0x10a3,0x08c4,0x10a3,0x10c4,0x10a3,0x10a4,
  0x10c4,0x08a4,0x10c4,0x10a3,0x08a4,0x10c3,0x10a4,0x10c4,0x10a4,0x10c3,0x08a4,0x10c3,0x10a4,0x08c4,0x10a3,0x10a4,
  0x10c4,0x08a4,0x10a3,0x10c4,0x10a4,0x10c4,0x10a4,0x10c4,0x08a4,0x10c4,0x10a4,0x10c3,0x08a4,0x10c4,0x10a4,0x10a4,
  0x10c4,0x10a4,0x10a5,0x10c3,0x08a4,0x10c3,0x10a4,0x10c4,0x10a4,0x08c4,0x10a4,0x10c4,0x10a4,0x10a4,0x10e5,0x10a3,
  0x08c4,0x10a5,0x10a4,0x10c5,0x10a5,0x08c3,0x10c5,0x10a4,0x08c4,0x10a5,0x10c4,0x10c4,0x10e5,0x10c5,0x10e4,0x10c5,
  0x08c4,0x10c5,0x10e5,0x08c5,0x10e5,0x10c5,0x10e5,0x10c4,0x10e5,0x10a3,0x10c5,0x08e5,0x10c5,0x10e4,0x08c5,0x10c5,
  0x18e5,0x18c5,0x08c4,0x18c4,0x10e5,0x18c5,0x10e5,0x10c5,0x18e5,0x18a5,0x18e4,0x18c5,0x1124,0x1126,0x0966,0x0946,
  0x0165,0x0966,0x0946,0x0966,0x0945,0x0986,0x0966,0x0966,0x0946,0x1166,0x0946,0x1166,0x1145,0x1166,0x0946,0x1166,
  0x1146,0x0965,0x1146,0x0966,0x1146,0x0966,0x0946,0x1145,0x0165,0x1146,0x1165,0x0946,0x1146,0x1166,0x1144,0x1166,
  0x1146,0x0966,0x1145,0x0966,0x0946,0x0966,0x0945,0x0166,0x0945,0x0986,0x0966,0x0966,0x0966,0x0946,0x0945,0x1105,
  0x18e5,0x20a5,0x18e5,0x18c4,0x10e5,0x10c5,0x18c5,0x18e4,0x18c5,0x10a4,0x1105,0x08e5,0x10e4,0x10e5,0x18e5,0x18c5,
  0x18e5,0x10a4,0x1905,0x10a4,0x10c4,0x08c4,0x10c5,0x10e5,0x10c5,0x10e5,0x10a4,0x1104,0x10a4,0x10e5,0x10a4,0x10e5,
  0x10a4,0x10e5,0x10a4,0x10c4,0x08c5,0x10c4,0x10a4,0x10e4,0x08c5,0x10e5,0x10a4,0x10c5,0x08a4,0x10c4,0x10c4,0x10a4,
  0x08a5,0x10c3,0x10a4,0x10c5,0x10a4,0x08c4,0x10a4,0x10c3,0x10a4,0x10a3,0x10c4,0x10a4,0x10c4,0x10a4,0x08c4,0x10a3,
  0x10c5,0x10a4,0x10a4,0x10c4,0x10a4,0x10a3,0x10c4,0x10a4,0x10c5,0x08a4,0x10a3,0x10c4,0x10a4,0x10c4,0x10a4,0x10c4,
  0x08a4,0x10c4,0x10a4,0x10c3,0x10c4,0x10a4,0x10a3,0x10c4,0x10a4,0x10c4,0x10a4,0x10c4,0x08a4,0x10c4,0x10a3,0x10c4,
  0x10a4,0x10c4,0x10a4,0x10a4,0x10c4,0x10a4,0x10a3,0x10c4,0x10a4,0x10c4,0x10a3,0x10a4,0x10c4,0x10a4,0x08c4,0x10a4,
  0x10a4,0x08c4,0x10a4,0x10c3,0x10a4,0x10c4,0x10a4,0x10c4,0x10a4,0x10c4,0x08a4,0x10c4,0x10a4,0x10a4,0x10c4,0x10a3,
  0x10c4,0x08a3,0x10a4,0x10c4,0x10a4,0x08c3,0x10a4,0x10c4,0x10a4,0x10c4,0x10a3,0x10c4,0x10a4,0x10c4,0x08a3,0x10a4,
  0x10c4,0x08a4,0x10a4,0x10c3,0x10a4,0x10a4,0x10c4,0x10a3,0x10c4,0x08a4,0x10a3,0x10c4,0x10a4,0x10c4,0x10a4,0x10c4,
  0x08a4,0x10c4,0x10a4,0x10c3,0x08a4,0x10c4,0x10a4,0x10a4,0x10c4,0x10a4,0x10a4,0x10c3,0x08a4,0x10c3,0x10a4,0x10c4,
  0x10a4,0x08c4,0x10a4,0x10c4,0x10a4,0x10a4,0x10c4,0x10a3,0x08c4,0x10a4,0x10a4,0x10c4,0x10a4,0x08c3,0x10a4,0x10a4,
  0x08c4,0x10a4,0x10c4,0x10a4,0x10c4,0x10a4,0x10c4,0x10a4,0x08c4,0x10a4,0x10c4,0x08a4,0x10c4,0x10a4,0x10c4,0x10a4,
  0x10c4,0x10a3,0x10a4,0x08c4,0x10a4,0x10c3,0x08a4,0x10a4,0x10c4,0x10a4,0x08c4,0x10a3,0x10c4,0x10a4,0x10c4,0x10a4,
  0x10c4,0x10a4,0x08c3,0x10a4,0x10c3,0x10a4,0x10c4,0x10a4,0x08c3,0x10a4,0x10a4,0x10c4,0x10a3,0x10c4,0x10a4,0x10c4,
  0x10a4,0x10c4,0x10a4,0x10c4,0x10a4,0x10c4,0x10a4,0x10c4,0x10a4,0x10c3,0x10a4,0x10c4,0x10a4,0x08c4,0x10a4,0x10a4,
  0x08c3,0x10a4,0x10c3,0x08a4,0x10a4,0x10c4,0x10a3,0x10c4,0x10a4,0x08c4,0x10a3,0x10c4,0x10a4,0x10c4,0x10a3,0x08c4,
  0x10a3,0x10c4,0x10a4,0x10a4,0x10c4,0x10a4,0x10c3,0x10a4,0x10c4,0x10a4,0x10c4,0x10a3,0x10c4,0x10a4,0x10a4,0x10c3,
  0x10a4,0x10a4,0x10c4,0x08a4,0x10c3,0x10a4,0x10c4,0x10a4,0x10c4,0x10a4,0x10c4,0x10a4,0x10a3,0x08c4,0x10a4,0x10c4,
  0x10a4,0x10c4,0x10a4,0x08c3,0x10a4,0x10c4,0x10a4,0x10c4,0x10a4,0x10c4,0x10a4,0x10c4,0x08a4,0x10c4,0x10a4,0x10c3,
  0x08a4,0x10c4,0x10a4,0x10c4,0x08a4,0x10a3,0x10c4,0x10a4,0x08a4,0x10c3,0x10a4,0x10c4,0x10a4,0x08c4,0x10a4,0x10c3,
  0x10a4,0x10a3,0x10c4,0x10a4,0x10c4,0x10a4,0x08c4,0x10a3,0x10c4,0x10a4,0x10a4,0x10c4,0x10a4,0x10a3,0x10c4,0x10a4,
  0x10a4,0x10c4,0x10a4,0x10c3,0x10a4,0x08a3,0x10c4,0x10a3,0x10c4,0x10a3,0x08a5,0x10c4,0x10a4,0x10a3,0x10c5,0x08a3,
  0x10c4,0x10a3,0x08c4,0x10a4,0x10a4,0x10e5,0x10a4,0x10c4,0x10c4,0x10a3,0x10a4,0x10c4,0x10a5,0x10c3,0x08c5,0x10e5,
  0x10a4,0x10e5,0x10a3,0x08c4,0x10c5,0x10e5,0x10a4,0x18e4,0x10a4,0x10c5,0x08e4,0x10a4,0x10c4,0x08c4,0x10c4,0x10c4,
  0x18c4,0x10c4,0x10c4,0x10c5,0x10e4,0x10c5,0x08a3,0x10e5,0x10a4,0x10e5,0x10a4,0x1904,0x10c5,0x10c5,0x10e5,0x10c5,
  0x18e4,0x18c5,0x10c5,0x18e5,0x08c5,0x18e4,0x10c5,0x08e4,0x18c5,0x18a5,0x18c5,0x18e5,0x08e5,0x1105,0x1104,0x1105,
  0x10e5,0x1106,0x0904,0x10e5,0x1126,0x0106,0x0925,0x1105,0x0904,0x10e5,0x1103,0x08e5,0x1104,0x08e5,0x10e3,0x0905,
  0x10e5,0x08e5,0x1105,0x10e4,0x10e5,0x1103,0x10e5,0x1105,0x10e5,0x1104,0x10e5,0x1105,0x10e3,0x1105,0x10e5,0x0905,
  0x10e3,0x1105,0x10e5,0x10e5,0x1104,0x1105,0x1905,0x1105,0x18e5,0x1105,0x0905,0x0925,0x0924,0x0925,0x1106,0x1905,
  0x18c5,0x20a4,0x18e5,0x10c5,0x10e5,0x08e4,0x10e5,0x10e5,0x08c5,0x1905,0x10e4,0x1105,0x10e5,0x10e5,0x10c5,0x18e4,
  0x18c5,0x08c3,0x18c5,0x10c4,0x10c5,0x10c4,0x10c4,0x08e5,0x10c4,0x10e5,0x10a4,0x18c5,0x10c4,0x08c4,0x10c4,0x10c5,
  0x08c3,0x10c5,0x10a3,0x10c5,0x10a3,0x10c5,0x08c4,0x10a4,0x10e5,0x10a3,0x10e5,0x10a4,0x10c5,0x10c5,0x08c4,0x10a3,
  0x10c4,0x10a4,0x10c4,0x08a3,0x10c4,0x10a4,0x10c5,0x08a4,0x10c4,0x10a4,0x08c4,0x10a3,0x08c5,0x10a4,0x10c4,0x10a4,
  0x08a4,0x10c3,0x10a4,0x08c4,0x10a3,0x10c4,0x08a5,0x10c4,0x10a4,0x10c4,0x10a4,0x10c3,0x10a4,0x08a3,0x10c4,0x10a3,
  0x10c4,0x10a3,0x08a4,0x10c4,0x10c4,0x08a4,0x10c4,0x10a4,0x08c3,0x10a4,0x10a4,0x10c3,0x10a4,0x10a4,0x08c4,0x10a4,
  0x10a3,0x08c4,0x10a4,0x08c3,0x10a4,0x08c4,0x10a4,0x10c4,0x08a3,0x10a4,0x08c4,0x10a4,0x10c3,0x10a4,0x10a3,0x10c4,
  0x10a3,0x10c4,0x10a4,0x08c4,0x10a4,0x10c3,0x08a4,0x10a4,0x10c3,0x10a4,0x10a3,0x10c4,0x10a3,0x08c4,0x10a4,0x10c4,
  0x10a4,0x10c4,0x10a4,0x08c3,0x10a4,0x10c4,0x10a4,0x10a3,0x10c4,0x08a4,0x10c4,0x10a4,0x08c3,0x10a4,0x10c4,0x10a4,
  0x10a3,0x10c4,0x10a4,0x08c4,0x10a4,0x10c4,0x08a3,0x10c4,0x10a4,0x10c4,0x10a4,0x10c3,0x10a4,0x08a3,0x10c4,0x10a3,
  0x10c4,0x10a3,0x08a4,0x10c4,0x10a4,0x10a3,0x10c4,0x08a3,0x10c4,0x10a3,0x08c4,0x10a4,0x10a4,0x10c4,0x10a4,0x10a3,
  0x10c4,0x10a3,0x10a4,0x10c3,0x10a4,0x10c3,0x08a4,0x10c4,0x10a4,0x10c4,0x10a3,0x08c4,0x10a4,0x10c4,0x10a4,0x10c3,
  0x10a4,0x10a4,0x08c3,0x10a4,0x10a3,0x08c4,0x10a3,0x10c4,0x10a3,0x10c4,0x10a3,0x10a4,0x10c3,0x10a4,0x08a3,0x10c4,
  0x10a4,0x08c4,0x10a4,0x10c3,0x10a4,0x10a4,0x10c4,0x10a4,0x10c3,0x10a4,0x10a4,0x10c4,0x08a4,0x10c3,0x10a4,0x08c3,
  0x10a4,0x10a4,0x10c4,0x10a4,0x08a4,0x10c4,0x10a3,0x10c4,0x10a4,0x10c4,0x08a3,0x10a4,0x10c4,0x08a4,0x10c3,0x10a4,
  0x08c3,0x10a4,0x10c3,0x08a4,0x10c3,0x08a4,0x10a3,0x08c4,0x10a4,0x08a4,0x10c4,0x10a3,0x10a4,0x10c3,0x10a4,0x10c4,
  0x10a4,0x10c4,0x10a4,0x10c4,0x10a3,0x10c4,0x10a4,0x08c4,0x10a3,0x10c4,0x10a4,0x10a4,0x10c3,0x08a4,0x10c4,0x10a4,
  0x10a4,0x10c4,0x08a3,0x10c4,0x10a3,0x08c4,0x10a4,0x10c4,0x08a4,0x10a3,0x10c4,0x08a4,0x10a4,0x08c3,0x10a4,0x10c4,
  0x08a4,0x10c4,0x10a3,0x10c4,0x10a4,0x10c4,0x08a4,0x10c3,0x10a4,0x08c3,0x10a4,0x10c4,0x10a4,0x10c4,0x10a3,0x08c4,
  0x10a3,0x10c4,0x10a4,0x10a4,0x10c4,0x08a3,0x10c4,0x10a4,0x08c3,0x10a4,0x10a3,0x10c4,0x10a3,0x10a4,0x08c4,0x10a4,
  0x10c4,0x10a3,0x10c4,0x10a4,0x10c4,0x10a4,0x08c4,0x10a3,0x10c4,0x10a4,0x10c4,0x08a3,0x10c4,0x10a3,0x10c4,0x08a4,
  0x10c4,0x10a4,0x08c4,0x10a3,0x08c4,0x10a4,0x10c4,0x10a4,0x08a4,0x10c3,0x10a4,0x08c4,0x10a3,0x10c4,0x08a4,0x10c4,
  0x08c4,0x10a3,0x10c4,0x08a4,0x10c4,0x10a4,0x10c4,0x10a4,0x08a4,0x10c4,0x10a4,0x10c4,0x10a4,0x08c4,0x10a4,0x10c4,
  0x10a4,0x10c4,0x10a4,0x10c5,0x10a3,0x10e5,0x08a4,0x10c4,0x10a4,0x08c4,0x10a4,0x10c4,0x08a5,0x10c4,0x10c5,0x10c4,
  0x10c4,0x08c5,0x10c4,0x10a3,0x10e5,0x10c5,0x08c4,0x18c5,0x10c4,0x10c3,0x10e5,0x10c5,0x10e5,0x10a4,0x10e5,0x08a4,
  0x18c5,0x10c4,0x08c5,0x10e5,0x10c5,0x10e5,0x10a4,0x10e5,0x10a3,0x18c5,0x10c4,0x18c5,0x08e5,0x10c4,0x10e5,0x10c5,
  0x10c5,0x18e4,0x08c5,0x18e4,0x10e5,0x18c5,0x18c5,0x10e5,0x10c5,0x08e4,0x10a4,0x1104,0x10c4,0x1105,0x08c5,0x10c5,
  0x18e5,0x18c5,0x18e5,0x18e5,0x1104,0x1105,0x0905,0x1105,0x10c4,0x10c4,0x10c4,0x10a4,0x10c5,0x10c4,0x10c5,0x10e4,
  0x10a3,0x10e4,0x10a4,0x08e4,0x10c4,0x10e5,0x08a3,0x10e4,0x10c3,0x08c4,0x10c4,0x10c4,0x08c4,0x10a4,0x10c3,0x10c5,
  0x10c4,0x10a4,0x10c3,0x08c4,0x10e5,0x10c5,0x18c4,0x1905,0x10c5,0x10e5,0x10e5,0x10e5,0x1125,0x10e5,0x1104,0x18e5,
  0x18e5,0x20c5,0x18e5,0x10c4,0x1105,0x10e5,0x1105,0x10e4,0x10e5,0x10e5,0x10e5,0x08c5,0x10e4,0x10c5,0x10c5,0x18e5,
  0x18c5,0x10a4,0x18e5,0x08a3,0x10e5,0x10a4,0x10c5,0x10e5,0x10c5,0x08c5,0x10c3,0x18c5,0x10c4,0x10c5,0x10a4,0x10e4,
  0x10a4,0x10e5,0x08a4,0x10c5,0x10e5,0x10a4,0x10e4,0x10a4,0x10c5,0x08c4,0x10c5,0x08a3,0x10c5,0x10c4,0x10c4,0x10a5,
  0x10c4,0x08a4,0x10a4,0x10c4,0x10a4,0x10a4,0x10c5,0x10a3,0x10a4,0x10c4,0x10a4,0x10c4,0x10a4,0x10a3,0x10c4,0x10a4,
  0x10c4,0x10a4,0x10c4,0x10a4,0x10e5,0x10a4,0x10c3,0x10a4,0x08c4,0x10a3,0x10c4,0x08a4,0x10c4,0x10a4,0x10c4,0x10a4,
  0x08a4,0x10c4,0x10a4,0x10c3,0x10a4,0x10c3,0x10a4,0x10a4,0x10c4,0x10a4,0x08c3,0x10a4,0x10c4,0x10a3,0x10c4,0x10a4,
  0x10c4,0x10a4,0x10c3,0x10a4,0x10c4,0x10a3,0x10c4,0x10a4,0x10c4,0x10a4,0x10c3,0x10a4,0x08c4,0x10a4,0x10c4,0x08a4,
  0x10c4,0x10a4,0x10c3,0x10a4,0x10a4,0x10c4,0x10a4,0x10c3,0x08a4,0x10c4,0x10a4,0x08c4,0x10a4,0x10c4,0x10a3,0x08a4,
  0x10c3,0x10a4,0x10c4,0x10a4,0x10a4,0x10c3,0x08a4,0x10c4,0x10a4,0x10c3,0x10a4,0x10a4,0x10c4,0x10a4,0x10a3,0x08c4,
  0x10a4,0x10c4,0x10a3,0x10c4,0x10a3,0x10c4,0x10a4,0x10a4,0x08c4,0x10a3,0x10c4,0x08a4,0x10c4,0x10a4,0x10c4,0x10a4,
  0x08a4,0x10c4,0x10a4,0x10c3,0x10a4,0x08c4,0x10a4,0x10c4,0x10a4,0x10c4,0x10a4,0x10c4,0x10a3,0x10c4,0x08a4,0x10c4,
  0x10a4,0x08c4,0x10a4,0x10c4,0x08a4,0x10c4,0x10a4,0x10a3,0x10c4,0x08a4,0x10c4,0x10a3,0x10c4,0x10a4,0x08c4,0x10a4,
  0x10c4,0x10a3,0x10c4,0x10a4,0x10c4,0x10a4,0x10c4,0x08a4,0x10a4,0x10c4,0x08a4,0x10c4,0x10a4,0x10c4,0x10a4,0x10c4,
  0x10a3,0x10a4,0x10c4,0x10a4,0x08c4,0x10a3,0x10c4,0x08a4,0x10c4,0x10a3,0x08c4,0x10a3,0x10c4,0x10a4,0x10a4,0x10c4,
  0x10a4,0x08c3,0x10a4,0x10c3,0x10a4,0x10c4,0x08a4,0x10a4,0x10c4,0x10a4,0x10c4,0x10a4,0x10c3,0x10a4,0x10a4,0x10c4,
  0x10a4,0x10a4,0x10c4,0x10a4,0x10a4,0x10c4,0x10a4,0x10c4,0x10a3,0x10c4,0x10a4,0x08c4,0x10a4,0x10c4,0x08a3,0x10c4,
  0x10a3,0x08c4,0x10a4,0x10c4,0x08a4,0x10a4,0x10c3,0x10a4,0x10c4,0x10a4,0x10c3,0x08a4,0x10c4,0x10a4,0x10a3,0x10c4,
  0x08a4,0x10c4,0x10a4,0x10a4,0x10c4,0x10a4,0x10c3,0x10a4,0x10c4,0x10a4,0x10c4,0x10a3,0x10c4,0x10a4,0x10c4,0x10a3,
  0x10c4,0x10a4,0x10c4,0x08a4,0x10c3,0x10a4,0x10a4,0x10c4,0x10a4,0x10a4,0x10c4,0x08a3,0x10c4,0x10a4,0x10a4,0x10c4,
  0x10a4,0x08a4,0x10c3,0x10a4,0x10c4,0x10a4,0x10a4,0x10c3,0x10a4,0x10c4,0x08a4,0x10a4,0x10c4,0x10a4,0x10c3,0x10a4,
  0x10a4,0x08c4,0x10a4,0x08a3,0x10c4,0x10a3,0x10c4,0x10a4,0x10c4,0x08a4,0x10a4,0x10c4,0x10a4,0x10a4,0x10c4,0x10a3,
  0x10a4,0x10c4,0x10a4,0x10c4,0x10a4,0x10a3,0x10c4,0x10a3,0x10c4,0x10a4,0x10c4,0x10a4,0x10c4,0x10a4,0x10c3,0x10a4,
  0x10a4,0x08a4,0x10a3,0x10a4,0x10a3,0x08a4,0x10a3,0x08a4,0x10a3,0x10a4,0x10a3,0x08a4,0x10a4,0x10a3,0x10a5,0x08a3,
  0x10a4,0x08a3,0x10a4,0x08a3,0x10a4,0x08c4,0x10a5,0x10a3,0x08a5,0x10a3,0x10a4,0x08a4,0x10a4,0x10a4,0x08a4,0x10c5,
  0x10a3,0x10c5,0x10a3,0x08a5,0x10c4,0x10a5,0x10a3,0x08c5,0x10c4,0x08a4,0x10c5,0x08a3,0x10c5,0x08a3,0x10c5,0x10a3,
  0x10e5,0x10a3,0x10c5,0x08c4,0x10c5,0x08c4,0x10a4,0x08c4,0x10a4,0x10e4,0x10a4,0x08c4,0x10c5,0x10c5,0x08c4,0x10c5,
  0x10c4,0x08c5,0x18c5,0x10c5,0x08c4,0x10c5,0x10c4,0x10c5,0x08c4,0x18e5,0x10c5,0x0905,0x10e3,0x10e5,0x10c4,0x08c5,
  0x18c4,0x18e4,0x18c5,0x10e4,0x18e5,0x0905,0x1104,0x0905,0x10e4,0x08e5,0x10e4,0x08e4,0x1104,0x08e5,0x10e4,0x1105,
  0x08e4,0x10e4,0x10e5,0x10e4,0x0905,0x1904,0x10e5,0x0904,0x10e5,0x10e4,0x0905,0x10e4,0x10e5,0x08e4,0x10e4,0x0905,
  0x10e4,0x08e4,0x10e5,0x10e4,0x10c5,0x08c4,0x10c5,0x18c5,0x18c4,0x10a4,0x10c5,0x10c4,0x08c5,0x10e4,0x08e5,0x10c5,
  0x10c4,0x18a4,0x08c4,0x10c5,0x08e5,0x10e4,0x08e5,0x10e5,0x08c4,0x10e5,0x08c4,0x18c5,0x10c5,0x08c4,0x10c5,0x08c4,
  0x10c5,0x08a3,0x18e5,0x10a4,0x08c4,0x10a4,0x08c4,0x10c5,0x08c4,0x10c5,0x10a4,0x10e4,0x10a4,0x08c4,0x10a4,0x08c5,
  0x10a3,0x08c5,0x10a3,0x10e4,0x08c4,0x10c5,0x08c4,0x10a3,0x10c5,0x10c4,0x10c5,0x10a3,0x08a4,0x10c5,0x08a3,0x10a4,
  0x10a4,0x10a4,0x10a3,0x08a4,0x10a4,0x08a4,0x10a4,0x08a4,0x10a4,0x08a3,0x10a3,0x08a4,0x10a3,0x08a5,0x10a4,0x08a4,
  0x10a3,0x08a4,0x10a3,0x08a4,0x10a3,0x08a4,0x10a4,0x08a3,0x10a4,0x08a4,0x10a3,0x10a4,0x10a3,0x08a4,0x10a3,0x08a4,
  0x10a3,0x10a4,0x10a3,0x08a4,0x08a4,0x10a4,0x08a3,0x10a4,0x08a3,0x10a4,0x10a4,0x08a3,0x10a4,0x08a4,0x10a3,0x08a4,
  0x10a3,0x08a4,0x10a4,0x08a3,0x10a4,0x08a4,0x10a3,0x08a4,0x10a3,0x08a4,0x10a4,0x10a3,0x10a4,0x08a3,0x10a4,0x10a3,
  0x08a4,0x10a3,0x08a4,0x10a3,0x08a4,0x10a3,0x08a4,0x10a4,0x10a3,0x08a4,0x10a3,0x10a4,0x10a3,0x08a4,0x10a4,0x10a3,
  0x08a4,0x10a4,0x08a3,0x10a4,0x08a3,0x10a4,0x10a4,0x08a3,0x10a4,0x08a4,0x10a3,0x08a4,0x10a3,0x08a4,0x10a4,0x10a3,
  0x08a4,0x10a3,0x08a4,0x10a4,0x08a4,0x10a3,0x08a4,0x10a3,0x10a4,0x08a4,0x10a3,0x10a4,0x10a3,0x08a4,0x10a3,0x08a4,
  0x10a3,0x10a4,0x10a3,0x08a4,0x10a4,0x10a3,0x10a4,0x08a3,0x10a4,0x08a3,0x10a4,0x08a3,0x10a4,0x08a3,0x10a4,0x10a3,
  0x08a4,0x10a3,0x10a4,0x08a3,0x10a4,0x10a3,0x08a4,0x10a4,0x10a3,0x10a4,0x10a3,0x08a4,0x10a3,0x10a4,0x10a3,0x08a4,
  0x10a3,0x08a4,0x10a4,0x08a3,0x10a4,0x08a3,0x10a4,0x10a3,0x08a4,0x10a3,0x10a4,0x08a3,0x10a4,0x08a3,0x10a4,0x08a3,
  0x10a4,0x08a3,0x10a4,0x08a3,0x10a4,0x10a4,0x08a3,0x10a4,0x10a3,0x08a4,0x10a4,0x10a4,0x08a3,0x10a4,0x08a3,0x10a4,
  0x08a3,0x10a4,0x10a4,0x08a4,0x10a3,0x10a4,0x10a3,0x08a4,0x10a3,0x08a3,0x10a4,0x08a3,0x10a4,0x08a4,0x10a3,0x08a4,
  0x10a3,0x08a4,0x10a3,0x08a4,0x10a3,0x08a4,0x10a3,0x10a4,0x08a4,0x10a3,0x10a4,0x10a3,0x08a4,0x10a3,0x10a4,0x08a4,
  0x10a4,0x10a3,0x08a4,0x10a3,0x10a4,0x08a3,0x10a4,0x08a4,0x10a3,0x08a4,0x10a4,0x10a3,0x10a4,0x08a3,0x10a4,0x10a4,
  0x10a3,0x10a3,0x08a4,0x10a3,0x08a4,0x10a3,0x08a4,0x10a4,0x08a3,0x10a4,0x08a3,0x10a4,0x08a4,0x10a3,0x08a4,0x10a4,
  0x08a3,0x10a4,0x08a3,0x10a4,0x10a4,0x08a3,0x10a4,0x08a3,0x10a4,0x08a3,0x10a4,0x10a4,0x08a3,0x10a4,0x08a3,0x10a4,
  0x08a3,0x10a4,0x10a4,0x08a3,0x10a4,0x08a3,0x10a4,0x08a4,0x10a3,0x08a4,0x10a3,0x10c4,0x08a3,0x10a4,0x08a4,0x10a3,
  0x10a4,0x10a3,0x10a4,0x10a3,0x08a4,0x10a4,0x08a3,0x10a4,0x10a3,0x10a4,0x10a3,0x08a4,0x10a3,0x08a4,0x10a3,0x08a4,
  0x10a4,0x08a3,0x10a3,0x08a4,0x10a3,0x08a4,0x10a4,0x08a4,0x10a3,0x08a4,0x10a3,0x08a4,0x10a3,0x08a4,0x10a4,0x08a3,
  0x10a3,0x10a4,0x10c4,0x08a3,0x10a4,0x10a4,0x10c3,0x10a4,0x10c4,0x08a4,0x10a4,0x10c4,0x08a3,0x10a4,0x10c4,0x10a3,
  0x08a4,0x10a4,0x10c3,0x10a4,0x10a4,0x10c4,0x08a3,0x10a4,0x10c4,0x10a3,0x08a4,0x10c4,0x10a3,0x10a4,0x10e4,0x08c4,
  0x10c5,0x08e4,0x10c5,0x10a4,0x08c5,0x10a3,0x08e5,0x10a3,0x10c5,0x10c4,0x08c4,0x10c4,0x10e5,0x10a3,0x08c5,0x10c4,
  0x18c4,0x08a4,0x10e4,0x10c5,0x10c5,0x10e4,0x08a4,0x10c5,0x10c4,0x18c5,0x10c3,0x10c5,0x08c4,0x10e5,0x10c5,0x10c4,
  0x10e5,0x10c5,0x18e4,0x10e5,0x10c5,0x10c4,0x18e5,0x18c5,0x10c5,0x1104,0x08c4,0x10c3,0x1105,0x08c4,0x10e4,0x10e5,
  0x18c5,0x10c5,0x18e4,0x18e5,0x10c4,0x0904,0x10e5,0x1105,0x1124,0x0905,0x1105,0x1123,0x1105,0x1125,0x0904,0x1105,
  0x1124,0x0905,0x1105,0x0924,0x1105,0x1104,0x0924,0x1104,0x1104,0x1105,0x1124,0x0905,0x1104,0x1125,0x1104,0x1104,
  0x1105,0x1124,0x0905,0x1105,0x0904,0x10e5,0x10e4,0x08c4,0x10a4,0x10e5,0x10c5,0x10e4,0x10c4,0x10e5,0x08c4,0x1105,
  0x10c3,0x08c5,0x10e4,0x10c4,0x10c5,0x10e5,0x10e4,0x08e5,0x10e5,0x18e4,0x10a4,0x18c4,0x08e5,0x10c5,0x10c4,0x1905,
  0x10e4,0x10c4,0x10c4,0x10a4,0x10e4,0x10a4,0x10e4,0x10c5,0x10e5,0x08c4,0x10c4,0x18c4,0x08a4,0x10e5,0x10a3,0x10c5,
  0x08e4,0x10c5,0x10c4,0x08a4,0x10c5,0x10a3,0x10e5,0x08a4,0x10e4,0x08a4,0x10c5,0x08a4,0x10a4,0x10c4,0x10a4,0x08c4,
  0x10c4,0x08a3,0x10c4,0x10a3,0x10c4,0x10a4,0x08a4,0x10c3,0x10a4,0x10c5,0x08a4,0x10a3,0x10c4,0x10a3,0x10c4,0x10a3,
  0x08a5,0x10c4,0x10a3,0x10a4,0x08c4,0x10c3,0x10a5,0x10a4,0x10a3,0x10a4,0x10c4,0x08a3,0x10a4,0x10a4,0x10c3,0x10a4,
  0x10c4,0x08a3,0x10a4,0x10c4,0x10a4,0x10c3,0x10a4,0x10c4,0x10a3,0x08a4,0x10c3,0x10a4,0x10a4,0x10c3,0x08a4,0x10a4,
  0x10c3,0x10a4,0x10a3,0x10a4,0x10c4,0x10a3,0x10a4,0x10a4,0x08c3,0x10a4,0x10a3,0x08c4,0x10a4,0x10a3,0x08c4,0x10a4,
  0x10a3,0x10c4,0x10a4,0x08a4,0x10c3,0x10a4,0x10a3,0x08c4,0x10a4,0x10a4,0x10c3,0x08a4,0x10a4,0x10c3,0x08a4,0x10c4,
  0x10a3,0x10a4,0x10c3,0x08a4,0x10c4,0x10a3,0x08a4,0x10c4,0x10a3,0x10a4,0x10c3,0x10a4,0x10a4,0x10c3,0x08a4,0x10c4,
  0x10a3,0x10c4,0x10a4,0x08a3,0x10c4,0x10a4,0x10a3,0x08c4,0x10a3,0x10a4,0x10c4,0x08a3,0x10a4,0x10a4,0x10c3,0x10a4,
  0x10c4,0x08a3,0x10a4,0x10c4,0x08a3,0x10a4,0x10c4,0x10a3,0x08a4,0x10a4,0x10c3,0x10a4,0x10a4,0x10c4,0x08a3,0x10a4,
  0x10c4,0x10a3,0x08a4,0x10c4,0x10a3,0x10a4,0x10c3,0x08a4,0x10a4,0x08c3,0x10a4,0x10a4,0x08a4,0x10a3,0x08c4,0x10a3,
  0x10a4,0x10c4,0x08a3,0x10a4,0x10c4,0x10a3,0x08a4,0x10c4,0x10a3,0x08a4,0x10c3,0x10a4,0x10a4,0x10c3,0x08a4,0x10a4,
  0x10c4,0x10a4,0x10c3,0x10a4,0x08a3,0x10c4,0x10a4,0x10a3,0x08c4,0x10a4,0x10a3,0x10c4,0x10a4,0x10a3,0x10c4,0x10a4,
  0x10a4,0x10c3,0x08a4,0x10a3,0x10c4,0x08a4,0x10a3,0x10c4,0x10a4,0x08a4,0x10c3,0x10a4,0x10a4,0x08c3,0x10a4,0x10a4,
  0x10c3,0x08a4,0x10a4,0x10c3,0x10a4,0x10c4,0x08a3,0x10a4,0x10c3,0x08a4,0x10a4,0x08c3,0x10a4,0x10a4,0x08c3,0x10a4,
  0x10a3,0x10a4,0x10c3,0x08a4,0x10a3,0x10c4,0x10a4,0x10a3,0x10a4,0x10c3,0x08a4,0x10a4,0x08c3,0x10a4,0x10c4,0x08a3,
  0x10a4,0x08c4,0x10a4,0x10c3,0x10a4,0x10a4,0x08a3,0x10c4,0x10a3,0x08a4,0x10c4,0x10a3,0x10a4,0x10c4,0x10a3,0x08a4,
  0x10c4,0x10a3,0x10a4,0x10a3,0x08c4,0x10a4,0x10a3,0x10c4,0x10a3,0x10c4,0x08a3,0x10a4,0x10c3,0x10a4,0x10c3,0x10a4,
  0x10c4,0x08a3,0x10c4,0x10a3,0x08a4,0x10c4,0x10a3,0x10a4,0x08c4,0x10a4,0x10a3,0x08a4,0x10a4,0x10a3,0x10c4,0x08a4,
  0x10c3,0x08a4,0x10c4,0x08a4,0x10a3,0x10c4,0x10a4,0x08a3,0x10c4,0x08a3,0x10c4,0x10a3,0x10c4,0x10a4,0x08a4,0x10c3,
  0x10a4,0x10c4,0x08a4,0x10a3,0x10c4,0x10a3,0x10c4,0x10a3,0x08a4,0x10c4,0x10a3,0x10a4,0x08a4,0x10c3,0x10a4,0x10a4,
  0x10a4,0x08a3,0x10a4,0x10a4,0x08c3,0x10a4,0x08a4,0x10a3,0x08a4,0x10a4,0x10a3,0x08a4,0x10a5,0x10a3,0x08a4,0x10a4,
  0x10c3,0x10a4,0x08a5,0x10a3,0x08a4,0x10a4,0x10a4,0x08a5,0x10a3,0x08a5,0x10a4,0x10a4,0x08a5,0x10a4,0x08a4,0x10a3,
  0x10a4,0x10a5,0x08a4,0x10c4,0x10a3,0x10a4,0x10a4,0x08c5,0x10a3,0x10c5,0x10c5,0x08c4,0x10c5,0x08a4,0x10c4,0x10a4,
  0x18e5,0x10a4,0x08c5,0x10c4,0x08c5,0x10c5,0x10a3,0x10c5,0x08a3,0x18e5,0x08a4,0x18c5,0x10c5,0x10c4,0x10c5,0x10c5,
  0x10c4,0x10a4,0x10e5,0x10a3,0x08c5,0x10c5,0x08c4,0x10c5,0x10c4,0x18c5,0x18c4,0x10c3,0x10a4,0x10c4,0x08c5,0x10c4,
  0x08c5,0x18c4,0x18c5,0x18c5,0x18c4,0x18c5,0x08c4,0x10e5,0x08e5,0x10c4,0x1105,0x08c5,0x10e4,0x10e5,0x10c4,0x10c4,
  0x08c5,0x10c4,0x10c5,0x10e5,0x08c4,0x10e5,0x10c5,0x10e4,0x0905,0x10c5,0x08c5,0x10c5,0x18e5,0x08c4,0x18e5,0x08e5,
  0x18e5,0x08c5,0x10c4,0x10c5,0x10c5,0x08e4,0x10e5,0x10a4,0x10c4,0x20c4,0x18c4,0x10c5,0x18c5,0x0904,0x10e5,0x10c4,
  0x10e5,0x10a3,0x08c5,0x18c5,0x10e4,0x18c5,0x08c5,0x10c4,0x10a4,0x10c5,0x18e4,0x10c5,0x18c4,0x18e5,0x08c5,0x10e5,
  0x08e5,0x10a4,0x18e5,0x08a3,0x10c5,0x08a4,0x10c5,0x08c4,0x10c5,0x10c4,0x08a4,0x18e5,0x10a3,0x10c5,0x08a4,0x10c4,
  0x10a4,0x10a3,0x08e5,0x10a3,0x10a4,0x08c5,0x10a3,0x10c5,0x08c5,0x10c4,0x10c5,0x10a3,0x10a4,0x08c4,0x10a4,0x10a4,
  0x10a4,0x10a5,0x08a5,0x10a4,0x08a4,0x10a4,0x10a4,0x10a4,0x08a3,0x10a4,0x10a3,0x10a4,0x08a4,0x10a4,0x08a4,0x10a4,
  0x10a4,0x10a3,0x08a4,0x10c3,0x10a5,0x10a4,0x08a3,0x10a4,0x10a4,0x08a3,0x10a4,0x10a4,0x08c3,0x10a4,0x08a4,0x10a3,
  0x08a4,0x10a4,0x10a3,0x08a4,0x08a3,0x10a4,0x08a3,0x10a4,0x08a4,0x10a3,0x10a4,0x08a4,0x10a3,0x08a4,0x10a3,0x10a4,
  0x08a4,0x10a3,0x08c4,0x10a4,0x08a3,0x10a4,0x08c3,0x10a4,0x10a4,0x10a3,0x08a4,0x10a4,0x10a3,0x08a4,0x10a3,0x10a4,
  0x08a4,0x10a3,0x08a4,0x10a3,0x10a4,0x08a4,0x10a4,0x10a3,0x08a4,0x10a3,0x08a4,0x10a3,0x10a4,0x08a4,0x10a3,0x10a4,
  0x08a4,0x10a3,0x08a4,0x10a4,0x10a3,0x08a4,0x10a3,0x10a4,0x08a4,0x10a3,0x08a4,0x10a3,0x08a4,0x10a4,0x10a3,0x08a4,
  0x10a4,0x08a3,0x10a4,0x10a3,0x08a4,0x10a3,0x08a4,0x10a4,0x10a4,0x08a3,0x10a4,0x10a4,0x08c3,0x10a4,0x08a4,0x10a3,
  0x08a4,0x10a4,0x10a3,0x08a4,0x10a4,0x10a3,0x08a4,0x10a4,0x10c3,0x10a4,0x08a4,0x10a3,0x08a4,0x10a3,0x10a4,0x08a4,
  0x10a3,0x08a4,0x10a3,0x10a4,0x08a4,0x10a4,0x08a4,0x10a3,0x10a4,0x10a4,0x08a3,0x10c4,0x10a3,0x10a4,0x10a4,0x08a4,
  0x10a3,0x10a4,0x10a4,0x08a3,0x10a4,0x08a4,0x10a3,0x10a4,0x10a4,0x10a4,0x08a4,0x10a3,0x08a4,0x10a4,0x10a3,0x10a4,
  0x08a3,0x10a4,0x08a4,0x10a4,0x10a4,0x10a3,0x08a4,0x10a4,0x10a3,0x10a4,0x08a4,0x10a3,0x08a4,0x10a4,0x08a3,0x10a4,
  0x08a3,0x10a4,0x10a4,0x08a3,0x10a4,0x10a3,0x08a4,0x10a3,0x08a4,0x10a3,0x10a4,0x08a4,0x10a3,0x10a4,0x08a3,0x10a4,
  0x08a4,0x10a3,0x10c4,0x08a4,0x10a3,0x08a4,0x10a4,0x10a3,0x08a4,0x10a3,0x10a4,0x10a4,0x08a3,0x10a4,0x10a4,0x10a3,
  0x08c4,0x10a4,0x08a4,0x10a4,0x10a4,0x08a3,0x10a4,0x08c4,0x10a4,0x08a4,0x10a3,0x10a4,0x10a4,0x08a3,0x10a4,0x10a4,
  0x08a3,0x10a4,0x10a3,0x08a4,0x10a4,0x08c3,0x10a4,0x10a4,0x10a4,0x10a3,0x08a4,0x10a4,0x08a3,0x10a4,0x08a4,0x10a3,
  0x10a4,0x08a4,0x10c3,0x08a4,0x10a3,0x10a4,0x08a4,0x10a4,0x08a4,0x10a4,0x10a4,0x08a3,0x10a4,0x08a4,0x10a4,0x08a3,
  0x10a4,0x10a3,0x08a4,0x10a4,0x10a3,0x10a4,0x08a4,0x10a3,0x10a4,0x10a3,0x08c4,0x10a3,0x10a4,0x08a4,0x10a3,0x10a4,
  0x08a4,0x10a3,0x10a4,0x10a3,0x10a4,0x08a3,0x10a4,0x10a4,0x10a4,0x10a4,0x08a4,0x10a4,0x08a3,0x10a4,0x10a3,0x10a4,
  0x08a3,0x10a4,0x10a3,0x10a4,0x08a4,0x10a4,0x08a3,0x10a4,0x10a4,0x10a3,0x08a4,0x10c3,0x10a4,0x10a4,0x08a3,0x10a4,
  0x08c3,0x10a4,0x10a3,0x08a4,0x10a4,0x10a3,0x10a4,0x08a4,0x10c3,0x10a4,0x08a5,0x10c3,0x10a4,0x08c4,0x10a3,0x10a5,
  0x08a4,0x10a3,0x10a4,0x08c4,0x10a3,0x10a4,0x08c4,0x10a3,0x10a4,0x10c4,0x10a4,0x08a3,0x10c4,0x10c4,0x10c4,0x08c4,
  0x10c4,0x08a3,0x10a4,0x10c5,0x08a4,0x10e4,0x08a4,0x10a3,0x10c4,0x08a3,0x10c5,0x10c4,0x10c4,0x10a4,0x10e5,0x08a3,
  0x18e5,0x08a3,0x10c5,0x10e5,0x10c4,0x08c5,0x10c4,0x08c4,0x10a4,0x18e4,0x10a4,0x10c4,0x1905,0x10e4,0x10e5,0x10c4,
  0x10e5,0x18e4,0x18e5,0x10c5,0x1904,0x18e5,0x1105,0x18e4,0x10c4,0x10a4,0x20c4,0x20e4,0x18c5,0x08c4,0x10c5,0x18e5,
  0x1904,0x18e5,0x1105,0x18c3,0x1905,0x10c5,0x1905,0x18c4,0x18e5,0x18e5,0x10e4,0x18e5,0x18c5,0x18e4,0x10e5,0x18e5,
  0x1905,0x18c5,0x10e4,0x18e5,0x1905,0x18e4,0x10c5,0x18c5,0x18e4,0x10e5,0x18e4,0x1905,0x18e4,0x18e5,0x10e4,0x18e5,
  0x18e4,0x18e5,0x1104,0x18c5,0x10e4,0x1125,0x0904,0x18e5,0x10c4,0x20c4,0x10a5,0x18e5,0x18e4,0x18e5,0x18e5,0x10e4,
  0x10c4,0x08c5,0x10a3,0x18e5,0x18c5,0x10c4,0x1905,0x18e4,0x18c5,0x18c4,0x10a4,0x18a5,0x10a4,0x08e4,0x10c5,0x1104,
  0x1124,0x08a4,0x18c4,0x10c4,0x10c5,0x10a3,0x08c5,0x10e5,0x10c4,0x08c5,0x10a4,0x18e4,0x08a4,0x10e4,0x10a4,0x08e5,
  0x10c4,0x10c5,0x10a4,0x10c5,0x08c3,0x10a4,0x10c5,0x08c3,0x10a4,0x10c4,0x08c5,0x10e5,0x08a4,0x10c4,0x10c4,0x08a4,
  0x10c3,0x08a4,0x10a3,0x10a4,0x10c3,0x08a4,0x10c4,0x08a4,0x10a3,0x10c4,0x08a4,0x10a3,0x10c5,0x08a3,0x10a4,0x10c4,
  0x08a3,0x10a4,0x10a5,0x08a4,0x10a3,0x08a4,0x10c4,0x10a3,0x08e4,0x10a4,0x10a3,0x08a4,0x10a4,0x10a3,0x10a4,0x08a4,
  0x10c3,0x10a4,0x08a4,0x10c3,0x08a4,0x10a4,0x10c4,0x08a3,0x10a4,0x10c4,0x08a3,0x10c4,0x10a4,0x10a4,0x10c4,0x08a3,
  0x10a4,0x10a4,0x08a3,0x10a4,0x10a4,0x08a4,0x10a4,0x10a3,0x08a4,0x10c4,0x10a3,0x08a4,0x10c4,0x10a4,0x10c4,0x08a3,
  0x10c4,0x10a4,0x10c3,0x10a4,0x08c4,0x10a3,0x10c4,0x08a4,0x10c3,0x10a4,0x10a4,0x10c4,0x08a3,0x10a4,0x10c4,0x10a3,
  0x10a4,0x08c4,0x10a3,0x10a4,0x10c4,0x10a4,0x10a4,0x08c3,0x10a4,0x10c4,0x10a4,0x08c4,0x10a3,0x10a4,0x08c4,0x10a3,
  0x10a4,0x10c4,0x08a3,0x10a4,0x10c4,0x10a4,0x10c3,0x10a4,0x08c3,0x10a4,0x10a3,0x08a4,0x10a4,0x10a3,0x10a4,0x08a4,
  0x10c3,0x10a4,0x08a4,0x10c3,0x10a4,0x08c4,0x10a3,0x10a4,0x08a4,0x10a3,0x10a4,0x08c4,0x10a3,0x10a4,0x08c4,0x10a3,
  0x10a4,0x10c4,0x10a4,0x08a3,0x10c4,0x10a3,0x10c4,0x08a3,0x10c4,0x08a3,0x10a4,0x10a4,0x08a4,0x10c3,0x08a4,0x10a3,
  0x10c4,0x08a3,0x10a4,0x10c4,0x10a3,0x10a4,0x10c4,0x08a3,0x10c4,0x08a3,0x10a4,0x10c4,0x10a3,0x08a4,0x10c4,0x08a3,
  0x10a4,0x10c3,0x10a4,0x08a3,0x10c4,0x08a3,0x10c4,0x10a3,0x08a4,0x10c3,0x10a4,0x08a4,0x10c3,0x10a4,0x08c4,0x10a3,
  0x10c4,0x08a3,0x10a4,0x10c4,0x10a4,0x08c4,0x10a4,0x10a4,0x10c3,0x10a4,0x08c4,0x10a3,0x10c4,0x08a4,0x10c4,0x10a3,
  0x10c4,0x10a4,0x08a3,0x10a4,0x10a4,0x10a3,0x08c4,0x10a4,0x10c4,0x10a4,0x08c3,0x10a4,0x10c4,0x10a3,0x08a4,0x10a4,
  0x10a3,0x08a4,0x10a3,0x10c4,0x10a3,0x10a4,0x08a3,0x10a4,0x10a3,0x10a4,0x08c3,0x10a4,0x10a3,0x10c4,0x08a3,0x10a4,
  0x10c4,0x10a3,0x08a4,0x10c4,0x10a3,0x10a4,0x10a4,0x08a3,0x10c4,0x08a4,0x10a3,0x10c4,0x10a4,0x08a3,0x10c4,0x10a3,
  0x10a4,0x10a3,0x10a4,0x10a4,0x10a4,0x08c3,0x10a4,0x10a3,0x10c3,0x08a4,0x10a3,0x10c4,0x10a4,0x10a3,0x08a4,0x10c4,
  0x10a3,0x08a4,0x10a4,0x10c3,0x08a4,0x10c3,0x10a4,0x08c4,0x10a3,0x10a4,0x10a4,0x10a4,0x08c3,0x10a4,0x10a4,0x08c3,
  0x10a4,0x10a3,0x08a4,0x10c4,0x08a4,0x10c4,0x10a3,0x08a4,0x10c3,0x08a4,0x10a3,0x10a4,0x10c3,0x08a4,0x10c4,0x08a4,
  0x10a3,0x10c4,0x08a4,0x10a3,0x10c4,0x08a3,0x10a4,0x10c4,0x08a3,0x10a4,0x10a4,0x08a4,0x10a3,0x08a4,0x10c4,0x10a3,
  0x10a4,0x10a4,0x08c4,0x10a3,0x10a4,0x08c4,0x10a3,0x10a4,0x10a5,0x08a3,0x10a4,0x10a4,0x10a3,0x10a4,0x08a4,0x10c3,
  0x10a4,0x08a3,0x10a4,0x10a3,0x08a4,0x10c5,0x10a3,0x10c5,0x08a4,0x10a5,0x10c4,0x18e5,0x10e5,0x10a3,0x10a4,0x10a4,
  0x10c5,0x10a5,0x08c4,0x10a4,0x10a3,0x18c5,0x10a4,0x10c5,0x10c5,0x10a4,0x08a4,0x18c5,0x10e4,0x18e4,0x10e5,0x18e4,
  0x18e4,0x18e4,0x18c4,0x10c5,0x18e5,0x18e4,0x18e5,0x18e5,0x10e4,0x18e5,0x10e5,0x18e3,0x18e4,0x18e5,0x10e5,0x18e5,
  0x18e5,0x10e4,0x18e3,0x1904,0x10e4,0x18e3,0x18e5,0x18e5,0x10e5,0x18c5,0x18e4,0x10c4,0x18e4,0x18e4,0x18e5,0x10e4,
  0x18e5,0x10e4,0x18e4,0x18e5,0x10e4,0x18e4,0x18e5,0x10e5,0x18e4,0x10e5,0x18e5,0x18e4,0x1105,0x18e5,0x18e4,0x18e5,
  0x10e4,0x18e5,0x18e5,0x10e4,0x18e5,0x10e5,0x1904,0x18e5,0x10e5,0x1904,0x18e5,0x10e4,0x18e5,0x1105,0x20e5,0x1904,
  0x10e5,0x18e5,0x18e5,0x10e4,0x18e5,0x10e5,0x18e5,0x18e4,0x10e5,0x18e5,0x18e4,0x18e5,0x10e4,0x18e4,0x1105,0x18e4,
  0x18e5,0x18e4,0x10e5,0x18e4,0x18e4,0x18e3,0x18e5,0x10e5,0x1904,0x10e5,0x18e4,0x1105,0x18e4,0x18e5,0x10e5,0x18e5,
  0x08e5,0x10e4,0x18e5,0x10e5,0x18e4,0x1105,0x18e4,0x18e5,0x10e5,0x10c3,0x10c5,0x10a4,0x18e5,0x08a4,0x18c4,0x18c5,
  0x08c4,0x10e4,0x08a4,0x10c4,0x10a4,0x10e4,0x10e4,0x10e5,0x18e4,0x1104,0x10e4,0x10e3,0x18e4,0x10e4,0x10a4,0x10c4,
  0x10a4,0x10c4,0x08c5,0x10a5,0x08c5,0x10a3,0x10a4,0x18c4,0x08a4,0x10a4,0x10a4,0x08a4,0x10a4,0x10a4,0x10a3,0x08a4,
  0x10c5,0x10c3,0x08a4,0x10a3,0x10c4,0x10a3,0x08a4,0x10a4,0x10a4,0x10a4,0x08c4,0x10a3,0x10a4,0x08c4,0x10a3,0x10a4,
  0x10a4,0x08a3,0x10a4,0x10a4,0x10a4,0x10a3,0x08a4,0x10a4,0x10a3,0x10a4,0x10a4,0x08a3,0x10a4,0x08a3,0x10a4,0x10a4,
  0x08c3,0x10a4,0x10a4,0x10c3,0x08a4,0x10a3,0x10c4,0x08a4,0x10a3,0x10a4,0x08a4,0x10a3,0x10a4,0x08a3,0x10a4,0x10a4,
  0x08a3,0x10a4,0x08a4,0x10a3,0x10a4,0x08a4,0x10a3,0x10a4,0x10a4,0x08a3,0x10a4,0x08a3,0x10a4,0x10a3,0x08a4,0x10a4,
  0x08a3,0x10a4,0x10a4,0x08a3,0x10a4,0x08a3,0x10a4,0x10a3,0x10a4,0x08a3,0x10a4,0x10a3,0x08a4,0x10a3,0x10a4,0x10a4,
  0x08a3,0x10a4,0x10a4,0x08a3,0x10a4,0x08a3,0x10a4,0x08a4,0x10a4,0x10a4,0x08c4,0x10a3,0x10a4,0x08c4,0x10a3,0x10a4,
  0x10a4,0x08a3,0x10a4,0x10a4,0x10a3,0x10a4,0x08a4,0x10c3,0x10a4,0x08a3,0x10a4,0x10a3,0x08a4,0x10a4,0x10a3,0x10a4,
  0x08a3,0x10a4,0x10a3,0x10c4,0x08a4,0x10a3,0x10a4,0x10a4,0x10a4,0x10a4,0x08c3,0x10a4,0x10a3,0x10a4,0x10a4,0x08a4,
  0x10a4,0x10a4,0x08a3,0x10a4,0x08a4,0x10a3,0x08a4,0x10a4,0x10a3,0x10a4,0x10a3,0x08a4,0x10a4,0x10a3,0x10a4,0x10a4,
  0x08a3,0x10a4,0x08a4,0x10a3,0x10a4,0x10a4,0x08a4,0x10a4,0x10a4,0x08a4,0x10a3,0x10c4,0x08a4,0x10a3,0x10a4,0x10a4,
  0x08a4,0x10a4,0x10a3,0x08a4,0x10a3,0x10a3,0x10a4,0x08a3,0x10a4,0x08a4,0x10a3,0x10a4,0x08a4,0x10a3,0x10a4,0x08a4,
  0x10a3,0x08a4,0x10a4,0x10a3,0x08c4,0x10a4,0x10a3,0x10a4,0x08a3,0x10a4,0x10a4,0x08a3,0x10a4,0x08a4,0x10c3,0x10a4,
  0x08a4,0x10c3,0x10a4,0x08a3,0x10a4,0x08c4,0x10a4,0x10c3,0x08a4,0x10a4,0x10a4,0x08a3,0x10a4,0x08a4,0x10a4,0x10a3,
  0x08a4,0x10a4,0x10a3,0x10a4,0x08a4,0x10a3,0x08c4,0x10a3,0x10a4,0x10a3,0x08a4,0x10a3,0x10a4,0x10a3,0x10a4,0x08a4,
  0x10c4,0x08a4,0x10a3,0x08c4,0x10a3,0x10a4,0x08a4,0x10a4,0x08a4,0x10a3,0x10a4,0x08a4,0x10a3,0x08c4,0x10a3,0x10a4,
  0x08a4,0x10c3,0x10a4,0x10a4,0x10a4,0x08a4,0x10a3,0x10a4,0x08a4,0x10c3,0x08a4,0x10a3,0x10a4,0x08a3,0x10a4,0x10a4,
  0x10a3,0x08c4,0x10a4,0x10a3,0x10a3,0x08a4,0x10a4,0x10a3,0x10a4,0x10a3,0x08c4,0x10a4,0x08a4,0x10a3,0x10a4,0x10a3,
  0x08a4,0x10a4,0x10a3,0x08a4,0x10a4,0x10a4,0x10a3,0x08a4,0x10a4,0x10c3,0x08a4,0x10a3,0x10c4,0x10a3,0x08a4,0x10a4,
  0x08a3,0x10a4,0x10a3,0x10a4,0x08a3,0x10a4,0x10a4,0x08c3,0x10a4,0x10c4,0x10a3,0x08a4,0x10c5,0x08a3,0x10a4,0x10a3,
  0x08a5,0x10c4,0x10a4,0x10a5,0x10c3,0x08a4,0x10c4,0x10a4,0x10c4,0x08a3,0x10a4,0x08a3,0x10a5,0x10a4,0x08a4,0x10a4,
  0x08c3,0x10a4,0x10a5,0x08a4,0x10a4,0x08e4,0x10a4,0x10c3,0x08a3,0x10e5,0x10a4,0x10e4,0x10c5,0x08c4,0x18c4,0x10a4,
  0x08c4,0x18c4,0x08c4,0x10c4,0x1905,0x10e5,0x10e3,0x10c5,0x1905,0x18e4,0x10e4,0x18e5,0x08c4,0x10e5,0x10c4,0x08c4,
  0x10e4,0x18e4,0x10e5,0x18e4,0x18e5,0x10c5,0x08c4,0x10c5,0x10e4,0x10c4,0x1104,0x10a4,0x18c5,0x08e4,0x10c4,0x10e5,
  0x18e5,0x18e4,0x08e4,0x18e4,0x10a4,0x18e5,0x10c4,0x18e5,0x18e4,0x18e5,0x1904,0x10e5,0x18e4,0x18e5,0x10e4,0x18e5,
  0x1905,0x10e4,0x18e5,0x18e4,0x1905,0x18e4,0x10e5,0x18e4,0x18e5,0x18e5,0x10e5,0x18e5,0x18e4,0x18e5,0x18e4,0x10e5,
  0x18e4,0x1905,0x10e4,0x1905,0x18e5,0x18e4,0x1905,0x10e4,0x1904,0x18c5,0x08e4,0x10c4,0x10c5,0x10c5,0x10c4,0x08c4,
  0x18e5,0x10c4,0x18c4,0x08c4,0x1905,0x08c5,0x10e4,0x10c5,0x10c4,0x10a4,0x18e5,0x10c3,0x08c5,0x10c5,0x10e4,0x10c4,
  0x10e5,0x10e5,0x1904,0x18e5,0x18e5,0x18e4,0x10e5,0x18e4,0x10c5,0x10a4,0x08a3,0x10c5,0x08a3,0x10e5,0x10a3,0x08c5,
  0x10c4,0x10c5,0x10c5,0x08a4,0x1905,0x10a4,0x10c3,0x08c5,0x10a5,0x10c4,0x10c5,0x08a5,0x18e5,0x10a3,0x08c5,0x10c4,
  0x08c5,0x10a4,0x10a3,0x10a4,0x10a3,0x10a4,0x08c4,0x10a4,0x10a3,0x08c4,0x10a4,0x10c3,0x10a4,0x08c3,0x10a5,0x10a3,
  0x08a4,0x10a4,0x10c3,0x10a4,0x08a4,0x10a4,0x10a3,0x10a4,0x08a3,0x10a4,0x10a3,0x10a4,0x08a3,0x10a4,0x10a4,0x08c3,
  0x10a4,0x10c4,0x10a3,0x08a4,0x10a4,0x10c4,0x10a3,0x10c4,0x08a4,0x10a3,0x08c4,0x10a4,0x10a3,0x10c4,0x08a3,0x10a4,
  0x10a4,0x10a3,0x08a4,0x10a4,0x10a3,0x10a4,0x08a3,0x10a4,0x10c4,0x08a3,0x10a4,0x10c4,0x10a3,0x10a4,0x08c3,0x10a4,
  0x10a4,0x10a3,0x10a4,0x08c4,0x10a3,0x10a4,0x10a3,0x08c4,0x10a3,0x10a4,0x10c4,0x10a4,0x10c4,0x08a3,0x10a4,0x10c3,
  0x10a4,0x10c3,0x08a4,0x10a4,0x10c3,0x10a4,0x08c4,0x10a4,0x08a3,0x10c4,0x10a4,0x08a3,0x10c4,0x10a4,0x08c3,0x10a4,
  0x10a4,0x08c3,0x10a4,0x10c4,0x10a3,0x10a4,0x10a4,0x10c3,0x08a3,0x10a4,0x10a3,0x10a4,0x08a3,0x10a4,0x10a4,0x08c3,
  0x10a4,0x10c4,0x10a3,0x08a4,0x10c4,0x08a3,0x10a4,0x10a3,0x08a4,0x10c4,0x10a4,0x10a4,0x10c3,0x08a4,0x10c4,0x10a4,
  0x10c4,0x08a3,0x10a4,0x08a3,0x10a4,0x10a4,0x08a3,0x10a4,0x08c3,0x10a4,0x10a4,0x08a3,0x10a4,0x08c3,0x10a4,0x10c3,
  0x08a3,0x10c4,0x10a4,0x10c3,0x10a4,0x08c4,0x10a3,0x10a4,0x08c4,0x10a3,0x08c4,0x10a3,0x10c4,0x08a4,0x10c3,0x08a4,
  0x10c4,0x10a3,0x10c4,0x10a4,0x08a3,0x10c4,0x10a3,0x08a3,0x10c4,0x10a3,0x08a4,0x10a3,0x10a4,0x10a4,0x08a3,0x10a4,
  0x10c3,0x10a4,0x08c3,0x10a4,0x10a4,0x08c4,0x10a3,0x10c4,0x10a4,0x10a3,0x08c4,0x10a3,0x10a4,0x10a4,0x10a3,0x10c4,
  0x10a3,0x10a4,0x10c3,0x08a4,0x10a3,0x10a4,0x08a3,0x10a4,0x10c4,0x08a3,0x10a4,0x10a3,0x10c4,0x10a3,0x08a4,0x10a3,
  0x10a4,0x10a4,0x08a4,0x10a4,0x10a3,0x10a4,0x10a3,0x08a4,0x10a3,0x10c4,0x08a3,0x10c4,0x10a4,0x10a3,0x10c4,0x08a4,
  0x10c3,0x10a4,0x08c4,0x10a3,0x10a4,0x10a4,0x10a3,0x08a4,0x10a4,0x10c4,0x10a3,0x08a4,0x10c4,0x08a4,0x10c3,0x10a4,
  0x08a3,0x10a4,0x10a4,0x10a3,0x08a4,0x10a4,0x10c3,0x10a3,0x10c4,0x08a4,0x10c3,0x10a4,0x10a4,0x10a3,0x08a4,0x10a3,
  0x10a4,0x10a4,0x08a3,0x10a4,0x08a3,0x10c4,0x10a3,0x08a4,0x10a3,0x10a4,0x10a4,0x08a4,0x10c4,0x10a4,0x10c3,0x08a4,
  0x10a4,0x10a3,0x10a4,0x08a4,0x10c4,0x10a3,0x08a4,0x10c4,0x08a4,0x10a4,0x10a3,0x10a4,0x10a3,0x10a4,0x08c4,0x10a4,
  0x10a3,0x08c4,0x10a4,0x10c3,0x10a4,0x08c3,0x10a4,0x10a3,0x08a4,0x10a4,0x10c3,0x10a4,0x08a4,0x10a4,0x10a3,0x10a4,
  0x10a4,0x10a3,0x08c4,0x10a3,0x10c4,0x10a3,0x08a4,0x10a3,0x10a4,0x08a3,0x10a5,0x10a3,0x10a3,0x10a4,0x08c3,0x10a5,
  0x10a3,0x10a3,0x08a3,0x10a4,0x08a3,0x10a4,0x10a3,0x08a3,0x10a5,0x10c4,0x08c4,0x10c5,0x10a3,0x08e5,0x10a3,0x10a4,
  0x10c4,0x08c3,0x10c4,0x10e4,0x10a5,0x10a4,0x10c4,0x10a4,0x10a5,0x10a4,0x08c5,0x10c4,0x10c4,0x10c5,0x10c3,0x10e4,
  0x10c4,0x10c4,0x18c5,0x10c5,0x18c3,0x18e4,0x10c5,0x18e4,0x08c4,0x18e4,0x08c4,0x18e4,0x18c5,0x10c4,0x18e5,0x10c5,
  0x18e4,0x08c4,0x1904,0x18e5,0x08c4,0x1905,0x18c4,0x10c5,0x18e4,0x08c4,0x18e4,0x10c4,0x10e4,0x10c5,0x18e4,0x10c5,
  0x18c4,0x10e5,0x10c4,0x18e5,0x08e4,0x18e5,0x08c4,0x18e5,0x10e4,0x18e5,0x10e4,0x18e5,0x18e4,0x1105,0x18e5,0x18e4,
  0x10e4,0x18e5,0x1904,0x10e5,0x18e4,0x18e5,0x18e5,0x1104,0x18e5,0x18e4,0x1904,0x10e5,0x1904,0x10e5,0x18e4,0x1905,
  0x18e4,0x10e5,0x18e4,0x18e5,0x10c4,0x18e5,0x08c4,0x18e5,0x10c3,0x10e5,0x10c4,0x18e5,0x10e4,0x18c5,0x10e4,0x10e4,
  0x18e4,0x08c4,0x18e4,0x10c5,0x10e4,0x18c5,0x18c4,0x10e5,0x10c3,0x1904,0x08c4,0x18e4,0x10e5,0x10e4,0x18c5,0x10c5,
  0x18e4,0x10c4,0x10e4,0x10c5,0x1104,0x18e5,0x18c5,0x18e3,0x10e5,0x10a3,0x10e5,0x08c3,0x10c4,0x10c3,0x08c5,0x10c3,
  0x10c5,0x08c3,0x10e4,0x18c4,0x08c3,0x10c5,0x08c3,0x10c5,0x10e4,0x08e5,0x18c4,0x10c4,0x10c5,0x10c3,0x10a4,0x10c4,
  0x10c3,0x08c4,0x10a4,0x08a5,0x10c3,0x08a4,0x10c4,0x10a3,0x10a4,0x10a3,0x08a4,0x10a3,0x08a5,0x10a3,0x10a4,0x08c4,
  0x10a3,0x10a4,0x08a4,0x10a4,0x10a3,0x08c4,0x10a3,0x08a4,0x10a4,0x10a3,0x08c4,0x10a3,0x10c4,0x10a3,0x08a4,0x10a3,
  0x10a4,0x08a3,0x10a4,0x10a3,0x08a4,0x10a3,0x08a4,0x10a3,0x10a3,0x08a4,0x10a3,0x10a4,0x08a3,0x10a4,0x10a3,0x10c4,
  0x08a3,0x10c4,0x10a3,0x08c4,0x10a3,0x08c4,0x10a3,0x10a4,0x10a3,0x10a4,0x10a3,0x08a4,0x10a3,0x08a4,0x10a3,0x10a4,
  0x08c3,0x10a4,0x08a3,0x10a4,0x10a3,0x08c4,0x10a3,0x10a4,0x08a4,0x10a3,0x08a3,0x10a3,0x08a4,0x10a3,0x10a4,0x08a3,
  0x10a4,0x08a4,0x10a3,0x10a4,0x08a3,0x10a4,0x10a3,0x10a3,0x10a4,0x08a3,0x10a4,0x10a3,0x10a4,0x08a3,0x10a4,0x10a3,
  0x08a4,0x10a3,0x10a4,0x08a3,0x10a4,0x08c3,0x10a4,0x08a3,0x10a4,0x10a3,0x08c4,0x10a3,0x10c4,0x10a3,0x08a4,0x10a3,
  0x10a4,0x08a3,0x10a4,0x10a3,0x10a3,0x10a4,0x08c3,0x10a4,0x10a3,0x10a3,0x08a3,0x10a4,0x08a3,0x10a4,0x10a3,0x08a3,
  0x10a4,0x10a3,0x08c4,0x10a4,0x10a3,0x08c4,0x10a3,0x10a4,0x10a3,0x08a3,0x10a4,0x10c3,0x10a4,0x10a4,0x08a3,0x10a4,
  0x10a4,0x10a3,0x08a4,0x10a3,0x08a3,0x10a4,0x10a3,0x08a3,0x10a4,0x10a3,0x10a4,0x08a4,0x10a3,0x10a3,0x10a4,0x10a3,
  0x08a4,0x10a3,0x08a4,0x10a3,0x10a4,0x08a3,0x10a4,0x10a4,0x10a3,0x08a4,0x10c3,0x10a4,0x08a3,0x10c4,0x10a3,0x08a4,
  0x10a3,0x08a4,0x10a3,0x10a4,0x08a3,0x10a4,0x10a3,0x08a4,0x10a3,0x08a4,0x10a3,0x10a4,0x08c3,0x10a4,0x08a3,0x10a4,
  0x08a3,0x10a4,0x08a3,0x10a4,0x10a3,0x08c4,0x10a4,0x10a3,0x08a3,0x10a4,0x10c3,0x08a4,0x10a3,0x10a4,0x10a4,0x08c3,
  0x10a4,0x10a3,0x10c3,0x08a4,0x10c3,0x08a4,0x10a3,0x10c4,0x10a3,0x08a4,0x10a3,0x10a4,0x08a3,0x10a4,0x08a3,0x10a4,
  0x10a3,0x08a4,0x10a3,0x10a4,0x08c3,0x10a4,0x08a3,0x10c4,0x10a3,0x08a4,0x10a3,0x10a4,0x08a3,0x10a4,0x10a3,0x08a4,
  0x10a3,0x10c3,0x08a4,0x10a3,0x10c4,0x08a3,0x10a4,0x08a4,0x10a3,0x10a4,0x08a3,0x10a4,0x08c3,0x10a4,0x10a4,0x10c3,
  0x08a4,0x10a3,0x10c4,0x08a3,0x10a4,0x10a3,0x08a4,0x10c3,0x10a4,0x08a3,0x10c3,0x10a3,0x08a3,0x10a4,0x08a3,0x10a4,
  0x10a3,0x08c4,0x10a3,0x10a3,0x08a4,0x10a3,0x10a4,0x10a3,0x10a3,0x08c4,0x10a3,0x08a4,0x10c3,0x08a4,0x10a3,0x10a3,
  0x10a4,0x10a3,0x08a4,0x10a3,0x08a4,0x10a3,0x10a4,0x08c4,0x10a3,0x10a4,0x08a3,0x10a4,0x10a3,0x08c4,0x10a3,0x08a4,
  0x10a3,0x08a4,0x10a3,0x10a4,0x08a3,0x10a4,0x10a3,0x08a4,0x10a3,0x10a4,0x08a3,0x10a4,0x08a5,0x10a3,0x10a4,0x10a3,
  0x08a4,0x10a4,0x10a4,0x08a3,0x10a4,0x10a3,0x08a5,0x10a3,0x08a4,0x10a3,0x10a4,0x10a3,0x08a4,0x10a3,0x10a5,0x08a3,
  0x10a4,0x10a5,0x08a3,0x10a4,0x08c4,0x10a5,0x10c4,0x08a5,0x10a3,0x08a5,0x10a3,0x10c4,0x10c5,0x10a3,0x08c4,0x10c5,
  0x10c4,0x08a4,0x10c4,0x10c5,0x08c4,0x10c5,0x08c4,0x10c5,0x10c4,0x10c5,0x10c4,0x08c5,0x10c4,0x10c5,0x10c4,0x08c5,
  0x10c4,0x10c5,0x10c4,0x10c5,0x10a3,0x10c5,0x08c4,0x10c5,0x10c4,0x10a4,0x18e4,0x08a4,0x18c4,0x10a4,0x08c4,0x10c5,
  0x10c4,0x10c5,0x10a3,0x10e5,0x10a3,0x18c5,0x10a3,0x10e5,0x18e4,0x18e5,0x18e5,0x18e4,0x10e5,0x18e4,0x18e5,0x10e4,
  0x18e5,0x18e4,0x10e5,0x18e4,0x10e5,0x18e4,0x10e5,0x18e4,0x18e5,0x10e4,0x18e5,0x18e4,0x18e5,0x18e4,0x10e5,0x18e4,
  0x10e5,0x18e4,0x18c5,0x18c4,0x10c5,0x10c4,0x10a4,0x18e4,0x08a4,0x18c4,0x10a4,0x08c4,0x10c5,0x10c4,0x10c5,0x08a3,
  0x18e5,0x10a3,0x10c5,0x10a3,0x10c5,0x10c4,0x08c5,0x10c4,0x10a4,0x10e5,0x10a3,0x18c5,0x08a3,0x10c5,0x10c4,0x10c5,
  0x08c4,0x10a4,0x18e4,0x10a4,0x18e4,0x08c5,0x10c4,0x08c5,0x10c4,0x10a5,0x08a3,0x10c5,0x10c4,0x10c5,0x10a3,0x10a4,
  0x08c4,0x10c5,0x10a4,0x10c5,0x10a3,0x10a5,0x10c3,0x10a4,0x08c4,0x10c5,0x10a4,0x08a3,0x10a5,0x10c4,0x08a5,0x10a3,
  0x08a4,0x10a3,0x10a4,0x10a3,0x08a4,0x10a3,0x10a4,0x08a5,0x10a3,0x08a5,0x10a3,0x10a4,0x10a3,0x08a4,0x10a3,0x10a4,
  0x10a4,0x08a4,0x10a3,0x10a4,0x08a3,0x10a4,0x10a3,0x10a4,0x10a3,0x08a4,0x10a3,0x10a4,0x08a3,0x10a4,0x10a3,0x08a4,
  0x10a3,0x10a4,0x08a3,0x10a4,0x10a4,0x08a3,0x10a4,0x10a3,0x08a4,0x10a3,0x10a4,0x10a3,0x10a4,0x08a3,0x10a4,0x08a3,
  0x10a4,0x10a3,0x08a4,0x10a3,0x10a4,0x10a3,0x10a4,0x08a3,0x10a4,0x08a3,0x10a4,0x10a3,0x08a4,0x10a3,0x10a4,0x08a3,
  0x10a4,0x10a3,0x10a4,0x10a3,0x08a4,0x10a3,0x10a4,0x08a3,0x10a4,0x10a3,0x10a4,0x08a4,0x10a3,0x10a4,0x10a3,0x10a4,
  0x08a3,0x10a4,0x10a3,0x10a4,0x10a3,0x08a4,0x10a3,0x08a4,0x10a3,0x10a4,0x10a3,0x08a4,0x10a3,0x10a4,0x10a3,0x08a4,
  0x10a3,0x10a4,0x10a3,0x10a4,0x08a3,0x10a4,0x10a3,0x10a4,0x10a3,0x08a4,0x10a3,0x10a4,0x08a3,0x10a4,0x10a3,0x08a4,
  0x10a3,0x10a4,0x08a3,0x10a4,0x08a4,0x10a3,0x10a4,0x10a3,0x08a4,0x10a4,0x10a4,0x08a3,0x10a4,0x10a3,0x08a4,0x10a3,
  0x08a4,0x10a3,0x10a4,0x10a3,0x08a4,0x10a3,0x10a4,0x08a3,0x10a4,0x10a4,0x08a3,0x10a4,0x08a3,0x10a4,0x10a3,0x08a4,
  0x10a3,0x08a4,0x10a3,0x10a4,0x10a4,0x10a3,0x08a4,0x10a4,0x10a3,0x08a4,0x10a3,0x10a4,0x08a3,0x10a4,0x08a3,0x10a4,
  0x10a3,0x10a4,0x10a3,0x08a4,0x10a3,0x10a4,0x10a3,0x08a4,0x10a3,0x10a4,0x10a3,0x08a4,0x10a3,0x10a4,0x08a3,0x10a4,
  0x10a3,0x10a4,0x10a3,0x08a4,0x10a3,0x10a4,0x08a3,0x10a4,0x10a3,0x10a4,0x10a3,0x08a4,0x10a3,0x10a4,0x10a3,0x08a4,
  0x10a3,0x10a4,0x10a4,0x10a3,0x08a4,0x10a3,0x10a4,0x08a3,0x10a4,0x10a3,0x08a4,0x10a3,0x08a4,0x10a3,0x08a4,0x10a3,
  0x10a4,0x08a3,0x10a4,0x10a3,0x10a4,0x10a3,0x08a4,0x10a3,0x08a4,0x10a3,0x10a4,0x10a3,0x10a4,0x10a3,0x10a4,0x10a3,
  0x08a4,0x10a3,0x10a4,0x08a3,0x10a4,0x10a3,0x10a4,0x08a3,0x10a4,0x10a3,0x08a4,0x10a3,0x10a4,0x10a3,0x08a4,0x10a3,
  0x10a4,0x08a4,0x10a3,0x10a4,0x08a3,0x10a4,0x10a3,0x10a4,0x08a3,0x10a4,0x10a3,0x10a4,0x10a3,0x08a4,0x10a3,0x08a4,
  0x10a3,0x10a4,0x08a3,0x10a4,0x10a3,0x10a4,0x10a3,0x10a4,0x08a3,0x10a4,0x10a4,0x08a4,0x10a3,0x10a4,0x10a3,0x10a4,
  0x08a3,0x10a4,0x10a4,0x08a3,0x10a4,0x10a3,0x08a4,0x10a3,0x08a4,0x10a3,0x10a4,0x10a3,0x08a4,0x10a3,0x10a4,0x08a4,
  0x10a3,0x08a4,0x10a3,0x10a4,0x10a3,0x08a4,0x10a3,0x10a4,0x10a3,0x08a4,0x10a3,0x10a4,0x08a3,0x10a4,0x10a3,0x10a4,
  0x10a4,0x10a4,0x08a3,0x10a4,0x08a4,0x10a3,0x08a4,0x10a3,0x08a4,0x10a3,0x10a4,0x08a3,0x10a5,0x08a3,0x10a4,0x08a3,
  0x10a4,0x08a3,0x10a4,0x10a4,0x08a4,0x10a3,0x10a4,0x08a3,0x10a4,0x08a3,0x10a4,0x08a3,0x10a5,0x08a3,0x10a5,0x08a4,
  0x10a4,0x08a3,0x10a5,0x10a3,0x08a4,0x10a4,0x08a4,0x10a4,0x10c5,0x08a3,0x10c5,0x08a3,0x08c5,0x10c4,0x10c5,0x08a3,
  0x18e5,0x10a3,0x08c5,0x10c4,0x10c5,0x08c4,0x10c5,0x08c4,0x10c5,0x08c4,0x10c5,0x08c4,0x10c5,0x08c4,0x10c5,0x08c4,
  0x10c5,0x08c4,0x10c5,0x10c4,0x08c5,0x10c4,0x10c5,0x08c4,0x10c5,0x08c4,0x10c5,0x10c4,0x08c5,0x10c4,0x10c5,0x08c4,
  0x10c5,0x08c4,0x10c5,0x08c4,0x10c5,0x08c4,0x10c5,0x08c4,0x10c5,0x08c4,0x08c5,0x18c4,0x18c5,0x10c4,0x10c5,0x18c4,
  0x08c5,0x10c5,0x10c4,0x10c5,0x10c4,0x10c5,0x18c4,0x08c5,0x18c4,0x10c5,0x10c4,0x08c5,0x08c4,0x18c5,0x10c4,0x18c5,
  0x10c5,0x10c4,0x10c5,0x08c4,0x08c5,0x08c4,0x10a4,0x10e4,0x10a4,0x10c4,0x10a4,0x10c4,0x08c5,0x10c4,0x08c5,0x10a3,
  0x10e5,0x10a3,0x10c5,0x10a3,0x08c5,0x10c4,0x08c5,0x10c4,0x08a4,0x18e4,0x08a4,0x18c4,0x10a4,0x08c4,0x10c5,0x08c4,
  0x10c5,0x08a3,0x18e5,0x08a3,0x18c5,0x08a3,0x10c5,0x10c4,0x08c5,0x10a4,0x10c5,0x08a3,0x10c5,0x08a3,0x08c5,0x10a3,
  0x10c5,0x08c4,0x10a4,0x10c4,0x08c5,0x10a3,0x08c5,0x10a4,0x08a4,0x10c4,0x08a4,0x10c4,0x08a5,0x10c4,0x08a4,0x10a3,
  0x10c5,0x08a3,0x10a4,0x08a3,0x10a5,0x08a3,0x10a4,0x08a4,0x10a4,0x10a3,0x08a4,0x10a3,0x08a4,0x10a3,0x08a5,0x10a3,
  0x08a4,0x10a3,0x08a5,0x10a3,0x10a4,0x08a3,0x10a4,0x08a3,0x10a4,0x10a4,0x08a3,0x10a4,0x08a4,0x10a3,0x08a4,0x10a3,
  0x08a4,0x10a3,0x10a4,0x08a3,0x10a4,0x08a3,0x10a4,0x08a4,0x10a3,0x08a4,0x10a3,0x08a4,0x10a3,0x08a4,0x10a3,0x10a4,
  0x08a3,0x10a4,0x10a3,0x08a4,0x10a3,0x08a4,0x10a3,0x08a4,0x10a3,0x08a4,0x10a3,0x08a4,0x10a3,0x08a4,0x10a3,0x10a4,
  0x08a3,0x10a4,0x08a3,0x10a4,0x08a3,0x10a4,0x08a3,0x10a4,0x08a3,0x10a4,0x08a3,0x10a4,0x10a3,0x08a4,0x08a3,0x10a4,
  0x10a3,0x08a4,0x10a3,0x08a4,0x10a3,0x08a4,0x10a3,0x10a4,0x08a4,0x08a3,0x10a4,0x08a3,0x10a4,0x08a3,0x10a4,0x10a3,
  0x08a4,0x10a3,0x08a4,0x10a3,0x08a4,0x10a3,0x08a4,0x08a3,0x10a4,0x10a4,0x08a3,0x10a4,0x08a4,0x10a3,0x08a4,0x10a3,
  0x08a4,0x10a3,0x10a4,0x08a3,0x10a4,0x08a3,0x10a4,0x08a3,0x10a4,0x08a3,0x10a4,0x10a3,0x08a4,0x10a3,0x10a4,0x08a3,
  0x10a4,0x08a3,0x10a4,0x08a3,0x10a4,0x08a3,0x10a4,0x08a3,0x10a4,0x08a3,0x10a4,0x10a3,0x08a4,0x10a3,0x08a4,0x10a3,
  0x10a4,0x08a3,0x10a4,0x08a3,0x08a4,0x10a3,0x10a4,0x08a3,0x10a4,0x10a3,0x08a4,0x10a3,0x10a4,0x08a3,0x10a4,0x08a3,
  0x10a4,0x08a3,0x10a4,0x08a3,0x10a4,0x08a3,0x10a4,0x08a3,0x10a4,0x08a3,0x10a4,0x10a3,0x08a4,0x10a3,0x10a4,0x08a3,
  0x10a4,0x08a3,0x10a4,0x10a3,0x08a4,0x10a3,0x10a4,0x08a3,0x10a4,0x08a3,0x10a4,0x08a3,0x10a4,0x08a3,0x10a4,0x08a3,
  0x10a4,0x08a3,0x08a4,0x10a3,0x10a4,0x08a3,0x10a4,0x10a3,0x08a4,0x10a4,0x10a3,0x10a4,0x08a3,0x10a4,0x10a3,0x08a4,
  0x10a3,0x08a4,0x10a3,0x08a4,0x08a3,0x10a4,0x08a3,0x10a4,0x10a4,0x08a3,0x10a4,0x08a3,0x08a4,0x08a3,0x10a4,0x08a3,
  0x10a4,0x08a3,0x10a4,0x10a3,0x08a4,0x10a3,0x08a4,0x10a3,0x08a4,0x10a3,0x08a4,0x10a3,0x08a4,0x10a3,0x08a4,0x10a3,
  0x08a4,0x10a3,0x08a4,0x10a3,0x10a4,0x08a3,0x10a4,0x08a3,0x10a4,0x08a3,0x10a4,0x08a3,0x10a4,0x08a3,0x10a4,0x10a3,
  0x08a4,0x10a3,0x10a4,0x08a3,0x10a4,0x08a3,0x08a4,0x10a3,0x10a4,0x08a3,0x10a4,0x10a3,0x08a4,0x10a3,0x08a4,0x10a3,
  0x08a4,0x10a3,0x08a4,0x10a3,0x08a4,0x10a3,0x08a4,0x10a3,0x10a4,0x08a3,0x10a4,0x08a3,0x10a4,0x08a3,0x10a4,0x08a3,
  0x10a4,0x10a3,0x08a4,0x10a3,0x08a4,0x10a3,0x08a4,0x10a3,0x08a4,0x10a3,0x08a4,0x10a3,0x10a4,0x08a3,0x10a4,0x08a3,
  0x08a3,0x10a4,0x08a3,0x10a4,0x10a3,0x08a4,0x10a3,0x10a4,0x08a3,0x10a4,0x08a4,0x10a4,0x08a3,0x10a4,0x08a3,0x10a4,
  0x08a3,0x10a4,0x08a3,0x10a4,0x08a4,0x10a4,0x08a3,0x10a4,0x10a3,0x08a4,0x10a3,0x10a5,0x08a3,0x10a5,0x10a3,0x08a5,
  0x10c4,0x10a4,0x08a3,0x10a5,0x08a3,0x10a5,0x10c4,0x08a4,0x10c4,0x08a4,0x10c4,0x10c5,0x10a3,0x08a4,0x10c4,0x08a4,
  0x10c4,0x08a5,0x10a3,0x08a4,0x10c4,0x08c5,0x10a3,0x10c5,0x08a3,0x10c5,0x08c4,0x10c5,0x08c4,0x10c5,0x08c4,0x10c5,
  0x08c4,0x10c5,0x08c4,0x10c5,0x08c4,0x10c5,0x08c4,0x10c5,0x08c4,0x10c5,0x08c4,0x10c5,0x08c4,0x10c5,0x08c4,0x10c5,
  0x08c4,0x10a4,0x08c4,0x10a4,0x10c5,0x08c4,0x10a4,0x10a4,0x08c5,0x18c4,0x10c5,0x10c4,0x10c5,0x10c4,0x10c5,0x10c4,
  0x10c5,0x08c4,0x10c5,0x10c4,0x18c5,0x08c4,0x18c5,0x08c4,0x18c5,0x10c4,0x08c5,0x18c4,0x10c5,0x10c4,0x10c5,0x10c4,
  0x10c5,0x08c4,0x10c5,0x10c5,0x10c4,0x10c5,0x08a3,0x10c5,0x10c4,0x08c5,0x10c4,0x08c5,0x10c4,0x08c5,0x10c4,0x08c5,
  0x10c4,0x10c5,0x08c4,0x10c5,0x08c4,0x10c5,0x10c4,0x08c5,0x10c4,0x10c5,0x08c4,0x10c5,0x08c4,0x10c5,0x08c4,0x10c5,
  0x10c4,0x08a5,0x10c4,0x08a4,0x10c4,0x10a4,0x08c4,0x10c5,0x08a3,0x10c5,0x08c4,0x10c5,0x08a3,0x10c5,0x10c4,0x08c5,
  0x10a4,0x08c4,0x10a4,0x08c4,0x10c5,0x08c4,0x10a4,0x08c4,0x10a4,0x10c4,0x08c5,0x10a3,0x10a4,0x08c4,0x10a4,0x08c4,
  0x10a4,0x08a3,0x10a4,0x08a3,0x10a4,0x10a3,0x08a4,0x10a3,0x08a4,0x10a4,0x08a4,0x10a3,0x10a5,0x08a3,0x10a4,0x08a3,
  0x10a4,0x10a3,0x08a4,0x10a3,0x08a4,0x10a3,0x08a4,0x10a3,0x08a3,0x10a4,0x08a3,0x10a4,0x10a3,0x08a4,0x10a3,0x10a4,
  0x08a3,0x10a4,0x08a3,0x10a4,0x10a3,0x10a4,0x08a3,0x10a4,0x10a3,0x08a4,0x10a3,0x08a4,0x10a3,0x10a4,0x08a3,0x10a4,
  0x08a3,0x10a4,0x08a3,0x10a4,0x08a3,0x10a4,0x08a3,0x10a4,0x10a3,0x08a4,0x10a3,0x10a4,0x08a3,0x10a4,0x08a3,0x10a4,
  0x08a3,0x10a4,0x08a3,0x10a4,0x10a3,0x08a4,0x10a3,0x10a4,0x08a3,0x10a4,0x10a3,0x08a4,0x10a3,0x08a4,0x10a3,0x08a4,
  0x10a3,0x08a4,0x10a3,0x08a4,0x10a3,0x08a4,0x10a3,0x08a4,0x10a3,0x10a4,0x08a3,0x10a4,0x08a3,0x10a4,0x08a3,0x10a4,
  0x08a3,0x10a4,0x08a3,0x10a4,0x10a3,0x08a4,0x10a3,0x10a4,0x08a3,0x10a4,0x08a3,0x10a4,0x10a3,0x08a4,0x10a3,0x10a4,
  0x08a3,0x10a4,0x08a3,0x10a4,0x08a3,0x10a4,0x08a3,0x10a4,0x08a3,0x10a4,0x08a3,0x10a4,0x08a3,0x10a4,0x08a3,0x10a4,
  0x10a3,0x08a4,0x10a3,0x10a4,0x08a3,0x10a4,0x10a3,0x08a4,0x10a3,0x10a4,0x08a3,0x10a4,0x08a3,0x10a4,0x10a3,0x08a4,
  0x10a3,0x08a4,0x10a3,0x10a4,0x10a3,0x08a4,0x10a3,0x08a4,0x10a3,0x08a4,0x10a3,0x08a4,0x10a3,0x08a4,0x10a3,0x10a4,
  0x08a3,0x10a4,0x08a3,0x10a4,0x08a3,0x10a4,0x08a3,0x10a4,0x08a3,0x10a4,0x08a3,0x10a4,0x08a3,0x10a4,0x08a3,0x10a4,
  0x08a3,0x10a4,0x08a3,0x10a4,0x08a3,0x10a4,0x08a3,0x10a4,0x08a3,0x10a4,0x08a3,0x10a4,0x10a4,0x08a3,0x10a4,0x10a3,
  0x08a4,0x10a3,0x10a4,0x08a3,0x10a4,0x08a3,0x10a4,0x08a3,0x10a4,0x08a3,0x08a4,0x10a3,0x10a4,0x08a3,0x10a4,0x08a3,
  0x10a4,0x10a3,0x08a4,0x10a3,0x10a4,0x08a3,0x10a4,0x08a3,0x10a4,0x08a3,0x10a4,0x10a4,0x10a3,0x10a4,0x08a3,0x10a4,
  0x10a3,0x08a4,0x10a3,0x08a4,0x10a3,0x08a4,0x10a3,0x08a4,0x10a3,0x10a4,0x08a3,0x10a4,0x08a3,0x10a4,0x10a3,0x08a4,
  0x10a3,0x10a4,0x08a3,0x10a4,0x08a3,0x10a4,0x08a3,0x10a4,0x10a3,0x08a4,0x10a3,0x08a4,0x10a3,0x10a4,0x08a3,0x10a4,
  0x08a3,0x10a4,0x08a3,0x10a4,0x08a3,0x10a4,0x10a3,0x08a4,0x10a4,0x08a3,0x10a4,0x08a3,0x10a4,0x08a3,0x10a4,0x08a3,
  0x10a4,0x10a3,0x08a4,0x10a3,0x10a4,0x08a3,0x10a4,0x08a3,0x10a4,0x08a3,0x10a4,0x08a3,0x10a4,0x10a3,0x08a4,0x10a3,
  0x08a4,0x10a3,0x08a4,0x10a3,0x10a4,0x08a3,0x10a4,0x08a3,0x10a4,0x10a3,0x08a4,0x10a3,0x08a4,0x10a3,0x08a4,0x10a3,
  0x10a4,0x08a3,0x10a4,0x08a3,0x10a4,0x08a3,0x10a4,0x08a3,0x10a4,0x08a3,0x10a4,0x10a3,0x08a4,0x10a4,0x10a4,0x08a3,
  0x10a5,0x10a3,0x08a4,0x10a3,0x10a4,0x08a3,0x10a4,0x08a3,0x10a4,0x10a4,0x08a4,0x10a3,0x10a4,0x08a3,0x10a4,0x10a3,
  0x08a5,0x10a4,0x08a4,0x10a3,0x10a4,0x08a3,0x10a4,0x08c4,0x10c4,0x10c4,0x08a4,0x08a4,0x10a4,0x08c4,0x10c4,0x08c4,
  0x10a4,0x08a3,0x10c5,0x08a3,0x10c5,0x10c4,0x08a4,0x10a4,0x08c4,0x10a4,0x10c3,0x08c5,0x10c4,0x10c5,0x08c4,0x10c5,
  0x10c4,0x08c4,0x10c4,0x08c4,0x10c5,0x08c4,0x10c5,0x08c4,0x10c5,0x08c4,0x10c4,0x08c4,0x10c4,0x08c4,0x10c5,0x08c4,
  0x10c5,0x08a4,0x10a3,0x08c5,0x10a3,0x08a4,0x10a4,0x08c5,0x10c4,0x08c5,0x10c4,0x10c5,0x10a3,0x18c5,0x08c4,0x10c5,
  0x08c4,0x10c5,0x10c4,0x08c5,0x18c4,0x08a4,0x18c4,0x10c5,0x08c4,0x10c5,0x08c4,0x10c5,0x08c5,0x18c4,0x10a4,0x10c4,
  0x18c5,0x10c4,0x10c5,0x10c4,0x10c5,0x08a3,0x10a5,0x08a3,0x10c4,0x08c4,0x10a4,0x10c4,0x08c5,0x10c4,0x10a4,0x08c4,
  0x10a4,0x10e4,0x10a4,0x10c4,0x08c5,0x10c4,0x08c5,0x10a3,0x08c5,0x10a3,0x18e5,0x08a3,0x10c5,0x08c4,0x10c5,0x08c4,
  0x10a4,0x10a3,0x08c5,0x10a3,0x08a4,0x10a4,0x08a4,0x10c4,0x08a4,0x10a3,0x08a4,0x10e4,0x10a4,0x08c4,0x10c4,0x08c5,
  0x10c4,0x08c5,0x10a3,0x08a4,0x10c4,0x10a4,0x08a3,0x10c5,0x08a3,0x10a4,0x10c4,0x08a4,0x10a4,0x10a4,0x08a3,0x10a4,
  0x10a3,0x08a4,0x10a3,0x10a4,0x08a3,0x10a4,0x10a3,0x08a5,0x10a3,0x10a4,0x08a3,0x10a4,0x08a3,0x10a4,0x10a3,0x08a4,
  0x10a4,0x08a4,0x10a3,0x08a4,0x10a3,0x10a4,0x08a3,0x10a4,0x10a4,0x08a3,0x10a4,0x08a3,0x10a4,0x08a3,0x10a4,0x08a3,
  0x10a4,0x08a3,0x10a4,0x10a3,0x08a3,0x10a4,0x08a3,0x10a4,0x08a3,0x10a4,0x10a3,0x08a4,0x10a4,0x08a3,0x10a4,0x08a3,
  0x10a4,0x08a3,0x10a4,0x08a3,0x10a4,0x10a3,0x08a4,0x10a3,0x08a4,0x10a3,0x08a4,0x10a3,0x10a4,0x08a3,0x10a4,0x10a3,
  0x08a4,0x10a3,0x10a4,0x08a3,0x10a4,0x08a3,0x10a4,0x08a3,0x10a4,0x08a3,0x10a4,0x08a3,0x10a4,0x10a3,0x08a4,0x10a4,
  0x08a3,0x10a4,0x10a3,0x08a4,0x10a3,0x10a4,0x08a3,0x10a4,0x08a3,0x10a4,0x10a3,0x08a4,0x10a4,0x10a3,0x08a4,0x10a3,
  0x08a4,0x10a3,0x10a4,0x08a3,0x10a4,0x08a3,0x10a4,0x08a3,0x10a4,0x08a3,0x10a4,0x08a3,0x10a4,0x08a3,0x10a4,0x08a3,
  0x10a4,0x08a3,0x10a4,0x10a3,0x08a4,0x10a3,0x10a4,0x08a3,0x10a4,0x10a3,0x08a4,0x10a3,0x10a4,0x08a3,0x10a4,0x08a3,
  0x10a4,0x10a3,0x08a4,0x10a3,0x10a4,0x08a3,0x10a4,0x10a3,0x08a4,0x10a3,0x08a4,0x10a3,0x10a4,0x08a3,0x10a4,0x08a3,
  0x10a4,0x10a3,0x08a4,0x08a3,0x10a4,0x08a3,0x10a4,0x08a3,0x10a4,0x08a3,0x10a4,0x08a3,0x10a4,0x10a3,0x08a4,0x10a4,
  0x08a3,0x10a4,0x10a3,0x08a4,0x10a3,0x10a4,0x08a3,0x10a4,0x10a3,0x08a4,0x10a3,0x08a4,0x10a4,0x08a3,0x10a4,0x08a3,
  0x10a4,0x08a3,0x10a4,0x08a3,0x10a4,0x08a3,0x10a4,0x08a3,0x10a4,0x08a4,0x10a3,0x08a4,0x10a3,0x08a4,0x10a3,0x08a4,
  0x10a3,0x08a4,0x10a3,0x08a4,0x10a3,0x10a4,0x08a3,0x10a4,0x08a3,0x10a4,0x10a3,0x08a4,0x10a3,0x08a4,0x10a3,0x10a4,
  0x08a3,0x10a4,0x08a3,0x10a4,0x08a4,0x10a3,0x10a4,0x08a3,0x10a4,0x10a3,0x08a4,0x08a3,0x10a4,0x08a3,0x10a4,0x08a3,
  0x10a4,0x08a3,0x10a4,0x10a3,0x08a4,0x10a3,0x10a4,0x08a3,0x10a4,0x08a3,0x10a4,0x10a3,0x08a4,0x10a3,0x08a4,0x10a3,
  0x08a4,0x10a3,0x10a4,0x08a3,0x10a4,0x08a3,0x10a4,0x08a3,0x10a4,0x10a3,0x08a4,0x10a3,0x08a4,0x10a3,0x08a4,0x10a3,
  0x08a4,0x10a3,0x08a4,0x10a3,0x10a4,0x08a4,0x10a3,0x08a4,0x10a3,0x08a4,0x10a3,0x08a4,0x10a3,0x10a4,0x08a3,0x10a4,
  0x08a3,0x10a4,0x10a3,0x08a4,0x10a3,0x10a4,0x08a3,0x10a4,0x10a3,0x08a4,0x10a3,0x10a4,0x08a3,0x10a4,0x10a3,0x08a4,
  0x10a3,0x10a4,0x08a3,0x10a4,0x08a3,0x10a4,0x10a3,0x08a4,0x10a3,0x08a4,0x10a3,0x08a4,0x10a3,0x10a4,0x08a3,0x10a4,
  0x08a4,0x10a3,0x10a4,0x08a3,0x10a4,0x10a3,0x08a4,0x10a3,0x10a4,0x08a3,0x10a4,0x08a3,0x10a4,0x08a3,0x10a4,0x10a4,
  0x08a3,0x10a4,0x08a3,0x10c5,0x08a3,0x10a4,0x08a3,0x10a5,0x08a4,0x10a3,0x08a4,0x10a4,0x08a3,0x18c5,0x10c3,0x18c5,
  0x08c3,0x10a5,0x08a4,0x10c5,0x08a3,0x10c5,0x08a3,0x10a4,0x08a3,0x10a4,0x10a4,0x10a4,0x08c4,0x10c4,0x10c3,0x08a4,
  0x18c4,0x10a4,0x08c4,0x18c5,0x10e4,0x18e3,0x10e5,0x10a3,0x18e5,0x08a3,0x18e5,0x10e4,0x18e5,0x10e4,0x18e5,0x10e4,
  0x18e5,0x18c4,0x10e5,0x18e4,0x18e5,0x10e4,0x18e5,0x18e4,0x10e5,0x18e5,0x18c4,0x10e5,0x18e4,0x18e5,0x10e5,0x18e4,
  0x18e5,0x18e4,0x10c5,0x18e4,0x18c5,0x10c4,0x18e5,0x18e4,0x10e5,0x18e4,0x18e5,0x10e4,0x18c5,0x10e4,0x18c5,0x18e4,
  0x18e5,0x10e4,0x18e5,0x10e4,0x18e5,0x18c5,0x10e4,0x18c5,0x10e5,0x18e4,0x18e5,0x10e4,0x18e5,0x10e4,0x18c5,0x18c4,
  0x10e5,0x18e4,0x18e5,0x10e4,0x18e5,0x10c4,0x18e5,0x10c5,0x18c3,0x18e5,0x10c4,0x18e5,0x10e4,0x18e5,0x10e5,0x18e4,
  0x10c5,0x18e5,0x10e4,0x18e5,0x10e4,0x18e5,0x18e4,0x10e5,0x18e4,0x10c5,0x18e4,0x10e5,0x18e4,0x18e5,0x10e4,0x18e5,
  0x10e4,0x10a4,0x10e4,0x18c4,0x18c4,0x10e5,0x10c4,0x10e5,0x08c4,0x10c5,0x10a4,0x08e4,0x18c5,0x08c3,0x10c4,0x08c3,
  0x10a4,0x10c3,0x08c5,0x10c3,0x08a4,0x10c3,0x10c5,0x08c3,0x10c4,0x08c4,0x10c4,0x08a3,0x18c4,0x08a3,0x10a4,0x08c5,
  0x10a3,0x10a4,0x08a5,0x10a3,0x08a4,0x10c4,0x08a4,0x10a3,0x08a4,0x10a3,0x08a4,0x10a4,0x10a4,0x08a4,0x10c4,0x08a4,
  0x10a3,0x10a4,0x08a4,0x10a3,0x08a4,0x10a3,0x08a4,0x10a3,0x08a4,0x10a3,0x10a4,0x08a3,0x10a4,0x10a3,0x08a4,0x10a3,
  0x10a4,0x08a3,0x10a4,0x08a3,0x10a3,0x08a4,0x10a3,0x08a4,0x10a3,0x08a4,0x10a4,0x08a3,0x10a4,0x08a3,0x10a4,0x10a4,
  0x08a3,0x10a4,0x10a3,0x0884,0x10a3,0x08a4,0x10a4,0x08a3,0x10a4,0x10a4,0x08a3,0x10a4,0x08a3,0x10a4,0x08a4,0x10a3,
  0x08a4,0x10a4,0x08a3,0x10a4,0x08a3,0x10a4,0x10a4,0x08a3,0x10a4,0x10a4,0x08a3,0x10a4,0x08a3,0x10a4,0x10a3,0x08a4,
  0x10a3,0x08a4,0x10a3,0x08a4,0x10a3,0x08a4,0x10a3,0x10a4,0x08a3,0x10a4,0x08a3,0x10a4,0x08a3,0x10a4,0x08a3,0x10a4,
  0x10a3,0x08a4,0x10a3,0x08a4,0x10a3,0x08a4,0x10a4,0x10a3,0x08a4,0x10a3,0x10a4,0x08a3,0x10a4,0x10a3,0x08a4,0x10a3,
  0x10a4,0x08a3,0x10a4,0x08a3,0x10a4,0x08a3,0x10a4,0x10a4,0x08a3,0x10a4,0x08a3,0x10a4,0x08a3,0x10a4,0x08a3,0x10a4,
  0x08a4,0x10a3,0x08a4,0x10a4,0x08a3,0x10a4,0x08a3,0x10a4,0x08a3,0x10a4,0x08a3,0x10a4,0x08a3,0x10a4,0x08a3,0x10a4,
  0x08a3,0x10a4,0x10a3,0x10a4,0x08a3,0x10a4,0x10a3,0x08a4,0x10a3,0x10a4,0x08a3,0x10a4,0x08a4,0x10a3,0x08a4,0x10a3,
  0x10a4,0x08a3,0x10a4,0x08a3,0x10a4,0x08a3,0x10a4,0x08a3,0x10a4,0x10a3,0x08a4,0x10a3,0x10a4,0x08a3,0x10a4,0x10a3,
  0x08a4,0x10a4,0x10a3,0x08a4,0x10a3,0x10a4,0x08a4,0x10a3,0x10a4,0x10a3,0x08a4,0x10a3,0x10a4,0x08a3,0x10a4,0x10a3,
  0x08a4,0x10a3,0x10a4,0x08a3,0x10a4,0x08a3,0x10a4,0x10a3,0x10a4,0x08a3,0x10a4,0x08a3,0x10a4,0x10a4,0x08a3,0x10a4,
  0x08a4,0x10a3,0x10a4,0x08a3,0x10a4,0x08a3,0x10a4,0x1083,0x08a4,0x10a3,0x10a4,0x08a3,0x10a4,0x08a3,0x10a4,0x08a4,
  0x10a3,0x10a4,0x08a3,0x10a4,0x08a3,0x10a4,0x08a4,0x10a3,0x08a4,0x10a4,0x08a3,0x10a4,0x08a3,0x10a4,0x10a3,0x08a4,
  0x10a3,0x08a4,0x10a3,0x08a4,0x10a3,0x10a4,0x08a3,0x10a4,0x08a3,0x10a4,0x08a3,0x10a4,0x10a3,0x08a4,0x10a3,0x10a4,
  0x08a3,0x10a4,0x10a4,0x08a3,0x10a4,0x08a3,0x10a4,0x08a3,0x10a4,0x10a3,0x08a4,0x10a3,0x08a4,0x10a3,0x10a4,0x08a3,
  0x10a4,0x08a3,0x10a4,0x08a3,0x10a4,0x08a3,0x10a4,0x08a4,0x10a3,0x10a4,0x08a4,0x10a3,0x08a4,0x10a3,0x08a4,0x10a3,
  0x08a4,0x10a3,0x08a4,0x10a3,0x10a4,0x08a4,0x10a3,0x08a4,0x10a3,0x10a4,0x08a4,0x10a3,0x08a4,0x10a3,0x08a4,0x10a3,
  0x10a3,0x08a4,0x10a3,0x0884,0x10a3,0x08a4,0x10a3,0x08a4,0x10a3,0x08a4,0x10a3,0x10a4,0x08a3,0x10a4,0x08a3,0x10a4,
  0x08a3,0x10a5,0x10a3,0x08a4,0x10a3,0x10a4,0x08a4,0x10a3,0x10a4,0x08a3,0x10a4,0x08c4,0x10a4,0x08a3,0x1084,0x08a3,
  0x10c4,0x10c4,0x08a3,0x10a4,0x08c4,0x10a3,0x18e5,0x08a3,0x10c4,0x08a3,0x08c4,0x10a3,0x08c4,0x18e4,0x10e5,0x10e4,
  0x10e5,0x18e4,0x18e4,0x10e4,0x10c5,0x08c4,0x18e5,0x10e3,0x18e5,0x10e3,0x10a4,0x18e5,0x10e4,0x18e5,0x18e5,0x10e4,
  0x18e5,0x10e5,0x18e4,0x10e5,0x18e4,0x18e5,0x10e4,0x18e5,0x18e4,0x10e5,0x18e4,0x18e5,0x10e5,0x18e4,0x18e5,0x10e4,
  0x10e5,0x18e4,0x18e5,0x10e4,0x18e5,0x10e4,0x18e5,0x10e5,0x10c4,0x08c5,0x10c3,0x10c5,0x10a4,0x18e4,0x08a4,0x08c5,
  0x10c4,0x08c5,0x10c4,0x10c4,0x10a4,0x10a4,0x10e4,0x10a4,0x08c4,0x10a5,0x08c4,0x10c5,0x10c3,0x10a5,0x18c4,0x10e5,
  0x18c4,0x10c5,0x18c4,0x10c5,0x18c4,0x18e5,0x10e4,0x18e5,0x10e4,0x18e5,0x10e5,0x18e4,0x18e5,0x10e4,0x18e5,0x18e4,
  0x10c5,0x18e4,0x18e5,0x10e4,0x18e5,0x10e5,0x18e4,0x18e5,0x10e5,0x18e4,0x10e5,0x18e5,0x10e4,0x18e5,0x18e5,0x10e4,
  0x18e5,0x10e4,0x18e5,0x10c5,0x18c3,0x08c4,0x18a5,0x10c4,0x18e4,0x10e4,0x18e5,0x10c4,0x18e5,0x10e4,0x10e5,0x10c4,
  0x08c5,0x10a4,0x10c4,0x08a3,0x18e5,0x08a4,0x10c3,0x08c4,0x10c3,0x10c4,0x10c4,0x18c5,0x10c4,0x10e5,0x10a3,0x08a4,
  0x10a3,0x08a4,0x10a3,0x08a4,0x10a3,0x08a4,0x10a3,0x10a4,0x08a3,0x10c5,0x10a4,0x08a3,0x10a4,0x08a3,0x10a4,0x10a3,
  0x08a4,0x10a3,0x08a4,0x10a3,0x10a4,0x08a3,0x10a4,0x08a4,0x10a3,0x08a4,0x10a3,0x0884,0x10a3,0x08a4,0x10a3,0x08a4,
  0x10a3,0x08a4,0x10a3,0x10a4,0x10a4,0x08a3,0x10a4,0x10a3,0x08a4,0x10a3,0x10a4,0x08a3,0x10a4,0x10a3,0x08a4,0x10a3,
  0x10a4,0x08a3,0x10a4,0x08a4,0x10a3,0x10a4,0x08a3,0x1084,0x08a3,0x10a4,0x08a3,0x10a4,0x08a4,0x10a3,0x10a4,0x08a3,
  0x10a4,0x08a3,0x10a4,0x08a3,0x10a4,0x08a3,0x10a4,0x10a3,0x08a4,0x10a3,0x08a4,0x10a3,0x10a4,0x08a3,0x10a4,0x08a3,
  0x10a4,0x10a3,0x08a4,0x10a3,0x08a4,0x10a4,0x08a3,0x10a4,0x08a3,0x10a4,0x10a3,0x08a4,0x10a3,0x10a4,0x08a3,0x10a4,
  0x08a4,0x10a3,0x08a4,0x10a4,0x08a3,0x10a4,0x08a3,0x10a4,0x10a3,0x08a4,0x10a3,0x0884,0x10a3,0x08a4,0x10a3,0x08a4,
  0x10a3,0x08a4,0x10a3,0x10a4,0x08a3,0x10a4,0x08a3,0x10a4,0x08a3,0x10a4,0x10a3,0x08a4,0x10a3,0x10a4,0x08a4,0x10a3,
  0x10a4,0x08a3,0x10a4,0x08a3,0x10a4,0x08a3,0x1084,0x08a3,0x10a4,0x10a4,0x08a3,0x10a4,0x08a4,0x10a3,0x10a4,0x08a3,
  0x10a4,0x08a3,0x08a4,0x10a3,0x08a4,0x10a3,0x08a4,0x10a3,0x08a4,0x10a3,0x10a4,0x08a3,0x10a4,0x08a3,0x10a4,0x08a3,
  0x10a4,0x08a3,0x10a4,0x10a4,0x08a3,0x10a4,0x10a4,0x08a3,0x10a4,0x08a4,0x10a3,0x08a4,0x10a3,0x10a4,0x08a3,0x10a4,
  0x10a3,0x08a4,0x10a3,0x10a4,0x08a4,0x10a3,0x10a4,0x08a3,0x08a4,0x10a3,0x10a4,0x08a3,0x10a4,0x08a3,0x10a4,0x08a4,
  0x10a3,0x08a4,0x10a3,0x08a4,0x10a4,0x10a3,0x08a4,0x08a4,0x10a3,0x08a4,0x10a3,0x10a4,0x0883,0x10a4,0x08a3,0x10a4,
  0x08a3,0x1084,0x08a3,0x10a4,0x10a3,0x0884,0x10a3,0x08a4,0x10a3,0x08a4,0x10a3,0x08a4,0x10a3,0x10a4,0x08a3,0x10a4,
  0x08a3,0x10a4,0x08a4,0x10a3,0x10a4,0x08a3,0x10a4,0x10a3,0x0884,0x10a3,0x10a4,0x08a3,0x10a4,0x08a4,0x10a3,0x10a4,
  0x08a4,0x10a3,0x08a4,0x10a4,0x08a3,0x10a4,0x10a4,0x08a3,0x10a4,0x08a3,0x10a4,0x08a4,0x10a3,0x08a4,0x1084,0x08a3,
  0x10a4,0x08a3,0x10a4,0x0883,0x10a4,0x10a3,0x08a4,0x10a3,0x08a4,0x1083,0x10a4,0x08a3,0x10a4,0x08a4,0x10a3,0x08a4,
  0x10a3,0x10a4,0x08a3,0x10a4,0x08a3,0x10a4,0x10a3,0x08a4,0x10a3,0x08a4,0x10a3,0x08a4,0x10a3,0x08a4,0x10a3,0x10a4,
  0x08a3,0x10a4,0x10a4,0x08a3,0x10a4,0x08a3,0x10a4,0x10a3,0x08a4,0x10a3,0x08a4,0x10a3,0x10a4,0x08a3,0x10a4,0x08a4,
  0x10a3,0x08a4,0x10a3,0x10a4,0x08a3,0x10a4,0x10a3,0x0884,0x10a3,0x10a4,0x08a3,0x10a4,0x08a3,0x10a4,0x10a3,0x0883,
  0x10a4,0x08a3,0x10a4,0x08a3,0x10a4,0x10c4,0x10a3,0x08a4,0x10a4,0x08a4,0x10a4,0x1083,0x08a3,0x10a4,0x18e4,0x08a4,
  0x10c4,0x08c4,0x10c5,0x1084,0x08a3,0x10a4,0x08a3,0x10a5,0x10a3,0x10c5,0x08c4,0x10a5,0x10c4,0x08c4,0x18c3,0x10a4,
  0x10e4,0x10a4,0x08c4,0x10c4,0x10e4,0x10c4,0x08c5,0x10a3,0x10e4,0x10e4,0x10e4,0x18e4,0x10e5,0x18e4,0x10e4,0x18e5,
  0x10e4,0x18e4,0x18e5,0x10e4,0x18e5,0x10c4,0x18e5,0x10e4,0x18e5,0x10c4,0x18e5,0x10e4,0x18e4,0x10e4,0x18e5,0x18e4,
  0x10e4,0x18e5,0x10e4,0x18e5,0x10e4,0x18e5,0x10c4,0x18e4,0x18e5,0x10e4,0x18e5,0x18e4,0x10e4,0x18e5,0x10e4,0x18c4,
  0x18e5,0x10e4,0x18e5,0x10e4,0x18e5,0x10e4,0x18e4,0x10e5,0x18e4,0x10e4,0x18e5,0x10e4,0x18e5,0x10e4,0x18e5,0x10e4,
  0x18e5,0x10e4,0x18e5,0x18e4,0x10c5,0x18e4,0x18e4,0x10e5,0x18e3,0x10e4,0x18e4,0x10e5,0x18c4,0x10e5,0x18e4,0x10e4,
  0x18e5,0x10e3,0x18e4,0x18e5,0x10e4,0x18e3,0x10e5,0x18e4,0x10e4,0x18e5,0x18e4,0x10c4,0x18e5,0x10e4,0x18e4,0x18c5,
  0x10e4,0x18c5,0x18e3,0x08c4,0x18e5,0x18e4,0x10e4,0x18e4,0x18c4,0x10c5,0x10a3,0x10e3,0x10c5,0x18e4,0x10c4,0x10c4,
  0x10c3,0x08c4,0x10c4,0x08a4,0x18e3,0x1083,0x10c5,0x10a3,0x08c5,0x10a3,0x08c4,0x10c3,0x10a4,0x10e4,0x10a4,0x08a3,
  0x10a3,0x0884,0x10a4,0x10a4,0x08a4,0x1083,0x08a4,0x18c4,0x08a4,0x1083,0x08a3,0x10a4,0x08a4,0x10a3,0x08a4,0x1083,
  0x08a4,0x10a3,0x10a3,0x08a4,0x1083,0x08a4,0x10a3,0x10a3,0x10a3,0x08a4,0x10a3,0x10a4,0x08a3,0x10a4,0x10a3,0x0884,
  0x10a3,0x10a4,0x08a3,0x10a4,0x08a3,0x10a4,0x08a3,0x10a4,0x10a3,0x08a4,0x10a3,0x08a3,0x10a4,0x08a3,0x10a3,0x08a4,
  0x10a3,0x0884,0x10a3,0x10a3,0x08a4,0x10a3,0x08a3,0x10a4,0x10a3,0x08a3,0x10a4,0x10a3,0x08a3,0x10a3,0x08a4,0x10a3,
  0x10a3,0x08a4,0x10a3,0x1084,0x08a3,0x10a4,0x08a3,0x1083,0x08a4,0x10a3,0x10a3,0x08a4,0x10a3,0x08a4,0x10a3,0x10a4,
  0x08a3,0x10a4,0x08a3,0x10a4,0x10a3,0x08a3,0x10a4,0x10a3,0x08a4,0x10a3,0x08a4,0x10a3,0x08a4,0x10a3,0x08a4,0x10a3,
  0x10a3,0x08a4,0x10a3,0x10a3,0x08a4,0x10a3,0x1083,0x08a4,0x10a3,0x08a4,0x10a3,0x10a4,0x08a3,0x10a4,0x10a3,0x0884,
  0x10a3,0x10a4,0x08a3,0x10a4,0x08a3,0x10a4,0x10a3,0x0883,0x10a4,0x08a3,0x10a4,0x08a3,0x10a4,0x08a3,0x10a3,0x08a4,
  0x10a3,0x08a3,0x10a4,0x1083,0x08a3,0x10a4,0x10a3,0x08a4,0x10a3,0x08a3,0x10a4,0x1083,0x08a3,0x10a4,0x08a3,0x1084,
  0x10a3,0x10a4,0x08a3,0x1084,0x10a3,0x08a4,0x10a3,0x10a4,0x08a3,0x10a4,0x08a3,0x10a4,0x10a3,0x10a3,0x08a4,0x10a3,
  0x08a4,0x10a3,0x08a3,0x10a3,0x08a4,0x10a3,0x08a3,0x10a4,0x08a3,0x10a3,0x10a4,0x08a3,0x10a4,0x0883,0x10a4,0x08a3,
  0x10a4,0x0883,0x10a4,0x08a3,0x10a3,0x08a3,0x10a4,0x10a3,0x08a3,0x10a4,0x08a3,0x10a4,0x08a3,0x10a4,0x0883,0x10a3,
  0x10a4,0x08a3,0x10a4,0x10a3,0x08a3,0x10a4,0x08a3,0x1083,0x10a4,0x08a3,0x10a4,0x08a3,0x10a4,0x08a3,0x10a3,0x08a4,
  0x10a3,0x08a3,0x10a4,0x08a3,0x10a4,0x08a3,0x10a4,0x08a3,0x10a4,0x08a3,0x10a4,0x10a3,0x0884,0x10a3,0x10a3,0x08a4,
  0x10a3,0x08a3,0x10a3,0x08a4,0x1083,0x08a4,0x10a3,0x08a3,0x10a4,0x08a3,0x10a3,0x10a4,0x08a3,0x10a3,0x08a4,0x10a3,
  0x08a3,0x10a4,0x10a3,0x0883,0x10a4,0x08a3,0x10a3,0x1084,0x08a3,0x10a4,0x10a3,0x0883,0x10a4,0x10a3,0x08a3,0x10a4,
  0x10a3,0x08a4,0x10a3,0x10a3,0x08a4,0x10a3,0x08a3,0x10a4,0x10a3,0x08a4,0x10a3,0x08a4,0x10a3,0x1083,0x08a4,0x10a3,
  0x08a4,0x1083,0x08a4,0x10a3,0x10a4,0x08a3,0x10a4,0x08a3,0x10a3,0x0884,0x10a3,0x10a3,0x08a4,0x1083,0x08a4,0x10a3,
  0x08a4,0x1083,0x08a3,0x10a4,0x08a3,0x10a3,0x08a4,0x1083,0x08a4,0x10a3,0x10a3,0x08a4,0x1083,0x08a4,0x10a3,0x10a3,
  0x10a3,0x0883,0x10a4,0x0883,0x10a3,0x0884,0x10a3,0x08a3,0x10a4,0x0883,0x10a4,0x0883,0x10a3,0x0884,0x10a3,0x08a4,
  0x1084,0x10a3,0x0884,0x10a3,0x0883,0x10a4,0x1083,0x08a3,0x1084,0x10a3,0x0883,0x10a4,0x08a3,0x1084,0x08a3,0x10c4,
  0x0884,0x10a3,0x08a3,0x10c4,0x08c4,0x1083,0x10c4,0x08a3,0x08a3,0x10a4,0x1083,0x08a3,0x10c4,0x08a4,0x10e4,0x10a5,
  0x10c3,0x08c4,0x18c5,0x10c4,0x18e4,0x10c4,0x18e3,0x18c5,0x08a3,0x18c5,0x10c3,0x10c5,0x18e4,0x10c4,0x18e4,0x10a4,
  0x10e4,0x18a4,0x10e4,0x18c5,0x10e4,0x18e4,0x10c5,0x18e4,0x10c4,0x18e4,0x10e4,0x18c5,0x10e4,0x18c5,0x10e4,0x18c5,
  0x10e4,0x18c5,0x10e4,0x18c4,0x18e5,0x10c4,0x18e5,0x10e4,0x10a4,0x08c5,0x10a4,0x10e5,0x1083,0x10e4,0x10a4,0x08c4,
  0x10c4,0x08a5,0x10c4,0x08a4,0x18e5,0x1083,0x10e5,0x10a3,0x10c5,0x10a4,0x08c5,0x10a4,0x10c4,0x18e5,0x18a4,0x10e4,
  0x18c5,0x18c4,0x10c4,0x18a5,0x10c4,0x18e5,0x10c4,0x18e4,0x18c5,0x10e5,0x18c4,0x18e5,0x10e4,0x18c4,0x10e5,0x18c4,
  0x18e4,0x10e5,0x18c4,0x10e5,0x18c4,0x18e5,0x10c4,0x18e5,0x18c4,0x10e4,0x18c5,0x18e4,0x10c4,0x10a4,0x08c4,0x10c4,
  0x08a4,0x18e4,0x10c5,0x18c4,0x10e4,0x10a4,0x08c4,0x10c4,0x10c4,0x10c4,0x08a4,0x18c4,0x08c4,0x18c4,0x18c4,0x08c5,
  0x10a4,0x08c3,0x10a4,0x10a3,0x10c5,0x10a3,0x10c3,0x1084,0x18c4,0x10c5,0x18a4,0x08c4,0x1084,0x10e3,0x1083,0x10a4,
  0x0884,0x10a3,0x08a4,0x1083,0x10a4,0x08c4,0x1083,0x10a4,0x0883,0x10a4,0x08a3,0x1084,0x10a4,0x0883,0x10a4,0x08a3,
  0x10a3,0x0884,0x10a3,0x0884,0x10a3,0x10a3,0x0884,0x10a3,0x10a3,0x0883,0x10a4,0x0883,0x10a3,0x0884,0x10a3,0x08a3,
  0x10a4,0x0883,0x10a4,0x0883,0x08a3,0x1084,0x10a3,0x0883,0x10a4,0x0883,0x10a4,0x1083,0x08a3,0x1084,0x08a3,0x1083,
  0x08a4,0x10a3,0x08a4,0x1083,0x08a3,0x1084,0x10a3,0x08a3,0x1084,0x08a3,0x1083,0x08a4,0x1083,0x08a4,0x1083,0x08a4,
  0x1083,0x10a3,0x0884,0x10a3,0x10a3,0x0883,0x10a4,0x08a3,0x1083,0x08a4,0x1083,0x08a4,0x1083,0x08a3,0x1084,0x08a3,
  0x1083,0x08a4,0x1083,0x08a3,0x1084,0x10a3,0x0883,0x10a4,0x0883,0x10a3,0x1084,0x08a3,0x1083,0x08a4,0x1083,0x08a4,
  0x1083,0x08a3,0x1084,0x08a3,0x1083,0x08a4,0x10a3,0x0884,0x10a3,0x0883,0x10a4,0x0883,0x10a3,0x0884,0x10a3,0x08a3,
  0x10a4,0x0883,0x10a4,0x0883,0x10a3,0x0884,0x10a3,0x08a4,0x1083,0x10a3,0x0884,0x10a3,0x0883,0x10a4,0x1083,0x08a3,
  0x1084,0x10a3,0x0883,0x10a4,0x08a3,0x1084,0x08a3,0x10a3,0x0884,0x10a3,0x0883,0x10a4,0x08a3,0x1083,0x10a4,0x08a3,
  0x0883,0x10a4,0x1083,0x08a3,0x10a4,0x0883,0x10a3,0x0884,0x10a3,0x0883,0x10a4,0x0883,0x10a4,0x0883,0x10a3,0x1084,
  0x08a3,0x1084,0x10a3,0x0884,0x10a3,0x0884,0x10a3,0x1083,0x08a4,0x1083,0x08a3,0x1084,0x08a3,0x10a3,0x0884,0x10a3,
  0x0883,0x10a3,0x08a3,0x1084,0x08a3,0x1084,0x08a3,0x1084,0x08a3,0x1084,0x08a3,0x1083,0x10a4,0x0883,0x10a4,0x08a3,
  0x1083,0x08a4,0x1083,0x08a4,0x1083,0x08a3,0x1084,0x08a3,0x10a3,0x0884,0x10a3,0x0883,0x10a4,0x1083,0x08a4,0x1083,
  0x10a4,0x1083,0x08a4,0x1083,0x08a3,0x10a4,0x1083,0x08a3,0x10a4,0x1083,0x08a3,0x1084,0x08a3,0x10a4,0x0883,0x10a3,
  0x1084,0x08a4,0x1083,0x10a4,0x08a3,0x1083,0x08a4,0x1083,0x10a3,0x08a4,0x1083,0x08a4,0x1083,0x10a4,0x0883,0x10a4,
  0x1083,0x08a3,0x1084,0x10a3,0x08a3,0x1084,0x08a3,0x10a3,0x0884,0x10a3,0x0884,0x10a3,0x08a3,0x1084,0x08a3,0x10a3,
  0x0884,0x10a3,0x0884,0x10a3,0x0883,0x10a4,0x1083,0x08a4,0x1083,0x08a3,0x1084,0x10a3,0x0884,0x10a3,0x08a3,0x1084,
  0x10a3,0x08a4,0x1083,0x08a3,0x1084,0x08a3,0x1083,0x10a4,0x0883,0x10a3,0x08a4,0x1083,0x10a4,0x08a3,0x1083,0x10a4,
  0x0883,0x10a4,0x08a3,0x1083,0x10a4,0x0883,0x10a4,0x08a3,0x10a3,0x0884,0x10a3,0x0884,0x10a3,0x10a3,0x0884,0x10a3,
  0x10a4,0x10a3,0x0883,0x10a4,0x10a3,0x08a3,0x1084,0x10a3,0x0884,0x10a3,0x10a3,0x0884,0x10a3,0x10a4,0x0883,0x10a3,
  0x08a4,0x10a3,0x08a3,0x1085,0x10a3,0x08a4,0x1083,0x08a5,0x10a3,0x0884,0x10a4,0x08a4,0x1083,0x10c4,0x08a4,0x10a4,
  0x10c5,0x08a4,0x10a5,0x1083,0x08a4,0x18c4,0x0884,0x18c4,0x10a4,0x08c4,0x10a4,0x08a4,0x10a3,0x10a4,0x10a4,0x10c4,
  0x10c3,0x08a5,0x10a3,0x10c4,0x08a5,0x10c4,0x08c4,0x18c4,0x10c4,0x10e4,0x10a4,0x08c5,0x10c4,0x10a4,0x08c4,0x18c4,
  0x10c5,0x08c3,0x18e5,0x18e4,0x10c5,0x18e4,0x18e4,0x10e5,0x18e4,0x18e5,0x10c3,0x18e5,0x18e4,0x10e4,0x18c5,0x10e4,
  0x18e4,0x18c5,0x10e4,0x18e4,0x10c4,0x18e4,0x18e4,0x10c5,0x18e4,0x18e4,0x10c5,0x18c4,0x08c5,0x18e4,0x10c5,0x10c4,
  0x18c5,0x18e4,0x10c5,0x18c4,0x10e4,0x10c5,0x18e4,0x08c4,0x10c5,0x18c4,0x10e4,0x18e5,0x18c4,0x10e4,0x18c5,0x18c4,
  0x10e4,0x18e5,0x10c4,0x18e4,0x10e5,0x18c4,0x10e5,0x18e4,0x10c4,0x18e4,0x10e5,0x18c4,0x10e5,0x18e4,0x18e5,0x10e4,
  0x18c5,0x10e4,0x18e5,0x18c4,0x10e4,0x18e5,0x10c4,0x18e4,0x10e5,0x18c4,0x10e5,0x18e4,0x10a5,0x18e4,0x18e5,0x10a4,
  0x18e5,0x10c3,0x08e4,0x10c4,0x10c4,0x08c5,0x18e4,0x10c5,0x10c4,0x10a3,0x08a4,0x10a3,0x10c5,0x08a3,0x1084,0x08c3,
  0x10c4,0x10c3,0x08c4,0x10a4,0x10e4,0x1084,0x18c4,0x08a3,0x10a4,0x08c3,0x10c4,0x10c3,0x08a4,0x10c4,0x08a3,0x1084,
  0x08a3,0x10a4,0x1083,0x08a5,0x10a3,0x0884,0x10a3,0x08a3,0x10a4,0x10a4,0x0884,0x10a3,0x08a4,0x10a3,0x1083,0x08a4,
  0x1083,0x10a4,0x08a3,0x10a3,0x0884,0x10a3,0x08a4,0x1083,0x10a4,0x10a3,0x0883,0x10a4,0x10a3,0x08a3,0x1084,0x10a3,
  0x0884,0x10a3,0x10a3,0x0884,0x1083,0x08a3,0x10a4,0x08a3,0x1083,0x10a4,0x08a3,0x10a4,0x0883,0x10a4,0x10a3,0x08a4,
  0x1083,0x10a3,0x0883,0x10a4,0x10a3,0x08a4,0x1083,0x08a4,0x10a3,0x10a4,0x08a3,0x1084,0x10a3,0x08a3,0x1084,0x10a3,
  0x08a4,0x1083,0x08a3,0x10a4,0x0884,0x10a3,0x10a4,0x0883,0x10a4,0x10a3,0x08a4,0x1083,0x08a4,0x10a3,0x0883,0x10a4,
  0x10a3,0x0883,0x10a4,0x10a3,0x08a4,0x1083,0x08a4,0x10a3,0x10a4,0x0883,0x10a3,0x08a4,0x10a3,0x1083,0x08a4,0x10a3,
  0x10a4,0x0883,0x10a4,0x10a3,0x08a4,0x1083,0x10a4,0x08a3,0x10a4,0x10a3,0x0883,0x10a4,0x10a3,0x08a3,0x1084,0x10a3,
  0x0884,0x10a3,0x10a3,0x0884,0x10a3,0x10a4,0x0883,0x10a3,0x08a4,0x10a3,0x08a3,0x1084,0x10a3,0x08a4,0x1083,0x08a4,
  0x10a3,0x0884,0x10a3,0x08a4,0x1083,0x10a3,0x08a4,0x1083,0x10a4,0x08a3,0x10a4,0x1083,0x08a4,0x10a3,0x0884,0x10a3,
  0x10a4,0x08a3,0x10a4,0x0883,0x10a3,0x10a4,0x0883,0x10a4,0x10a3,0x0884,0x10a3,0x10a3,0x0884,0x10a3,0x08a4,0x1083,
  0x10a3,0x08a4,0x1083,0x08a4,0x10a3,0x1083,0x08a4,0x10a3,0x1084,0x08a3,0x10a4,0x10a3,0x0884,0x10a3,0x10a3,0x08a4,
  0x10a3,0x10a4,0x0883,0x10a4,0x10a3,0x08a3,0x1084,0x08a3,0x10a3,0x1084,0x08a3,0x10a4,0x0883,0x10a3,0x10a3,0x0884,
  0x10a3,0x10a3,0x08a4,0x1083,0x08a4,0x10a3,0x10a4,0x0883,0x10a4,0x10a3,0x0884,0x10a3,0x08a3,0x10a4,0x10a3,0x08a3,
  0x0884,0x10a3,0x08a3,0x10a4,0x1083,0x08a3,0x10a4,0x1083,0x08a3,0x10a4,0x0883,0x10a3,0x08a4,0x1083,0x08a4,0x10a3,
  0x0883,0x10a3,0x08a4,0x1083,0x08a4,0x10a3,0x10a4,0x08a3,0x1084,0x08a3,0x10a4,0x1083,0x08a3,0x10a4,0x0883,0x10a3,
  0x08a4,0x1083,0x08a4,0x10a3,0x0884,0x10a3,0x10a4,0x0883,0x10a4,0x10a3,0x08a3,0x10a4,0x1083,0x08a4,0x10a3,0x0884,
  0x10a3,0x10a3,0x08a4,0x10a3,0x10a4,0x08a3,0x1084,0x08a3,0x10a4,0x10a3,0x08a3,0x10a4,0x08a3,0x1084,0x10a3,0x08a3,
  0x1084,0x08a3,0x10a4,0x10a3,0x0883,0x10a4,0x08a3,0x1084,0x08a3,0x10a4,0x1083,0x08a4,0x10a3,0x0884,0x10a3,0x08a3,
  0x10a4,0x10a3,0x0884,0x10a3,0x08a4,0x10a3,0x1083,0x08a4,0x1083,0x10a4,0x08a3,0x10a3,0x0884,0x10a3,0x08a4,0x1083,
  0x08a4,0x1083,0x08a4,0x08a3,0x1084,0x08a3,0x08a4,0x10a3,0x08a3,0x0884,0x10a3,0x08a4,0x1083,0x08a3,0x10a4,0x0883,
  0x10a4,0x0884,0x10a4,0x08a3,0x0884,0x10a4,0x08a3,0x1084,0x08a3,0x10a3,0x08a4,0x1083,0x08a4,0x08a3,0x1084,0x08a3,
  0x10a3,0x0884,0x08a3,0x10a3,0x0884,0x18c4,0x08a3,0x10a5,0x08c3,0x1083,0x08a4,0x10c3,0x08a5,0x08c3,0x10c5,0x08a3,
  0x10c4,0x10c4,0x08a4,0x08c4,0x18e4,0x08a4,0x10e5,0x10e3,0x08a5,0x18e3,0x08c4,0x10c4,0x08c5,0x08c4,0x10c5,0x08c3,
  0x08e4,0x10a4,0x10e4,0x10c4,0x18e5,0x10e4,0x18c5,0x10e4,0x18c5,0x10e4,0x18e5,0x10c4,0x10e5,0x18c4,0x10e4,0x18e5,
  0x10c4,0x18e4,0x10e5,0x18c4,0x10e5,0x10e4,0x18e5,0x10e4,0x08a5,0x10c4,0x08a4,0x18e5,0x08c4,0x18c4,0x08c5,0x18c4,
  0x08a4,0x08c5,0x10c4,0x08c5,0x18c4,0x08c4,0x10c5,0x10c4,0x10c4,0x10c5,0x10a4,0x18e5,0x10c4,0x18c5,0x10c4,0x10e5,
  0x18a4,0x10e5,0x18c4,0x10c5,0x18c4,0x10e4,0x18e5,0x10e4,0x18e4,0x10c4,0x18e5,0x10e4,0x18c4,0x10e5,0x10c4,0x18e4,
  0x10e5,0x18c3,0x10e4,0x10e5,0x18c4,0x10e4,0x18e5,0x10c4,0x18e5,0x10e4,0x18e4,0x10c5,0x10c4,0x08c4,0x08a5,0x10c4,
  0x10c4,0x08a4,0x10e4,0x08a4,0x10e4,0x10c4,0x08c5,0x10c4,0x08c4,0x08a4,0x10c3,0x08a5,0x08c3,0x10a4,0x08a4,0x10c4,
  0x08a4,0x08c4,0x10a4,0x08a3,0x10c5,0x08a3,0x08c5,0x1083,0x08c3,0x10a4,0x08a4,0x08c4,0x10a3,0x08a4,0x10a3,0x08a4,
  0x10a4,0x0883,0x08a4,0x10a3,0x0883,0x10a4,0x08a3,0x1085,0x08a3,0x0883,0x10a4,0x08a3,0x1084,0x08a4,0x08a3,0x10a4,
  0x08a3,0x0883,0x10a4,0x0883,0x10a4,0x08a3,0x10a3,0x08a4,0x08a4,0x1083,0x08a4,0x08a3,0x1084,0x08a3,0x08a4,0x10a3,
  0x08a3,0x0884,0x10a3,0x08a4,0x08a4,0x10a3,0x0884,0x10a3,0x08a4,0x0883,0x10a3,0x0884,0x10a3,0x08a3,0x0884,0x10a3,
  0x08a4,0x10a3,0x08a4,0x0883,0x10a4,0x08a3,0x10a4,0x0883,0x08a4,0x1083,0x08a4,0x08a3,0x1084,0x08a3,0x10a3,0x0884,
  0x08a3,0x10a4,0x08a3,0x1083,0x08a3,0x08a4,0x1083,0x08a4,0x10a3,0x0883,0x10a4,0x08a3,0x1083,0x08a4,0x10a3,0x0884,
  0x08a3,0x10a4,0x0883,0x08a4,0x1083,0x08a3,0x10a4,0x0883,0x08a3,0x10a4,0x0883,0x10a4,0x0883,0x10a4,0x08a3,0x0883,
  0x10a3,0x08a4,0x0883,0x10a3,0x0884,0x08a3,0x10a3,0x0883,0x08a4,0x1083,0x08a4,0x08a3,0x1084,0x08a3,0x08a4,0x10a3,
  0x08a3,0x0884,0x10a3,0x08a4,0x1083,0x08a3,0x10a4,0x0883,0x10a4,0x0883,0x10a4,0x08a3,0x0884,0x10a3,0x08a3,0x1084,
  0x08a3,0x10a3,0x08a4,0x1083,0x08a4,0x08a3,0x1084,0x08a3,0x10a3,0x0884,0x08a3,0x10a3,0x0884,0x10a3,0x08a3,0x1084,
  0x08a3,0x1083,0x08a4,0x10a3,0x0884,0x08a3,0x10a4,0x0883,0x08a3,0x10a4,0x0883,0x08a4,0x10a3,0x0883,0x10a4,0x08a3,
  0x0884,0x10a3,0x08a3,0x1083,0x08a4,0x08a3,0x1084,0x08a3,0x08a3,0x1084,0x08a3,0x0883,0x10a4,0x08a3,0x1084,0x08a3,
  0x1084,0x08a3,0x10a4,0x0883,0x08a4,0x1083,0x08a3,0x10a4,0x0883,0x10a3,0x08a4,0x1083,0x08a4,0x08a3,0x10a4,0x08a3,
  0x0884,0x10a3,0x0883,0x10a4,0x08a3,0x1083,0x08a4,0x10a3,0x0883,0x08a4,0x10a3,0x08a4,0x1083,0x08a3,0x0884,0x10a3,
  0x08a3,0x10a4,0x0883,0x10a4,0x08a3,0x1084,0x08a3,0x08a4,0x1083,0x08a4,0x10a3,0x08a4,0x1083,0x08a3,0x10a4,0x08a3,
  0x10a4,0x0883,0x10a4,0x08a3,0x1083,0x08a4,0x0883,0x10a3,0x08a4,0x1083,0x08a3,0x08a4,0x1083,0x08a3,0x10a4,0x0883,
  0x10a4,0x08a3,0x10a3,0x0884,0x10a3,0x08a3,0x0884,0x10a3,0x08a3,0x0884,0x10a3,0x0884,0x08a3,0x10a3,0x0884,0x10a3,
  0x08a4,0x0883,0x10a3,0x0884,0x08a3,0x1083,0x08a4,0x10a3,0x0883,0x08a4,0x1083,0x08a3,0x1084,0x08a3,0x08a4,0x1083,
  0x08a3,0x10a4,0x0883,0x08a4,0x10a3,0x0884,0x10a3,0x08a3,0x10a4,0x0883,0x08a4,0x10a3,0x0883,0x10a4,0x08a3,0x1084,
  0x08a3,0x0883,0x10a4,0x08a3,0x1083,0x08a4,0x08a3,0x10a4,0x08a3,0x0883,0x10a4,0x0883,0x10a4,0x08a3,0x10a3,0x08a4,
  0x1083,0x08a4,0x10a3,0x08a3,0x10a4,0x0883,0x10a3,0x0884,0x10a3,0x08a4,0x1083,0x08a3,0x08a4,0x1083,0x08a4,0x10a3,
  0x08a3,0x10a4,0x0883,0x10a3,0x08a4,0x1084,0x08a4,0x10a3,0x08a4,0x1083,0x08a3,0x10a5,0x08a3,0x1083,0x08a5,0x10a3,
  0x0884,0x10a3,0x08a4,0x1083,0x08a3,0x18c5,0x08a3,0x08a4,0x10c4,0x08c4,0x08a5,0x10a3,0x08c4,0x10c4,0x08a4,0x10c4,
  0x10c4,0x10a3,0x08c5,0x10a4,0x08e5,0x10c3,0x08a4,0x18e5,0x08c4,0x18c4,0x08c4,0x18e5,0x08a3,0x10c5,0x10c4,0x18a5,
  0x10e4,0x18c4,0x10e4,0x10c4,0x10c4,0x10c4,0x08c4,0x18a4,0x08c5,0x10e4,0x18c4,0x10e5,0x18e4,0x10e5,0x18c4,0x10e5,
  0x18e4,0x10e5,0x18c4,0x10e4,0x18e5,0x10c4,0x18e4,0x10c5,0x18e4,0x10e5,0x18c4,0x10c4,0x18e5,0x10e4,0x18c4,0x10e5,
  0x18e4,0x10e4,0x18c5,0x10c4,0x18e5,0x10a4,0x18e5,0x10c4,0x18c5,0x10c4,0x18e5,0x10c4,0x18c4,0x10e5,0x18c4,0x10c5,
  0x18c4,0x10e4,0x18c5,0x10e4,0x18e5,0x10e4,0x18c5,0x10e4,0x18c4,0x10e4,0x18e4,0x10c5,0x18e4,0x10e4,0x18e5,0x10c4,
  0x18e4,0x10e4,0x18c4,0x10e5,0x18e4,0x10e5,0x18c4,0x10e5,0x18e4,0x08a4,0x10e4,0x18c4,0x08e5,0x10a4,0x08c5,0x18c4,
  0x10e5,0x10c3,0x10c4,0x10c4,0x10e4,0x10c5,0x08c4,0x10a4,0x08c4,0x10c4,0x08a4,0x10c4,0x08a4,0x10c4,0x0883,0x08c5,
  0x10c3,0x08a4,0x10c4,0x08a4,0x08e4,0x1083,0x08c5,0x10a3,0x08c4,0x10a3,0x08a3,0x10c4,0x0884,0x10c3,0x08a4,0x1083,
  0x08a4,0x10a3,0x08a3,0x1084,0x08a3,0x10a4,0x08a4,0x10a3,0x0884,0x10a4,0x08a3,0x1084,0x08a3,0x10a4,0x0884,0x10a3,
  0x0884,0x10a3,0x08a4,0x10a3,0x08a3,0x1084,0x08a3,0x1083,0x1083,0x08a4,0x10a3,0x08a3,0x10a4,0x0883,0x10a3,0x0884,
  0x10a3,0x08a4,0x1083,0x08a3,0x08a3,0x1084,0x08a3,0x08a3,0x1084,0x08a3,0x10a4,0x08a3,0x10a4,0x0883,0x10a3,0x0884,
  0x10a3,0x0884,0x10a3,0x08a3,0x1084,0x08a3,0x0883,0x10a3,0x08a4,0x10a3,0x0883,0x10a4,0x08a3,0x1084,0x08a3,0x10a3,
  0x08a4,0x1083,0x08a4,0x10a3,0x08a4,0x1083,0x08a3,0x10a3,0x08a4,0x08a3,0x1083,0x08a4,0x10a3,0x0884,0x10a3,0x08a3,
  0x10a4,0x0883,0x10a3,0x08a4,0x10a3,0x08a4,0x1083,0x08a4,0x10a3,0x0884,0x10a3,0x08a3,0x10a4,0x0883,0x10a4,0x08a3,
  0x1084,0x08a3,0x10a4,0x08a3,0x10a3,0x0884,0x10a4,0x08a3,0x1083,0x08a4,0x10a3,0x08a3,0x10a4,0x0883,0x10a3,0x0884,
  0x10a3,0x08a4,0x1083,0x08a3,0x08a4,0x1083,0x08a4,0x10a3,0x08a3,0x10a4,0x0883,0x10a3,0x08a4,0x1083,0x08a4,0x10a3,
  0x08a4,0x1083,0x08a3,0x10a4,0x08a3,0x1083,0x08a4,0x10a3,0x0884,0x10a3,0x08a4,0x1083,0x08a3,0x10a4,0x08a3,0x08a3,
  0x10a4,0x08a3,0x0884,0x10a3,0x08a3,0x10a4,0x0883,0x10a4,0x08a3,0x10a3,0x08a4,0x1083,0x08a4,0x10a3,0x0883,0x10a4,
  0x08a3,0x1084,0x08a3,0x10a4,0x0883,0x10a4,0x08a3,0x1084,0x08a3,0x10a3,0x08a4,0x10a3,0x0883,0x10a4,0x08a3,0x1083,
  0x08a4,0x08a3,0x1083,0x08a4,0x10a3,0x08a4,0x1083,0x08a4,0x10a3,0x08a4,0x1083,0x08a3,0x10a4,0x0883,0x10a3,0x0884,
  0x10a3,0x08a4,0x10a3,0x0883,0x10a4,0x08a3,0x1083,0x08a4,0x10a3,0x08a3,0x1084,0x08a3,0x10a4,0x0883,0x10a4,0x08a3,
  0x1084,0x08a3,0x10a4,0x0883,0x10a3,0x08a4,0x10a3,0x0884,0x10a3,0x08a3,0x1084,0x08a3,0x10a4,0x08a3,0x1084,0x08a3,
  0x1084,0x08a3,0x10a3,0x0884,0x10a3,0x08a3,0x10a4,0x0883,0x10a3,0x08a4,0x1083,0x08a4,0x10a3,0x08a4,0x1083,0x08a4,
  0x10a3,0x0884,0x08a3,0x10a3,0x08a4,0x1083,0x08a4,0x10a3,0x08a4,0x10a3,0x0883,0x10a4,0x08a3,0x10a4,0x08a3,0x1083,
  0x08a4,0x10a3,0x0884,0x10a3,0x08a4,0x10a3,0x0883,0x08a4,0x10a3,0x0884,0x10a3,0x08a4,0x08a3,0x1083,0x08a4,0x10a3,
  0x08a4,0x1083,0x08a3,0x10a4,0x0883,0x10a3,0x08a4,0x1083,0x08a4,0x10a3,0x08a3,0x1084,0x08a3,0x10a3,0x08a4,0x10a3,
  0x0884,0x10a3,0x08a3,0x1084,0x08a3,0x10a4,0x0883,0x10a3,0x0884,0x10a3,0x08a4,0x10a3,0x08a3,0x1084,0x08a3,0x1083,
  0x08a3,0x10a4,0x0883,0x10a4,0x0883,0x10a4,0x08a3,0x10a4,0x0883,0x10a3,0x08a4,0x10a3,0x0884,0x10a3,0x08a3,0x1084,
  0x08a3,0x0884,0x10a3,0x08a4,0x1083,0x08a3,0x10a4,0x0883,0x10a3,0x08a4,0x1083,0x08a4,0x1083,0x08a4,0x10a4,0x08c3,
  0x10a4,0x0883,0x10a3,0x08a4,0x10a3,0x08a4,0x10a3,0x0884,0x10a4,0x0884,0x10a3,0x08c5,0x10a4,0x08c3,0x10c4,0x08c3,
  0x10a4,0x08c3,0x10a3,0x08a4,0x10c4,0x08e5,0x10c3,0x08c5,0x10a3,0x10e4,0x10a4,0x08c4,0x10c5,0x10e4,0x10e4,0x08c5,
  0x10a3,0x08a5,0x10a3,0x08a4,0x10a3,0x0884,0x10c3,0x08c4,0x10a3,0x08c5,0x18e4,0x08c4,0x18c5,0x10e4,0x18e5,0x10e4,
  0x10c5,0x18e4,0x10c5,0x18e4,0x10a4,0x18e5,0x10e4,0x18e5,0x10c5,0x18e4,0x10e5,0x18e4,0x08a4,0x08c3,0x10c4,0x08a3,
  0x10c4,0x08a4,0x18e4,0x10e5,0x18c4,0x10c5,0x18e4,0x10c5,0x18e4,0x10e4,0x18a5,0x10c4,0x08c5,0x10a4,0x10c4,0x18e5,
  0x10e4,0x10c5,0x18e4,0x08c4,0x10a5,0x10e4,0x10e4,0x18c5,0x10e4,0x10c5,0x08c4,0x10c5,0x10e4,0x10a4,0x08e4,0x10c4,
  0x10c4,0x10c4,0x10e4,0x10c4,0x08a5,0x10c4,0x08c4,0x10c4,0x10a5,0x08c4,0x18e5,0x0884,0x10c5,0x08a4,0x10c4,0x0884,
  0x10c4,0x08a4,0x10c4,0x08a3,0x10a4,0x08a3,0x1084,0x08a3,0x10c3,0x08a4,0x10c3,0x08c3,0x1084,0x08c3,0x10a4,0x0883,
  0x10a4,0x08a3,0x10a3,0x0884,0x10c4,0x08a4,0x10c3,0x0883,0x10a4,0x08c3,0x1084,0x08c3,0x10a5,0x08a3,0x1084,0x08a3,
  0x10a3,0x0884,0x10a3,0x08a4,0x10a3,0x0884,0x08a3,0x1083,0x08a4,0x10a3,0x08a4,0x10a3,0x0884,0x10a3,0x08a4,0x1083,
  0x08a4,0x10a3,0x0883,0x10a4,0x0883,0x10a4,0x08a3,0x08a4,0x08a3,0x10a4,0x0883,0x10a4,0x0883,0x10a4,0x08a3,0x10a4,
  0x0883,0x10a3,0x08a4,0x10a3,0x10a4,0x08a3,0x1084,0x08a3,0x10a3,0x08a4,0x1083,0x08a3,0x0883,0x10a4,0x08a3,0x10a3,
  0x08a4,0x10a3,0x0884,0x10a3,0x08a3,0x10a4,0x08a3,0x1084,0x08a3,0x1084,0x08a3,0x10a3,0x0884,0x10a3,0x08a4,0x1083,
  0x08a3,0x10a4,0x0883,0x08a4,0x1083,0x08a4,0x10a3,0x0884,0x10a3,0x0884,0x10a3,0x08a4,0x1083,0x08a3,0x10a4,0x0883,
  0x10a4,0x08a3,0x10a4,0x0883,0x10a3,0x0884,0x10a3,0x08a3,0x1084,0x08a3,0x08a4,0x1083,0x08a3,0x10a4,0x0883,0x10a4,
  0x08a3,0x1083,0x08a4,0x1083,0x08a4,0x10a3,0x0883,0x10a4,0x08a3,0x10a4,0x0883,0x10a4,0x0883,0x10a4,0x08a3,0x10a4,
  0x0883,0x10a3,0x08a4,0x10a3,0x0884,0x10a3,0x08a3,0x1084,0x08a3,0x0884,0x10a3,0x08a4,0x1083,0x08a3,0x10a4,0x0883,
  0x10a3,0x08a4,0x1083,0x08a4,0x1083,0x08a4,0x10a3,0x08a3,0x10a4,0x0883,0x10a3,0x08a4,0x10a3,0x0884,0x10a3,0x0884,
  0x10a3,0x0884,0x10a3,0x08a4,0x1083,0x08a3,0x10a4,0x08a3,0x1084,0x08a3,0x1083,0x08a4,0x10a3,0x08a4,0x10a3,0x0884,
  0x10a3,0x08a3,0x10a4,0x0883,0x10a4,0x08a3,0x10a3,0x08a4,0x1083,0x08a4,0x1083,0x08a4,0x10a3,0x0884,0x10a3,0x08a4,
  0x1083,0x08a4,0x10a3,0x08a3,0x1084,0x08a3,0x10a4,0x08a3,0x0884,0x10a3,0x08a4,0x10a3,0x0883,0x10a4,0x08a3,0x10a4,
  0x0883,0x10a3,0x08a4,0x10a3,0x0884,0x08a3,0x10a4,0x0883,0x10a4,0x0883,0x10a3,0x08a4,0x1083,0x08a4,0x10a3,0x0884,
  0x10a3,0x08a3,0x1084,0x08a3,0x08a4,0x1083,0x08a3,0x10a4,0x08a3,0x0884,0x10a3,0x08a3,0x1084,0x08a3,0x08a3,0x1084,
  0x08a3,0x10a4,0x0883,0x10a4,0x08a3,0x1084,0x08a3,0x10a4,0x0883,0x10a4,0x08a3,0x10a3,0x0884,0x10a3,0x08a3,0x08a3,
  0x1084,0x08a3,0x10a4,0x0883,0x10a4,0x08a3,0x10a3,0x0884,0x10a3,0x0884,0x10a3,0x08a3,0x1084,0x08a3,0x1084,0x08a3,
  0x10a3,0x0884,0x10a3,0x08a3,0x1084,0x08a3,0x10a4,0x0883,0x10a4,0x08a3,0x10a3,0x0884,0x10a3,0x08a4,0x10a3,0x0883,
  0x10a4,0x08a3,0x1084,0x08a3,0x10a4,0x08a3,0x1084,0x08a3,0x10a3,0x0884,0x10a3,0x08a4,0x10a3,0x0884,0x08a3,0x1083,
  0x08a4,0x10a3,0x08a4,0x10a3,0x0884,0x10a3,0x08a4,0x1083,0x08a4,0x10a3,0x0883,0x10a4,0x0883,0x10a4,0x08a3,0x08a4,
  0x08a3,0x1083,0x08a3,0x10a3,0x08a3,0x1083,0x08a3,0x1083,0x08a4,0x10a3,0x0883,0x10a3,0x08a3,0x10a4,0x0883,0x08a3,
  0x10a3,0x08a3,0x1083,0x08a3,0x10a4,0x08a3,0x0883,0x10a4,0x08a3,0x0883,0x10a3,0x08a3,0x08a3,0x10a3,0x0884,0x10a3,
  0x0883,0x10a4,0x08a3,0x1083,0x08a4,0x08a3,0x1083,0x08a3,0x10a3,0x08a3,0x1083,0x08a3,0x10a4,0x0883,0x10a3,0x08a3,
  0x10a3,0x08a4,0x10a3,0x08a3,0x10c3,0x0883,0x08c4,0x10c3,0x08a4,0x08c3,0x10a4,0x08a3,0x08a3,0x1084,0x08a3,0x10a3,
  0x08a3,0x10a3,0x08a3,0x1083,0x08a4,0x08c3,0x10a3,0x08c3,0x10e3,0x08c3,0x10a4,0x08c3,0x10c3,0x08a3,0x10c3,0x08a4,
  0x18e4,0x10e4,0x18c4,0x10e5,0x18e4,0x10c4,0x18c4,0x10e4,0x18c5,0x10c4,0x10c3,0x10c5,0x10c3,0x08c3,0x10c3,0x08c3,
  0x08c4,0x18e3,0x10c4,0x18e4,0x10e4,0x18e5,0x08a3,0x18e4,0x08c5,0x18a4,0x10c4,0x18c4,0x08a3,0x10c4,0x08c3,0x08a3,
  0x18c4,0x08c3,0x10a4,0x08a3,0x08c3,0x10a4,0x08c3,0x18e4,0x08c3,0x0883,0x10a3,0x08c3,0x10c3,0x08a3,0x1083,0x08c3,
  0x10c4,0x08c3,0x18c4,0x08c5,0x08c4,0x1084,0x08a5,0x1083,0x08c4,0x10a3,0x08a3,0x10c4,0x08a4,0x1085,0x08a4,0x10a3,
  0x0883,0x10a3,0x08a4,0x10a3,0x0883,0x10a3,0x08a3,0x10a4,0x0883,0x10c3,0x08a4,0x1083,0x08a3,0x10a3,0x0883,0x10a3,
  0x08a3,0x1084,0x08a3,0x10a3,0x0883,0x10a3,0x0884,0x10a3,0x08a3,0x1083,0x08a3,0x10a3,0x0883,0x10a3,0x08a3,0x0884,
  0x10a3,0x08a3,0x1083,0x08a3,0x0883,0x10a3,0x08a4,0x10a3,0x0883,0x10a3,0x0883,0x08a3,0x10a3,0x0883,0x10a3,0x08a3,
  0x10a3,0x0884,0x10a3,0x08a3,0x10a3,0x0883,0x10a4,0x0883,0x08a3,0x1083,0x08a3,0x10a3,0x08a3,0x1083,0x08a3,0x1083,
  0x08a4,0x10a3,0x0883,0x10a3,0x0883,0x10a3,0x08a3,0x1084,0x08a3,0x1083,0x08a4,0x10a3,0x08a4,0x10a3,0x0884,0x10a3,
  0x0883,0x08a3,0x10a3,0x0884,0x10a3,0x0883,0x10a4,0x08a3,0x10a3,0x08a3,0x1084,0x08a3,0x10a3,0x08a3,0x0883,0x10a4,
  0x08a3,0x0883,0x10a3,0x08a3,0x10a3,0x08a3,0x1084,0x08a3,0x10a3,0x08a3,0x1084,0x08a3,0x08a3,0x10a4,0x0883,0x10a3,
  0x08a3,0x1083,0x08a3,0x10a4,0x0883,0x10a3,0x08a4,0x0883,0x10a3,0x08a3,0x10a3,0x08a4,0x1083,0x08a3,0x08a3,0x10a3,
  0x0884,0x10a3,0x08a3,0x10a3,0x0883,0x10a4,0x08a3,0x1083,0x08a3,0x1083,0x08a3,0x10a3,0x08a3,0x1083,0x08a3,0x1083,
  0x08a4,0x10a3,0x0883,0x10a3,0x08a3,0x10a4,0x0883,0x08a3,0x10a3,0x08a3,0x1083,0x08a3,0x10a4,0x08a3,0x0883,0x10a4,
  0x08a3,0x0883,0x10a3,0x08a3,0x08a3,0x10a3,0x0884,0x10a3,0x0883,0x10a4,0x08a3,0x1083,0x08a4,0x08a3,0x1083,0x08a3,
  0x10a3,0x08a3,0x1083,0x08a3,0x10a4,0x0883,0x10a3,0x0883,0x10a3,0x08a4,0x10a3,0x0883,0x10a3,0x0883,0x08a3,0x10a3,
  0x0884,0x08a3,0x1083,0x08a3,0x08a3,0x1084,0x08a3,0x1083,0x08a3,0x10a3,0x08a3,0x1083,0x08a4,0x08a3,0x1083,0x08a3,
  0x10a3,0x08a3,0x1084,0x08a3,0x10a3,0x0883,0x10a3,0x0883,0x10a3,0x08a3,0x1083,0x08a4,0x10a3,0x0883,0x10a3,0x08a3,
  0x10a4,0x0883,0x10a3,0x0884,0x10a3,0x08a3,0x10a3,0x08a3,0x08a4,0x10a3,0x0883,0x10a3,0x08a3,0x10a3,0x0883,0x10a3,
  0x08a4,0x1083,0x08a3,0x10a3,0x0883,0x10a4,0x08a3,0x0883,0x10a3,0x08a3,0x1084,0x08a3,0x08a3,0x1084,0x08a3,0x10a3,
  0x08a3,0x0883,0x10a3,0x08a3,0x10a3,0x08a3,0x1083,0x08a3,0x10a4,0x08a3,0x1083,0x08a4,0x08a3,0x1083,0x08a4,0x1083,
  0x08a3,0x10a3,0x0883,0x10a3,0x08a3,0x1084,0x08a3,0x10a3,0x0883,0x10a3,0x08a4,0x10a3,0x0883,0x10a3,0x08a3,0x10a4,
  0x0883,0x10a3,0x08a4,0x1083,0x08a3,0x10a3,0x0883,0x10a3,0x08a3,0x1084,0x08a3,0x10a3,0x0883,0x10a3,0x0884,0x10a3,
  0x08a3,0x1083,0x08a3,0x10a3,0x0883,0x10a3,0x08a3,0x0884,0x10a3,0x08a3,0x1083,0x08a3,0x0883,0x10a3,0x08a4,0x10a3,
  0x0883,0x10a3,0x0883,0x08a3,0x10a3,0x0883,0x10a3,0x08a3,0x10a3,0x0884,0x10a3,0x08a3,0x10a3,0x0883,0x10a4,0x0883,
  0x10a3,0x08a4,0x1083,0x08a4,0x1083,0x08a4,0x08a3,0x10a4,0x0883,0x08a3,0x10a4,0x0883,0x10a4,0x0883,0x10a3,0x08a4,
  0x1083,0x08a4,0x10a3,0x0884,0x10a3,0x08a3,0x10a3,0x0883,0x10a4,0x08a3,0x10a4,0x0883,0x10a4,0x0883,0x10a3,0x08a4,
  0x08a3,0x1083,0x08a3,0x08a4,0x1083,0x08a3,0x10a4,0x0883,0x10a4,0x0883,0x10a4,0x08a3,0x0883,0x10c3,0x08a4,0x10a3,
  0x0883,0x08a3,0x10a4,0x08a3,0x0884,0x10a3,0x08a4,0x1083,0x08e4,0x10a3,0x08e5,0x10a3,0x0883,0x10c3,0x08c4,0x08a3,
  0x10a4,0x08a3,0x10e4,0x08a3,0x10c3,0x10e4,0x10e4,0x08e3,0x10c5,0x10c3,0x08e3,0x1084,0x08e3,0x10c4,0x08c3,0x10c4,
  0x08a3,0x18e5,0x08c3,0x10c4,0x10a4,0x10c4,0x08a5,0x10c3,0x08a3,0x10c5,0x10c4,0x08c3,0x18c4,0x10e5,0x18c4,0x08e5,
  0x10c4,0x08c3,0x10c4,0x10c4,0x08c4,0x18c4,0x08c5,0x08a3,0x1083,0x10c4,0x10c4,0x08c3,0x18e4,0x10c4,0x10e5,0x08e3,
  0x1084,0x08c3,0x10a3,0x0883,0x10c4,0x08c3,0x10a3,0x08a4,0x1083,0x08c4,0x10a3,0x0884,0x08a3,0x10a4,0x08e3,0x08c4,
  0x10c3,0x10e4,0x08e3,0x1083,0x08a4,0x10a3,0x08a3,0x10a4,0x0883,0x10a4,0x08a3,0x1084,0x08a3,0x08a3,0x1084,0x08a3,
  0x10c5,0x08a3,0x1083,0x08a4,0x10a3,0x08a4,0x0883,0x10a3,0x08a4,0x08a3,0x1083,0x08a3,0x10a4,0x0883,0x10a4,0x08a3,
  0x1084,0x08a3,0x10a3,0x0884,0x10a3,0x08a3,0x10a3,0x0884,0x08a3,0x10a4,0x08a3,0x0884,0x10a3,0x08a4,0x1083,0x08a3,
  0x10a4,0x0883,0x08a4,0x10a3,0x08a4,0x1083,0x08a3,0x10a4,0x08a3,0x08a4,0x10a3,0x0884,0x10a3,0x08a4,0x0883,0x10a4,
  0x0883,0x10a3,0x08a4,0x0883,0x10a4,0x08a3,0x10a3,0x08a3,0x10a3,0x08a4,0x1083,0x08a4,0x1083,0x08a4,0x08a3,0x10a4,
  0x0883,0x08a3,0x10a4,0x0883,0x10a3,0x0884,0x10a3,0x08a3,0x10a4,0x08a3,0x1083,0x08a3,0x1083,0x08a3,0x10a3,0x0884,
  0x10a3,0x08a4,0x1083,0x08a3,0x08a4,0x10a3,0x0883,0x10a3,0x0884,0x10a3,0x08a3,0x1083,0x08a4,0x10a3,0x08a3,0x1083,
  0x08a4,0x10a3,0x08a4,0x1083,0x08a4,0x1083,0x08a3,0x10a3,0x0884,0x08a3,0x10a3,0x0883,0x10a4,0x08a3,0x10a3,0x0884,
  0x10a3,0x08a4,0x1083,0x08a3,0x08a3,0x10a4,0x0883,0x10a3,0x08a4,0x1083,0x08a3,0x1083,0x08a4,0x10a3,0x0884,0x10a3,
  0x08a3,0x10a3,0x0884,0x08a3,0x10a4,0x0883,0x10a3,0x08a4,0x10a3,0x08a4,0x1083,0x08a4,0x1083,0x08a4,0x08a3,0x10a4,
  0x0883,0x08a3,0x10a4,0x0883,0x10a4,0x0883,0x10a3,0x08a4,0x1083,0x08a4,0x10a3,0x0884,0x10a3,0x08a3,0x10a3,0x0883,
  0x10a4,0x08a3,0x10a4,0x0883,0x10a4,0x0883,0x10a3,0x08a4,0x08a3,0x1083,0x08a3,0x08a4,0x1083,0x08a3,0x10a4,0x0883,
  0x10a4,0x0883,0x10a4,0x08a3,0x0883,0x10a3,0x08a4,0x10a3,0x0883,0x08a3,0x10a4,0x08a3,0x0884,0x10a3,0x08a4,0x1083,
  0x08a3,0x10a3,0x08a4,0x10a3,0x0883,0x10a3,0x08a4,0x08a3,0x1084,0x08a3,0x10a4,0x08a3,0x1083,0x08a3,0x10a4,0x08a3,
  0x0884,0x10a3,0x08a3,0x1084,0x08a3,0x10a4,0x08a3,0x10a4,0x0883,0x10a4,0x08a3,0x0883,0x10a4,0x08a3,0x0884,0x10a3,
  0x0883,0x10a4,0x08a3,0x08a3,0x1083,0x08a4,0x1083,0x08a4,0x1083,0x08a3,0x10a4,0x0883,0x08a4,0x1083,0x08a4,0x08a3,
  0x1083,0x08a3,0x10a4,0x08a3,0x10a3,0x0883,0x10a4,0x08a3,0x1084,0x08a3,0x10a3,0x0883,0x10a4,0x08a3,0x1083,0x08a4,
  0x1083,0x08a4,0x10a3,0x0884,0x08a3,0x1084,0x08a3,0x08a4,0x1083,0x08a3,0x08a3,0x1083,0x08a4,0x10a3,0x08a3,0x10a4,
  0x0883,0x10a4,0x08a3,0x1084,0x08a3,0x08a3,0x1084,0x08a3,0x10a4,0x08a3,0x1083,0x08a4,0x10a3,0x08a4,0x0883,0x10a3,
  0x08a4,0x08a3,0x1083,0x08a3,0x10a4,0x0883,0x10a4,0x08a3,0x1084,0x08a3,0x10a3,0x0884,0x10a3,0x08a3,0x10a3,0x0884,
  0x08a3,0x10a4,0x08a3,0x0884,0x10a3,0x08a4,0x1083,0x08a3,0x10a4,0x0883,0x08a4,0x10a3,0x08a4,0x1083,0x08a3,0x10a4,
  0x08a3,0x08a4,0x10a3,0x0884,0x10a3,0x08a4,0x0883,0x10a4,0x0883,0x10a3,0x08a4,0x0883,0x10a4,0x08a3,0x10a3,0x08a3,
  0x0883,0x08a3,0x1084,0x08a3,0x0883,0x10a3,0x0884,0x1083,0x08a3,0x1083,0x08a3,0x1083,0x08a3,0x1083,0x08a4,0x1083,
  0x08a3,0x1083,0x08a3,0x1083,0x0883,0x1084,0x08a3,0x1084,0x08a3,0x1083,0x0883,0x10a3,0x0883,0x10a4,0x0883,0x1083,
  0x08a3,0x1084,0x08c3,0x10a3,0x08a3,0x1083,0x08a3,0x1084,0x08a3,0x0883,0x10a3,0x0884,0x10c3,0x10c5,0x1083,0x08e3,
  0x1084,0x08c3,0x18c3,0x08c3,0x1083,0x08a3,0x1083,0x08a4,0x1083,0x08c4,0x1083,0x08c3,0x10a5,0x08c4,0x10a3,0x08a4,
  0x10e4,0x10c4,0x10c4,0x18c4,0x10e5,0x18c4,0x10c3,0x18e4,0x10c4,0x18c5,0x08e4,0x0883,0x10c3,0x08a3,0x08a3,0x10c4,
  0x08a4,0x08a4,0x10e5,0x10c4,0x18c4,0x08c4,0x18c5,0x08a5,0x10c3,0x08a3,0x10a3,0x10e5,0x18c4,0x10e4,0x18c4,0x10c4,
  0x18e4,0x10c5,0x10a3,0x08c3,0x1083,0x10e4,0x1083,0x08c5,0x1083,0x08a3,0x0883,0x10a4,0x08a3,0x18e5,0x0883,0x18c3,
  0x08a3,0x10a4,0x08c3,0x18c3,0x10e4,0x18c4,0x08a3,0x18c3,0x08a3,0x10c3,0x08a3,0x10a3,0x08c4,0x10a3,0x08c3,0x10c4,
  0x10e4,0x1084,0x08c3,0x10a4,0x08a4,0x10a3,0x10a4,0x18c4,0x10a4,0x10e4,0x18c4,0x10e4,0x18c5,0x10c4,0x18e4,0x10c4,
  0x10c4,0x18c5,0x10e3,0x0883,0x10a3,0x0883,0x10c4,0x08a3,0x10a3,0x08c3,0x1084,0x08a3,0x0883,0x10a3,0x0883,0x08a4,
  0x1083,0x08a3,0x0883,0x10a3,0x0884,0x1083,0x08a4,0x1083,0x08a3,0x1083,0x0883,0x10a3,0x0884,0x1083,0x08a3,0x1083,
  0x08a3,0x1083,0x08a3,0x1084,0x0883,0x10a3,0x0883,0x1083,0x0883,0x1083,0x0884,0x10a3,0x0883,0x10a3,0x0883,0x10a3,
  0x0884,0x08a3,0x1083,0x08a3,0x1083,0x0884,0x1083,0x0884,0x0883,0x08a3,0x1084,0x08a3,0x0883,0x10a3,0x0884,0x1083,
  0x08a3,0x1083,0x08a3,0x1083,0x0883,0x10a3,0x0884,0x0883,0x1083,0x08a3,0x0884,0x10a3,0x0884,0x1083,0x08a3,0x1083,
  0x08a3,0x1083,0x08a4,0x1083,0x0883,0x1083,0x08a4,0x1083,0x08a3,0x0883,0x1084,0x08a3,0x0883,0x1084,0x0883,0x10a4,
  0x0883,0x1083,0x0883,0x10a3,0x0883,0x10a4,0x0883,0x08a4,0x1083,0x0883,0x10a4,0x0883,0x1083,0x0883,0x08a4,0x1083,
  0x0883,0x08a3,0x1084,0x08a3,0x1083,0x0883,0x10a3,0x0883,0x10a3,0x0884,0x10a3,0x0884,0x08a3,0x1083,0x08a3,0x1083,
  0x0884,0x0883,0x10a3,0x0883,0x1083,0x08a3,0x0884,0x1083,0x0883,0x08a3,0x1084,0x08a3,0x0883,0x10a3,0x0884,0x1083,
  0x08a3,0x1083,0x08a3,0x1083,0x08a3,0x1083,0x08a4,0x1083,0x08a3,0x1083,0x08a3,0x1083,0x0883,0x1084,0x08a3,0x1084,
  0x08a3,0x1083,0x0883,0x10a3,0x0883,0x10a4,0x0883,0x1083,0x08a3,0x1084,0x08a3,0x1083,0x08a3,0x1083,0x08a3,0x1084,
  0x08a3,0x0883,0x10a3,0x0884,0x10a3,0x0884,0x1083,0x08a3,0x1084,0x0883,0x1083,0x08a3,0x1083,0x08a3,0x1083,0x08a4,
  0x1083,0x0884,0x1083,0x08a3,0x1084,0x08a3,0x1083,0x0883,0x10a3,0x0884,0x0883,0x1083,0x08a4,0x1083,0x0883,0x10a3,
  0x0883,0x1084,0x08a3,0x0883,0x1083,0x0883,0x0883,0x10a3,0x0883,0x0883,0x10a4,0x0883,0x10a3,0x0883,0x10a3,0x0884,
  0x10a3,0x0883,0x1083,0x08a4,0x1083,0x08a3,0x1083,0x0883,0x10a3,0x0884,0x1083,0x08a3,0x1083,0x08a3,0x1083,0x08a4,
  0x1083,0x08a3,0x0883,0x1084,0x0883,0x10a4,0x0883,0x1083,0x08a3,0x1084,0x08a3,0x1083,0x08a3,0x1083,0x08a3,0x1083,
  0x08a3,0x1083,0x08a3,0x1083,0x08a4,0x1083,0x08a3,0x1083,0x08a3,0x1084,0x0883,0x10a4,0x0883,0x1083,0x0883,0x10a3,
  0x0883,0x08a3,0x1083,0x08a3,0x1084,0x0883,0x10a3,0x0883,0x0883,0x1084,0x08a3,0x0883,0x1083,0x0883,0x10a4,0x0883,
  0x1083,0x08a3,0x1084,0x08a3,0x0883,0x10a3,0x0883,0x08a4,0x1083,0x08a3,0x0883,0x10a3,0x0884,0x1083,0x08a4,0x1083,
  0x08a3,0x1083,0x0883,0x10a3,0x0884,0x1083,0x08a3,0x1083,0x08a3,0x1083,0x08a3,0x1084,0x0883,0x10a3,0x0883,0x1083,
  0x0883,0x1083,0x0884,0x10a3,0x0883,0x10a3,0x0883,0x10a3,0x0884,0x08a3,0x1083,0x08a3,0x1083,0x0884,0x1083,0x0884,
  0x0884,0x10a3,0x0883,0x10a3,0x0884,0x1083,0x08a3,0x1083,0x08a4,0x1083,0x0884,0x10a3,0x0884,0x08a3,0x1083,0x0883,
  0x10a4,0x0883,0x1084,0x08a3,0x08a4,0x1083,0x08a3,0x1083,0x0883,0x10a4,0x0883,0x10a4,0x0883,0x0883,0x10a3,0x0884,
  0x10c3,0x10c4,0x10a4,0x08c3,0x10c5,0x0883,0x10a4,0x0883,0x10a3,0x0884,0x1083,0x08a3,0x1083,0x08a3,0x0884,0x10a3,
  0x0883,0x10a4,0x08a3,0x10c4,0x0883,0x1084,0x08a3,0x1083,0x08a3,0x10a3,0x0884,0x10c3,0x0883,0x1084,0x08a3,0x10a4,
  0x08a3,0x18c4,0x10e4,0x18c5,0x1104,0x18e4,0x1105,0x18c4,0x1105,0x18c4,0x10e4,0x18c5,0x08a3,0x10a4,0x0883,0x10a4,
  0x0883,0x10a4,0x0883,0x18c4,0x0884,0x1083,0x08a3,0x1084,0x0885,0x08c4,0x10a3,0x08e3,0x18c5,0x10c4,0x10e5,0x10a3,
  0x08a4,0x1083,0x08a3,0x1084,0x08a3,0x18c5,0x10c4,0x1083,0x08a4,0x10a4,0x08a5,0x1084,0x08c3,0x10c4,0x10a3,0x10c5,
  0x10a3,0x10c4,0x18e5,0x10c4,0x18c5,0x08c3,0x10c4,0x08a3,0x18c5,0x10e4,0x18c5,0x08a3,0x10c3,0x10c4,0x18c5,0x10e4,
  0x18c5,0x10e4,0x1083,0x10e4,0x18c4,0x10e5,0x18c4,0x10e5,0x18c4,0x10e5,0x20e4,0x10e6,0x2105,0x18e4,0x2105,0x10c5,
  0x1904,0x10c4,0x18e4,0x10c5,0x10a3,0x08a3,0x10c3,0x08a3,0x10a4,0x0883,0x10a3,0x0884,0x10a3,0x10c5,0x18e4,0x10c4,
  0x18e4,0x10c5,0x18c4,0x10e5,0x1083,0x08a3,0x0883,0x18e4,0x08a4,0x10a3,0x0884,0x10a3,0x0883,0x08a3,0x1084,0x08a3,
  0x1084,0x08a3,0x1084,0x08a3,0x1083,0x08a4,0x1083,0x08a4,0x1083,0x08a4,0x1083,0x08a3,0x1084,0x0883,0x10a4,0x0883,
  0x10a3,0x0883,0x1084,0x08a3,0x1084,0x08a3,0x08a3,0x1083,0x0884,0x10a3,0x0883,0x10a3,0x0884,0x1083,0x08a3,0x1083,
  0x08a4,0x1083,0x0884,0x10a3,0x0883,0x08a4,0x1083,0x08a3,0x1084,0x08a3,0x1083,0x08a3,0x1083,0x08a4,0x0883,0x10a4,
  0x0883,0x0883,0x10a3,0x0883,0x10a4,0x0883,0x10a3,0x0884,0x1083,0x08a3,0x1083,0x08a4,0x1083,0x08a3,0x1083,0x08a3,
  0x1083,0x08a4,0x1083,0x08a4,0x1083,0x08a3,0x1083,0x0883,0x10a3,0x0884,0x10a3,0x0883,0x10a4,0x0883,0x10a3,0x0883,
  0x10a4,0x0883,0x10a3,0x0884,0x10a3,0x0884,0x10a3,0x0884,0x1083,0x08a3,0x0883,0x10a3,0x0883,0x1084,0x08a3,0x1084,
  0x08a3,0x1083,0x08a4,0x1083,0x08a4,0x1083,0x08a3,0x10a3,0x0884,0x10a3,0x0883,0x10a3,0x0884,0x1083,0x08a3,0x1083,
  0x08a4,0x1083,0x0884,0x10a3,0x0884,0x08a3,0x1083,0x0883,0x10a4,0x0883,0x1084,0x08a3,0x08a4,0x1083,0x08a3,0x1083,
  0x0883,0x10a4,0x0883,0x10a4,0x0883,0x0883,0x10a3,0x0884,0x10a3,0x0883,0x1084,0x08a3,0x1084,0x0883,0x10a4,0x0883,
  0x10a3,0x0884,0x1083,0x08a3,0x1083,0x08a3,0x0884,0x10a3,0x0883,0x10a4,0x0883,0x10a4,0x0883,0x1084,0x08a3,0x1083,
  0x08a3,0x10a3,0x0884,0x10a3,0x0883,0x1084,0x08a3,0x1084,0x08a3,0x1083,0x08a3,0x1084,0x08a3,0x1083,0x08a4,0x1083,
  0x08a4,0x1083,0x08a3,0x1084,0x08a3,0x10a4,0x0883,0x10a4,0x0883,0x10a4,0x0883,0x10a3,0x0884,0x1083,0x08a3,0x1083,
  0x0884,0x08a3,0x1083,0x08a3,0x1084,0x0883,0x08a4,0x1083,0x08a4,0x1083,0x08a3,0x1084,0x08a3,0x1084,0x08a3,0x1083,
  0x08a4,0x1083,0x08a4,0x1083,0x08a3,0x0883,0x10a3,0x0884,0x10a3,0x0883,0x10a4,0x0883,0x1084,0x08a3,0x1084,0x08a3,
  0x1084,0x08a3,0x1084,0x0883,0x10a3,0x0883,0x1084,0x08a3,0x1084,0x08a3,0x1083,0x08a3,0x1083,0x08a4,0x1083,0x08a4,
  0x1083,0x0884,0x10a3,0x0884,0x10a3,0x0883,0x10a4,0x0883,0x10a3,0x0883,0x10a3,0x0884,0x10a3,0x0883,0x10a3,0x0883,
  0x10a4,0x0883,0x10a3,0x0884,0x10a3,0x0884,0x10a3,0x0883,0x10a3,0x0884,0x1083,0x08a4,0x1083,0x08a3,0x0883,0x10a3,
  0x0884,0x10a3,0x0884,0x10a3,0x0883,0x08a3,0x1084,0x08a3,0x1084,0x08a3,0x1084,0x08a3,0x1083,0x08a4,0x1083,0x08a4,
  0x1083,0x08a4,0x1083,0x08a3,0x1084,0x0883,0x10a4,0x0883,0x10a3,0x0883,0x1084,0x08a3,0x1084,0x08a3,0x08a3,0x1083,
  0x0883,0x1083,0x08a4,0x1083,0x08a3,0x1084,0x08a3,0x1083,0x08a3,0x1084,0x08a3,0x0883,0x10a3,0x0884,0x10a3,0x0884,
  0x08a3,0x1083,0x08a3,0x1084,0x0883,0x18e4,0x10c5,0x10e4,0x18e5,0x10e4,0x08a3,0x1083,0x08a4,0x1083,0x08a4,0x10a3,
  0x08a3,0x10a3,0x08c3,0x10a3,0x08c3,0x18c3,0x08a3,0x0883,0x1084,0x08a3,0x1083,0x08c4,0x10a3,0x08a3,0x18c4,0x10e5,
  0x18c4,0x1104,0x18c4,0x10e4,0x18c5,0x08c3,0x1083,0x08a4,0x1083,0x0883,0x08a3,0x1084,0x08a3,0x0883,0x18c3,0x10c4,
  0x18e6,0x10e5,0x2125,0x1905,0x2126,0x1905,0x1925,0x2105,0x1925,0x18e4,0x18e5,0x18c4,0x10e4,0x10c4,0x08a3,0x1083,
  0x08c4,0x1083,0x08a3,0x10a3,0x10c4,0x18a5,0x08c4,0x08a4,0x10a3,0x08a3,0x18e5,0x10c4,0x18e4,0x10c4,0x1904,0x10e4,
  0x1904,0x10c4,0x08c4,0x10a3,0x10c4,0x18c4,0x10c5,0x10c3,0x08a3,0x10a3,0x08c3,0x18c5,0x10e4,0x18c5,0x10e5,0x20e5,
  0x10e5,0x10e4,0x18c4,0x10e4,0x10c4,0x10c4,0x0883,0x18c4,0x08c3,0x10c5,0x18e4,0x10e4,0x1905,0x10e4,0x1905,0x10c4,
  0x18e5,0x10c4,0x18e5,0x10c4,0x18e5,0x10e4,0x1104,0x2105,0x1926,0x2105,0x1945,0x2905,0x1945,0x2106,0x1925,0x2105,
  0x1906,0x20e5,0x1106,0x18c4,0x10e4,0x18a4,0x08c3,0x18c5,0x08c3,0x1083,0x0883,0x10a3,0x10c4,0x18c4,0x10e5,0x18e5,
  0x18e5,0x2105,0x18e5,0x1905,0x18e5,0x18e4,0x10c5,0x10a3,0x08a3,0x1083,0x08a3,0x0884,0x10a3,0x0883,0x10a4,0x10c3,
  0x10c4,0x18e4,0x10c4,0x10a3,0x08a4,0x1083,0x08a3,0x1083,0x08a3,0x1083,0x08a3,0x1084,0x08a3,0x1083,0x08a3,0x1084,
  0x0883,0x10a4,0x0883,0x10a3,0x0883,0x1083,0x08a4,0x1083,0x0883,0x1083,0x08a4,0x1083,0x08a3,0x1084,0x08a3,0x1083,
  0x08a3,0x1084,0x08a3,0x0883,0x08a3,0x1083,0x08a3,0x1083,0x08a3,0x1084,0x08a3,0x1084,0x08a3,0x1083,0x08a3,0x1083,
  0x08a4,0x1083,0x08a4,0x1083,0x08a3,0x1084,0x08a3,0x0883,0x10a4,0x0883,0x10a4,0x0883,0x10a3,0x0884,0x10a3,0x0884,
  0x08a3,0x1083,0x08a3,0x1083,0x08a4,0x0883,0x10a4,0x0883,0x10a4,0x0883,0x10a3,0x0883,0x10a3,0x0884,0x10a3,0x0883,
  0x10a3,0x0884,0x1083,0x08a3,0x1083,0x08a3,0x0884,0x10a3,0x0883,0x10a4,0x0883,0x1084,0x08a3,0x1083,0x08a3,0x1083,
  0x08a4,0x1083,0x08a3,0x1083,0x08a3,0x1084,0x0883,0x10a4,0x0883,0x1083,0x08a4,0x1083,0x08a3,0x1084,0x08a3,0x1083,
  0x08a3,0x1084,0x08a3,0x0883,0x10a3,0x0884,0x10a3,0x0884,0x08a3,0x1083,0x08a3,0x1084,0x0883,0x10a3,0x0884,0x08a3,
  0x1084,0x08a3,0x0883,0x1083,0x08a4,0x1083,0x08a4,0x1083,0x08a3,0x1083,0x08a3,0x1083,0x08a3,0x1083,0x08a3,0x0883,
  0x1084,0x08a3,0x1083,0x08a4,0x1083,0x08a3,0x1083,0x08a4,0x1083,0x08a3,0x1083,0x08a3,0x1084,0x08a3,0x1083,0x08a4,
  0x1083,0x0883,0x08a3,0x1084,0x08a3,0x0883,0x10a3,0x0883,0x10a4,0x0883,0x10a3,0x0883,0x10a4,0x0883,0x08a3,0x1083,
  0x08a3,0x1083,0x08a4,0x1083,0x08a3,0x1083,0x08a3,0x1083,0x08a4,0x1083,0x08a3,0x1083,0x08a3,0x1084,0x08a3,0x0884,
  0x10a3,0x0883,0x10a4,0x0883,0x10a3,0x0883,0x10a3,0x0883,0x10a3,0x0883,0x08a4,0x1083,0x08a3,0x1083,0x0884,0x10a3,
  0x0883,0x1083,0x08a3,0x1084,0x08a3,0x1084,0x08a3,0x1083,0x08a3,0x0883,0x1083,0x08a3,0x0883,0x10a4,0x0883,0x1083,
  0x08a3,0x0884,0x10a3,0x0883,0x10a4,0x0883,0x10a3,0x0883,0x10a3,0x0883,0x10a4,0x0883,0x10a4,0x0883,0x08a3,0x1083,
  0x08a4,0x1083,0x08a3,0x1083,0x08a3,0x1084,0x08a3,0x1083,0x08a4,0x1083,0x08a4,0x1083,0x08a3,0x1084,0x08a3,0x1084,
  0x08a3,0x1083,0x0883,0x10a3,0x0883,0x1083,0x08a4,0x1083,0x0883,0x10a3,0x0883,0x10a3,0x0884,0x10a3,0x0884,0x1083,
  0x08a3,0x1083,0x08a3,0x0884,0x10a3,0x0883,0x10a4,0x0883,0x0883,0x10a3,0x0883,0x1083,0x08a4,0x1083,0x08a3,0x1083,
  0x08a3,0x1083,0x08a3,0x1084,0x08a3,0x1083,0x08a3,0x1084,0x0883,0x10a4,0x0883,0x10a3,0x0883,0x1083,0x08a4,0x1083,
  0x0883,0x08a4,0x1083,0x08a3,0x0883,0x08a3,0x1084,0x08a3,0x0884,0x08a3,0x18c3,0x10e5,0x20c4,0x10c4,0x10e4,0x18a3,
  0x10e4,0x10a4,0x10e3,0x18c4,0x18e4,0x18e4,0x2125,0x1905,0x1925,0x20e4,0x1905,0x18c4,0x18e4,0x18c4,0x10e4,0x10a3,
  0x10e5,0x10c4,0x10e5,0x10c4,0x10e5,0x10c4,0x18c5,0x08a3,0x0883,0x10a3,0x0884,0x08c3,0x10c3,0x18c5,0x1104,0x1905,
  0x1925,0x1906,0x1925,0x18e6,0x1104,0x18c4,0x10e4,0x0883,0x08a4,0x1083,0x08a4,0x08a3,0x10c3,0x10a5,0x1104,0x2105,
  0x1925,0x2167,0x2166,0x2986,0x2167,0x31a7,0x2166,0x2167,0x2166,0x2145,0x2125,0x1925,0x1906,0x10e4,0x18e5,0x10c4,
  0x08a3,0x08a3,0x1084,0x0883,0x08a4,0x0883,0x10a3,0x0883,0x10c3,0x10c5,0x1104,0x10e4,0x1926,0x2105,0x1926,0x1905,
  0x1925,0x18e4,0x10c4,0x10e4,0x0884,0x10e4,0x0883,0x08a3,0x08a4,0x10e4,0x18c4,0x1105,0x1905,0x2145,0x2126,0x1945,
  0x2927,0x1945,0x1906,0x2124,0x10e5,0x10e4,0x10c4,0x10e5,0x18e4,0x1925,0x1905,0x1946,0x2126,0x2165,0x2127,0x1946,
  0x2126,0x1905,0x1925,0x1904,0x1904,0x2945,0x2146,0x2165,0x2966,0x2986,0x2967,0x2966,0x2987,0x2966,0x2166,0x2166,
  0x2925,0x1925,0x2105,0x1905,0x10e4,0x10e4,0x18c4,0x10e4,0x10a4,0x10e4,0x10c5,0x1904,0x20e6,0x1925,0x2125,0x2146,
  0x2946,0x2167,0x2125,0x2146,0x1905,0x20e5,0x1904,0x10c5,0x10e4,0x10a4,0x10a3,0x08c3,0x18c5,0x10e4,0x10c4,0x18e4,
  0x10c5,0x10e4,0x18c5,0x08c3,0x0883,0x08a3,0x0884,0x08a3,0x0884,0x08a3,0x10a4,0x10c3,0x10c4,0x10e5,0x10c4,0x10e4,
  0x10a3,0x08a3,0x0883,0x08a4,0x1083,0x08a3,0x0883,0x08a4,0x0883,0x08a4,0x1083,0x08a3,0x0883,0x08a3,0x1084,0x08a3,
  0x0884,0x08a3,0x1083,0x08a4,0x0884,0x0883,0x10a4,0x0883,0x08a4,0x0883,0x1083,0x08a3,0x0884,0x0883,0x10a4,0x0883,
  0x0883,0x10a3,0x0883,0x08a4,0x0883,0x08a3,0x1083,0x08a3,0x0883,0x10a3,0x0883,0x08a3,0x0884,0x10a3,0x0883,0x08a3,
  0x1084,0x08a3,0x0884,0x08a3,0x1083,0x0883,0x08a3,0x1083,0x08a3,0x0883,0x08a4,0x0883,0x08a4,0x1083,0x08a3,0x0884,
  0x0883,0x10a3,0x0883,0x08a4,0x0883,0x1084,0x08a3,0x0883,0x08a4,0x1083,0x08a3,0x0883,0x10a4,0x0883,0x08a4,0x0883,
  0x08a3,0x1083,0x0884,0x08a3,0x0884,0x10a3,0x0883,0x08a3,0x0883,0x08a4,0x1083,0x08a3,0x0883,0x08a3,0x1084,0x08a3,
  0x0884,0x08a3,0x1083,0x08a4,0x1083,0x0883,0x08a3,0x1083,0x08a3,0x0884,0x08a3,0x1083,0x08a3,0x0883,0x10a3,0x0883,
  0x08a3,0x1083,0x08a4,0x0883,0x10a3,0x0883,0x08a3,0x0883,0x08a4,0x0883,0x08a4,0x0883,0x08a4,0x0883,0x1084,0x08a3,
  0x0883,0x10a3,0x0884,0x08a3,0x0883,0x1084,0x08a3,0x0883,0x08a3,0x0884,0x08a3,0x0884,0x08a3,0x1083,0x08a3,0x0883,
  0x08a4,0x1083,0x08a4,0x0883,0x10a3,0x0884,0x08a3,0x1083,0x0883,0x08a4,0x0883,0x08a3,0x0883,0x10a4,0x0883,0x0884,
  0x08a3,0x0883,0x1083,0x08a3,0x0884,0x0883,0x10a4,0x0883,0x0883,0x08a3,0x1084,0x0883,0x08a4,0x0883,0x10a3,0x0883,
  0x10a3,0x0884,0x08a3,0x0883,0x08a4,0x1083,0x08a4,0x0883,0x08a4,0x1083,0x0883,0x08a3,0x0884,0x08a3,0x0883,0x08a3,
  0x0884,0x08a3,0x1083,0x08a3,0x0883,0x10a3,0x0884,0x08a3,0x1084,0x08a3,0x0884,0x10a3,0x0884,0x08a3,0x0883,0x08a4,
  0x1083,0x08a3,0x0883,0x08a4,0x0883,0x08a3,0x0884,0x08a3,0x0884,0x0883,0x08a3,0x0883,0x0883,0x10a3,0x0884,0x08a3,
  0x1083,0x08a3,0x0884,0x0883,0x08a4,0x0883,0x0883,0x08a4,0x1083,0x08a3,0x0883,0x08a4,0x0883,0x08a3,0x1083,0x08a3,
  0x0884,0x08a3,0x0884,0x08a3,0x1084,0x08a3,0x0883,0x08a4,0x1083,0x08a4,0x0883,0x08a4,0x0883,0x1083,0x08a3,0x0884,
  0x08a3,0x0884,0x1083,0x08a3,0x1084,0x08a3,0x0883,0x10a3,0x0884,0x08a3,0x1084,0x08a3,0x0883,0x08a3,0x0884,0x08a3,
  0x0884,0x08a3,0x1084,0x08a3,0x0883,0x08a4,0x0883,0x08a3,0x1083,0x08a3,0x0883,0x08a4,0x1083,0x08a3,0x0883,0x08a4,
  0x10a3,0x0883,0x08a3,0x1083,0x0884,0x10a3,0x0883,0x0883,0x10c3,0x4229,0x636e,0x6b6e,0x6b8f,0x632e,0x2945,0x18e4,
  0x18c4,0x1904,0x20e4,0x1925,0x1905,0x738f,0x6b8e,0x73af,0x6bd0,0x6baf,0x4249,0x1925,0x1925,0x20e5,0x1904,0x20e4,
  0x10e4,0x4208,0x736e,0x6b8e,0x738e,0x634e,0x1904,0x10c3,0x0883,0x10c4,0x18a3,0x10e4,0x18e4,0x1925,0x4a8a,0x73af,
  0x6baf,0x7bcf,0x6b8e,0x426a,0x1905,0x1104,0x10c5,0x10a3,0x10c4,0x0883,0x10a3,0x10e3,0x08a3,0x18e4,0x31e8,0x634f,
  0x73cf,0x73d0,0x7c10,0x73f1,0x7c10,0x7410,0x7bd0,0x7410,0x73af,0x636f,0x52cc,0x31e7,0x2146,0x2125,0x1904,0x10e4,
  0x10a4,0x08c3,0x0883,0x10c3,0x0883,0x10a3,0x0883,0x10c5,0x10c4,0x1904,0x18e5,0x4a8a,0x6bae,0x6baf,0x73ce,0x638e,
  0x4a6a,0x1925,0x18e5,0x10e4,0x1083,0x10e4,0x10a4,0x10c4,0x08a3,0x18e4,0x10e5,0x31c8,0x6b6e,0x6bcf,0x73cf,0x7bf0,
  0x73af,0x73af,0x426a,0x1925,0x2105,0x1104,0x20e4,0x1925,0x1905,0x2947,0x52ec,0x73cf,0x73d0,0x6bf0,0x73d0,0x7bcf,
  0x63af,0x2966,0x2967,0x2165,0x39c7,0x5b2c,0x7bef,0x73cf,0x73f1,0x8410,0x7bf0,0x7c10,0x73f0,0x7c10,0x7bf0,0x73ef,
  0x73cf,0x73af,0x73cf,0x738f,0x632d,0x39e9,0x10e4,0x10c4,0x18e4,0x18e5,0x2125,0x18e4,0x2165,0x3187,0x4a8a,0x632d,
  0x6baf,0x73d0,0x73af,0x5b2e,0x4a8a,0x2146,0x2145,0x2105,0x1904,0x20e4,0x1104,0x10c4,0x10e4,0x20e4,0x4229,0x6b8e,
  0x738f,0x638e,0x4a8a,0x2145,0x10a3,0x1083,0x10c4,0x1083,0x1083,0x08c3,0x08a3,0x4209,0x6b8e,0x736f,0x638e,0x6b2e,
  0x1105,0x10c4,0x10c3,0x0883,0x08a3,0x1084,0x08a3,0x1083,0x10a3,0x0883,0x08a3,0x1083,0x0884,0x10a3,0x0883,0x0883,
  0x10a3,0x0883,0x08a3,0x1083,0x10a3,0x0883,0x08a3,0x1083,0x0883,0x10a3,0x0883,0x08a3,0x1083,0x08a3,0x0883,0x10a3,
  0x0884,0x08a3,0x1083,0x0883,0x10a3,0x0883,0x0884,0x10a3,0x0884,0x08a3,0x1083,0x0883,0x10a3,0x0883,0x0883,0x10a3,
  0x0883,0x0883,0x10a3,0x0883,0x08a4,0x1083,0x08a3,0x0884,0x10a3,0x0883,0x1083,0x08a3,0x1083,0x08a3,0x0883,0x10a3,
  0x0883,0x08a4,0x1083,0x08a3,0x1083,0x08a3,0x1083,0x08a3,0x1083,0x08a3,0x0883,0x10a3,0x0883,0x08a3,0x1083,0x0883,
  0x10a3,0x0883,0x08a3,0x1083,0x08a3,0x0883,0x10a3,0x0884,0x10a3,0x0883,0x08a3,0x1083,0x0884,0x10a3,0x0883,0x0883,
  0x10a3,0x0883,0x08a3,0x1083,0x08a3,0x0884,0x10a3,0x0883,0x1083,0x08a3,0x1083,0x08a4,0x0883,0x10a4,0x0883,0x1083,
  0x08a4,0x0883,0x10a3,0x0883,0x08a3,0x1084,0x08a3,0x1083,0x0883,0x10a3,0x1083,0x08a3,0x1083,0x08a3,0x0883,0x10a3,
  0x0883,0x08a3,0x1083,0x08a3,0x1083,0x08a3,0x0883,0x10a4,0x0883,0x1083,0x10a3,0x0883,0x1083,0x08a3,0x0884,0x1083,
  0x08a3,0x0883,0x1083,0x08a3,0x0883,0x1083,0x08a3,0x0884,0x10a3,0x0883,0x10a3,0x0884,0x1083,0x08a3,0x1083,0x08a3,
  0x1083,0x08a4,0x0883,0x10a3,0x0883,0x10a3,0x0883,0x08a3,0x1084,0x08a3,0x0883,0x10a3,0x0883,0x10a3,0x0883,0x08a4,
  0x0883,0x10a3,0x0883,0x1083,0x08a3,0x0883,0x10a3,0x0883,0x1083,0x08a3,0x1084,0x08a3,0x1083,0x08a3,0x1084,0x10a3,
  0x0883,0x10a3,0x0884,0x0883,0x10a3,0x0883,0x0883,0x10a3,0x0883,0x10a3,0x0883,0x08a3,0x1083,0x08a3,0x1083,0x08a3,
  0x0883,0x1084,0x08a3,0x1083,0x1083,0x08a3,0x1083,0x1083,0x08a3,0x1083,0x10a4,0x0883,0x10a3,0x0883,0x10a3,0x0883,
  0x0884,0x10a3,0x0883,0x10a3,0x0883,0x10a3,0x1083,0x08a3,0x0883,0x1083,0x08a3,0x1083,0x0883,0x10a4,0x0883,0x0883,
  0x10a3,0x0883,0x10a3,0x0883,0x08a3,0x1083,0x08a3,0x1083,0x08a3,0x0883,0x10a3,0x0883,0x10a3,0x0883,0x08a3,0x1083,
  0x08a3,0x1083,0x08a3,0x0883,0x08a3,0x1083,0x0883,0x08a3,0x1083,0x08a3,0x0883,0x10a3,0x0883,0x1083,0x08a3,0x1083,
  0x1083,0x08a3,0x0883,0x1083,0x08a3,0x1083,0x08a3,0x1083,0x08a4,0x0883,0x10a3,0x0883,0x08a3,0x1084,0x08a3,0x1083,
  0x0883,0x1083,0x08a3,0x0883,0x10a3,0x0883,0x08a3,0x18a3,0x10e4,0x7bd1,0xdf1c,0xe79e,0xef7e,0xd6fb,0x3a29,0x2146,
  0x1925,0x2945,0x1925,0x2165,0x2966,0xdf3d,0xe79e,0xe77d,0xef9d,0xef9e,0x8471,0x39e8,0x2166,0x2145,0x2104,0x2165,
  0x2926,0x73ef,0xe77e,0xe79f,0xf79e,0xc679,0x2967,0x10a3,0x18c3,0x10e5,0x10e4,0x18e4,0x1926,0x2945,0xa5b6,0xe77e,
  0xefbe,0xe77d,0xe77e,0x94f4,0x2187,0x2105,0x1104,0x10c4,0x18e4,0x0063,0x08c3,0x18c5,0x10e4,0x1905,0x5b0c,0xce9a,
  0xe7be,0xef7e,0xe77e,0xe79e,0xef9e,0xe7be,0xe77d,0xef9d,0xdf3d,0xdefb,0xbe59,0x9535,0x73af,0x29c7,0x2126,0x1925,
  0x10e4,0x18e4,0x0883,0x10e4,0x10a3,0x0884,0x08c3,0x18c4,0x10c4,0x1925,0x2946,0xadb7,0xe75d,0xe79e,0xe79f,0xef9d,
  0x94f3,0x2165,0x1904,0x2125,0x10a3,0x18c4,0x10e4,0x10c4,0x10c3,0x10e4,0x2125,0x5b4d,0xcebc,0xefbe,0xe77e,0xefbf,
  0xe77f,0xe77e,0x9d14,0x2166,0x2147,0x2145,0x1925,0x2946,0x2166,0x3a09,0xbe18,0xe79e,0xe79e,0xe79f,0xe79e,0xef9e,
  0xdf1d,0x29c7,0x29c7,0x31a7,0x4aab,0xb5b7,0xe77d,0xf7be,0xef9e,0xe79e,0xe77e,0xef9d,0xe79e,0xe79e,0xe77e,0xef9d,
  0xe79e,0xef9f,0xf79f,0xe79e,0xd6db,0x5b2d,0x2104,0x1924,0x1905,0x2145,0x2125,0x2946,0x6bb0,0x94d3,0xc5f8,0xd6fc,
  0xdf3d,0xe73d,0xdf3c,0xcedb,0xb5f9,0x9493,0x634d,0x2145,0x2906,0x1904,0x1905,0x18e5,0x2125,0x1945,0x8412,0xe79e,
  0xef9e,0xef7e,0xa575,0x31c7,0x2105,0x10a3,0x18e4,0x08a4,0x08c3,0x18e4,0x10e4,0x7c31,0xe79f,0xef9e,0xe77e,0xdf3d,
  0x2104,0x10e4,0x08a4,0x1083,0x08a3,0x0883,0x1083,0x08a3,0x0883,0x1083,0x08a3,0x0883,0x10a3,0x0883,0x08a3,0x1083,
  0x08a3,0x1084,0x0883,0x08a3,0x0884,0x10a3,0x0883,0x08a3,0x1083,0x08a4,0x0883,0x10a3,0x0884,0x10a3,0x0883,0x08a3,
  0x1083,0x08a3,0x0884,0x10a3,0x0883,0x10a3,0x0883,0x08a3,0x1083,0x0883,0x08a4,0x0883,0x08a3,0x1084,0x08a3,0x0883,
  0x10a4,0x0883,0x08a3,0x1083,0x08a3,0x0883,0x10a3,0x0883,0x0883,0x10a4,0x0883,0x08a3,0x0883,0x1084,0x08a3,0x0883,
  0x10a3,0x0883,0x08a3,0x0883,0x08a3,0x0883,0x08a4,0x1083,0x0883,0x08a3,0x1084,0x0883,0x08a3,0x1084,0x08a3,0x0883,
  0x08a4,0x1083,0x08a3,0x0884,0x1083,0x08a3,0x0883,0x10a3,0x0883,0x1083,0x08a3,0x0883,0x10a3,0x0883,0x08a3,0x1083,
  0x08a3,0x1084,0x0883,0x08a3,0x1083,0x08a3,0x0883,0x08a4,0x0883,0x10a3,0x0883,0x0883,0x10a3,0x0883,0x08a3,0x0883,
  0x10a3,0x0883,0x0883,0x10a4,0x0883,0x08a3,0x1083,0x08a3,0x1084,0x08a3,0x0883,0x0884,0x10a3,0x0883,0x10a4,0x0883,
  0x10a3,0x0884,0x08a3,0x0883,0x08a4,0x1083,0x08a3,0x0883,0x10a3,0x0883,0x08a3,0x0883,0x08a4,0x1083,0x08a3,0x0883,
  0x10a3,0x0883,0x08a3,0x1084,0x08a3,0x0883,0x10a3,0x0883,0x08a3,0x1083,0x0883,0x08a3,0x0883,0x08a3,0x0883,0x10a3,
  0x0883,0x10a3,0x0883,0x08a4,0x0883,0x08a3,0x1084,0x08a3,0x0883,0x10a3,0x0883,0x08a3,0x1083,0x0884,0x08a3,0x1083,
  0x0883,0x08a3,0x1083,0x08a4,0x1083,0x08a3,0x0884,0x10a3,0x0883,0x08a3,0x0883,0x10a3,0x0883,0x1083,0x08a3,0x0883,
  0x0883,0x08a3,0x1083,0x08a3,0x0884,0x10a3,0x0883,0x08a3,0x0884,0x0883,0x10a3,0x0883,0x0884,0x10a3,0x0883,0x1083,
  0x08a3,0x0883,0x10a3,0x0883,0x08a3,0x0884,0x08a3,0x0883,0x10a4,0x0883,0x08a3,0x0883,0x08a4,0x0883,0x0883,0x10a3,
  0x0883,0x08a3,0x0883,0x10a3,0x0883,0x08a3,0x0884,0x10a3,0x0883,0x08a4,0x1083,0x08a3,0x0883,0x08a3,0x1083,0x08a3,
  0x0884,0x10a3,0x0883,0x1083,0x08a4,0x0883,0x1083,0x08a4,0x0883,0x1083,0x08a3,0x0883,0x08a4,0x1083,0x08a3,0x0883,
  0x1084,0x08a3,0x0883,0x10a4,0x0883,0x08a3,0x1084,0x08a3,0x0883,0x1084,0x08a3,0x0883,0x10a4,0x0883,0x08a3,0x0884,
  0x08a3,0x1083,0x08a3,0x0883,0x08a4,0x1083,0x0883,0x08a3,0x1083,0x08a3,0x0884,0x1083,0x08a3,0x0883,0x1083,0x08a3,
  0x08a3,0x0884,0x10a3,0x0883,0x08a4,0x1083,0x08a3,0x10a4,0x10e4,0x4a8a,0xd6db,0xef9e,0xdf5e,0xe6fc,0x6baf,0x31a6,
  0x2966,0x2186,0x3166,0x29c7,0x4249,0xefbe,0xef7f,0xef9d,0xe75d,0xefbf,0xb5b7,0x4aaa,0x31a7,0x2986,0x2187,0x2966,
  0x31c7,0x9492,0xe79d,0xef7e,0xef9e,0x94b3,0x2125,0x1925,0x18e4,0x2104,0x18e4,0x2125,0x2186,0x4a6a,0xd6bb,0xe79d,
  0xef9f,0xe75c,0xe79e,0xbe38,0x4a8a,0x2166,0x2125,0x1904,0x08a4,0x10c3,0x10a3,0x10e4,0x18c4,0x1945,0x5b0d,0xd6ba,
  0xe79e,0xe79f,0xef9e,0xe79d,0xef7d,0xef9e,0xe79e,0xe77e,0xe79d,0xe75d,0xf7de,0xe75e,0xdefc,0x8cb2,0x31e8,0x2125,
  0x1904,0x10e4,0x18c4,0x10c4,0x08c3,0x1083,0x10e4,0x10e4,0x2125,0x2147,0x426a,0xceba,0xe7be,0xe73c,0xefbe,0xe79d,
  0xbdf8,0x4aaa,0x2125,0x2105,0x1105,0x10a4,0x10c3,0x18c4,0x18e5,0x18e4,0x2165,0x6b2d,0xcebb,0xe77e,0xef9f,0xe77e,
  0xef9d,0xe79e,0xadb7,0x4228,0x29a6,0x2966,0x2186,0x2987,0x31c7,0x52cb,0xdf5d,0xef7f,0xe79e,0xef9e,0xdf7d,0xef7d,
  0xd71b,0x3a08,0x41e8,0x31e7,0x5acb,0xbdd7,0xe77e,0xe79d,0xef5d,0xe79f,0xef7d,0xe77d,0xe79e,0xef7d,0xe79d,0xe77d,
  0xef9d,0xe77e,0xe79e,0xef7f,0xcefb,0x6b4d,0x1926,0x2104,0x2165,0x2145,0x2186,0x94b3,0xd6da,0xe77e,0xefbe,0xef7d,
  0xe79e,0xe77e,0xef9e,0xe77e,0xe75d,0xef9e,0xd6bc,0x7c10,0x1925,0x2945,0x2125,0x1905,0x2945,0x2125,0x7c50,0xef7e,
  0xefbd,0xe77d,0xad75,0x31e8,0x1924,0x18e4,0x1904,0x18c4,0x10e4,0x1905,0x2125,0x8451,0xef9e,0xe79e,0xe79e,0xe71d,
  0x1924,0x18e4,0x10e4,0x08a3,0x10a3,0x0883,0x08a4,0x0883,0x08a3,0x0884,0x10a3,0x0883,0x08a4,0x1083,0x08a3,0x0884,
  0x08a3,0x0883,0x10a3,0x0883,0x08a3,0x0883,0x10a4,0x0883,0x08a3,0x1083,0x08a3,0x0883,0x0883,0x08a3,0x1083,0x0884,
  0x08a3,0x1083,0x08a3,0x0883,0x08a4,0x0883,0x10a3,0x0883,0x08a3,0x1083,0x08a3,0x1083,0x08a3,0x0883,0x10a3,0x0883,
  0x08a3,0x1083,0x08a4,0x0883,0x1083,0x08a4,0x0883,0x10a3,0x0883,0x08a3,0x1083,0x08a4,0x1083,0x08a3,0x1083,0x08a3,
  0x0884,0x10a3,0x0883,0x1084,0x08a3,0x1083,0x0883,0x08a3,0x1083,0x08a3,0x0883,0x10a3,0x0883,0x08a3,0x1083,0x08a3,
  0x1083,0x08a3,0x1083,0x08a3,0x0883,0x10a4,0x0883,0x0883,0x08a3,0x0884,0x10a3,0x0883,0x08a4,0x1083,0x08a3,0x0884,
  0x08a3,0x0883,0x10a3,0x0883,0x08a4,0x1083,0x0883,0x10a3,0x0883,0x08a4,0x1083,0x08a3,0x0883,0x10a3,0x0884,0x10a3,
  0x0883,0x08a4,0x1083,0x08a3,0x1083,0x0883,0x08a4,0x0883,0x08a3,0x1083,0x08a3,0x1083,0x08a3,0x0883,0x0883,0x08a3,
  0x0883,0x10a3,0x0883,0x1083,0x08a3,0x0883,0x1083,0x08a3,0x0884,0x10a3,0x0883,0x10a3,0x0883,0x08a3,0x1083,0x08a3,
  0x0884,0x10a3,0x0883,0x08a3,0x1083,0x08a3,0x0884,0x10a3,0x0883,0x08a4,0x1083,0x08a3,0x1083,0x10a4,0x0883,0x0884,
  0x08a3,0x0883,0x10a3,0x0883,0x1083,0x08a3,0x0883,0x1083,0x08a3,0x0883,0x10a4,0x0883,0x08a3,0x1083,0x08a3,0x0883,
  0x10a3,0x0884,0x08a3,0x0883,0x08a3,0x1083,0x0883,0x08a3,0x1084,0x08a3,0x1083,0x0883,0x08a4,0x0883,0x10a3,0x0883,
  0x10a4,0x0883,0x08a3,0x1083,0x08a3,0x0883,0x10a4,0x0883,0x10a3,0x0883,0x08a4,0x1083,0x08a3,0x0883,0x08a3,0x0884,
  0x10a3,0x0883,0x08a3,0x1084,0x08a3,0x1083,0x08a3,0x1083,0x08a3,0x0883,0x1083,0x08a3,0x1083,0x10a3,0x0884,0x08a3,
  0x1083,0x08a4,0x1083,0x0883,0x08a4,0x1083,0x08a3,0x0883,0x10a3,0x0883,0x08a3,0x1084,0x08a3,0x1083,0x08a4,0x1083,
  0x08a3,0x0883,0x08a3,0x0883,0x10a3,0x0883,0x08a3,0x1083,0x08a3,0x0884,0x10a3,0x0883,0x1083,0x08a3,0x1084,0x08a3,
  0x0883,0x10a3,0x0883,0x0883,0x10a3,0x0883,0x08a3,0x1083,0x08a3,0x0883,0x10a3,0x0883,0x08a3,0x1083,0x08a3,0x1083,
  0x08a3,0x0884,0x10a3,0x0883,0x10a3,0x0883,0x08a4,0x1083,0x08a3,0x1083,0x08a3,0x0883,0x10a3,0x0883,0x08a4,0x0883,
  0x1083,0x0883,0x0883,0x1083,0x0883,0x0883,0x1083,0x10a3,0x20e4,0x2987,0xc679,0xf7be,0xdf5d,0xe75d,0xa514,0x29a6,
  0x39a6,0x29a6,0x39c8,0x39e8,0x7c10,0xef9e,0xe75d,0xe77d,0xef5d,0xef7e,0xd6fb,0x5b0c,0x31e7,0x39c7,0x31c7,0x39a6,
  0x4a69,0xad96,0xef7e,0xe77d,0xef7e,0x5b2e,0x2925,0x2145,0x2105,0x1905,0x1905,0x2967,0x2966,0x8c71,0xe75e,0xe75c,
  0xe77d,0xe79d,0xef5e,0xdf3c,0x8410,0x2986,0x1906,0x18a3,0x10c4,0x1905,0x18a3,0x10e5,0x18e4,0x2925,0x5b0d,0xce7a,
  0xf77e,0xe79e,0xe77e,0xef5e,0xefbe,0xe77d,0xef7d,0xe79d,0xef9e,0xefbf,0xdf3c,0xef7e,0xdf5e,0xe73c,0x8cb2,0x2987,
  0x2126,0x18e4,0x10c4,0x18c4,0x08a3,0x10a3,0x18c5,0x18e5,0x1905,0x3166,0x8472,0xe71c,0xefbe,0xdf3d,0xef7d,0xe77d,
  0xdf1c,0x7c30,0x2987,0x1904,0x1904,0x18c4,0x10a4,0x18c4,0x10e4,0x2105,0x2967,0x634e,0xd69a,0xef9e,0xe79e,0xef7d,
  0xe77d,0xe75d,0xc659,0x634d,0x39c8,0x31c7,0x31a6,0x31e8,0x3208,0x6b4e,0xef9e,0xe77d,0xef7d,0xef9e,0xe77d,0xe77f,
  0xdefb,0x4229,0x4229,0x4228,0x52cb,0xad96,0xef7d,0xe77d,0xefbe,0xf79e,0xef9d,0xe77e,0xf77d,0xe77d,0xef7d,0xe77d,
  0xe75e,0xef5d,0xef9e,0xefbe,0xd6ba,0x5b2c,0x1904,0x2124,0x2925,0x31a7,0x9493,0xe73d,0xef7e,0xef5e,0xe77e,0xe75d,
  0xef5d,0xef7e,0xe77d,0xf77e,0xef9f,0xef7e,0xe77d,0xdedb,0x7bf0,0x2145,0x2967,0x2986,0x2966,0x2967,0x7c10,0xef9e,
  0xef7e,0xe77d,0xa555,0x4209,0x2145,0x1904,0x2106,0x18e4,0x20e4,0x2125,0x2145,0x9472,0xe77e,0xe79d,0xef7d,0xdf3d,
  0x1945,0x18e4,0x18c4,0x08a4,0x0883,0x1083,0x0883,0x1083,0x1083,0x0883,0x0883,0x1083,0x0883,0x0883,0x1083,0x0883,
  0x1083,0x0883,0x0883,0x1083,0x1083,0x0883,0x0883,0x1083,0x0883,0x0884,0x1083,0x0883,0x1083,0x0884,0x0883,0x10a3,
  0x0883,0x0883,0x1083,0x0883,0x1083,0x0883,0x0884,0x1083,0x0884,0x0883,0x1083,0x0884,0x1083,0x0883,0x0884,0x1083,
  0x0883,0x0883,0x1083,0x0883,0x0883,0x1083,0x0883,0x0884,0x1083,0x0883,0x0883,0x1083,0x0883,0x0883,0x0883,0x1083,
  0x0883,0x0883,0x1083,0x0883,0x1083,0x0883,0x10a4,0x0883,0x0883,0x1084,0x0883,0x0883,0x1084,0x0883,0x0883,0x1084,
  0x0883,0x0883,0x0884,0x1083,0x0883,0x0883,0x1083,0x0884,0x1083,0x0883,0x0883,0x1083,0x0883,0x0883,0x1083,0x0883,
  0x1083,0x0883,0x0883,0x1083,0x0883,0x0883,0x1083,0x0883,0x1083,0x0883,0x0883,0x1084,0x0883,0x0883,0x0883,0x0883,
  0x1083,0x0883,0x0883,0x0883,0x0883,0x1083,0x0883,0x1083,0x0883,0x0883,0x0884,0x0883,0x1083,0x0884,0x1083,0x0883,
  0x1084,0x0883,0x0883,0x1084,0x0883,0x1083,0x0884,0x1083,0x0883,0x0883,0x1084,0x0883,0x1083,0x0883,0x0884,0x1083,
  0x0883,0x0883,0x1083,0x0884,0x0883,0x1083,0x0883,0x0883,0x1083,0x0883,0x0883,0x1084,0x0883,0x0883,0x1083,0x08a3,
  0x1083,0x0884,0x0883,0x1083,0x0884,0x1083,0x0883,0x0883,0x1084,0x0883,0x0883,0x1083,0x0883,0x0883,0x1084,0x0883,
  0x0883,0x1083,0x0883,0x1083,0x0883,0x0884,0x1083,0x0883,0x0883,0x0883,0x0884,0x10a3,0x0883,0x1083,0x0884,0x0883,
  0x0883,0x1083,0x0884,0x0883,0x1083,0x0883,0x0883,0x1083,0x0883,0x1083,0x0883,0x0883,0x1083,0x0883,0x1083,0x0883,
  0x0883,0x1084,0x0883,0x0883,0x1083,0x0883,0x0883,0x0884,0x1083,0x0883,0x0884,0x1083,0x0883,0x0883,0x1083,0x0883,
  0x0883,0x1083,0x0883,0x0883,0x1083,0x0883,0x1083,0x0883,0x0884,0x1083,0x0883,0x0883,0x1083,0x0883,0x0883,0x0883,
  0x1083,0x0883,0x1084,0x0883,0x0883,0x1084,0x0883,0x0883,0x1083,0x0883,0x0883,0x1083,0x0884,0x0883,0x0883,0x1083,
  0x0883,0x0883,0x1084,0x0883,0x0883,0x1084,0x0883,0x0883,0x1084,0x0883,0x0883,0x1084,0x0883,0x0883,0x1084,0x0883,
  0x1083,0x0883,0x0883,0x1083,0x0884,0x0883,0x1083,0x0883,0x0884,0x0883,0x1083,0x0884,0x0883,0x1083,0x0883,0x1083,
  0x0883,0x10a3,0x0884,0x0883,0x10a3,0x0884,0x0883,0x10c3,0x1905,0x2945,0xadd7,0xef7f,0xef9d,0xe7bd,0xadd7,0x3207,
  0x31e7,0x4209,0x4249,0x3a08,0xc618,0xefbe,0xef7e,0xe77d,0xe79d,0xef5d,0xe77e,0x6b8d,0x3a08,0x3a09,0x4228,0x31e7,
  0x632d,0xd6bb,0xef7d,0xef9e,0xdf5c,0x528a,0x2145,0x2165,0x18e4,0x2925,0x2165,0x2966,0x31c7,0xb5b7,0xe77d,0xe79d,
  0xce79,0xd71b,0xe75d,0xef9e,0x9d55,0x4228,0x2966,0x1924,0x18c3,0x1906,0x08a3,0x20e5,0x1924,0x2186,0x630e,0xce9a,
  0xe79e,0xf77e,0xe77d,0x6bce,0x5aeb,0x5b0c,0x5b0c,0x5b0c,0x52cb,0x8c72,0xe73d,0xe77d,0xefbe,0xe79d,0xdefb,0x6bcf,
  0x2145,0x2125,0x1904,0x18c4,0x18c5,0x10e4,0x18c4,0x2105,0x2145,0x31a7,0xbdf9,0xdf7c,0xef5d,0xdf3c,0xc6b9,0xef7d,
  0xef9d,0xa554,0x4249,0x2145,0x1905,0x1905,0x18e4,0x18e5,0x20e4,0x2165,0x3187,0x636e,0xcedb,0xef7e,0xef9e,0xe77e,
  0xefbe,0xe77d,0xdf3b,0x8452,0x39e8,0x4248,0x39e9,0x4249,0x426a,0x94d3,0xef9e,0xef9e,0xe77e,0xef9f,0xe79e,0xef7e,
  0xdf1c,0x4a69,0x4269,0x4229,0x630c,0xb5f8,0xe77e,0xef7d,0xdf3d,0x73cf,0x6b4d,0x5b2d,0x5b2c,0x52ec,0x52ec,0x5aeb,
  0x52cb,0x4aaa,0x4a89,0x3a08,0x424a,0x31c7,0x2166,0x2946,0x2967,0x530c,0xd69a,0xe77e,0xf7be,0xe77d,0xc659,0x7bf0,
  0x52ab,0x5b2c,0x52cc,0x8c92,0xdf7c,0xf79e,0xe77e,0xe77d,0xbdf8,0x4acb,0x2986,0x31a6,0x2965,0x3a09,0x842f,0xef9e,
  0xe77d,0xef9d,0xa535,0x3a28,0x31a6,0x2145,0x2125,0x2145,0x2145,0x2966,0x29a8,0x8c92,0xef7d,0xe7bd,0xe77d,0xe75d,
  0x2165,0x2125,0x10e4,0x10c3,0x0883,0x0883,0x10a4,0x0883,0x0883,0x10a3,0x0884,0x0883,0x10a3,0x0884,0x0883,0x10a3,
  0x0884,0x1083,0x08a3,0x0884,0x0884,0x10a3,0x0883,0x0884,0x10a3,0x0883,0x0883,0x10a4,0x0883,0x10a3,0x0883,0x0883,
  0x1083,0x0884,0x0883,0x10a3,0x0884,0x1083,0x08a3,0x0883,0x1083,0x08a3,0x0883,0x0883,0x08a3,0x1083,0x0883,0x08a3,
  0x1084,0x0883,0x08a3,0x1084,0x08a3,0x0883,0x1083,0x08a3,0x0883,0x1084,0x08a3,0x0883,0x1083,0x08a4,0x1083,0x0883,
  0x10a4,0x0883,0x0883,0x08a4,0x0883,0x0883,0x0883,0x1083,0x0883,0x08a3,0x1083,0x0883,0x08a3,0x1083,0x0883,0x08a3,
  0x1083,0x0883,0x10a3,0x0883,0x1083,0x08a3,0x0883,0x10a3,0x0883,0x10a3,0x0884,0x0883,0x10a3,0x0884,0x0883,0x10a3,
  0x0884,0x1083,0x08a3,0x0884,0x1083,0x08a3,0x0884,0x08a3,0x0883,0x1084,0x08a3,0x0883,0x1083,0x08a3,0x1084,0x0883,
  0x08a3,0x1083,0x0884,0x10a3,0x0883,0x08a4,0x1083,0x0883,0x10a4,0x0883,0x1083,0x08a3,0x0883,0x10a3,0x0883,0x08a3,
  0x0883,0x1083,0x08a3,0x0883,0x08a3,0x0883,0x08a3,0x0883,0x1083,0x08a3,0x0883,0x0883,0x08a4,0x1083,0x0883,0x08a3,
  0x1083,0x0884,0x08a3,0x1083,0x0883,0x08a3,0x1084,0x0883,0x08a3,0x1083,0x0883,0x08a3,0x1083,0x0883,0x0883,0x1083,
  0x0883,0x1083,0x0883,0x08a3,0x0883,0x08a3,0x1083,0x08a3,0x0883,0x1083,0x08a3,0x0883,0x1084,0x08a3,0x0883,0x1083,
  0x08a3,0x0883,0x1084,0x08a3,0x1083,0x0883,0x08a3,0x1083,0x0883,0x10a3,0x0883,0x0883,0x0883,0x0883,0x10a3,0x0883,
  0x1083,0x08a3,0x1083,0x0883,0x08a4,0x1083,0x0883,0x08a4,0x0883,0x0883,0x10a3,0x0884,0x0883,0x10a3,0x0884,0x10a3,
  0x0883,0x0883,0x10a3,0x0883,0x0883,0x10a4,0x0883,0x1083,0x08a3,0x1083,0x08a3,0x0883,0x1083,0x08a4,0x0883,0x1083,
  0x08a4,0x0883,0x10a3,0x0884,0x08a3,0x0883,0x0884,0x10a3,0x0883,0x0883,0x10a3,0x0883,0x0884,0x10a3,0x0883,0x1083,
  0x0884,0x08a3,0x1083,0x0883,0x10a3,0x0883,0x0883,0x10a4,0x0883,0x0883,0x10a4,0x0883,0x08a3,0x1083,0x0883,0x08a3,
  0x1084,0x08a3,0x0883,0x10a3,0x0883,0x0883,0x10a3,0x0883,0x0883,0x10a3,0x0883,0x0883,0x10a3,0x0883,0x0883,0x08a3,
  0x0883,0x1083,0x08a4,0x0883,0x1083,0x08a3,0x0883,0x1083,0x08a3,0x1083,0x0883,0x10a3,0x0883,0x0883,0x10a4,0x0883,
  0x0883,0x0883,0x1083,0x0883,0x0883,0x1083,0x0883,0x08a3,0x18e4,0x2165,0x8c31,0xdf3c,0xefbe,0xef7d,0xbe17,0x5269,
  0x4208,0x4228,0x4208,0x4249,0xdf3d,0xef5d,0xef7e,0xf7be,0xe77f,0xe75d,0xf79d,0x7c51,0x4a69,0x4209,0x3a28,0x3a08,
  0x6b6e,0xef5d,0xe77e,0xef7d,0xc659,0x4249,0x3166,0x2966,0x2925,0x2126,0x3167,0x2987,0x6b6e,0xcebb,0xe73c,0xef9d,
  0x8452,0x9492,0xef9e,0xef7e,0xcebb,0x632d,0x3186,0x2966,0x2105,0x20e4,0x1905,0x1905,0x2925,0x2966,0x5b2d,0xd69a,
  0xe77f,0xef9e,0xe71c,0x4aab,0x4249,0x528a,0x3a09,0x3a28,0x4208,0x3a49,0x3a07,0xdf1c,0xf79e,0xdf3d,0xe77d,0xad76,
  0x422a,0x2146,0x2905,0x18e5,0x10c4,0x20e4,0x18e5,0x2146,0x3188,0x632d,0xce7a,0xe75d,0xe75d,0x8450,0x8cb3,0xe79d,
  0xe75d,0xcebb,0x634c,0x2966,0x2967,0x18c4,0x18e4,0x2104,0x2106,0x2146,0x31a7,0x6b6e,0xceba,0xe77e,0xef7e,0xe75d,
  0xe73c,0xefbf,0xe77d,0x9492,0x3a08,0x4249,0x4229,0x39e8,0x5acb,0xd6bc,0xe77e,0xf79e,0xdf5c,0xe75c,0xef7e,0xe77d,
  0xd6dc,0x4a8b,0x526a,0x4a6a,0x52cb,0xb5b7,0xe75d,0xefbe,0xf7be,0x632d,0x4a8a,0x526a,0x424a,0x4a29,0x3a08,0x39e8,
  0x41c8,0x3187,0x31a7,0x3165,0x2125,0x18e4,0x2146,0x29a6,0x39a7,0x8451,0xdf3c,0xe75e,0xef9e,0xce79,0x31e8,0x4a6a,
  0x528a,0x52ab,0x4a6a,0x4208,0x73f0,0xef9e,0xe73d,0xef9e,0xdefc,0x7bcf,0x2986,0x31c7,0x39c7,0x2967,0x7c2f,0xf7be,
  0xe77e,0xef7e,0xad35,0x424a,0x31a7,0x3987,0x2967,0x3187,0x2986,0x3187,0x39c7,0x8c93,0xe75d,0xef7d,0xe77e,0xe75d,
  0x2986,0x1945,0x1105,0x08a3,0x1083,0x0883,0x0883,0x0883,0x0883,0x0883,0x1083,0x0883,0x0883,0x1083,0x0883,0x0883,
  0x0883,0x0883,0x1083,0x0883,0x0883,0x0883,0x1083,0x0883,0x0883,0x1083,0x0883,0x0883,0x0883,0x0883,0x1083,0x0884,
  0x08a3,0x1083,0x0883,0x0883,0x0883,0x0883,0x1083,0x0883,0x0883,0x1084,0x0883,0x10a3,0x0884,0x0883,0x1083,0x0883,
  0x0883,0x1083,0x0883,0x0883,0x1083,0x0884,0x0883,0x1083,0x0883,0x0883,0x1083,0x0884,0x0883,0x0883,0x0883,0x0883,
  0x0883,0x1083,0x0883,0x1083,0x0883,0x10a3,0x0884,0x0883,0x1083,0x0884,0x0883,0x1083,0x0884,0x0883,0x1083,0x0884,
  0x0883,0x0883,0x0884,0x0883,0x0883,0x1084,0x0883,0x0883,0x0883,0x0883,0x1083,0x0883,0x0883,0x1083,0x0883,0x0883,
  0x0883,0x0883,0x1083,0x0883,0x0883,0x1083,0x0883,0x1083,0x0883,0x0883,0x1083,0x0883,0x0884,0x1083,0x0883,0x1083,
  0x0884,0x0883,0x1083,0x0883,0x1083,0x0883,0x0883,0x0883,0x0883,0x1083,0x0883,0x1083,0x0884,0x0883,0x1083,0x0884,
  0x1083,0x0883,0x1084,0x0883,0x1083,0x0884,0x1083,0x0883,0x0884,0x1083,0x0883,0x1083,0x0883,0x0883,0x1083,0x0883,
  0x0883,0x1083,0x0883,0x0883,0x1083,0x0883,0x0883,0x1083,0x0884,0x0883,0x1083,0x0884,0x0883,0x10a3,0x0884,0x08a3,
  0x0883,0x08a4,0x1083,0x0883,0x1083,0x0884,0x0883,0x1083,0x0884,0x0883,0x1083,0x0883,0x0883,0x1083,0x0883,0x0883,
  0x1084,0x0883,0x0883,0x0883,0x0883,0x1083,0x0884,0x08a3,0x1083,0x0884,0x1083,0x0883,0x10a4,0x0883,0x0883,0x1083,
  0x0884,0x0883,0x0883,0x1083,0x0883,0x0883,0x1083,0x0883,0x1083,0x0884,0x0883,0x1083,0x0883,0x0883,0x0883,0x0883,
  0x1083,0x0884,0x0883,0x1083,0x0883,0x0883,0x1083,0x0883,0x0883,0x0884,0x1083,0x0883,0x0883,0x1083,0x0883,0x08a3,
  0x1083,0x0883,0x0883,0x1083,0x0883,0x1083,0x0883,0x0883,0x1083,0x0883,0x0884,0x1083,0x0883,0x0883,0x0883,0x08a3,
  0x1083,0x0883,0x0883,0x0884,0x0883,0x1083,0x0883,0x0883,0x1083,0x0883,0x0883,0x1083,0x0883,0x0883,0x1084,0x0883,
  0x0883,0x1083,0x0883,0x0883,0x1083,0x0884,0x0883,0x1083,0x0884,0x0883,0x1083,0x0884,0x0883,0x1083,0x0884,0x1083,
  0x0883,0x0883,0x1083,0x0883,0x0883,0x1083,0x0884,0x0883,0x0883,0x0883,0x0884,0x0883,0x1083,0x0883,0x0883,0x0883,
  0x10a3,0x0883,0x08a3,0x1083,0x08a3,0x0883,0x10a3,0x08a3,0x1904,0x2166,0x4aab,0xe71c,0xefbe,0xe75d,0xce99,0x638d,
  0x4a49,0x4269,0x4229,0x738d,0xef7e,0xe77d,0xe77d,0xd71b,0xdeda,0xefbe,0xef9e,0xb617,0x5aeb,0x4a49,0x4229,0x4a49,
  0x7c2f,0xe77d,0xe79d,0xe75d,0x94b2,0x4249,0x2966,0x3167,0x2966,0x2946,0x2986,0x41e8,0x9d34,0xef9d,0xefbe,0xef7d,
  0x4249,0x52aa,0xef7d,0xef9e,0xef7d,0x7c71,0x2986,0x2945,0x2145,0x1905,0x20e4,0x1945,0x2145,0x31a7,0x636d,0xce9a,
  0xef9d,0xef9e,0xe77d,0x5acb,0x3a28,0x39e8,0x4208,0x3a08,0x39e7,0x4229,0x31c7,0x630b,0xdf7d,0xf7be,0xe77d,0xdf5d,
  0x7baf,0x29a6,0x2125,0x2125,0x1905,0x2105,0x2925,0x2186,0x31a7,0xa555,0xe75d,0xf7fe,0xef9d,0x31e7,0x630b,0xef9d,
  0xe77d,0xef9e,0x7c30,0x3166,0x2987,0x2925,0x1905,0x2125,0x2125,0x2186,0x39c7,0x6bae,0xd6bb,0xefbe,0xe77e,0xe73c,
  0xadb6,0xf79e,0xe79d,0x9d55,0x5acb,0x4249,0x4a49,0x3a28,0x5aec,0xf7de,0xe77d,0xdf7c,0xc659,0xcefb,0xef7e,0xef9d,
  0xdedb,0x52ab,0x4aaa,0x424a,0x5b2c,0xb5d8,0xefbf,0xef5d,0xe75d,0x632d,0x528b,0x4a8a,0x4249,0x4229,0x3a29,0x41c8,
  0x31e7,0x3987,0x2966,0x2166,0x3165,0x2165,0x2965,0x2145,0x2986,0xa514,0xefbd,0xef5d,0xe77c,0xb5d7,0x52aa,0x4a8a,
  0x4a8a,0x5249,0x4a89,0x4a6a,0x526a,0xd6db,0xf7de,0xef9d,0xefbe,0x8c92,0x39c7,0x31a7,0x4248,0x4208,0x7c2f,0xefbe,
  0xef7d,0xef7d,0xa575,0x526a,0x3a08,0x31c7,0x39c7,0x39c8,0x41e7,0x39e8,0x3a09,0x94d3,0xe75d,0xe7bd,0xef7d,0xe77d,
  0x31a6,0x2185,0x1904,0x08c3,0x0883,0x10a3,0x0883,0x1083,0x10a3,0x0883,0x08a3,0x1083,0x08a3,0x0883,0x10a3,0x0883,
  0x10a3,0x0883,0x08a3,0x1083,0x1083,0x08a3,0x0883,0x10a3,0x0883,0x08a3,0x1083,0x08a3,0x1083,0x0883,0x08a3,0x1083,
  0x0883,0x0883,0x10a3,0x0883,0x10a3,0x0883,0x0883,0x10a3,0x0883,0x08a3,0x1083,0x0883,0x1083,0x0883,0x08a3,0x1083,
  0x08a3,0x0883,0x1083,0x08a3,0x0883,0x10a3,0x0883,0x08a3,0x1083,0x08a3,0x0883,0x10a3,0x0883,0x10a3,0x0883,0x10a3,
  0x0883,0x08a3,0x1083,0x08a3,0x1083,0x0883,0x1083,0x08a3,0x0883,0x10a3,0x0883,0x08a3,0x1083,0x08a3,0x0883,0x1083,
  0x08a3,0x1083,0x0883,0x10a3,0x0883,0x08a3,0x1083,0x0883,0x10a3,0x0883,0x08a3,0x1083,0x08a3,0x0883,0x10a3,0x0883,
  0x10a3,0x0883,0x08a3,0x1083,0x08a3,0x0883,0x1083,0x08a3,0x1083,0x08a3,0x0883,0x10a3,0x0883,0x08a3,0x0883,0x08a3,
  0x1083,0x08a3,0x0883,0x08a3,0x0883,0x1083,0x08a3,0x1083,0x08a3,0x0883,0x08a3,0x0883,0x1083,0x08a3,0x0883,0x1083,
  0x08a3,0x0883,0x08a3,0x1083,0x0883,0x10a3,0x0883,0x1083,0x08a3,0x0883,0x10a3,0x0883,0x1083,0x08a3,0x0883,0x1083,
  0x08a3,0x0883,0x1083,0x08a3,0x0883,0x1083,0x08a3,0x0883,0x10a3,0x0883,0x08a3,0x1083,0x0883,0x0883,0x1083,0x0883,
  0x1083,0x0883,0x0883,0x1083,0x08a3,0x1083,0x0883,0x08a3,0x1083,0x08a3,0x0883,0x10a3,0x0883,0x08a3,0x1083,0x08a3,
  0x0883,0x10a3,0x0883,0x10a3,0x0883,0x08a3,0x1083,0x0883,0x0883,0x0883,0x08a3,0x1083,0x0883,0x1083,0x0883,0x08a3,
  0x1083,0x08a3,0x1083,0x08a3,0x1083,0x08a3,0x0883,0x1083,0x08a3,0x1083,0x08a3,0x0883,0x10a3,0x0883,0x1083,0x08a3,
  0x0883,0x10a3,0x0883,0x08a3,0x1083,0x08a3,0x0883,0x10a3,0x0883,0x1083,0x08a3,0x0883,0x10a3,0x0883,0x0883,0x1083,
  0x0883,0x0883,0x1083,0x08a3,0x0883,0x1083,0x08a3,0x1083,0x08a3,0x1083,0x0883,0x08a3,0x1083,0x08a3,0x1083,0x0883,
  0x0883,0x1083,0x08a3,0x1083,0x08a3,0x0883,0x10a3,0x0883,0x08a3,0x1083,0x08a3,0x0883,0x1083,0x08a3,0x0883,0x10a3,
  0x0883,0x0883,0x10a3,0x0883,0x08a3,0x1083,0x08a3,0x0883,0x10a3,0x0883,0x08a3,0x1083,0x08a3,0x0883,0x10a3,0x0883,
  0x10a3,0x0883,0x0883,0x10a3,0x0883,0x08a3,0x1083,0x08a3,0x1083,0x08a3,0x1083,0x08a3,0x0883,0x10a3,0x0883,0x1083,
  0x0883,0x1083,0x0883,0x0883,0x0883,0x0883,0x0883,0x10a3,0x18e4,0x2945,0x31a7,0xdf3c,0xef7e,0xe77d,0xdf1c,0x8472,
  0x4269,0x4a6a,0x4a8a,0x8cd2,0xe77d,0xf79e,0xdf1b,0x9d34,0xad96,0xef5d,0xe77d,0xe73c,0x5b2c,0x4a6a,0x4a6a,0x4aaa,
  0x94b2,0xef7e,0xf77e,0xe75d,0x6b8e,0x39e8,0x2145,0x3187,0x2186,0x2966,0x31a7,0x4a6a,0xbdf8,0xe75d,0xe75d,0xd6db,
  0x426a,0x636d,0xd6fb,0xe75d,0xe77d,0xb5d7,0x4acb,0x2965,0x2946,0x2145,0x1904,0x1925,0x3187,0x29a7,0x634d,0xc69a,
  0xe77d,0xf79d,0xdf3c,0x4aaa,0x3a28,0x39e7,0x31e7,0x29c7,0x31e7,0x31a7,0x3a48,0x4a69,0xc679,0xe77d,0xef9e,0xef7d,
  0x7c10,0x29a7,0x2166,0x2125,0x2905,0x1905,0x2146,0x2986,0x528a,0xb5f7,0xe77e,0xe77e,0xd69a,0x52ec,0x5b4c,0xcebb,
  0xefbe,0xe77d,0xb5d7,0x4acb,0x2146,0x2166,0x2125,0x2105,0x2125,0x2166,0x31c7,0x6b8e,0xceba,0xe77e,0xe77d,0xdf3c,
  0x7c31,0xe75d,0xe79e,0xceba,0x73ef,0x4269,0x4a8a,0x528a,0x634d,0xe77d,0xe77d,0xdefb,0xa555,0xc679,0xe79d,0xe79d,
  0xd6fb,0x4aab,0x4a8a,0x4a6a,0x5b2d,0xadb7,0xe79e,0xe77e,0xef7e,0x5b4d,0x528b,0x4a8a,0x424a,0x4229,0x3a08,0x39e8,
  0x31c8,0x29a7,0x2966,0x2146,0x2145,0x1924,0x2145,0x3166,0x31c7,0x94b2,0xdf1c,0xefbe,0xef3c,0xcebb,0x5b0c,0x4a6a,
  0x4a8a,0x4a8a,0x4a4a,0x4a6a,0x4249,0xa4f4,0xc679,0xce9a,0xc679,0x8430,0x3a08,0x31a7,0x31c7,0x39e8,0x8410,0xef9e,
  0xe77d,0xef7e,0xad35,0x4a6a,0x3a28,0x39e8,0x31e8,0x39e8,0x3a08,0x3a08,0x4229,0x94b3,0xe75d,0xe77d,0xe77d,0xdf7d,
  0x29a7,0x2965,0x1904,0x08a3,0x0883,0x0883,0x0883,0x08a3,0x0883,0x1083,0x0883,0x0883,0x0883,0x0883,0x0883,0x0883,
  0x0883,0x1083,0x0883,0x0883,0x0883,0x1083,0x0883,0x0883,0x0883,0x0883,0x0883,0x0883,0x0883,0x1083,0x0883,0x0883,
  0x0883,0x0883,0x0883,0x0883,0x0883,0x1083,0x0883,0x0883,0x0883,0x1083,0x0883,0x0883,0x08a3,0x0883,0x0883,0x0883,
  0x1083,0x0883,0x0883,0x0883,0x1083,0x0883,0x0883,0x0883,0x0883,0x1083,0x0883,0x0883,0x0883,0x0883,0x0883,0x0883,
  0x1083,0x0883,0x0883,0x0883,0x0883,0x0883,0x0883,0x0883,0x0883,0x0883,0x1083,0x0883,0x0883,0x0883,0x0883,0x0883,
  0x0883,0x08a3,0x1083,0x0883,0x0883,0x0883,0x0883,0x0883,0x0883,0x1083,0x0883,0x0883,0x0883,0x0883,0x0883,0x0883,
  0x0883,0x1083,0x0883,0x0883,0x0883,0x0883,0x0883,0x0884,0x0883,0x0883,0x0883,0x0883,0x0883,0x1083,0x0883,0x0883,
  0x0883,0x1083,0x0883,0x1083,0x0883,0x0883,0x0883,0x0883,0x1083,0x0883,0x1083,0x0883,0x0883,0x0883,0x0883,0x0883,
  0x0883,0x1083,0x0883,0x0883,0x0883,0x0883,0x0883,0x0883,0x0883,0x0883,0x0883,0x0883,0x0883,0x0883,0x08a3,0x0883,
  0x1083,0x0883,0x0883,0x0883,0x10a4,0x0883,0x0883,0x0883,0x0883,0x1083,0x0883,0x0883,0x08a3,0x0883,0x0883,0x08a3,
  0x0883,0x1083,0x08a3,0x0883,0x0883,0x0883,0x0883,0x1083,0x0883,0x0883,0x0883,0x0883,0x1083,0x0883,0x0883,0x0883,
  0x1083,0x0883,0x0883,0x0883,0x1083,0x0883,0x0883,0x0883,0x10a3,0x0883,0x0883,0x0883,0x0883,0x08a3,0x0883,0x0883,
  0x0883,0x0883,0x0883,0x0883,0x0883,0x0883,0x0883,0x0883,0x0883,0x0883,0x0883,0x0883,0x0883,0x0883,0x0883,0x1083,
  0x0883,0x0883,0x0883,0x1083,0x0883,0x0883,0x0883,0x0883,0x0883,0x0883,0x0883,0x0883,0x0883,0x0883,0x08a3,0x0883,
  0x0883,0x08a3,0x0883,0x0883,0x0883,0x0883,0x0883,0x0883,0x0883,0x0883,0x0883,0x0883,0x0883,0x0883,0x0883,0x1083,
  0x08a3,0x0883,0x0883,0x0883,0x1083,0x0883,0x0883,0x0883,0x0883,0x0883,0x0883,0x0883,0x0883,0x1083,0x0883,0x0883,
  0x0883,0x0883,0x0883,0x1083,0x0883,0x0883,0x1083,0x0883,0x0883,0x0883,0x1083,0x0883,0x0883,0x0883,0x0883,0x0883,
  0x0883,0x0883,0x0883,0x0883,0x0883,0x0883,0x0883,0x0883,0x0883,0x1083,0x0883,0x0883,0x0883,0x0883,0x0883,0x08a3,
  0x0883,0x0883,0x08a4,0x1083,0x0883,0x1083,0x08a3,0x18a4,0x1904,0x2165,0x31c7,0xbe19,0xe79d,0xef9e,0xe77d,0xa575,
  0x528a,0x4aca,0x4a6a,0xc638,0xe7be,0xe77d,0xdeda,0x5b0c,0x8cb2,0xef9e,0xe77d,0xe79d,0x52eb,0x52aa,0x4a8a,0x5b0c,
  0xc659,0xe77d,0xe77d,0xdf5c,0x6b4d,0x31e7,0x3186,0x29a6,0x2986,0x2986,0x3208,0x7bf0,0xe73c,0xdf7d,0xe79d,0x9cd3,
  0x4acb,0x62ec,0x94f3,0xe79d,0xef7e,0xe75d,0x6b6e,0x31e8,0x2166,0x2165,0x2925,0x2146,0x2986,0x31c7,0x634d,0xceba,
  0xe79d,0xe77d,0xdf5c,0x5acb,0x31e8,0x39c7,0x29a7,0x3186,0x2987,0x29a7,0x31c7,0x4229,0x8c72,0xe79e,0xe79e,0xe77d,
  0xa596,0x4a49,0x29a6,0x2146,0x2165,0x2166,0x2966,0x31e7,0x7c10,0xd6fc,0xef7d,0xe7be,0x8491,0x52cb,0x5b0b,0x94f4,
  0xe79e,0xe77e,0xe73d,0x6bce,0x39e8,0x2966,0x2946,0x2125,0x2966,0x2986,0x31e7,0x738e,0xce9a,0xef9e,0xe79e,0xcefc,
  0x634c,0xe79e,0xe75d,0xe79d,0x8451,0x42aa,0x4aaa,0x428a,0xad96,0xef7d,0xe7be,0xb5f7,0x8471,0xceb9,0xe77d,0xe77d,
  0xe71c,0x4aaa,0x52aa,0x4a8a,0x630c,0xb5d7,0xef7e,0xe77e,0xefbe,0x5b2c,0x52ab,0x4aab,0x4a6a,0x4269,0x4229,0x3a08,
  0x3207,0x31a7,0x29a6,0x2946,0x2145,0x2145,0x2145,0x2166,0x2987,0x634d,0xd6db,0xefbe,0xe75d,0xdf5d,0xbdf7,0x638e,
  0x6b6e,0x4aaa,0x4a69,0x426a,0x426a,0x4249,0x3a08,0x3a08,0x31c7,0x3a08,0x31a7,0x3208,0x3207,0x3a29,0x7c30,0xe75d,
  0xef9d,0xe79d,0x9d54,0x4aaa,0x4a69,0x4229,0x4a29,0x3a29,0x3a29,0x4a49,0x426a,0x9cd4,0xe77d,0xef9d,0xe77d,0xe73c,
  0x31e8,0x2186,0x1905,0x10a3,0x08a3,0x1083,0x0883,0x0883,0x0883,0x0883,0x08a4,0x1083,0x0883,0x1083,0x08a3,0x1084,
  0x0883,0x08a3,0x0883,0x1084,0x0883,0x0883,0x0883,0x08a3,0x1083,0x0883,0x1083,0x08a3,0x0883,0x08a3,0x0883,0x1083,
  0x08a3,0x1083,0x08a3,0x1083,0x0883,0x08a3,0x0883,0x10a3,0x0883,0x0883,0x08a3,0x0883,0x1083,0x0883,0x1083,0x08a3,
  0x0883,0x0883,0x10a3,0x0883,0x0883,0x08a3,0x1083,0x0883,0x08a3,0x0883,0x0883,0x10a3,0x0883,0x1083,0x08a3,0x0883,
  0x0883,0x08a3,0x1084,0x0883,0x08a3,0x1083,0x08a3,0x1083,0x0883,0x08a3,0x0883,0x0883,0x10a3,0x0883,0x10a3,0x0883,
  0x1083,0x0883,0x0883,0x0883,0x10a3,0x0883,0x1083,0x08a3,0x0883,0x0883,0x08a4,0x1083,0x0883,0x1083,0x08a3,0x1084,
  0x0883,0x08a3,0x0883,0x1084,0x08a3,0x1083,0x08a3,0x0883,0x1083,0x08a3,0x1083,0x0883,0x08a3,0x0883,0x1083,0x0883,
  0x08a3,0x0883,0x0883,0x08a3,0x0883,0x10a3,0x0883,0x0883,0x08a3,0x0883,0x0883,0x08a3,0x1083,0x08a3,0x1083,0x08a3,
  0x0883,0x0883,0x08a3,0x0883,0x10a3,0x0883,0x08a3,0x1083,0x08a3,0x1083,0x0883,0x08a3,0x1083,0x0883,0x1083,0x0884,
  0x0883,0x08a3,0x1083,0x0883,0x0883,0x0883,0x1083,0x08a3,0x0883,0x0883,0x08a3,0x1083,0x0883,0x1083,0x0883,0x1083,
  0x0883,0x0883,0x0883,0x0883,0x1083,0x08a3,0x0883,0x0883,0x08a3,0x1083,0x0883,0x0883,0x08a3,0x0884,0x1083,0x08a3,
  0x0883,0x0883,0x1083,0x08a3,0x0883,0x0883,0x10a3,0x0883,0x0883,0x0883,0x1083,0x08a3,0x1083,0x0883,0x1083,0x0883,
  0x10a3,0x0883,0x0883,0x10a3,0x0883,0x1083,0x08a3,0x0883,0x10a3,0x0883,0x1083,0x08a3,0x1083,0x08a3,0x0883,0x08a3,
  0x0883,0x1083,0x08a3,0x0883,0x0883,0x10a3,0x0883,0x0883,0x10a3,0x0883,0x10a3,0x0883,0x1083,0x0883,0x1084,0x0883,
  0x1083,0x0883,0x1083,0x08a4,0x1083,0x08a3,0x1083,0x0883,0x08a3,0x1083,0x08a3,0x1083,0x0883,0x10a3,0x0883,0x0883,
  0x0884,0x1083,0x0883,0x08a3,0x0883,0x0883,0x1083,0x08a3,0x1083,0x0883,0x10a3,0x0883,0x08a3,0x0883,0x0883,0x10a3,
  0x0883,0x10a3,0x0883,0x0883,0x08a3,0x0883,0x0883,0x0883,0x10a3,0x0883,0x0883,0x0883,0x10a3,0x0883,0x1083,0x0883,
  0x08a3,0x1083,0x08a3,0x1084,0x0883,0x10a3,0x0883,0x1083,0x08a3,0x0883,0x0883,0x1083,0x08a3,0x1083,0x0883,0x0883,
  0x1083,0x0883,0x0883,0x0883,0x08a3,0x0883,0x0883,0x08a3,0x10e4,0x2125,0x2986,0x8451,0xe77d,0xe79d,0xe77d,0xad96,
  0x4a8a,0x4a8a,0x4229,0xd6da,0xf79e,0xe75d,0xceba,0x4a8a,0x8c51,0xdf1c,0xe77d,0xef7e,0x8c92,0x52cb,0x52ab,0x6b4e,
  0xdf1c,0xef9e,0xef7d,0xbe18,0x52cb,0x29a7,0x31c7,0x2986,0x31a7,0x31e7,0x4228,0x9d14,0xe79e,0xe77d,0xe77d,0x5b2d,
  0x52cb,0x4aaa,0x73cf,0xef7d,0xe7be,0xef9e,0x9d14,0x3a49,0x2966,0x29a7,0x2145,0x2166,0x2986,0x31c7,0x636d,0xce9a,
  0xef7d,0xe77d,0xdf3c,0x4aaa,0x31c7,0x29c6,0x2966,0x2186,0x2166,0x29a6,0x39a7,0x31e8,0x6bce,0xe75d,0xef7e,0xe77e,
  0xbe38,0x4aab,0x29c6,0x3166,0x29a7,0x2987,0x29a6,0x3a29,0x9d34,0xe7be,0xe79d,0xe75d,0x5b0c,0x52cb,0x4a8a,0x73f0,
  0xef7d,0xe7bd,0xe77e,0x9d14,0x3a49,0x2986,0x2986,0x2165,0x2966,0x29a7,0x31e8,0x6b8e,0xceba,0xe77f,0xef9e,0xdefc,
  0x6b8e,0xdf1c,0xe77e,0xe77e,0x8451,0x4aaa,0x52cb,0x52cc,0xdf3c,0xe77d,0xe75d,0xb5d7,0x73cf,0xc65a,0xe79e,0xef9e,
  0xdf1c,0x4a8a,0x4a8a,0x4a8a,0x5b2c,0xb5d7,0xe79d,0xe77d,0xefbe,0x94d3,0x8c92,0x8471,0x8451,0x8451,0x7c31,0x7c30,
  0x7c11,0x73d0,0x73af,0x6baf,0x4249,0x1925,0x2125,0x2165,0x2166,0x3208,0xad96,0xf77e,0xe77d,0xe7bd,0xe75c,0xe75e,
  0xbe59,0x94d3,0x8492,0x73f1,0x6b2d,0x3a28,0x4229,0x3a08,0x3a08,0x31c7,0x31e8,0x39e7,0x3a08,0x3a29,0x8450,0xe77d,
  0xe77d,0xe79d,0xbe58,0x8c92,0x8451,0x8451,0x8471,0x7c31,0x8451,0x8452,0x8452,0xb5d7,0xe77d,0xe77e,0xe77d,0xdf3c,
  0x31c8,0x2166,0x1925,0x10a3,0x0883,0x0883,0x08a3,0x1083,0x1083,0x0883,0x0883,0x0883,0x08a3,0x0883,0x0883,0x0883,
  0x0883,0x0883,0x0883,0x0883,0x0883,0x08a3,0x1083,0x0883,0x0883,0x08a4,0x0883,0x0883,0x1083,0x0884,0x0883,0x0883,
  0x0883,0x0883,0x0883,0x0883,0x0883,0x1084,0x0883,0x0883,0x0883,0x0883,0x1083,0x0883,0x0883,0x08a3,0x0883,0x0883,
  0x0883,0x0884,0x0883,0x0883,0x0883,0x0883,0x0883,0x0883,0x1083,0x0883,0x0883,0x0883,0x0883,0x0883,0x0883,0x1083,
  0x0884,0x0883,0x0883,0x0883,0x0883,0x0883,0x0883,0x0883,0x0883,0x1083,0x0883,0x0883,0x0883,0x0883,0x0883,0x0883,
  0x08a3,0x0883,0x0883,0x0883,0x0883,0x0883,0x08a3,0x0883,0x1083,0x0883,0x0883,0x0883,0x08a3,0x0883,0x0883,0x0883,
  0x0883,0x0883,0x0883,0x0883,0x0883,0x0883,0x0883,0x0883,0x0883,0x0883,0x0883,0x0883,0x1083,0x0883,0x08a3,0x0883,
  0x1083,0x0883,0x0883,0x1083,0x0883,0x0883,0x0883,0x1084,0x0883,0x0883,0x1083,0x0883,0x0883,0x0883,0x0883,0x0883,
  0x1083,0x0883,0x1083,0x0883,0x0883,0x0883,0x0883,0x0883,0x0883,0x0883,0x0883,0x1083,0x08a3,0x0883,0x0883,0x08a3,
  0x0883,0x0883,0x0883,0x08a3,0x0883,0x0883,0x08a3,0x0883,0x1083,0x0883,0x0883,0x0883,0x0883,0x08a3,0x0883,0x08a3,
  0x0883,0x08a3,0x1083,0x0883,0x08a3,0x0883,0x1083,0x0883,0x0883,0x0883,0x08a3,0x1083,0x0883,0x0883,0x0883,0x0883,
  0x0883,0x08a3,0x0883,0x0883,0x0883,0x0883,0x0883,0x0883,0x1083,0x08a3,0x0883,0x0883,0x0883,0x0883,0x08a3,0x0883,
  0x0883,0x0883,0x0883,0x0883,0x0883,0x0884,0x0883,0x1083,0x0883,0x0883,0x0883,0x0883,0x0883,0x0883,0x1083,0x0884,
  0x0883,0x0883,0x0883,0x0883,0x0883,0x0884,0x0883,0x1083,0x0883,0x0883,0x0883,0x0883,0x08a3,0x0883,0x08a3,0x0883,
  0x08a3,0x0883,0x0883,0x0883,0x0883,0x0883,0x0883,0x0883,0x0884,0x0883,0x0883,0x0883,0x0883,0x0883,0x0883,0x08a3,
  0x0883,0x08a3,0x0883,0x1083,0x0883,0x08a3,0x0883,0x0884,0x0883,0x0883,0x0883,0x0884,0x1083,0x0883,0x0883,0x0883,
  0x0883,0x0883,0x0883,0x1083,0x0883,0x0883,0x10a3,0x0883,0x0883,0x0883,0x08a3,0x0883,0x0883,0x0883,0x08a3,0x0883,
  0x0883,0x0883,0x0883,0x0883,0x0883,0x0883,0x0883,0x0883,0x0883,0x0883,0x08a3,0x0883,0x0883,0x0883,0x08a3,0x1083,
  0x0883,0x1083,0x0883,0x0883,0x1083,0x0883,0x0883,0x10a3,0x10e4,0x2105,0x2166,0x52aa,0xe79e,0xe77d,0xf79e,0xbe18,
  0x632c,0x52ab,0x7bf0,0xd6fb,0xef9e,0xe79d,0xbdd7,0x52cb,0x73cf,0xc659,0xe79d,0xe75d,0xbe38,0x5acb,0x528b,0x638d,
  0xef9e,0xe77d,0xe77d,0x94f3,0x4a4a,0x31a7,0x31c8,0x3986,0x2986,0x39e8,0x5b0c,0xc659,0xef7e,0xe77d,0xdedb,0x4aab,
  0x5acb,0x52eb,0x6b8f,0xcebb,0xe77e,0xe79e,0xdedb,0x52cb,0x4208,0x2986,0x3166,0x2966,0x31a7,0x31c7,0x6b4d,0xce9a,
  0xe79d,0xe77d,0xe73d,0x4aaa,0x31c7,0x3186,0x2145,0x2145,0x2945,0x2146,0x29a7,0x31e8,0x5aec,0xe77e,0xe77d,0xe77e,
  0xce79,0x52ec,0x3a08,0x29a7,0x29a7,0x39a7,0x31e7,0x632d,0xc679,0xef9e,0xe77d,0xd6bb,0x530c,0x52cc,0x52ec,0x73cf,
  0xceba,0xe79e,0xef9e,0xd6db,0x52cb,0x41e8,0x2987,0x2186,0x31a7,0x29c7,0x3a08,0x6b8f,0xceba,0xef7e,0xef9e,0xd6fc,
  0x634d,0xa596,0xef7d,0xe79e,0xadd7,0x6b6e,0x52ec,0x5aeb,0xf79e,0xe79e,0xdf1c,0xa575,0x7c10,0xc699,0xef9e,0xdf7d,
  0xd6fb,0x4a8a,0x52aa,0x428b,0x5b2d,0xb5b6,0xe79d,0xe77d,0xef9d,0xe79d,0xef9e,0xef7e,0xe77e,0xe79d,0xf79e,0xe79e,
  0xef9d,0xe77e,0xef9e,0xe75d,0x73f0,0x1925,0x2104,0x2125,0x2946,0x29a6,0x5b2c,0xbe18,0xe79e,0xef9e,0xe77d,0xe77d,
  0xef7e,0xe79e,0xf7be,0xdf1c,0xbe18,0x8cb3,0x8430,0x426a,0x3a08,0x39e8,0x31e8,0x39e8,0x39e9,0x3a08,0x7c10,0xef9e,
  0xef7d,0xe77d,0xef7d,0xe79e,0xf79e,0xef7d,0xe77d,0xef7e,0xef9e,0xef5d,0xe77e,0xef7e,0xe77d,0xe77d,0xef7d,0xdf3c,
  0x39c8,0x2166,0x2105,0x10a3,0x1083,0x0884,0x0883,0x0883,0x0883,0x1083,0x0883,0x0883,0x1083,0x0883,0x0883,0x1083,
  0x0883,0x1083,0x0883,0x1083,0x0883,0x0883,0x0883,0x0884,0x1083,0x0883,0x1083,0x0883,0x0883,0x0883,0x1083,0x0883,
  0x0883,0x1083,0x0883,0x0884,0x0883,0x0883,0x0883,0x0883,0x1083,0x0883,0x0883,0x0883,0x0883,0x1083,0x0883,0x1083,
  0x0883,0x1083,0x0883,0x1083,0x0883,0x1083,0x0883,0x0883,0x0884,0x0883,0x1083,0x0883,0x0883,0x1083,0x0883,0x0883,
  0x0883,0x1083,0x0883,0x1083,0x0883,0x1083,0x0883,0x0883,0x1083,0x0883,0x0883,0x1083,0x0883,0x0883,0x1083,0x0883,
  0x0883,0x1083,0x0883,0x1083,0x0883,0x1083,0x0883,0x0883,0x0883,0x1083,0x0883,0x0883,0x1083,0x0883,0x0883,0x1083,
  0x0883,0x1083,0x0883,0x1083,0x0883,0x0883,0x1083,0x0883,0x1083,0x0883,0x1083,0x0883,0x0883,0x0883,0x1083,0x0883,
  0x0883,0x0883,0x0883,0x0883,0x0883,0x1083,0x0883,0x0883,0x0883,0x0883,0x0883,0x0883,0x1084,0x0883,0x0883,0x1083,
  0x0883,0x0883,0x0883,0x0883,0x1083,0x0883,0x1083,0x0883,0x1083,0x0883,0x0883,0x0883,0x0884,0x0883,0x1083,0x0883,
  0x1083,0x0883,0x1083,0x0883,0x1083,0x0883,0x1083,0x0883,0x0883,0x0883,0x1083,0x0883,0x0883,0x1083,0x0883,0x0883,
  0x1083,0x0883,0x0883,0x0883,0x1083,0x0883,0x0883,0x0883,0x1083,0x0883,0x0883,0x0883,0x0883,0x1083,0x0883,0x1083,
  0x0883,0x1083,0x0883,0x1083,0x0883,0x1084,0x0883,0x0883,0x0883,0x0883,0x1083,0x0883,0x0883,0x1083,0x0883,0x0883,
  0x1083,0x0883,0x1083,0x0884,0x0883,0x1083,0x0883,0x0883,0x0883,0x0883,0x1083,0x0883,0x0883,0x1084,0x0883,0x0883,
  0x1083,0x0883,0x1083,0x0883,0x1083,0x0883,0x0883,0x0883,0x0883,0x0883,0x1083,0x0884,0x0883,0x1083,0x0883,0x0883,
  0x1083,0x0883,0x0883,0x1083,0x0883,0x0883,0x1083,0x0883,0x1083,0x0883,0x0883,0x1083,0x0883,0x0883,0x1083,0x0883,
  0x1083,0x0883,0x0883,0x0883,0x0883,0x1083,0x0883,0x0883,0x1083,0x0883,0x1083,0x0883,0x0883,0x0883,0x1083,0x0883,
  0x0883,0x1083,0x0883,0x0883,0x0884,0x0883,0x0883,0x0883,0x1083,0x0883,0x1083,0x0883,0x1083,0x0883,0x0883,0x1083,
  0x0883,0x1083,0x0883,0x1083,0x0883,0x0883,0x1083,0x0883,0x1083,0x0883,0x1083,0x0883,0x1083,0x0884,0x0883,0x0883,
  0x0883,0x0883,0x0883,0x0883,0x0883,0x1083,0x0883,0x0883,0x10c4,0x1904,0x2166,0x31c7,0xe75d,0xef7d,0xe77e,0xceba,
  0x7c30,0x52cb,0xad76,0xe77d,0xe73d,0xe75d,0x7c30,0x52cb,0x4aaa,0xad55,0xe79e,0xef7d,0xe75e,0x5aec,0x52cb,0x7c30,
  0xef7e,0xe75d,0xf77e,0x8451,0x3a08,0x39e7,0x2986,0x31c7,0x31e7,0x31e7,0x7bf0,0xe73c,0xe75d,0xe79e,0x94f3,0x530c,
  0x52cb,0x52ec,0x632c,0xa535,0xef7e,0xe77d,0xe77e,0x7c10,0x3a29,0x2986,0x31e8,0x29a7,0x31c7,0x31e8,0x634d,0xce9a,
  0xef7d,0xef9d,0xdf3c,0x4acb,0x29c7,0x2986,0x2145,0x2125,0x2125,0x2145,0x31a7,0x39e8,0x4aac,0xef9e,0xe79d,0xe79e,
  0xceba,0x5b2d,0x4209,0x31a7,0x31c7,0x31e8,0x39e8,0x7c31,0xe75d,0xe75d,0xe79e,0x94f5,0x5b2c,0x4aab,0x52ec,0x632d,
  0x9d55,0xe79e,0xdf5d,0xe77d,0x73f0,0x3a08,0x31c7,0x29a7,0x31a8,0x31c7,0x3208,0x6b8e,0xd69a,0xe79e,0xef9e,0xd6fc,
  0x5aec,0x7c31,0xe77d,0xe77e,0xd71b,0x73ef,0x52cb,0x8451,0xdf5d,0xe77d,0xd71b,0x7c30,0x7410,0xc69a,0xf79e,0xdf7d,
  0xd6fb,0x4a8a,0x4a8a,0x4a8a,0x632d,0xadb6,0xe77d,0xe75d,0xe79e,0xe77d,0xf79e,0xe79e,0xe77d,0xe77d,0xe77d,0xe77d,
  0xe77d,0xe75e,0xef7e,0xe77e,0x73f0,0x1925,0x1926,0x2145,0x2166,0x29a7,0x39c7,0x5b2c,0x8cb2,0xcedb,0xef9d,0xe79e,
  0xe77e,0xe79e,0xe77e,0xe77d,0xef7e,0xdf5d,0xdf1c,0xa575,0x636e,0x3a08,0x3a09,0x4208,0x3208,0x4228,0x7c10,0xe77d,
  0xe77d,0xe79d,0xef9d,0xe79e,0xe79e,0xe75d,0xef9e,0xe75d,0xef9f,0xef9e,0xe77d,0xe77e,0xe77d,0xef7d,0xe77d,0xdf3c,
  0x31c7,0x2186,0x1906,0x08a3,0x0883,0x0883,0x1083,0x0883,0x0883,0x0883,0x0883,0x0883,0x0883,0x1083,0x0883,0x0883,
  0x0883,0x0883,0x0883,0x0883,0x1083,0x0883,0x1083,0x0883,0x0883,0x0883,0x0883,0x0883,0x1083,0x0883,0x0883,0x0883,
  0x1083,0x0883,0x0883,0x1083,0x0883,0x1083,0x0883,0x0883,0x0883,0x0883,0x1083,0x0884,0x0883,0x0883,0x0883,0x0883,
  0x0883,0x0883,0x0883,0x0883,0x0883,0x0883,0x0884,0x1083,0x0883,0x0883,0x0883,0x1083,0x0883,0x0883,0x0883,0x1083,
  0x0883,0x0883,0x0883,0x0883,0x0883,0x0883,0x0883,0x0883,0x0883,0x0883,0x0883,0x0883,0x0883,0x1083,0x0883,0x0883,
  0x0883,0x0883,0x0883,0x0883,0x0883,0x0883,0x0883,0x1084,0x0883,0x0883,0x0883,0x0883,0x0883,0x1083,0x0883,0x0883,
  0x0883,0x0883,0x0883,0x0883,0x0883,0x1083,0x0883,0x0883,0x0883,0x0883,0x0883,0x0883,0x1083,0x0883,0x0883,0x0883,
  0x0883,0x1083,0x0883,0x1083,0x0884,0x0883,0x0883,0x0883,0x1083,0x0883,0x1083,0x0883,0x0883,0x0883,0x0883,0x0883,
  0x0883,0x0883,0x1083,0x0883,0x0883,0x0883,0x0883,0x0883,0x0883,0x0883,0x1083,0x0883,0x1083,0x0883,0x0883,0x0883,
  0x0883,0x0883,0x0883,0x0883,0x0883,0x0883,0x0883,0x0883,0x1083,0x0883,0x0883,0x0883,0x0883,0x0883,0x0883,0x0883,
  0x0883,0x0883,0x1083,0x0883,0x0884,0x0883,0x0883,0x0883,0x0883,0x0884,0x1083,0x0883,0x0883,0x0883,0x0883,0x0883,
  0x0883,0x0883,0x0883,0x0884,0x0883,0x0883,0x0883,0x1083,0x0883,0x0883,0x0883,0x0883,0x0883,0x0883,0x0883,0x0883,
  0x0884,0x0883,0x0883,0x0883,0x1083,0x0883,0x0883,0x0883,0x1083,0x0883,0x0883,0x0884,0x0883,0x0883,0x0883,0x0883,
  0x0883,0x0883,0x0883,0x0883,0x0883,0x0883,0x1083,0x0883,0x0883,0x0883,0x0883,0x0883,0x0883,0x0883,0x0883,0x0883,
  0x0883,0x0883,0x1083,0x0883,0x0883,0x0883,0x0883,0x0883,0x0883,0x0883,0x1083,0x0883,0x0883,0x0883,0x0884,0x0883,
  0x0883,0x0883,0x1083,0x0883,0x0883,0x0883,0x1083,0x0883,0x0883,0x0883,0x0883,0x0883,0x1083,0x0883,0x0883,0x0883,
  0x0883,0x0883,0x0884,0x1083,0x0883,0x1083,0x0883,0x0883,0x0883,0x0883,0x0883,0x0883,0x0883,0x0883,0x0883,0x0883,
  0x0884,0x0883,0x0883,0x0883,0x0883,0x1083,0x0883,0x0883,0x0883,0x0883,0x0884,0x0883,0x0883,0x0883,0x1083,0x0883,
  0x0883,0x0883,0x1083,0x0883,0x0883,0x0883,0x0883,0x1083,0x10a3,0x18e4,0x2966,0x31a7,0xc659,0xe77d,0xe77d,0xe75d,
  0x9cf3,0x4269,0xbdf8,0xe77d,0xef9e,0xdefc,0x4269,0x5aab,0x4aaa,0x9d14,0xe75d,0xe75d,0xe77d,0x5b2c,0x6b4d,0xb5b7,
  0xe77d,0xe77d,0xdf3c,0x73af,0x4208,0x39c7,0x31a6,0x39e8,0x39e8,0x5269,0xad75,0xe77e,0xefbe,0xef9e,0x4aab,0x52cb,
  0x5acb,0x52cb,0x530c,0x8c92,0xe77e,0xe77d,0xe77d,0xce59,0x4229,0x3a29,0x39c7,0x31c7,0x31e8,0x39e8,0x634d,0xce9a,
  0xe77d,0xef9e,0xe73c,0x52cb,0x39c6,0x2966,0x2945,0x2125,0x2925,0x2165,0x31a7,0x31e8,0x4aab,0xef9e,0xe77d,0xef9e,
  0xcebb,0x5b2c,0x39e8,0x39e7,0x3a08,0x41e8,0x4a8b,0xa576,0xef7e,0xe79e,0xef9e,0x630c,0x4269,0x52ec,0x5acb,0x52cb,
  0x8cb3,0xef7d,0xef9e,0xf7be,0xbe39,0x4a69,0x3a08,0x39c7,0x31e7,0x39e8,0x3a08,0x6b8e,0xce9a,0xef9e,0xe77e,0xdf1c,
  0x530c,0x7c10,0xef9e,0xe77e,0xf79e,0x6bcf,0x52cb,0xbe38,0xdf3d,0xef9d,0xbe58,0x5b0c,0x7bf0,0xc679,0xe79d,0xe77d,
  0xe6fc,0x4a8a,0x4a6a,0x4a8a,0x632d,0xadb7,0xf7be,0xe77d,0xef9e,0xe77d,0xe77e,0xe77d,0xef9d,0xe77e,0xef9e,0xef9e,
  0xe77d,0xef7e,0xe77e,0xdf3d,0x73d0,0x2125,0x18e4,0x2125,0x2145,0x2166,0x31c7,0x39e8,0x4269,0x636e,0x73ef,0xadb6,
  0xd6fc,0xef7d,0xefbe,0xe75d,0xe7be,0xe79e,0xef9e,0xe77d,0xc618,0x632d,0x3a08,0x3a09,0x3a08,0x4249,0x7c30,0xf7be,
  0xe77d,0xe77d,0xef7d,0xe77d,0xef7e,0xef7d,0xe75d,0xef7d,0xe79e,0xe75d,0xe77e,0xe79e,0xe77e,0xe77e,0xe77d,0xdf3c,
  0x39c7,0x2186,0x1904,0x10a3,0x0883,0x0883,0x0883,0x0883,0x0883,0x0883,0x1083,0x0883,0x0883,0x0883,0x0883,0x1083,
  0x0883,0x0883,0x1083,0x0883,0x0883,0x0883,0x0883,0x0883,0x0883,0x1083,0x0883,0x0883,0x0883,0x0883,0x1083,0x0883,
  0x0883,0x0883,0x0883,0x0883,0x0883,0x0883,0x0883,0x1083,0x0883,0x0883,0x0883,0x0883,0x1083,0x0883,0x0883,0x1083,
  0x0883,0x0883,0x1083,0x0883,0x0883,0x1083,0x0883,0x0883,0x0883,0x1083,0x0883,0x0883,0x0883,0x0883,0x0883,0x0883,
  0x0883,0x1083,0x0883,0x0883,0x1083,0x0883,0x1083,0x0883,0x1083,0x0883,0x1083,0x0883,0x0883,0x0883,0x0883,0x1083,
  0x0883,0x1083,0x0883,0x1083,0x0883,0x0883,0x1083,0x0883,0x0883,0x0883,0x1083,0x0883,0x0883,0x0883,0x0883,0x1083,
  0x0883,0x0883,0x1083,0x0883,0x0883,0x0883,0x0883,0x0883,0x1083,0x0883,0x0883,0x0883,0x0883,0x0883,0x0883,0x1083,
  0x0883,0x0883,0x0883,0x0883,0x0883,0x0883,0x1083,0x0883,0x0883,0x0883,0x0883,0x0883,0x1083,0x0883,0x1083,0x0883,
  0x0883,0x1083,0x0883,0x0883,0x0883,0x1083,0x0883,0x0883,0x1083,0x0883,0x0883,0x0883,0x0883,0x0883,0x0883,0x1083,
  0x0883,0x0883,0x1083,0x0883,0x0883,0x1083,0x0883,0x0883,0x0883,0x0883,0x1083,0x0883,0x1083,0x0883,0x1083,0x0883,
  0x1083,0x0883,0x0883,0x0883,0x0883,0x1083,0x0883,0x1083,0x0883,0x0883,0x0883,0x1083,0x0883,0x1083,0x0883,0x0883,
  0x1083,0x0883,0x0883,0x1083,0x0883,0x0883,0x1083,0x0883,0x0883,0x1083,0x0883,0x1083,0x0883,0x1083,0x0883,0x1083,
  0x0883,0x1083,0x0883,0x0883,0x0883,0x0883,0x0883,0x0883,0x0883,0x0883,0x1083,0x0883,0x1083,0x0883,0x1083,0x0883,
  0x0883,0x1083,0x0883,0x0883,0x1083,0x0883,0x0883,0x0883,0x1083,0x0883,0x1083,0x0883,0x1083,0x0883,0x1083,0x0883,
  0x1083,0x0883,0x0883,0x0883,0x1083,0x0883,0x1083,0x0883,0x0883,0x1083,0x0883,0x0883,0x0883,0x1083,0x0883,0x1083,
  0x0883,0x0883,0x0883,0x1083,0x0883,0x0883,0x0883,0x0883,0x0883,0x1083,0x0883,0x0883,0x0883,0x0883,0x1083,0x0883,
  0x1083,0x0883,0x0883,0x0883,0x0883,0x0883,0x0883,0x1083,0x0883,0x0883,0x1083,0x0883,0x0883,0x1083,0x0883,0x1083,
  0x0883,0x1083,0x0883,0x0883,0x0883,0x0883,0x0883,0x0883,0x1083,0x0883,0x0883,0x1083,0x0883,0x0883,0x0883,0x0883,
  0x1083,0x0883,0x0883,0x0883,0x1083,0x0883,0x0883,0x0883,0x08a3,0x10e4,0x2146,0x31a7,0x8c92,0xe75d,0xef7d,0xe77d,
  0x8c92,0x52ec,0xc638,0xef7d,0xef7d,0xdf1c,0x4249,0x426a,0x52ab,0x8c51,0xd6fb,0xe79e,0xf77e,0x94f4,0x5b0c,0xd6fb,
  0xf77e,0xef9e,0xbe38,0x5b2d,0x39e8,0x31c7,0x3208,0x39e8,0x31c7,0x6b8e,0xdf1c,0xe75d,0xe77e,0xdf1c,0x5b0c,0x52ec,
  0x5aec,0x52cb,0x5aab,0x7c30,0xd6db,0xf79e,0xef9e,0xe75d,0x4aaa,0x3a09,0x31c8,0x39e8,0x4208,0x3a08,0x634d,0xce9a,
  0xe77d,0xe79e,0xdf3c,0x4acb,0x31c7,0x2986,0x2146,0x2126,0x2146,0x2186,0x31c8,0x41e7,0x632d,0xe77e,0xe77e,0xef9e,
  0xbe59,0x5b0c,0x39e8,0x3a29,0x3a09,0x3a08,0x6b8e,0xdefc,0xe77e,0xe79e,0xd6fc,0x634d,0x428a,0x632d,0x4aab,0x4aab,
  0x8431,0xce9a,0xe77d,0xe79e,0xdf3d,0x4aab,0x3a29,0x31e8,0x39e8,0x39e8,0x3a08,0x738e,0xcebb,0xef9e,0xe77e,0xe6fc,
  0x5b0d,0x73ef,0xd6bb,0xe77e,0xdf5c,0x8c92,0x3a08,0xdf3c,0xef9e,0xef9e,0xbe38,0x52eb,0x7c10,0xce9a,0xef7e,0xe75d,
  0xd6fb,0x4a8b,0x4a8a,0x4a8a,0x5b0c,0xb5d7,0xdf5c,0xe77d,0xe79e,0x73cf,0x636d,0x634d,0x5b2c,0x52eb,0x52cb,0x4aaa,
  0x4a8a,0x424a,0x4249,0x4249,0x3186,0x1904,0x2145,0x2145,0x2165,0x3186,0x31c7,0x3a08,0x31c7,0x4208,0x3a49,0x528a,
  0x5b0c,0x5b2d,0x7c31,0xbdd7,0xdf3c,0xf7de,0xdf5d,0xe77d,0xe77e,0x8cb3,0x4208,0x4249,0x4229,0x4a29,0x7c30,0xe75c,
  0xe77d,0xef9e,0xadb6,0x638d,0x630c,0x5b0c,0x5b2d,0x52eb,0x5b2c,0x634d,0x5b2d,0xa555,0xe77d,0xef7d,0xe77e,0xdf3c,
  0x31c8,0x2186,0x1904,0x10a3,0x0883,0x1083,0x0883,0x0883,0x1083,0x0883,0x0883,0x0883,0x1083,0x0883,0x0883,0x0883,
  0x0883,0x0883,0x0883,0x0883,0x0883,0x1083,0x0883,0x0883,0x1083,0x0883,0x0883,0x0883,0x1083,0x0883,0x0883,0x0883,
  0x0883,0x1083,0x0883,0x0883,0x1083,0x0883,0x0883,0x0883,0x0883,0x1083,0x0883,0x0883,0x0883,0x0883,0x1083,0x0883,
  0x0883,0x0883,0x0883,0x0883,0x1083,0x0883,0x0883,0x1083,0x0883,0x0883,0x0883,0x0883,0x1083,0x0883,0x1083,0x0883,
  0x0883,0x0883,0x0883,0x0883,0x0883,0x0883,0x0883,0x0883,0x0883,0x0883,0x0883,0x0883,0x1083,0x0883,0x0883,0x0883,
  0x0883,0x0883,0x0883,0x0883,0x0883,0x0883,0x0883,0x0883,0x1083,0x0883,0x0883,0x0883,0x1083,0x0883,0x0883,0x0883,
  0x0883,0x0883,0x0883,0x0883,0x1083,0x0883,0x1083,0x0883,0x0883,0x0883,0x1083,0x0883,0x1083,0x0883,0x0883,0x0883,
  0x0883,0x1083,0x0883,0x0883,0x1083,0x0883,0x0883,0x0883,0x1083,0x0883,0x0883,0x0883,0x0883,0x0883,0x0883,0x0883,
  0x0883,0x0883,0x0883,0x0883,0x0883,0x0883,0x0883,0x0883,0x0883,0x0883,0x1083,0x0883,0x0883,0x1083,0x0883,0x0883,
  0x0883,0x0883,0x0883,0x0883,0x1083,0x0883,0x0883,0x1083,0x0883,0x0883,0x0883,0x0883,0x0883,0x0883,0x0883,0x0883,
  0x0883,0x0883,0x0883,0x1083,0x0883,0x0883,0x0883,0x0883,0x0883,0x1083,0x0883,0x0883,0x0883,0x0883,0x0883,0x0883,
  0x0883,0x0883,0x0883,0x0883,0x0883,0x1083,0x0883,0x0883,0x0883,0x0883,0x0883,0x0883,0x0883,0x0883,0x0883,0x0883,
  0x0883,0x0883,0x0883,0x1083,0x0883,0x1083,0x0883,0x1083,0x0883,0x0883,0x0883,0x0883,0x0883,0x0883,0x0883,0x0883,
  0x1083,0x0883,0x0883,0x0883,0x0883,0x0883,0x1083,0x0883,0x0883,0x0883,0x0883,0x0883,0x0883,0x0883,0x0883,0x0883,
  0x0883,0x0883,0x0883,0x0883,0x0883,0x0883,0x0883,0x0883,0x0883,0x0883,0x0883,0x0883,0x1083,0x0883,0x0883,0x0883,
  0x0883,0x1083,0x0883,0x0883,0x0883,0x1083,0x0883,0x1083,0x0883,0x0883,0x0883,0x1083,0x0883,0x0883,0x0883,0x0883,
  0x0883,0x0883,0x1083,0x0883,0x0883,0x1083,0x0883,0x0883,0x0883,0x0883,0x0883,0x0883,0x1083,0x0883,0x0883,0x0883,
  0x0883,0x0883,0x0883,0x1083,0x0883,0x1083,0x0883,0x0883,0x0883,0x0883,0x0883,0x0883,0x0883,0x1083,0x0883,0x0883,
  0x0883,0x0883,0x1083,0x0883,0x0883,0x0883,0x1083,0x0883,0x1083,0x18e4,0x2125,0x29a7,0x52eb,0xe75d,0xef9e,0xe77e,
  0xad96,0x94b3,0xd6db,0xef7e,0xef7e,0x9d14,0x52aa,0x4a6a,0x4a6a,0x5b4d,0xbe39,0xf77e,0xe75d,0xceba,0x3a08,0xef7e,
  0xe77d,0xe77d,0xa534,0x4a8a,0x39e7,0x31e7,0x39c7,0x39c7,0x4a69,0x8411,0xef7d,0xf79d,0xef9e,0xef7e,0xe77d,0xef3d,
  0xdf1c,0xe77d,0xdf3d,0xe77d,0xe77d,0xe77e,0xe77d,0xef9d,0xa555,0x4a49,0x39e8,0x39e8,0x3a08,0x3a08,0x636e,0xceba,
  0xef7e,0xef9d,0xe73d,0x52cb,0x39e7,0x29a7,0x2186,0x2946,0x2966,0x3166,0x31c8,0x3a08,0x73cf,0xef9e,0xe77d,0xe77d,
  0xbdf8,0x5b2c,0x31e8,0x39e8,0x4229,0x4a4a,0x7bef,0xefbe,0xef9e,0xe77d,0xef7d,0xe75d,0xe77d,0xe73d,0xdf3d,0xe75d,
  0xe75d,0xe7be,0xe79e,0xef5d,0xe79e,0xa535,0x4a49,0x3a08,0x3a08,0x4208,0x3a29,0x6b8e,0xceba,0xef7e,0xe77e,0xd6fc,
  0x52cb,0x6b4d,0xa575,0xe79e,0xef9e,0xc659,0x636d,0xe77e,0xe75d,0xe75d,0xad55,0x52eb,0x7bcf,0xc679,0xef9d,0xe75d,
  0xe71c,0x4a8a,0x4a6a,0x528a,0x5b0c,0xb5d7,0xf79e,0xe77e,0xe7be,0x6b2d,0x4a8a,0x4a69,0x4249,0x3a28,0x4208,0x31c7,
  0x39a7,0x2966,0x2946,0x2105,0x1905,0x1904,0x1904,0x2125,0x2145,0x2166,0x29c6,0x39c8,0x3a08,0x3a28,0x3a28,0x4249,
  0x4229,0x4a49,0x3a49,0x5aec,0x3a08,0xc638,0xefbf,0xef9e,0xe73d,0xc659,0x636d,0x3a29,0x3a29,0x4229,0x7c50,0xef7d,
  0xe77d,0xf79d,0xa554,0x4aaa,0x4249,0x4249,0x4208,0x4a29,0x3a09,0x3a29,0x4a4a,0x94d3,0xe77d,0xe79d,0xe77d,0xef3c,
  0x31c8,0x2986,0x1905,0x10a3,0x0883,0x0883,0x0883,0x1083,0x0883,0x0883,0x1083,0x0883,0x0883,0x0883,0x1083,0x0883,
  0x1083,0x0883,0x1083,0x0883,0x0883,0x0883,0x0883,0x0883,0x0883,0x0883,0x1083,0x0883,0x0883,0x0883,0x0883,0x1083,
  0x0883,0x0883,0x0883,0x0883,0x0883,0x1083,0x0883,0x1083,0x0883,0x0883,0x0883,0x1083,0x0883,0x0883,0x0883,0x0883,
  0x1083,0x0883,0x1083,0x0883,0x0883,0x0883,0x0883,0x0883,0x0883,0x1083,0x0883,0x0883,0x0883,0x0883,0x0883,0x0883,
  0x1083,0x0883,0x1083,0x0883,0x1083,0x0883,0x0883,0x1083,0x0883,0x0883,0x1083,0x0883,0x0883,0x0883,0x1083,0x0883,
  0x0883,0x1083,0x0883,0x0883,0x1083,0x0883,0x1083,0x0883,0x0883,0x0883,0x1083,0x0883,0x0883,0x0883,0x1083,0x0883,
  0x1083,0x0883,0x1083,0x0883,0x0883,0x0883,0x0883,0x0883,0x1083,0x0883,0x0883,0x0883,0x0883,0x0883,0x1083,0x0883,
  0x0883,0x0883,0x0883,0x1083,0x0883,0x0883,0x0883,0x0883,0x0883,0x0883,0x1083,0x0883,0x1083,0x0883,0x0883,0x1083,
  0x0883,0x1083,0x0883,0x1083,0x0883,0x1083,0x0883,0x1083,0x0883,0x0883,0x0883,0x0883,0x0883,0x0883,0x0883,0x1083,
  0x0883,0x1083,0x0883,0x0883,0x0883,0x0883,0x0883,0x0883,0x0883,0x1083,0x0883,0x0883,0x1083,0x0883,0x0883,0x1083,
  0x0883,0x1083,0x0883,0x0883,0x0883,0x1083,0x0883,0x0883,0x1083,0x0883,0x0883,0x0883,0x1083,0x0883,0x1083,0x0883,
  0x1083,0x0883,0x1083,0x0883,0x0883,0x0883,0x0883,0x0883,0x1083,0x0883,0x0883,0x1083,0x0883,0x0883,0x1083,0x0883,
  0x0883,0x1083,0x0883,0x0883,0x0883,0x0883,0x0883,0x0883,0x0883,0x1083,0x0883,0x0883,0x1083,0x0883,0x0883,0x0883,
  0x0883,0x0883,0x1083,0x0883,0x1083,0x0883,0x0883,0x0883,0x1083,0x0883,0x0883,0x1083,0x0883,0x0883,0x1083,0x0883,
  0x0883,0x1083,0x0883,0x1083,0x0883,0x0883,0x1083,0x0883,0x1083,0x0883,0x1083,0x0883,0x0883,0x0883,0x0883,0x1083,
  0x0883,0x0883,0x0883,0x0883,0x0883,0x0883,0x0883,0x0883,0x0883,0x1083,0x0883,0x0883,0x0883,0x1083,0x0883,0x0883,
  0x1083,0x0883,0x0883,0x0883,0x0883,0x0883,0x0883,0x1083,0x0883,0x1083,0x0883,0x0883,0x0883,0x0883,0x0883,0x1083,
  0x0883,0x0883,0x1083,0x0883,0x0883,0x0883,0x0883,0x1083,0x0883,0x1083,0x0883,0x1083,0x0883,0x0883,0x0883,0x1083,
  0x0883,0x0883,0x0883,0x0883,0x0883,0x0883,0x0883,0x0883,0x0883,0x10c4,0x1925,0x29a7,0x3a28,0xe77e,0xe77d,0xe77d,
  0xce99,0xc67a,0xe77d,0xef9e,0xe77d,0x5b2c,0x4269,0x4249,0x4249,0x4249,0xa555,0xe75d,0xe77d,0xe77e,0x8c92,0xef5d,
  0xef7d,0xe79e,0x94d3,0x4209,0x39e8,0x39c8,0x31c7,0x3a2a,0x4a8a,0xc659,0xe77e,0xef9e,0xe77e,0xe77e,0xe77e,0xef9e,
  0xe77e,0xe77e,0xe77e,0xf77e,0xe79e,0xe77d,0xe79e,0xdf5d,0xe75e,0x4269,0x3a09,0x3a28,0x39e8,0x3a09,0x5b4c,0xceba,
  0xe79d,0xe75d,0xdf3d,0x42aa,0x31e8,0x31c7,0x31a7,0x2987,0x2966,0x29c7,0x39e8,0x3a08,0x94d3,0xe77e,0xe77d,0xe79e,
  0x94f4,0x4269,0x4249,0x3a08,0x3a29,0x4acb,0xc65a,0xe77d,0xef9e,0xe77e,0xe77e,0xef7e,0xe79e,0xef9e,0xe77d,0xe79d,
  0xe75d,0xe79e,0xe79e,0xe79e,0xe75d,0xe75d,0x424a,0x31e7,0x3a29,0x3a08,0x4229,0x6b8e,0xce99,0xe77e,0xe79e,0xdefc,
  0x52cb,0x52cb,0x8472,0xef7e,0xe77c,0xdf3c,0xbe18,0xe75b,0xe79e,0xd71b,0x6bcf,0x5b0c,0x7bef,0xce79,0xef9e,0xe77d,
  0xdefc,0x4a8a,0x4a6a,0x4a6a,0x5b0c,0xadb7,0xe79e,0xe79e,0xef9e,0x634d,0x4a8a,0x426a,0x3a28,0x3a08,0x31e7,0x31a7,
  0x2966,0x2146,0x2167,0x18e4,0x1945,0x1904,0x2145,0x2125,0x6b8e,0xd6fb,0xef9e,0xf79e,0xdf5c,0x31e7,0x4229,0x4249,
  0x3a29,0x424a,0x424a,0x4249,0x4acc,0x4a8a,0xe77e,0xe77d,0xef9e,0xdf3c,0x7c10,0x3a08,0x4a49,0x4228,0x7411,0xefbe,
  0xe79d,0xe77d,0xa575,0x4a89,0x3a28,0x41e8,0x39e9,0x39e8,0x39e8,0x4229,0x4229,0x94b3,0xe77d,0xef7e,0xe77d,0xe75d,
  0x29a7,0x2166,0x18e4,0x0883,0x0883,0x0883,0x0883,0x0883,0x0883,0x0883,0x0883,0x0883,0x0883,0x0883,0x0883,0x0883,
  0x0883,0x0883,0x0883,0x0883,0x0883,0x0883,0x1083,0x0883,0x0883,0x0883,0x0883,0x0883,0x0883,0x0883,0x0883,0x0883,
  0x0883,0x0883,0x0883,0x1083,0x0883,0x0883,0x0883,0x0883,0x0883,0x0883,0x0883,0x0883,0x0883,0x0883,0x0883,0x0883,
  0x0883,0x0883,0x0883,0x0883,0x0883,0x0883,0x0883,0x0883,0x0882,0x0883,0x0883,0x0883,0x0883,0x1083,0x0883,0x0883,
  0x0883,0x0883,0x0883,0x0883,0x0883,0x0883,0x0883,0x0883,0x0883,0x0883,0x0883,0x0883,0x0883,0x0883,0x0883,0x0883,
  0x0883,0x0883,0x0883,0x0883,0x0883,0x0883,0x0883,0x0883,0x0883,0x0883,0x0883,0x0883,0x0883,0x0883,0x0883,0x0883,
  0x0883,0x0883,0x0883,0x0883,0x0883,0x0883,0x0883,0x0883,0x0883,0x0883,0x0883,0x0883,0x0883,0x0883,0x0883,0x0883,
  0x0883,0x0883,0x0883,0x0883,0x0883,0x0883,0x0883,0x1083,0x0883,0x0883,0x0883,0x0883,0x0883,0x0883,0x0883,0x0883,
  0x0883,0x0883,0x0883,0x0883,0x0883,0x0883,0x0883,0x0883,0x0883,0x0883,0x0883,0x1083,0x0883,0x0883,0x0883,0x0883,
  0x0883,0x0883,0x0883,0x0883,0x0883,0x0883,0x0883,0x0883,0x0883,0x0883,0x0883,0x0883,0x0883,0x0883,0x0883,0x0883,
  0x0883,0x0883,0x0883,0x0863,0x0883,0x0883,0x0883,0x0883,0x0883,0x0883,0x0883,0x0883,0x0883,0x0883,0x0883,0x0883,
  0x0883,0x0883,0x0883,0x0883,0x0883,0x0883,0x0882,0x0883,0x0883,0x0883,0x0883,0x0883,0x0883,0x0883,0x0883,0x0883,
  0x0883,0x0883,0x0883,0x0883,0x0882,0x0883,0x0883,0x0883,0x0883,0x0883,0x0883,0x0883,0x0882,0x0883,0x0883,0x1082,
  0x0883,0x0883,0x0883,0x0883,0x0883,0x0883,0x0883,0x0883,0x0883,0x0883,0x0883,0x0883,0x0883,0x0883,0x0883,0x0883,
  0x0883,0x0883,0x0883,0x0883,0x0883,0x0883,0x0883,0x0883,0x0883,0x0883,0x0883,0x0883,0x0883,0x0883,0x0883,0x0883,
  0x0883,0x0883,0x0883,0x1083,0x0883,0x0883,0x0883,0x0883,0x0883,0x0883,0x0883,0x0883,0x0883,0x0883,0x0883,0x0883,
  0x0883,0x0883,0x0883,0x0883,0x1083,0x0882,0x0883,0x0883,0x0883,0x0883,0x0883,0x0883,0x0883,0x1083,0x0883,0x0883,
  0x0883,0x0883,0x0883,0x0883,0x0883,0x0883,0x0883,0x0883,0x0883,0x0883,0x0883,0x0883,0x0883,0x0883,0x0883,0x0883,
  0x0883,0x0883,0x0883,0x0883,0x0883,0x0883,0x0883,0x0883,0x0883,0x10c4,0x1904,0x2186,0x3a29,0xbe38,0xe77d,0xef9e,
  0xe77d,0xe77d,0xe77e,0xe77d,0xe73c,0x39c8,0x31e7,0x4229,0x4209,0x4249,0x9d14,0xe75d,0xefbe,0xe75d,0xdefa,0xef9e,
  0xe77d,0xd6fb,0x8451,0x39e8,0x39e7,0x31c7,0x39e7,0x3a08,0x5b0c,0xef9e,0xef9d,0xe75d,0xe77d,0xe79e,0xe77e,0xe79d,
  0xe77e,0xe79d,0xe79e,0xe77d,0xef9e,0xe79d,0xe77d,0xf7de,0xe77e,0x8451,0x3a29,0x3a09,0x4a29,0x4249,0x634d,0xd69a,
  0xe75d,0xe77d,0xe73d,0x52ca,0x4249,0x39e8,0x31e7,0x31e8,0x31a7,0x31c8,0x39e8,0x426a,0xceba,0xefbe,0xe79e,0xe77d,
  0x7c30,0x31c7,0x31e8,0x3a48,0x3a08,0x6b6d,0xef9e,0xe79e,0xe77e,0xe79e,0xefbe,0xe77d,0xdf5c,0xf7bf,0xe79d,0xef9e,
  0xe79e,0xe77d,0xe77d,0xe79e,0xe79e,0xefbe,0x7410,0x4229,0x3a49,0x39e8,0x39e7,0x73af,0xcebb,0xef9e,0xe77d,0xd6fc,
  0x52cb,0x52ca,0x8c92,0xe77d,0xe77d,0xe79d,0xdf3c,0xefbe,0xdf3d,0xceba,0x5aeb,0x4acb,0x73ef,0xc67a,0xe79e,0xe77d,
  0xd6fc,0x4a69,0x4269,0x426a,0x5b0c,0xadb6,0xe75d,0xdf3c,0xe75d,0x5b2d,0x4a6a,0x4249,0x3a28,0x3a08,0x39e8,0x29c7,
  0x2986,0x2166,0x2125,0x2126,0x1905,0x1905,0x1904,0x2144,0x52cb,0xc659,0xe77d,0xe79d,0xdf1d,0x636d,0x4208,0x4229,
  0x4249,0x4249,0x3a08,0x426a,0x42aa,0x4a6a,0xe77e,0xef9e,0xe77d,0xdf3c,0x7410,0x3a28,0x3a29,0x4249,0x7c30,0xef9e,
  0xef9d,0xe77d,0xa555,0x426a,0x3a08,0x31a7,0x31c6,0x29a7,0x31c7,0x39e8,0x3a08,0x8cb2,0xe77d,0xe77d,0xe77d,0xe75d,
  0x2987,0x2165,0x1104,0x08a2,0x0883,0x0883,0x0882,0x0883,0x0883,0x0883,0x0883,0x0883,0x0883,0x0883,0x0883,0x0883,
  0x0883,0x0883,0x0883,0x0883,0x1083,0x0883,0x0883,0x0883,0x0882,0x0883,0x0883,0x0883,0x0882,0x0883,0x0883,0x0883,
  0x0883,0x0883,0x0883,0x0882,0x0883,0x0883,0x0883,0x0882,0x0883,0x0883,0x0883,0x0883,0x0882,0x1083,0x0883,0x0883,
  0x0883,0x0883,0x0883,0x0883,0x0883,0x0883,0x1082,0x0883,0x0883,0x0883,0x0883,0x1083,0x0883,0x0883,0x0883,0x0883,
  0x0883,0x0883,0x0883,0x0883,0x0883,0x0883,0x0883,0x0883,0x0883,0x0883,0x0883,0x0883,0x0883,0x0883,0x0883,0x0883,
  0x0883,0x0883,0x0883,0x0883,0x0883,0x0883,0x0883,0x0883,0x0883,0x0883,0x0883,0x0883,0x0883,0x0883,0x0883,0x0883,
  0x0883,0x0883,0x0883,0x0883,0x0883,0x0883,0x0883,0x0883,0x0883,0x0883,0x0883,0x0883,0x1083,0x0883,0x0883,0x0883,
  0x1083,0x0883,0x0883,0x0883,0x0883,0x0883,0x0882,0x0883,0x0883,0x0883,0x0883,0x0883,0x0883,0x0883,0x0883,0x0883,
  0x0883,0x0883,0x0883,0x0883,0x0883,0x0883,0x0883,0x0883,0x0883,0x0883,0x0883,0x0883,0x0883,0x0883,0x0883,0x0883,
  0x0883,0x0883,0x0883,0x0883,0x1083,0x0883,0x0863,0x1083,0x0883,0x0883,0x0883,0x0883,0x0883,0x0883,0x0883,0x0883,
  0x0863,0x0883,0x0883,0x0883,0x0883,0x0883,0x0883,0x0883,0x0882,0x0883,0x0883,0x0883,0x0883,0x0883,0x0883,0x0883,
  0x0883,0x0883,0x0883,0x0883,0x0882,0x1083,0x0883,0x0883,0x0883,0x0883,0x0883,0x0883,0x0883,0x0883,0x0883,0x0883,
  0x0883,0x0883,0x0882,0x0883,0x0883,0x1083,0x0883,0x0883,0x0883,0x0882,0x0883,0x0883,0x0883,0x0883,0x0883,0x0883,
  0x0883,0x0883,0x0883,0x0883,0x0883,0x0883,0x0883,0x0883,0x0883,0x0883,0x0883,0x0883,0x0883,0x0883,0x0883,0x0883,
  0x0863,0x0883,0x0883,0x0883,0x0883,0x0883,0x0883,0x0883,0x0883,0x0883,0x0883,0x0883,0x0883,0x0883,0x0883,0x0882,
  0x0883,0x0883,0x0883,0x0883,0x0863,0x0883,0x1083,0x0883,0x0883,0x0883,0x0883,0x0883,0x0883,0x0883,0x0883,0x0883,
  0x0883,0x0883,0x0883,0x0882,0x0883,0x0883,0x0883,0x0883,0x0883,0x0883,0x0883,0x0883,0x0883,0x0863,0x0883,0x0883,
  0x0883,0x0883,0x0883,0x0882,0x0883,0x0883,0x0883,0x0883,0x0883,0x0883,0x0883,0x0882,0x0883,0x0883,0x0882,0x0883,
  0x0883,0x0863,0x0882,0x1063,0x0883,0x0863,0x0882,0x0863,0x0883,0x18c4,0x18e4,0x2124,0x4208,0x8452,0xef9e,0xef5d,
  0xe75c,0xef5e,0xe77d,0xe75d,0xc679,0x39e8,0x3a29,0x39e8,0x3a08,0x3a09,0x7bef,0xd6bb,0xf79c,0xe73d,0xf7de,0xe75d,
  0xe77d,0xc639,0x636c,0x31e8,0x31e8,0x41c7,0x31c7,0x4229,0xa555,0xef7e,0xe75d,0xe75d,0xce9a,0xb5f8,0xb5f8,0xb5d7,
  0xbdf8,0xb5d7,0xb5f8,0xb5f8,0xb5f7,0xd6bb,0xef5d,0xe75c,0xe75d,0xce7a,0x4209,0x39e8,0x3a29,0x3a09,0x636e,0xce9a,
  0xe75d,0xef9e,0xe73d,0x52aa,0x39e8,0x3a28,0x31c8,0x39e8,0x31e8,0x3a08,0x39e8,0x630d,0xefbe,0xe75d,0xe77e,0xcebb,
  0x6b6e,0x4229,0x3a28,0x31c6,0x426a,0x9d15,0xe75c,0xe75d,0xe75d,0xc659,0xb5f7,0xbdf8,0xbe18,0xbe19,0xadd7,0xb5f8,
  0xbe38,0xbdd8,0xd6db,0xe73d,0xdf5d,0xef5e,0xce9b,0x3a08,0x4229,0x4a09,0x4229,0x6b6e,0xcebb,0xef7e,0xe77d,0xdedc,
  0x52ab,0x4a8b,0x73f0,0xd67a,0xe77d,0xe77e,0xe79d,0xe77e,0xe77d,0xc679,0x4aaa,0x4a6a,0x73cf,0xc658,0xe77d,0xef5d,
  0xd6fc,0x4248,0x4249,0x4a49,0x5b2c,0xadb6,0xe79e,0xf77e,0xefbd,0x530c,0x4a6a,0x4249,0x4208,0x3a08,0x31c7,0x31c7,
  0x2987,0x2165,0x2146,0x2145,0x18e5,0x2944,0x2125,0x2145,0x2146,0xb5d7,0xef7e,0xe77c,0xe77d,0xb5f7,0x4a6a,0x3a28,
  0x3a09,0x4249,0x4a6a,0x5269,0x4249,0x636e,0xef5e,0xef7c,0xef7e,0xdf3c,0x83f0,0x3a08,0x39e8,0x4249,0x7bf0,0xef9e,
  0xe75d,0xe77d,0xad34,0x4249,0x31a7,0x2986,0x2186,0x2146,0x2985,0x31a7,0x31c7,0x8c72,0xef7d,0xe75e,0xe77d,0xe73d,
  0x2985,0x2146,0x18e4,0x1083,0x0883,0x1063,0x0883,0x0863,0x0883,0x0863,0x0882,0x1063,0x0883,0x0863,0x0882,0x0863,
  0x0883,0x0863,0x0883,0x0862,0x0863,0x0882,0x0863,0x0883,0x0863,0x0883,0x1063,0x0883,0x0863,0x1083,0x0863,0x0883,
  0x1062,0x0883,0x0863,0x0883,0x0863,0x0883,0x0863,0x0883,0x0863,0x0883,0x1063,0x0883,0x0863,0x0883,0x0863,0x0883,
  0x0862,0x0883,0x0863,0x0883,0x1062,0x0883,0x0863,0x0883,0x0863,0x0883,0x0883,0x0863,0x0882,0x0863,0x0883,0x0863,
  0x0882,0x0883,0x0863,0x0882,0x0863,0x0883,0x1062,0x0883,0x0863,0x0883,0x0883,0x1063,0x0883,0x0863,0x0883,0x1063,
  0x0883,0x0863,0x0883,0x1063,0x0883,0x0863,0x0883,0x0862,0x0883,0x0863,0x0882,0x1063,0x0883,0x0863,0x0882,0x0863,
  0x0883,0x0863,0x0883,0x0862,0x1083,0x0863,0x0883,0x1063,0x0882,0x0863,0x0883,0x0863,0x0883,0x0863,0x0883,0x0863,
  0x0883,0x0863,0x0883,0x0863,0x1082,0x0863,0x0883,0x0863,0x0883,0x0863,0x0882,0x0863,0x0883,0x1062,0x0883,0x0863,
  0x0882,0x0863,0x0883,0x0863,0x0883,0x0863,0x0883,0x0863,0x1083,0x0863,0x0883,0x0863,0x0882,0x0863,0x1083,0x0862,
  0x0883,0x0863,0x1083,0x0862,0x0883,0x0863,0x0883,0x0883,0x0863,0x0883,0x0863,0x1083,0x0863,0x0883,0x0863,0x0883,
  0x0883,0x0883,0x0863,0x1083,0x0882,0x0863,0x0883,0x0863,0x1083,0x0863,0x0883,0x0862,0x0883,0x0863,0x0882,0x0863,
  0x0883,0x0863,0x0882,0x1063,0x0883,0x0863,0x0883,0x0863,0x0883,0x1063,0x0883,0x0863,0x0883,0x1063,0x0883,0x0862,
  0x0883,0x1063,0x0883,0x0863,0x0883,0x0863,0x0883,0x0863,0x1083,0x0863,0x0883,0x1063,0x0883,0x0863,0x0883,0x0863,
  0x0883,0x0863,0x0882,0x0863,0x0883,0x0862,0x0883,0x1063,0x0883,0x0862,0x0883,0x1063,0x0883,0x0862,0x0883,0x1063,
  0x0882,0x0883,0x0863,0x0883,0x1062,0x0883,0x0863,0x0883,0x0863,0x0882,0x0863,0x0883,0x0863,0x1082,0x0863,0x0883,
  0x0863,0x1083,0x0863,0x0882,0x0883,0x0883,0x0863,0x0882,0x0863,0x0883,0x0863,0x1082,0x0863,0x0883,0x0863,0x1082,
  0x0863,0x0883,0x1063,0x0883,0x0863,0x0883,0x0863,0x0883,0x0863,0x0883,0x1062,0x0883,0x0863,0x0883,0x0883,0x0863,
  0x0882,0x0863,0x0883,0x0863,0x1083,0x0863,0x0883,0x0863,0x0882,0x0863,0x0883,0x0863,0x0883,0x1063,0x0883,0x0863,
  0x0863,0x0883,0x0883,0x0883,0x0862,0x0883,0x1083,0x0883,0x0862,0x18a3,0x10e4,0x2125,0x29a6,0x632c,0xef9e,0xe77d,
  0xe77d,0xe77d,0xf77d,0xe77d,0x8470,0x3a28,0x31e6,0x31c7,0x31c6,0x3a08,0x4a69,0xbe59,0xe75d,0xef7e,0xe75d,0xe77d,
  0xf79d,0xad96,0x4249,0x39e8,0x39e8,0x31c7,0x29a7,0x4249,0xdf3c,0xef5d,0xe77c,0xdf1c,0x73ef,0x4229,0x3a27,0x3a08,
  0x3a07,0x3a08,0x3a07,0x3a29,0x4209,0x7c30,0xd6fb,0xe77e,0xef9e,0xdf3c,0x5b0c,0x39e9,0x4229,0x3a07,0x636e,0xce99,
  0xef9e,0xe77c,0xdf3c,0x4aaa,0x3a08,0x4248,0x4208,0x39e8,0x4229,0x5269,0x7bf0,0xcedb,0xe77e,0xe77d,0xef7c,0x9d35,
  0x4249,0x31e6,0x3a08,0x39c8,0x4a8a,0xdf1c,0xef5d,0xef9e,0xdefb,0x8410,0x3a29,0x3a28,0x31c7,0x3a29,0x3a08,0x3a27,
  0x31c8,0x4248,0x8451,0xd6fb,0xe75d,0xef9d,0xdf3c,0x530c,0x39e8,0x3a08,0x3a29,0x6b8e,0xce9b,0xe79c,0xef9e,0xd6fb,
  0x428a,0x4a8a,0x52ec,0xa595,0xe75d,0xe79e,0xe77c,0xe75c,0xe77d,0xa555,0x4a8a,0x528a,0x73af,0xc679,0xe77d,0xef7c,
  0xd6fc,0x3a48,0x3a29,0x3a27,0x5b0c,0xadb6,0xe75d,0xe79d,0xe77d,0x5b2c,0x4a69,0x4229,0x3a28,0x3a08,0x31e7,0x31a7,
  0x39a7,0x2986,0x2987,0x2104,0x2125,0x2145,0x2145,0x2145,0x2986,0x8471,0xd6fb,0xe79e,0xef9e,0xd6fa,0x94f3,0x52cc,
  0x4229,0x4a28,0x4249,0x4209,0x73af,0xb5f7,0xef9e,0xe77d,0xe77d,0xb5f6,0x52ec,0x3a08,0x31e7,0x3a29,0x842f,0xef9e,
  0xe79c,0xe75d,0xa555,0x4228,0x2985,0x2145,0x2104,0x2125,0x2145,0x2166,0x3166,0x8c92,0xe77c,0xe77d,0xe77c,0xe75d,
  0x2966,0x1945,0x20e4,0x10a3,0x0862,0x0883,0x0883,0x0883,0x0863,0x0883,0x0883,0x0883,0x0862,0x0883,0x1083,0x0883,
  0x0862,0x1083,0x0883,0x0883,0x0883,0x0883,0x0883,0x0863,0x1083,0x0882,0x0863,0x0883,0x0882,0x0863,0x0883,0x0882,
  0x0883,0x0883,0x0883,0x0883,0x0882,0x0883,0x0883,0x1083,0x0882,0x0883,0x0882,0x0883,0x0883,0x0882,0x0883,0x0883,
  0x1083,0x0863,0x0882,0x0883,0x0883,0x0883,0x0883,0x0883,0x0883,0x0862,0x0883,0x0883,0x0883,0x0883,0x0882,0x0883,
  0x1063,0x0883,0x0883,0x1083,0x0883,0x0883,0x0883,0x0883,0x0882,0x1063,0x0882,0x0883,0x0882,0x0883,0x0882,0x0883,
  0x0882,0x0883,0x0882,0x0883,0x0862,0x0883,0x0883,0x1083,0x0863,0x0883,0x0883,0x0883,0x0862,0x0883,0x1083,0x0883,
  0x0862,0x1083,0x0883,0x0883,0x0883,0x0882,0x0883,0x0883,0x0883,0x0883,0x1082,0x0883,0x0882,0x0883,0x0882,0x0883,
  0x0882,0x0883,0x0862,0x0883,0x0883,0x0883,0x0883,0x0883,0x1082,0x0883,0x0883,0x1083,0x0883,0x0883,0x0883,0x0883,
  0x0883,0x1083,0x0882,0x0883,0x0882,0x1083,0x0882,0x0883,0x0882,0x0883,0x0882,0x0883,0x1063,0x0883,0x0883,0x0883,
  0x0863,0x0882,0x0883,0x0863,0x0883,0x0882,0x0883,0x0862,0x0883,0x0882,0x0883,0x0862,0x0883,0x0882,0x1083,0x0862,
  0x0883,0x1062,0x0883,0x0883,0x0863,0x0883,0x1082,0x0883,0x0863,0x0882,0x0883,0x1083,0x0863,0x0883,0x1083,0x0883,
  0x0862,0x1083,0x0883,0x0883,0x0863,0x0883,0x0883,0x0882,0x0863,0x0882,0x0883,0x0882,0x0863,0x0882,0x0883,0x0883,
  0x0863,0x0883,0x0883,0x0883,0x0863,0x0882,0x0883,0x0882,0x0883,0x0883,0x0883,0x0882,0x0883,0x0883,0x0882,0x1083,
  0x0883,0x0883,0x0883,0x1083,0x0883,0x0883,0x0883,0x0882,0x0883,0x0883,0x0883,0x0882,0x0883,0x0883,0x0863,0x0883,
  0x0883,0x0883,0x1082,0x0863,0x0883,0x0883,0x0882,0x0863,0x1083,0x0883,0x0883,0x1082,0x0883,0x0883,0x0883,0x0883,
  0x0883,0x0862,0x0883,0x0883,0x0863,0x0882,0x0883,0x0863,0x0883,0x1082,0x0883,0x0863,0x0883,0x0882,0x0883,0x0883,
  0x0883,0x0882,0x0883,0x0883,0x0883,0x0883,0x1082,0x0883,0x0882,0x0863,0x0883,0x0883,0x0882,0x0883,0x0862,0x1083,
  0x0883,0x0883,0x1063,0x0883,0x0882,0x0883,0x0882,0x1083,0x0883,0x0883,0x1083,0x0883,0x0862,0x0883,0x0883,0x0883,
  0x0882,0x0883,0x0862,0x0883,0x0883,0x0863,0x0883,0x0863,0x0883,0x0883,0x10c3,0x2125,0x2125,0x4aab,0xe73d,0xe77c,
  0xe75d,0xe77d,0xe75d,0xefbe,0x4a8a,0x31e8,0x3986,0x29a6,0x2966,0x31c7,0x39c7,0xb5f7,0xe75d,0xe79c,0xe73d,0xef9e,
  0xe73d,0x9d34,0x31a7,0x31c6,0x31a7,0x31c6,0x31a7,0x7bef,0xe75d,0xe79e,0xe75d,0xb5b7,0x52ab,0x31e8,0x31c7,0x31c7,
  0x3187,0x31c7,0x31a7,0x31e7,0x31e8,0x4aa9,0xc659,0xe77d,0xe79e,0xe75d,0xa596,0x39e9,0x3a08,0x3a09,0x636d,0xce9a,
  0xf79e,0xe75d,0xdf5c,0x9d34,0x94d4,0x94f3,0x94b3,0x94d4,0x8cb3,0xa555,0xd6fb,0xe75d,0xe77e,0xe77d,0xc65a,0x5b2d,
  0x31c7,0x2987,0x31e8,0x31c8,0x73ef,0xe79e,0xe75d,0xe77d,0xb5d7,0x52eb,0x31c8,0x3a07,0x29a7,0x31a7,0x31a7,0x31c7,
  0x3a08,0x31e8,0x4a8a,0xbe39,0xdf5d,0xef7e,0xe77d,0xad76,0x3a07,0x3a08,0x31e7,0x6baf,0xd69a,0xdf5d,0xef9f,0xd6fc,
  0x3a29,0x4269,0x424a,0x9514,0xe75d,0xe79e,0xef7e,0xe77d,0xe75c,0x636d,0x4248,0x4269,0x6b8d,0xc69a,0xe75d,0xe79e,
  0xd6dc,0x3a08,0x3a08,0x4229,0x52cb,0xadd6,0xe77e,0xe77d,0xe75c,0xa555,0x94d4,0x94f3,0x94d3,0x94b3,0x94d3,0x8cb2,
  0x8cb2,0x8c93,0x8472,0x8c52,0x8472,0x6b6e,0x1924,0x2125,0x2166,0x3a08,0xbdf8,0xefbe,0xe73c,0xef7e,0xdf5d,0xad96,
  0x94b3,0x94f4,0x8cb3,0x9d14,0xce9a,0xe77e,0xe77d,0xe75e,0xdf3c,0x8c72,0x3a08,0x31c7,0x31a7,0x31c8,0x7c30,0xef7e,
  0xe77d,0xe79d,0xa535,0x3a08,0x2125,0x2104,0x1904,0x18e4,0x18e4,0x2144,0x2966,0x8452,0xe77d,0xe77e,0xe77d,0xdf3d,
  0x2145,0x18e4,0x10e4,0x0883,0x0883,0x0883,0x0862,0x0883,0x0882,0x0883,0x0862,0x0883,0x0883,0x0863,0x0883,0x0863,
  0x0883,0x0883,0x0862,0x0883,0x1063,0x0883,0x0862,0x0883,0x0883,0x0863,0x0883,0x0883,0x0863,0x0883,0x0883,0x0863,
  0x0883,0x0863,0x0882,0x1063,0x0883,0x0863,0x0882,0x0863,0x0883,0x0863,0x0883,0x0863,0x0883,0x0863,0x1083,0x0862,
  0x0883,0x0883,0x0883,0x0863,0x0883,0x0862,0x0883,0x0863,0x1083,0x0883,0x0863,0x0882,0x0863,0x1083,0x0863,0x0883,
  0x0883,0x0862,0x0883,0x0863,0x0882,0x0863,0x0882,0x0863,0x0883,0x0883,0x0863,0x0883,0x0863,0x0883,0x0863,0x0883,
  0x0863,0x0883,0x0863,0x0883,0x0883,0x1083,0x0862,0x0883,0x0882,0x0883,0x0862,0x0883,0x0883,0x0863,0x0883,0x0863,
  0x0883,0x0883,0x0862,0x0883,0x0863,0x0883,0x0863,0x0882,0x0863,0x0883,0x0863,0x0883,0x0863,0x0883,0x1063,0x0883,
  0x0863,0x0883,0x1083,0x0883,0x0863,0x0882,0x0863,0x0883,0x0863,0x0883,0x0863,0x0882,0x0863,0x0882,0x0863,0x0882,
  0x0863,0x0883,0x0863,0x0883,0x0863,0x0883,0x0863,0x0883,0x0863,0x0883,0x0863,0x0883,0x0883,0x0882,0x0863,0x0883,
  0x0883,0x0863,0x0883,0x0883,0x0883,0x0863,0x0883,0x0883,0x1083,0x0863,0x0883,0x0883,0x0863,0x0883,0x0863,0x0883,
  0x0883,0x0883,0x0883,0x0862,0x0883,0x0883,0x0863,0x0883,0x0883,0x0863,0x0883,0x0863,0x0882,0x0883,0x0863,0x0883,
  0x0883,0x0883,0x0863,0x0882,0x0883,0x0883,0x0863,0x0883,0x0883,0x0883,0x0863,0x0883,0x0883,0x0863,0x0883,0x1063,
  0x0882,0x0883,0x0862,0x0883,0x1083,0x0883,0x0863,0x0883,0x0863,0x0882,0x0863,0x0883,0x0863,0x0883,0x0863,0x0883,
  0x0862,0x0883,0x0862,0x0883,0x0862,0x0883,0x0863,0x0883,0x0863,0x0883,0x0863,0x0883,0x0863,0x0882,0x0883,0x0883,
  0x0862,0x0883,0x0863,0x0883,0x0883,0x0863,0x0883,0x0883,0x0882,0x0863,0x0883,0x0863,0x0883,0x0863,0x0882,0x0863,
  0x0883,0x0883,0x0863,0x0883,0x1083,0x0863,0x0883,0x0883,0x0863,0x0883,0x0863,0x0883,0x0883,0x0863,0x0883,0x0863,
  0x0883,0x0863,0x0883,0x0862,0x0883,0x0863,0x0883,0x0863,0x0883,0x0883,0x0863,0x0883,0x0863,0x1083,0x0883,0x0883,
  0x0863,0x0882,0x0883,0x0863,0x0883,0x0863,0x0883,0x0863,0x0883,0x0862,0x0883,0x0863,0x0883,0x0883,0x0862,0x0883,
  0x0883,0x0863,0x1083,0x0883,0x0863,0x0882,0x0883,0x0882,0x0883,0x0863,0x10a3,0x1905,0x1903,0x4229,0xc638,0xe77d,
  0xe77d,0xef7d,0xe77d,0xdf1c,0x39e6,0x2966,0x2986,0x2144,0x2145,0x2966,0x31a5,0x94d4,0xe75d,0xe77d,0xf77e,0xe73c,
  0xdf1c,0x8c91,0x31c7,0x3186,0x2986,0x2966,0x3187,0xce39,0xe77d,0xef7d,0xe77d,0x94b3,0x31c6,0x29a7,0x2986,0x2145,
  0x2145,0x2965,0x2165,0x2966,0x31c7,0x3187,0xa596,0xdf5c,0xe75e,0xf79d,0xcebb,0x4a8a,0x29a7,0x41e8,0x632c,0xc69a,
  0xe75d,0xe79c,0xefbe,0xe75d,0xe79d,0xe77d,0xe77d,0xef9d,0xe75e,0xe77e,0xef7e,0xe77d,0xef9e,0xceb9,0x6baf,0x31c6,
  0x29a7,0x31c7,0x2985,0x31e7,0xc679,0xef7e,0xe77c,0xe77d,0x94b2,0x31e8,0x29a6,0x2987,0x2986,0x2124,0x2965,0x2165,
  0x2987,0x31a7,0x31c6,0xa535,0xef7e,0xe77c,0xe79e,0xceba,0x4269,0x31c8,0x31e8,0x6b8e,0xce99,0xdf5d,0xef9d,0xdefb,
  0x39e8,0x3a29,0x3a29,0x8471,0xe71b,0xe79e,0xe79c,0xef7e,0xdf3c,0x4269,0x3a29,0x39e8,0x6b8e,0xd69a,0xe77c,0xe77e,
  0xdefa,0x31e7,0x39e7,0x41e8,0x4aaa,0xadd7,0xef7d,0xe75d,0xef9d,0xe77d,0xe77e,0xe75c,0xe77e,0xe77c,0xef5e,0xe79d,
  0xef7e,0xe79e,0xdf5c,0xef9e,0xe77d,0xadb7,0x1925,0x2125,0x1924,0x2146,0x52ca,0xd6db,0xe77d,0xe77d,0xef9d,0xef9d,
  0xe79d,0xe79e,0xe77c,0xef9e,0xe75d,0xe77d,0xef9d,0xe75d,0xa534,0x4a8a,0x29a6,0x39c7,0x31c7,0x2985,0x7c30,0xef9e,
  0xe75c,0xef9d,0xa553,0x39e7,0x1904,0x18c3,0x18e4,0x10a4,0x18e3,0x1904,0x2105,0x8450,0xe75d,0xe79e,0xe75c,0xdf3d,
  0x2125,0x18c4,0x10c4,0x0882,0x0883,0x0863,0x0883,0x0883,0x0883,0x0863,0x1083,0x0883,0x0863,0x0882,0x0883,0x0882,
  0x0883,0x0863,0x0883,0x0883,0x0882,0x0883,0x0883,0x0883,0x0862,0x0883,0x0882,0x0883,0x0882,0x0883,0x0862,0x0883,
  0x1083,0x0882,0x0863,0x0883,0x0883,0x0883,0x0863,0x0883,0x0883,0x0882,0x0863,0x1082,0x0883,0x0883,0x0863,0x0883,
  0x0883,0x0862,0x0883,0x0883,0x1083,0x0863,0x0883,0x0882,0x0863,0x0882,0x0883,0x1083,0x0883,0x0862,0x0883,0x0882,
  0x0883,0x0883,0x0883,0x0883,0x0863,0x0883,0x0883,0x0883,0x0863,0x0882,0x0883,0x0883,0x0882,0x1063,0x0883,0x0882,
  0x1083,0x0863,0x0882,0x1083,0x0863,0x0883,0x0883,0x0863,0x0883,0x0863,0x1083,0x0883,0x0863,0x0882,0x0883,0x0882,
  0x0883,0x0863,0x0883,0x0883,0x0882,0x0863,0x1083,0x0883,0x0883,0x0862,0x0883,0x0883,0x0882,0x0863,0x0883,0x0882,
  0x0883,0x0863,0x0882,0x0863,0x0883,0x0883,0x1083,0x0862,0x0883,0x0882,0x0883,0x0863,0x0883,0x0883,0x0883,0x1063,
  0x0883,0x0882,0x0883,0x0863,0x0882,0x0883,0x0883,0x0862,0x0883,0x1083,0x0882,0x0863,0x0883,0x0863,0x0883,0x0882,
  0x0863,0x1082,0x0883,0x0862,0x0883,0x1083,0x0862,0x0883,0x0863,0x0882,0x0883,0x0863,0x0882,0x0883,0x0883,0x0882,
  0x0863,0x0883,0x0863,0x0883,0x0883,0x0882,0x0883,0x0862,0x0883,0x0883,0x0882,0x0883,0x0883,0x0863,0x0882,0x0883,
  0x0862,0x0883,0x0883,0x0863,0x0883,0x0862,0x1083,0x0882,0x0863,0x1083,0x0882,0x0863,0x1083,0x0882,0x0883,0x0883,
  0x0883,0x0863,0x0883,0x0883,0x0862,0x0883,0x0883,0x1082,0x0863,0x0883,0x0883,0x0883,0x1062,0x0883,0x0882,0x0883,
  0x0863,0x0883,0x0883,0x0863,0x0883,0x1083,0x0882,0x0863,0x1082,0x0883,0x0882,0x1063,0x0883,0x0883,0x1063,0x0883,
  0x0883,0x0883,0x0883,0x0862,0x0883,0x0882,0x1063,0x0883,0x0863,0x0883,0x0882,0x0883,0x0862,0x0883,0x0883,0x1083,
  0x0862,0x0883,0x0882,0x0883,0x0862,0x0883,0x0882,0x1083,0x0882,0x0883,0x0882,0x0883,0x0862,0x0883,0x1082,0x0883,
  0x0862,0x0883,0x0883,0x1083,0x0863,0x0882,0x0883,0x0883,0x0862,0x1083,0x0882,0x0883,0x0883,0x0862,0x0883,0x0863,
  0x0882,0x0883,0x0863,0x0882,0x0883,0x0883,0x0862,0x0883,0x0883,0x0863,0x0883,0x0882,0x0883,0x0863,0x0883,0x0883,
  0x0883,0x0882,0x0863,0x0883,0x0883,0x0883,0x1063,0x0883,0x0883,0x0882,0x1063,0x10e3,0x10c4,0x31c7,0x8cb2,0xe75e,
  0xe77d,0xef7e,0xe75d,0xb596,0x2987,0x2986,0x1904,0x18c4,0x1925,0x2145,0x2966,0x634d,0xd6ba,0xef9d,0xef7e,0xdf5c,
  0xd6bb,0x5b0c,0x2186,0x2166,0x2124,0x2966,0x4a6a,0xe77c,0xef9e,0xe75d,0xd6db,0x7baf,0x2145,0x2145,0x2105,0x1904,
  0x1904,0x18e4,0x1925,0x2125,0x2144,0x2986,0x632e,0xdefc,0xefbe,0xe77d,0xdf1d,0x8472,0x31c7,0x31a7,0x634d,0xceba,
  0xe77d,0xef9e,0xe77d,0xf79e,0xe77d,0xe77e,0xef9e,0xe75e,0xe77e,0xdf5c,0xefbe,0xdf5c,0xc5f8,0x5aec,0x31a7,0x2986,
  0x2146,0x2146,0x2946,0x4a8a,0xef9d,0xe79e,0xe75e,0xdedb,0x6baf,0x2966,0x2144,0x1905,0x1925,0x18e4,0x18e5,0x1905,
  0x18e5,0x2146,0x2166,0x636e,0xdf1c,0xe75d,0xe77e,0xdf1c,0x8451,0x29a7,0x39a6,0x634d,0xceba,0xe79e,0xe75d,0xd6fc,
  0x31e8,0x31c7,0x41c7,0x636e,0xce9a,0xef9e,0xe75d,0xe75d,0xd6ba,0x31c6,0x31e8,0x41e8,0x6b6d,0xce7a,0xe77d,0xe79e,
  0xd6fb,0x3187,0x31c7,0x29c7,0x4a89,0xadb6,0xe77c,0xef7e,0xe75c,0xf77e,0xe77e,0xe77d,0xe77d,0xe75d,0xe77d,0xe77c,
  0xe77d,0xe77e,0xe77e,0xe75e,0xe77e,0xb596,0x1925,0x2105,0x1925,0x2145,0x2125,0x5aeb,0xadb6,0xe77d,0xe75d,0xe79e,
  0xe75d,0xe77d,0xef7e,0xe77d,0xef7d,0xef9e,0xd6db,0x8cb2,0x4269,0x2946,0x2965,0x2146,0x2125,0x2986,0x7c10,0xf79e,
  0xe77d,0xe77e,0xa555,0x31c7,0x10e4,0x18e4,0x18c4,0x08a3,0x10a4,0x18c4,0x1904,0x8451,0xe73d,0xf79e,0xe77d,0xdf1d,
  0x1923,0x18c4,0x0883,0x0863,0x0883,0x1082,0x0883,0x0863,0x0883,0x0882,0x0863,0x0883,0x0883,0x0883,0x1063,0x0883,
  0x0883,0x0882,0x1063,0x0883,0x0883,0x0863,0x0882,0x0883,0x0883,0x0883,0x0863,0x1083,0x0863,0x0883,0x1083,0x0863,
  0x0883,0x0863,0x0883,0x0883,0x0862,0x0883,0x1082,0x0863,0x0883,0x1063,0x0883,0x0883,0x0863,0x0882,0x0883,0x0862,
  0x0883,0x0883,0x1063,0x0882,0x0863,0x0882,0x0883,0x0883,0x0883,0x0863,0x0883,0x0863,0x0883,0x0883,0x0883,0x0863,
  0x0883,0x0863,0x0882,0x0863,0x1082,0x0883,0x0863,0x1082,0x0883,0x0883,0x0863,0x0883,0x0863,0x0883,0x0883,0x0863,
  0x0883,0x0883,0x0863,0x0883,0x0882,0x0863,0x0882,0x0883,0x0883,0x0882,0x0863,0x0883,0x0883,0x0883,0x1063,0x0883,
  0x0883,0x0882,0x1063,0x0883,0x0863,0x0883,0x0882,0x0863,0x0883,0x0883,0x0863,0x1083,0x0863,0x0883,0x0883,0x0863,
  0x0883,0x0883,0x0883,0x0883,0x0862,0x0883,0x0863,0x0883,0x0883,0x0863,0x0883,0x0883,0x0862,0x1083,0x0863,0x0882,
  0x0883,0x0863,0x0883,0x1083,0x0863,0x0883,0x1063,0x0883,0x0883,0x0863,0x0883,0x0883,0x0882,0x0883,0x0863,0x1083,
  0x0883,0x0883,0x0863,0x0883,0x0883,0x0863,0x0883,0x0883,0x0883,0x0883,0x0863,0x1083,0x0883,0x0863,0x1083,0x0863,
  0x0883,0x0882,0x0883,0x0882,0x1063,0x0883,0x0863,0x0883,0x0883,0x0863,0x1083,0x0863,0x0882,0x0883,0x0863,0x1083,
  0x0883,0x0863,0x0882,0x0883,0x0883,0x0883,0x0863,0x0883,0x0883,0x0863,0x0883,0x0883,0x0883,0x0863,0x0883,0x0862,
  0x0883,0x0883,0x1062,0x0883,0x0883,0x0863,0x0883,0x0863,0x0883,0x0883,0x1062,0x0883,0x0883,0x0883,0x0863,0x0883,
  0x1083,0x0862,0x0883,0x1083,0x0882,0x0863,0x0883,0x0883,0x0883,0x0863,0x0883,0x0883,0x0862,0x0883,0x0882,0x0863,
  0x0882,0x1063,0x0883,0x0883,0x0883,0x0863,0x0883,0x0882,0x0883,0x0883,0x0863,0x0883,0x0883,0x1063,0x0883,0x0863,
  0x0883,0x0883,0x1063,0x0883,0x0883,0x0883,0x0863,0x0883,0x0863,0x0883,0x0863,0x0883,0x1083,0x0883,0x0863,0x0883,
  0x0883,0x1063,0x0882,0x0863,0x0883,0x0883,0x0863,0x1083,0x0883,0x0863,0x0883,0x0863,0x0883,0x0883,0x0883,0x0883,
  0x0863,0x0883,0x0883,0x0883,0x0863,0x1083,0x0883,0x0863,0x0882,0x1083,0x0883,0x0863,0x0883,0x1082,0x0883,0x0863,
  0x0883,0x0883,0x0883,0x0862,0x1083,0x0882,0x0883,0x0863,0x10a3,0x0042,0x0883,0x0882,0x10e5,0x10e4,0x6b6f,0xe77e,
  0xe77c,0xef5e,0xdf5c,0x73af,0x2164,0x1905,0x18c3,0x18c4,0x10c3,0x18e4,0x2104,0x31a7,0xc67a,0xefbe,0xe79e,0xdf5d,
  0xbdf8,0x41e7,0x1924,0x1925,0x1904,0x1925,0xa535,0xef9e,0xef9f,0xe77e,0xb5f7,0x3a49,0x10e3,0x1904,0x18e4,0x10a4,
  0x08a2,0x10c4,0x10c3,0x10e4,0x20e5,0x1905,0x2165,0xc67a,0xef7e,0xe77e,0xe75e,0xadb6,0x31a7,0x2165,0x632d,0xce9a,
  0xe77e,0xf77d,0xe77e,0xe77d,0xe79e,0xe77d,0xe77e,0xe75c,0xdf3d,0xce79,0x94d4,0x5b0d,0x31e8,0x1946,0x2145,0x1905,
  0x2104,0x1925,0x1924,0xa556,0xef7f,0xef9e,0xe77e,0xadd6,0x3a29,0x1926,0x1904,0x20e5,0x10e3,0x10a4,0x10e4,0x10e3,
  0x10e5,0x1104,0x1925,0x2145,0xc69b,0xefbe,0xe77e,0xe7bf,0xadb7,0x31c8,0x2166,0x5b4d,0xce9a,0xef9f,0xe79d,0xd71c,
  0x2185,0x2126,0x2986,0x3a4a,0xadb7,0xe79d,0xe7be,0xdf3c,0x8cf2,0x31c7,0x2145,0x2987,0x5b4d,0xc659,0xe75d,0xe7bd,
  0xd6db,0x2186,0x2165,0x2946,0x4a8a,0xadb7,0xef9e,0xe79e,0xe75e,0xe77d,0xe77d,0xe77e,0xe77e,0xe79d,0xe77e,0xe75e,
  0xe77e,0xef5d,0xef9e,0xe75e,0xe75d,0xad97,0x1903,0x10e4,0x10e4,0x18c4,0x1925,0x2146,0x29a6,0x52ec,0x8cb3,0xbe18,
  0xd6fc,0xdf5d,0xe75d,0xceba,0xadd7,0x73f0,0x4269,0x29a7,0x2126,0x1925,0x1925,0x1905,0x1903,0x18e5,0x7c2f,0xe79e,
  0xe75c,0xdf5d,0x9d34,0x31e6,0x18c4,0x10c3,0x0862,0x18e3,0x10a3,0x10c4,0x10a3,0x8431,0xe75c,0xe77e,0xef7d,0xdf1d,
  0x10e4,0x0863,0x0882,0x0883,0x0863,0x0883,0x0863,0x0882,0x0883,0x0883,0x0883,0x0862,0x1083,0x0882,0x0883,0x0863,
  0x0883,0x0863,0x0883,0x0882,0x0882,0x0883,0x0863,0x1083,0x0863,0x0882,0x0883,0x0863,0x0882,0x0883,0x0863,0x0882,
  0x0883,0x0883,0x0882,0x0863,0x1083,0x0883,0x0863,0x0883,0x0882,0x0883,0x0883,0x0862,0x0883,0x0883,0x0863,0x0883,
  0x0883,0x0863,0x0883,0x0883,0x0883,0x0883,0x0863,0x0883,0x1062,0x0883,0x0883,0x0882,0x0863,0x0882,0x0863,0x0883,
  0x1082,0x0863,0x0883,0x0883,0x0883,0x0863,0x0883,0x0883,0x0863,0x0883,0x1082,0x0883,0x0882,0x0883,0x0862,0x0883,
  0x0882,0x0863,0x0883,0x0882,0x0863,0x0883,0x0883,0x0863,0x0883,0x0883,0x0883,0x0862,0x1083,0x0882,0x0883,0x0863,
  0x0883,0x0863,0x0883,0x0882,0x0883,0x0883,0x0863,0x0883,0x0882,0x1063,0x0882,0x0883,0x0882,0x0883,0x0862,0x1083,
  0x0882,0x0863,0x1082,0x0863,0x0883,0x0883,0x0882,0x0883,0x0863,0x1082,0x0883,0x0863,0x0883,0x0883,0x0883,0x0883,
  0x0863,0x0883,0x0882,0x0883,0x0882,0x0883,0x0882,0x0863,0x0882,0x0883,0x0862,0x0883,0x1063,0x0883,0x0882,0x0883,
  0x0862,0x0883,0x0883,0x0882,0x0863,0x0882,0x0883,0x0862,0x0883,0x1062,0x0883,0x0882,0x0883,0x0882,0x0883,0x0882,
  0x0863,0x1083,0x0863,0x0883,0x0883,0x0883,0x0882,0x0863,0x1082,0x0883,0x0882,0x0883,0x0863,0x1083,0x0883,0x0882,
  0x0863,0x0883,0x0883,0x1063,0x0882,0x0863,0x0883,0x0882,0x0863,0x0882,0x0883,0x0862,0x0883,0x0882,0x0883,0x0883,
  0x0863,0x0883,0x0883,0x0883,0x0862,0x0883,0x0882,0x0883,0x0882,0x0863,0x0883,0x0883,0x0863,0x0882,0x0883,0x0863,
  0x0882,0x0883,0x0883,0x0863,0x0883,0x0883,0x0863,0x0882,0x0863,0x0883,0x0882,0x0863,0x0883,0x0883,0x0883,0x0883,
  0x0863,0x0883,0x0882,0x0863,0x0883,0x0882,0x0883,0x0863,0x0883,0x1062,0x0883,0x0883,0x0862,0x0883,0x0882,0x0883,
  0x0883,0x0862,0x0883,0x0883,0x0862,0x0883,0x0883,0x0862,0x0883,0x0883,0x1083,0x0862,0x0883,0x0863,0x0882,0x0883,
  0x0863,0x0883,0x0883,0x0883,0x0882,0x0863,0x0882,0x0883,0x0862,0x0883,0x0883,0x0882,0x1063,0x0882,0x0863,0x0882,
  0x1083,0x0883,0x0862,0x1083,0x0882,0x0863,0x0882,0x0883,0x0883,0x0863,0x0882,0x0883,0x0863,0x0883,0x0863,0x0882,
  0x0862,0x0883,0x0863,0x0883,0x0883,0x0863,0x0883,0x0882,0x0883,0x0882,0x10c4,0x0863,0x18c4,0x18e4,0x10e4,0x29a7,
  0x2146,0x2166,0x31c8,0x18e4,0x18c5,0x18e4,0x18e5,0x10a4,0x10a3,0x10c4,0x10e4,0x0862,0x2986,0x18e5,0x2986,0x18e5,
  0x31a7,0x1904,0x18e5,0x10c3,0x1904,0x1082,0x29a7,0x1945,0x18e4,0x18e5,0x1925,0x18c4,0x10e4,0x10a4,0x10c4,0x0883,
  0x0883,0x0863,0x10a3,0x10a3,0x08a2,0x18c4,0x10e4,0x2147,0x1925,0x2166,0x2967,0x2987,0x18e4,0x2966,0x2146,0x29a7,
  0x29a7,0x31e8,0x39e8,0x31e8,0x3a08,0x31c8,0x31e8,0x31a7,0x31c7,0x31c8,0x21a5,0x1926,0x2125,0x1925,0x1104,0x10e4,
  0x10c4,0x1905,0x10a4,0x2147,0x1925,0x1944,0x2146,0x1946,0x1925,0x08a3,0x10a4,0x10e4,0x0883,0x0883,0x10c3,0x0863,
  0x08a3,0x10e4,0x10e4,0x08a3,0x2146,0x1925,0x1905,0x21a6,0x2987,0x10c3,0x2166,0x1905,0x1946,0x1926,0x1925,0x2988,
  0x10c4,0x29a7,0x2146,0x1925,0x2186,0x2186,0x2986,0x29c7,0x21a6,0x2126,0x2125,0x1944,0x2146,0x29a6,0x2186,0x1904,
  0x29a7,0x10c4,0x1945,0x2166,0x1925,0x2986,0x29a7,0x2966,0x39e7,0x31e8,0x31c8,0x31c8,0x31e8,0x31a8,0x31c7,0x29a6,
  0x29c7,0x1945,0x31a8,0x2145,0x1945,0x2146,0x1083,0x18e4,0x18e5,0x10e4,0x10c4,0x18e5,0x2125,0x1925,0x2946,0x31a7,
  0x31c7,0x31c7,0x31c7,0x31a7,0x31a8,0x2966,0x18e5,0x1905,0x1904,0x18e4,0x18c3,0x18c4,0x18a4,0x18e4,0x10c4,0x2947,
  0x1905,0x2166,0x1905,0x10c4,0x0862,0x10c3,0x0842,0x0863,0x0883,0x1083,0x18e4,0x18e4,0x1925,0x2125,0x18e5,0x2105,
  0x0883,0x10c4,0x0863,0x0883,0x0882,0x0883,0x0883,0x0883,0x0862,0x0883,0x0863,0x0883,0x0883,0x0863,0x0883,0x0882,
  0x0883,0x0882,0x0883,0x0863,0x0863,0x0883,0x0883,0x0882,0x0883,0x0863,0x0883,0x0883,0x0883,0x0863,0x0883,0x0883,
  0x0862,0x0883,0x0863,0x0883,0x0882,0x0863,0x0883,0x0883,0x0863,0x0883,0x0883,0x0883,0x0863,0x0883,0x0882,0x0883,
  0x0863,0x0882,0x0883,0x0862,0x0883,0x0863,0x0882,0x0883,0x0883,0x0883,0x0863,0x0883,0x0883,0x0883,0x0883,0x0863,
  0x0883,0x0883,0x0882,0x0863,0x0883,0x0882,0x0883,0x0862,0x0883,0x0883,0x0863,0x0883,0x0863,0x0883,0x0883,0x0863,
  0x0883,0x0883,0x0883,0x0863,0x0883,0x0883,0x0882,0x0883,0x0862,0x0883,0x0863,0x0883,0x0883,0x0863,0x0883,0x0882,
  0x0883,0x0882,0x0883,0x0863,0x0883,0x0862,0x0883,0x0883,0x0863,0x0883,0x0883,0x0863,0x0883,0x0883,0x0883,0x0863,
  0x0883,0x0883,0x0883,0x0883,0x0883,0x0863,0x0883,0x0863,0x0883,0x0883,0x0863,0x0882,0x0883,0x0862,0x0883,0x0883,
  0x0882,0x0863,0x0883,0x0863,0x0883,0x0863,0x0883,0x0883,0x0883,0x0863,0x0883,0x0883,0x0882,0x0863,0x0883,0x0863,
  0x0883,0x0883,0x0863,0x0883,0x0883,0x0883,0x0883,0x0883,0x0883,0x0883,0x0883,0x0863,0x0883,0x0863,0x0883,0x0863,
  0x0883,0x0883,0x0882,0x0863,0x0883,0x0863,0x0883,0x0883,0x0883,0x0863,0x0883,0x0863,0x0883,0x0882,0x0863,0x0883,
  0x0883,0x0882,0x0863,0x0883,0x0883,0x0883,0x0882,0x0863,0x0883,0x0883,0x0883,0x0883,0x0863,0x0883,0x0863,0x0882,
  0x0883,0x0862,0x0883,0x0883,0x0883,0x0863,0x0883,0x0863,0x0883,0x0883,0x0883,0x0862,0x0883,0x0883,0x0863,0x0883,
  0x0883,0x0863,0x0883,0x0882,0x0863,0x0882,0x0883,0x0883,0x0883,0x0863,0x0883,0x0883,0x0883,0x0862,0x0883,0x0863,
  0x0882,0x0883,0x0863,0x0883,0x0883,0x0863,0x0883,0x0882,0x0883,0x0883,0x0863,0x0883,0x0883,0x0883,0x0863,0x0883,
  0x0863,0x0883,0x0883,0x0863,0x0883,0x0883,0x0863,0x0883,0x0883,0x0862,0x0883,0x0883,0x0883,0x0883,0x0863,0x0883,
  0x0882,0x0883,0x0862,0x0883,0x0863,0x0883,0x0883,0x0863,0x0883,0x0883,0x0863,0x0883,0x0883,0x0883,0x0883,0x0863,
  0x0883,0x0863,0x0883,0x0883,0x0863,0x0883,0x0883,0x0863,0x0883,0x0883,0x0863,0x0883,0x0882,0x0883,0x0883,0x0883,
  0x0863,0x0882,0x0863,0x0882,0x0863,0x0882,0x0863,0x0863,0x0863,0x0863,0x18c3,0x0863,0x0041,0x0863,0x08c4,0x1083,
  0x1905,0x10a3,0x0883,0x10a3,0x10a3,0x0862,0x0883,0x0862,0x0883,0x0862,0x10a4,0x1904,0x18c4,0x1925,0x1926,0x10c3,
  0x08a4,0x08a2,0x10c4,0x10a3,0x0863,0x0883,0x0021,0x18a4,0x1905,0x18c3,0x08a3,0x0882,0x08a3,0x0882,0x0863,0x0862,
  0x0883,0x0862,0x0883,0x0863,0x0863,0x0882,0x18e5,0x08a3,0x10c5,0x1904,0x10a4,0x18c3,0x18e5,0x18e4,0x18e5,0x18c3,
  0x1925,0x18c3,0x2146,0x2125,0x2146,0x2125,0x2146,0x2104,0x2125,0x18e4,0x18e5,0x1905,0x08c3,0x0883,0x0883,0x10c5,
  0x1083,0x08c4,0x10c4,0x10c4,0x18c3,0x08a3,0x10e4,0x0882,0x0863,0x0883,0x0862,0x08c4,0x0862,0x0863,0x0883,0x08a4,
  0x10a3,0x10a4,0x10a3,0x1925,0x08a2,0x10c5,0x1905,0x10c4,0x10c4,0x10e4,0x18e4,0x10a4,0x1904,0x18e5,0x1924,0x0863,
  0x18e3,0x10c5,0x0882,0x08a3,0x10c4,0x1904,0x1905,0x10a3,0x10c4,0x18e4,0x10c4,0x08a3,0x0883,0x0883,0x18e4,0x10c4,
  0x10c3,0x1905,0x0882,0x0883,0x18c3,0x18e4,0x18c4,0x1924,0x2166,0x2166,0x2145,0x2166,0x2125,0x2146,0x2125,0x2106,
  0x2105,0x2125,0x1906,0x10c3,0x0863,0x1083,0x18e5,0x0862,0x08a3,0x0882,0x0883,0x10c3,0x1905,0x18e4,0x10e4,0x10c3,
  0x1904,0x1905,0x20e4,0x18e5,0x18e4,0x1105,0x18e4,0x10c4,0x10a4,0x0883,0x0883,0x0862,0x0883,0x0862,0x10c4,0x0862,
  0x10a3,0x10a2,0x0883,0x10e4,0x10a4,0x0862,0x0883,0x0862,0x10c3,0x0841,0x10c4,0x10a3,0x0863,0x10a3,0x08a3,0x0021,
  0x1905,0x0882,0x0863,0x0882,0x0863,0x0863,0x0862,0x0863,0x0863,0x0882,0x0863,0x0882,0x0863,0x0882,0x0863,0x0863,
  0x0863,0x0863,0x0882,0x0863,0x0862,0x0883,0x0862,0x0863,0x0863,0x0882,0x0863,0x0862,0x0883,0x0862,0x0883,0x0862,
  0x0883,0x0863,0x0882,0x0863,0x0883,0x0862,0x0883,0x0862,0x0883,0x0862,0x0863,0x0882,0x0863,0x0882,0x0863,0x0863,
  0x0882,0x0863,0x0883,0x0863,0x0882,0x0863,0x0883,0x0862,0x0863,0x0862,0x0883,0x0862,0x0863,0x0862,0x0883,0x0862,
  0x0883,0x0862,0x0863,0x0883,0x0862,0x0863,0x0883,0x0863,0x0882,0x0863,0x0862,0x0883,0x0862,0x0863,0x0882,0x0863,
  0x0882,0x0863,0x0862,0x0883,0x0862,0x0863,0x0863,0x0883,0x0863,0x0882,0x0863,0x0882,0x0863,0x0882,0x0863,0x0863,
  0x0863,0x0863,0x0882,0x0863,0x0882,0x0863,0x0883,0x0862,0x0883,0x0862,0x0883,0x0862,0x0863,0x0862,0x0883,0x0862,
  0x0883,0x0862,0x0863,0x0862,0x0863,0x0882,0x0863,0x0882,0x0863,0x0882,0x0863,0x0883,0x0863,0x0883,0x0862,0x0863,
  0x0883,0x0862,0x0883,0x0862,0x0883,0x0862,0x0863,0x0862,0x0883,0x0862,0x0883,0x0863,0x0863,0x0882,0x0863,0x0882,
  0x0863,0x0882,0x0863,0x0862,0x0863,0x0862,0x0863,0x0862,0x0863,0x0862,0x0883,0x0862,0x0883,0x0862,0x0883,0x0862,
  0x0883,0x0862,0x0863,0x0883,0x0862,0x0883,0x0862,0x0863,0x0862,0x0883,0x0862,0x0883,0x0862,0x0883,0x0863,0x0862,
  0x0863,0x0883,0x0862,0x0883,0x0862,0x0863,0x0883,0x0863,0x0882,0x0863,0x0862,0x0863,0x0882,0x0863,0x0883,0x0863,
  0x0863,0x0883,0x0862,0x0863,0x0882,0x0863,0x0882,0x0863,0x0882,0x0863,0x0862,0x0883,0x0863,0x0862,0x0883,0x0862,
  0x0883,0x0862,0x0863,0x0883,0x0863,0x0883,0x0862,0x0863,0x0882,0x0863,0x0882,0x0863,0x0862,0x0883,0x0863,0x0882,
  0x0863,0x0883,0x0862,0x0883,0x0862,0x0883,0x0862,0x0863,0x0863,0x0882,0x0863,0x0882,0x0863,0x0862,0x0883,0x0862,
  0x0883,0x0862,0x0883,0x0862,0x0883,0x0862,0x0883,0x0862,0x0883,0x0863,0x0862,0x0863,0x0862,0x0883,0x0862,0x0883,
  0x0863,0x0863,0x0883,0x0862,0x0883,0x0862,0x0883,0x0862,0x0883,0x0862,0x0883,0x0862,0x0863,0x0862,0x0883,0x0862,
  0x0883,0x0862,0x0883,0x0862,0x0883,0x0862,0x0883,0x0862,0x0863,0x0882,0x0863,0x0882,0x0863,0x0863,0x0862,0x0863,
  0x0862,0x0863,0x0883,0x0863,0x0882,0x0863,0x0882,0x0863,0x0882,0x0842,0x0063,0x10a4,0x0883,0x0862,0x10c4,0x0883,
  0x10a2,0x18a4,0x08a3,0x10c4,0x0882,0x0863,0x10a3,0x0863,0x0883,0x08a3,0x0862,0x0883,0x0042,0x10a3,0x0883,0x10a4,
  0x0882,0x0863,0x10a2,0x10a4,0x08a2,0x18c5,0x0883,0x10a3,0x0883,0x0863,0x10a4,0x10a4,0x0862,0x0883,0x0883,0x0863,
  0x0882,0x0863,0x0862,0x0883,0x1082,0x10c4,0x0863,0x10e4,0x0863,0x0862,0x10c4,0x08a3,0x10c3,0x0883,0x10a3,0x10e4,
  0x2124,0x18e5,0x18e4,0x18c5,0x18e5,0x1905,0x18e4,0x18e5,0x10c4,0x10e4,0x10c3,0x10c4,0x10a4,0x10c3,0x0883,0x08a3,
  0x10c4,0x10a2,0x0863,0x0883,0x18e5,0x0862,0x0883,0x08a3,0x10a3,0x10c4,0x0883,0x0863,0x0882,0x0863,0x0882,0x0883,
  0x10a4,0x0883,0x0883,0x0863,0x08a3,0x10c3,0x10c5,0x0882,0x10c4,0x10e3,0x10a4,0x08a3,0x0884,0x08a2,0x10c4,0x10c4,
  0x08a4,0x0081,0x10a4,0x10e4,0x1083,0x08c4,0x10c4,0x10e3,0x10c4,0x10c4,0x10a3,0x10e4,0x10e4,0x10a4,0x0883,0x10c4,
  0x0883,0x10c3,0x10c4,0x10c4,0x10c4,0x18e3,0x18e5,0x10e4,0x10a3,0x18e5,0x10e5,0x18c4,0x1905,0x18e5,0x18e4,0x10c3,
  0x10c4,0x18e4,0x0881,0x18c4,0x10c4,0x10a4,0x08a2,0x1083,0x10a3,0x0882,0x10c4,0x0863,0x0862,0x0883,0x18c4,0x18e3,
  0x10c4,0x10e4,0x10e4,0x10c3,0x0863,0x0883,0x10a4,0x0862,0x0883,0x0862,0x0883,0x0863,0x0883,0x0863,0x0882,0x18c5,
  0x18e4,0x0883,0x0882,0x0022,0x0883,0x0863,0x10c3,0x0863,0x08c4,0x0882,0x0062,0x1083,0x10a2,0x0863,0x0883,0x0883,
  0x0882,0x0863,0x0883,0x0863,0x0882,0x0863,0x0883,0x0882,0x0862,0x0863,0x0883,0x0863,0x0882,0x0863,0x0882,0x0863,
  0x0882,0x0863,0x0883,0x0863,0x0862,0x0863,0x0883,0x0862,0x0883,0x0863,0x0882,0x0863,0x0883,0x0862,0x0883,0x0863,
  0x0882,0x0863,0x0883,0x0862,0x0883,0x0863,0x0882,0x0863,0x0883,0x0862,0x0883,0x0863,0x0882,0x0863,0x0883,0x0862,
  0x0883,0x0863,0x0882,0x0863,0x0883,0x0862,0x0863,0x0883,0x0883,0x0862,0x0883,0x0863,0x0882,0x0863,0x0883,0x0862,
  0x0863,0x0883,0x0862,0x0883,0x0863,0x0882,0x0863,0x0882,0x0863,0x0883,0x0863,0x0882,0x0863,0x0883,0x0863,0x0883,
  0x0862,0x0883,0x0863,0x0882,0x0863,0x0883,0x0862,0x0883,0x0862,0x0863,0x0883,0x0863,0x0882,0x0863,0x0882,0x0863,
  0x0882,0x0863,0x0883,0x0863,0x0883,0x0862,0x0883,0x0863,0x0882,0x0863,0x0883,0x0863,0x0882,0x0863,0x0883,0x0863,
  0x0863,0x0883,0x0862,0x0883,0x0883,0x0862,0x0883,0x0863,0x0882,0x0863,0x0882,0x0863,0x0882,0x0863,0x0883,0x0862,
  0x0883,0x0863,0x0883,0x0863,0x0862,0x0883,0x0883,0x0863,0x0882,0x0863,0x0862,0x0883,0x0862,0x0883,0x0863,0x0883,
  0x0863,0x0862,0x0883,0x0883,0x0882,0x0883,0x0863,0x0883,0x0882,0x0863,0x0883,0x0863,0x0863,0x0883,0x0862,0x0883,
  0x0863,0x0883,0x0862,0x0883,0x0863,0x0882,0x0863,0x0883,0x0863,0x0882,0x0863,0x0883,0x0863,0x0862,0x0883,0x0883,
  0x0862,0x0883,0x0863,0x0863,0x0882,0x0863,0x0882,0x0863,0x0863,0x0883,0x0883,0x0863,0x0883,0x0862,0x0863,0x0882,
  0x0863,0x0882,0x0863,0x0883,0x0863,0x0882,0x0863,0x0883,0x0863,0x0882,0x0863,0x0883,0x0862,0x0883,0x0863,0x0882,
  0x0863,0x0883,0x0862,0x0883,0x0862,0x0863,0x0883,0x0863,0x0883,0x0862,0x0863,0x0883,0x0863,0x0882,0x0863,0x0883,
  0x0862,0x0883,0x0863,0x0862,0x0883,0x0863,0x0883,0x0862,0x0883,0x0863,0x0882,0x0863,0x0883,0x0863,0x0882,0x0863,
  0x0883,0x0862,0x0883,0x0863,0x0862,0x0883,0x0863,0x0882,0x0863,0x0883,0x0883,0x0882,0x0863,0x0883,0x0863,0x0862,
  0x0883,0x0862,0x0883,0x0863,0x0883,0x0863,0x0882,0x0863,0x0883,0x0863,0x0882,0x0863,0x0883,0x0863,0x0882,0x0863,
  0x0883,0x0862,0x0883,0x0863,0x0882,0x0863,0x0883,0x0863,0x0882,0x0863,0x0883,0x0863,0x0882,0x0863,0x0883,0x0882,
  0x0883,0x0862,0x0883,0x0862,0x0863,0x0883,0x0863,0x0882,0x0863,0x0882,0x0042,0x0882,0x08a4,0x0883,0x0862,0x0883,
  0x0863,0x10a2,0x0863,0x08a2,0x0863,0x08a3,0x0041,0x0883,0x0861,0x0883,0x1083,0x10a2,0x1083,0x0863,0x08a2,0x0863,
  0x08a3,0x10a4,0x0863,0x0862,0x0863,0x0882,0x0863,0x0883,0x0862,0x10a4,0x0882,0x0863,0x0883,0x0862,0x0883,0x0862,
  0x0883,0x0863,0x0883,0x0863,0x0863,0x0862,0x0062,0x18c3,0x0883,0x0863,0x10c3,0x0863,0x10a3,0x10a3,0x08a3,0x0882,
  0x0883,0x10a4,0x10a3,0x10c4,0x10a3,0x10c4,0x10a4,0x10a3,0x08c4,0x0882,0x08a3,0x0863,0x0882,0x08a4,0x08a3,0x0862,
  0x0883,0x0863,0x10c3,0x0062,0x0882,0x10a4,0x08c4,0x0882,0x08a3,0x0883,0x0882,0x0863,0x0883,0x08a4,0x0883,0x0862,
  0x0883,0x0882,0x10a4,0x08a2,0x10c4,0x0883,0x08a3,0x08a3,0x10a4,0x08a3,0x0862,0x10a4,0x0882,0x10c4,0x0843,0x08a3,
  0x10c4,0x08a4,0x0882,0x0863,0x10c4,0x0882,0x0883,0x0863,0x0882,0x0883,0x08a3,0x0882,0x08a3,0x10a3,0x0883,0x10a4,
  0x0883,0x0863,0x08a2,0x0863,0x0882,0x0863,0x10c4,0x0882,0x0883,0x18e4,0x08c3,0x10a4,0x10c4,0x10a3,0x10c4,0x10a4,
  0x0882,0x1083,0x0863,0x10c3,0x0883,0x0882,0x0843,0x0883,0x0862,0x0883,0x0863,0x0882,0x0863,0x0883,0x0862,0x0863,
  0x0883,0x0862,0x0883,0x0883,0x0882,0x0863,0x10a2,0x0863,0x0883,0x0862,0x0883,0x0862,0x0883,0x0862,0x0862,0x08a3,
  0x0842,0x0042,0x0863,0x0862,0x1084,0x0882,0x10a4,0x08a3,0x0841,0x08a3,0x0843,0x0842,0x08a3,0x0863,0x0862,0x10c4,
  0x0042,0x10a2,0x0863,0x0882,0x0863,0x0882,0x0863,0x0863,0x0883,0x0862,0x0883,0x0862,0x0863,0x0883,0x0863,0x0882,
  0x0863,0x0882,0x0863,0x0882,0x0863,0x0883,0x0862,0x0883,0x0863,0x0882,0x0863,0x0883,0x0862,0x0883,0x0863,0x0882,
  0x0863,0x0883,0x0862,0x0883,0x0863,0x0882,0x0863,0x0863,0x0882,0x0863,0x0883,0x0862,0x0863,0x0883,0x0862,0x0883,
  0x0863,0x0882,0x0863,0x0882,0x0863,0x0883,0x0862,0x0883,0x0862,0x0883,0x0863,0x0882,0x0863,0x0883,0x0862,0x0883,
  0x0863,0x0882,0x0863,0x0883,0x0862,0x0883,0x0863,0x0863,0x0882,0x0863,0x0882,0x0863,0x0883,0x0862,0x0883,0x0862,
  0x0883,0x0863,0x0882,0x0863,0x0883,0x0862,0x0883,0x0863,0x0883,0x0862,0x0883,0x0862,0x0863,0x0883,0x0863,0x0882,
  0x0863,0x0882,0x0863,0x0882,0x0863,0x0883,0x0862,0x0883,0x0863,0x0882,0x0863,0x0882,0x0863,0x0883,0x0862,0x0883,
  0x0862,0x0883,0x0863,0x0882,0x0863,0x0863,0x0882,0x0863,0x0883,0x0863,0x0863,0x0882,0x0863,0x0882,0x0863,0x0883,
  0x0862,0x0863,0x0882,0x0863,0x0883,0x0862,0x0883,0x0862,0x0883,0x0863,0x0883,0x0863,0x0883,0x0862,0x0883,0x0862,
  0x0883,0x0863,0x0882,0x0863,0x0863,0x0862,0x0883,0x0862,0x0883,0x0863,0x0862,0x0883,0x0862,0x0883,0x0863,0x0862,
  0x0883,0x0862,0x0883,0x0863,0x0882,0x0863,0x0883,0x0862,0x0883,0x0863,0x0882,0x0863,0x0882,0x0863,0x0883,0x0862,
  0x0883,0x0863,0x0882,0x0863,0x0883,0x0863,0x0883,0x0862,0x0883,0x0862,0x0863,0x0882,0x0863,0x0883,0x0862,0x0883,
  0x0863,0x0883,0x0862,0x0883,0x0862,0x0883,0x0863,0x0862,0x0883,0x0863,0x0882,0x0863,0x0883,0x0862,0x0883,0x0863,
  0x0882,0x0863,0x0883,0x0862,0x0883,0x0862,0x0883,0x0862,0x0883,0x0863,0x0882,0x0863,0x0882,0x0863,0x0883,0x0862,
  0x0883,0x0863,0x0882,0x0863,0x0883,0x0862,0x0883,0x0863,0x0882,0x0863,0x0863,0x0882,0x0863,0x0882,0x0863,0x0883,
  0x0862,0x0883,0x0863,0x0882,0x0863,0x0883,0x0862,0x0863,0x0883,0x0862,0x0863,0x0863,0x0882,0x0863,0x0882,0x0863,
  0x0883,0x0862,0x0883,0x0862,0x0883,0x0862,0x0863,0x0883,0x0862,0x0883,0x0863,0x0882,0x0863,0x0882,0x0863,0x0883,
  0x0862,0x0883,0x0863,0x0862,0x0883,0x0863,0x0862,0x0883,0x0863,0x0882,0x0863,0x0882,0x0863,0x0882,0x0863,0x0863,
  0x0863,0x0883,0x0862,0x0883,0x0863,0x0882,0x0863,0x0883,0x0843,0x0883,0x0862,0x0863,0x08a2,0x0842,0x0863,0x08a2,
  0x0843,0x0863,0x0883,0x0863,0x0862,0x10a4,0x0883,0x1082,0x0883,0x0862,0x0883,0x0042,0x10c3,0x0863,0x08a3,0x0861,
  0x0883,0x08a2,0x0883,0x0883,0x1083,0x0863,0x10a2,0x0883,0x0883,0x1082,0x08a3,0x0862,0x0883,0x0863,0x0863,0x0883,
  0x0862,0x0883,0x0862,0x0883,0x0862,0x0883,0x0883,0x08a3,0x0862,0x0883,0x0883,0x10a3,0x0863,0x08a3,0x0883,0x10c4,
  0x0862,0x08a3,0x0883,0x0882,0x0883,0x0882,0x0863,0x0883,0x0863,0x08a3,0x0883,0x0883,0x0863,0x0882,0x0863,0x08a3,
  0x0883,0x0883,0x08a4,0x08a3,0x0863,0x10c2,0x0863,0x0883,0x0862,0x0883,0x0883,0x0882,0x0863,0x0882,0x0863,0x10c4,
  0x0882,0x10a4,0x0862,0x0083,0x0862,0x0883,0x0883,0x10a3,0x10a4,0x08a3,0x0863,0x0883,0x0863,0x10a3,0x0062,0x10a4,
  0x0882,0x0863,0x0883,0x0882,0x08a3,0x0883,0x10a3,0x0863,0x0863,0x08a3,0x0883,0x0883,0x0863,0x10c4,0x0882,0x0883,
  0x0862,0x0883,0x0863,0x0883,0x0863,0x08a2,0x1083,0x1083,0x0883,0x0862,0x0883,0x0863,0x0882,0x0883,0x1082,0x0883,
  0x0863,0x10a3,0x0863,0x0863,0x1084,0x08a3,0x0882,0x1083,0x0883,0x0862,0x0883,0x0863,0x0882,0x0863,0x10a3,0x0862,
  0x0883,0x0863,0x10a2,0x1084,0x0883,0x0863,0x0062,0x0862,0x0883,0x0863,0x0883,0x0862,0x0863,0x0883,0x0862,0x0883,
  0x0863,0x0862,0x0883,0x0863,0x0882,0x0883,0x0863,0x0882,0x0883,0x0862,0x0862,0x0883,0x0863,0x0882,0x0863,0x0062,
  0x1084,0x0883,0x0862,0x1063,0x0883,0x0863,0x0882,0x0863,0x0863,0x0883,0x0862,0x0883,0x0863,0x0882,0x0863,0x0883,
  0x0863,0x0883,0x0862,0x0863,0x0862,0x0883,0x0863,0x0883,0x0862,0x0883,0x0863,0x0882,0x0863,0x0863,0x0882,0x0863,
  0x0863,0x0882,0x0863,0x0863,0x0882,0x0863,0x0883,0x0862,0x0883,0x0863,0x0862,0x0883,0x0863,0x0882,0x0863,0x0883,
  0x0862,0x0863,0x0883,0x0863,0x0882,0x0863,0x0883,0x0863,0x0863,0x0882,0x0863,0x0883,0x0862,0x0883,0x0863,0x0882,
  0x0863,0x0883,0x0863,0x0882,0x0863,0x0883,0x0862,0x0883,0x0863,0x0883,0x0863,0x0882,0x0863,0x0883,0x0862,0x0883,
  0x0863,0x0882,0x0863,0x0883,0x0862,0x0883,0x0863,0x0882,0x0863,0x0883,0x0862,0x0883,0x0863,0x0882,0x0863,0x0883,
  0x0863,0x0883,0x0862,0x0863,0x0882,0x0863,0x0863,0x0882,0x0863,0x0863,0x0883,0x0863,0x0882,0x0863,0x0883,0x0862,
  0x0883,0x0862,0x0883,0x0863,0x0882,0x0863,0x0883,0x0862,0x0863,0x0882,0x0863,0x0883,0x0863,0x0863,0x0882,0x0863,
  0x0883,0x0862,0x0883,0x0862,0x0883,0x0863,0x0863,0x0883,0x0862,0x0883,0x0862,0x0883,0x0862,0x0883,0x0863,0x0883,
  0x0862,0x0883,0x0863,0x0882,0x0863,0x0883,0x0863,0x0883,0x0862,0x0883,0x0863,0x0882,0x0863,0x0882,0x0863,0x0883,
  0x0863,0x0883,0x0862,0x0883,0x0863,0x0882,0x0863,0x0883,0x0862,0x0883,0x0863,0x0883,0x0863,0x0882,0x0863,0x0883,
  0x0862,0x0883,0x0863,0x0882,0x0863,0x0882,0x0863,0x0883,0x0862,0x0883,0x0862,0x0883,0x0862,0x0883,0x0863,0x0882,
  0x0863,0x0882,0x0863,0x0883,0x0863,0x0862,0x0883,0x0863,0x0882,0x0863,0x0883,0x0862,0x0883,0x0863,0x0882,0x0863,
  0x0863,0x0882,0x0863,0x0883,0x0863,0x0883,0x0862,0x0883,0x0862,0x0883,0x0863,0x0883,0x0863,0x0882,0x0863,0x0863,
  0x0883,0x0862,0x0883,0x0863,0x0882,0x0863,0x0862,0x0883,0x0863,0x0882,0x0863,0x0883,0x0863,0x0883,0x0862,0x0863,
  0x0883,0x0862,0x0883,0x0863,0x0882,0x0863,0x0883,0x0862,0x0883,0x0863,0x0882,0x0863,0x0883,0x0863,0x0883,0x0862,
  0x0883,0x0863,0x0883,0x0862,0x0863,0x0883,0x0862,0x0883,0x0863,0x0862,0x0883,0x0863,0x0882,0x0863,0x0883,0x0862,
  0x0863,0x0883,0x0862,0x0883,0x0863,0x0882,0x0863,0x0882,0x0863,0x0883,0x0862,0x0863,0x0883,0x0863,0x0882,0x0863,
  0x0882,0x0863,0x0883,0x0862,0x0883,0x0863,0x0882,0x0863,0x0882,0x0863,0x0883,0x0863,0x0883,0x0862,0x0883,0x0843,
  0x0882,0x0863,0x0882,0x0883,0x0862,0x0842,0x0883,0x0863,0x0883,0x0863,0x0882,0x0863,0x0883,0x0862,0x0883,0x0863,
  0x10a2,0x0863,0x10a2,0x0863,0x0862,0x0863,0x1083,0x10a3,0x0883,0x0863,0x0883,0x0883,0x0882,0x0863,0x0882,0x0863,
  0x0883,0x0863,0x0882,0x0863,0x0883,0x0862,0x0863,0x10a3,0x0863,0x0883,0x0882,0x0883,0x0883,0x08a2,0x0863,0x08a2,
  0x0883,0x0883,0x0882,0x0883,0x0883,0x0883,0x0882,0x0883,0x0862,0x0883,0x0883,0x0862,0x0883,0x0863,0x0862,0x0883,
  0x0884,0x0862,0x0883,0x0862,0x08c4,0x0863,0x0882,0x0883,0x0863,0x0862,0x08a3,0x0863,0x0882,0x0863,0x10a3,0x0863,
  0x08a4,0x0863,0x0883,0x0863,0x0883,0x0882,0x08a3,0x0863,0x0062,0x0884,0x08a3,0x0862,0x0883,0x0863,0x0882,0x10a4,
  0x0883,0x0862,0x0863,0x0883,0x0862,0x08a3,0x10a4,0x0882,0x0863,0x0883,0x0862,0x0883,0x0882,0x0883,0x0863,0x0884,
  0x0883,0x0862,0x0883,0x0882,0x0883,0x0863,0x0882,0x0863,0x0882,0x0863,0x0863,0x0882,0x0863,0x0883,0x0863,0x0882,
  0x0863,0x08a3,0x0862,0x08a3,0x0862,0x0883,0x08a3,0x0882,0x0883,0x0863,0x0862,0x0883,0x0883,0x0082,0x0863,0x0883,
  0x0862,0x0883,0x0843,0x0882,0x0863,0x0882,0x0863,0x0883,0x0862,0x0883,0x0862,0x0883,0x0863,0x0882,0x0863,0x08a4,
  0x0862,0x0883,0x0862,0x0883,0x0863,0x08a2,0x0863,0x0883,0x1082,0x0883,0x0863,0x0882,0x0843,0x0883,0x0863,0x0883,
  0x0862,0x0883,0x0863,0x0883,0x0862,0x0883,0x0863,0x0882,0x0882,0x0863,0x0883,0x0862,0x0883,0x0863,0x0882,0x0863,
  0x0882,0x0863,0x0883,0x0863,0x0863,0x0882,0x0863,0x0882,0x0863,0x0883,0x0862,0x0863,0x0883,0x0862,0x0883,0x0863,
  0x0882,0x0863,0x0883,0x0862,0x0883,0x0863,0x0882,0x0863,0x0883,0x0862,0x0883,0x0863,0x0882,0x0863,0x0883,0x0862,
  0x0883,0x0863,0x0882,0x0863,0x0863,0x0882,0x0863,0x0882,0x0863,0x0883,0x0862,0x0863,0x0883,0x0862,0x0883,0x0863,
  0x0882,0x0863,0x0882,0x0863,0x0883,0x0862,0x0883,0x0863,0x0882,0x0863,0x0862,0x0883,0x0863,0x0862,0x0883,0x0863,
  0x0862,0x0883,0x0863,0x0862,0x0883,0x0863,0x0882,0x0863,0x0882,0x0863,0x0883,0x0862,0x0883,0x0863,0x0882,0x0863,
  0x0882,0x0863,0x0883,0x0863,0x0883,0x0862,0x0883,0x0863,0x0882,0x0863,0x0882,0x0863,0x0883,0x0862,0x0883,0x0863,
  0x0883,0x0863,0x0882,0x0863,0x0883,0x0862,0x0883,0x0863,0x0882,0x0863,0x0882,0x0863,0x0882,0x0863,0x0883,0x0862,
  0x0883,0x0863,0x0883,0x0863,0x0882,0x0863,0x0882,0x0863,0x0883,0x0863,0x0882,0x0863,0x0883,0x0862,0x0863,0x0882,
  0x0863,0x0883,0x0862,0x0883,0x0863,0x0882,0x0863,0x0882,0x0863,0x0883,0x0862,0x0883,0x0863,0x0883,0x0862,0x0883,
  0x0862,0x0883,0x0863,0x0862,0x0883,0x0863,0x0862,0x0883,0x0863,0x0862,0x0883,0x0862,0x0883,0x0863,0x0862,0x0883,
  0x0863,0x0862,0x0883,0x0863,0x0882,0x0863,0x0882,0x0863,0x0883,0x0863,0x0883,0x0863,0x0883,0x0862,0x0883,0x0863,
  0x0882,0x0863,0x0883,0x0862,0x0883,0x0863,0x0882,0x0863,0x0883,0x0862,0x0863,0x0883,0x0862,0x0883,0x0863,0x0882,
  0x0863,0x0883,0x0862,0x0883,0x0862,0x0883,0x0863,0x0863,0x0883,0x0862,0x0883,0x0862,0x0883,0x0863,0x0882,0x0863,
  0x0882,0x0863,0x0863,0x0882,0x0863,0x0883,0x0863,0x0882,0x0863,0x0883,0x0862,0x0883,0x0862,0x0863,0x0883,0x0862,
  0x0883,0x0863,0x0862,0x0883,0x0863,0x0882,0x0863,0x0883,0x0862,0x0883,0x0863,0x0882,0x0863,0x0882,0x0863,0x0883,
  0x0862,0x0883,0x0862,0x0883,0x0863,0x0882,0x0863,0x0883,0x0862,0x0883,0x0862,0x0883,0x0863,0x0882,0x0863,0x0883,
  0x0862,0x0883,0x0863,0x0882,0x0863,0x0883,0x0863,0x0883,0x0862,0x0883,0x0863,0x0883,0x0862,0x0883,0x0863,0x0882,
  0x0863,0x0862,0x0883,0x0863,0x0882,0x0863,0x0863,0x0883,0x0862,0x0863,0x0882,0x0863,0x0862,0x0863,0x08a3,0x0862,
  0x0883,0x0863,0x0883,0x0882,0x0863,0x0863,0x0862,0x0883,0x0862,0x0863,0x0883,0x0882,0x0863,0x0883,0x0862,0x0883,
  0x0863,0x0883,0x0863,0x0882,0x0863,0x0883,0x0842,0x08a3,0x0863,0x0882,0x0863,0x0862,0x0883,0x0863,0x0883,0x0862,
  0x0883,0x0862,0x0863,0x0883,0x0862,0x0883,0x0863,0x08a4,0x0862,0x0863,0x0883,0x0862,0x08a3,0x0863,0x0882,0x0863,
  0x0883,0x0882,0x0863,0x0883,0x0862,0x0883,0x0863,0x0882,0x0863,0x0863,0x08a3,0x0863,0x0882,0x0863,0x0883,0x0862,
  0x0883,0x0863,0x08a2,0x0863,0x0883,0x0883,0x0883,0x0882,0x0863,0x0883,0x0862,0x0883,0x0863,0x0863,0x10a4,0x0862,
  0x0883,0x0882,0x0863,0x0882,0x0863,0x0863,0x0882,0x0863,0x0863,0x08a2,0x0863,0x0863,0x0882,0x0863,0x0883,0x0862,
  0x0883,0x0863,0x0882,0x0863,0x0883,0x0862,0x0863,0x0883,0x0862,0x0883,0x0863,0x0863,0x0883,0x0862,0x0883,0x0883,
  0x0883,0x0863,0x0862,0x08a3,0x0862,0x0863,0x0883,0x0863,0x0883,0x0862,0x0883,0x0863,0x0883,0x0862,0x0883,0x0863,
  0x0882,0x0863,0x0883,0x10a4,0x0882,0x0883,0x08a2,0x0863,0x0883,0x0862,0x0883,0x0863,0x08a2,0x0863,0x0883,0x0862,
  0x0883,0x0863,0x0882,0x0863,0x0883,0x0862,0x0883,0x0862,0x0863,0x0883,0x0863,0x0882,0x0863,0x0883,0x0862,0x08a4,
  0x0863,0x0883,0x0863,0x0882,0x0863,0x0863,0x10a2,0x0863,0x0883,0x0862,0x0883,0x0863,0x0882,0x0863,0x0882,0x1084,
  0x0863,0x0862,0x0883,0x0862,0x0883,0x0863,0x0882,0x0863,0x0863,0x0862,0x0883,0x0863,0x0882,0x0863,0x0863,0x0883,
  0x0862,0x0863,0x0882,0x0863,0x0882,0x0863,0x0883,0x0863,0x0862,0x0883,0x0863,0x0883,0x0862,0x0883,0x0863,0x0882,
  0x0863,0x0883,0x0862,0x0883,0x0863,0x0882,0x0863,0x0883,0x0862,0x0883,0x0863,0x0882,0x0863,0x0883,0x0862,0x0883,
  0x0863,0x0882,0x0863,0x0883,0x0862,0x0883,0x0863,0x0882,0x0863,0x0882,0x0863,0x0883,0x0862,0x0883,0x0863,0x0882,
  0x0863,0x0883,0x0863,0x0862,0x0883,0x0863,0x0862,0x0883,0x0863,0x0882,0x0863,0x0883,0x0862,0x0883,0x0863,0x0882,
  0x0863,0x0883,0x0862,0x0883,0x0863,0x0882,0x0863,0x0883,0x0863,0x0862,0x0883,0x0863,0x0882,0x0863,0x0863,0x0883,
  0x0862,0x0863,0x0882,0x0863,0x0882,0x0863,0x0883,0x0862,0x0883,0x0863,0x0883,0x0862,0x0863,0x0883,0x0862,0x0883,
  0x0862,0x0863,0x0883,0x0862,0x0863,0x0883,0x0862,0x0883,0x0863,0x0883,0x0863,0x0882,0x0863,0x0883,0x0862,0x0883,
  0x0863,0x0882,0x0863,0x0862,0x0883,0x0863,0x0883,0x0862,0x0883,0x0862,0x0863,0x0883,0x0862,0x0883,0x0863,0x0883,
  0x0862,0x0863,0x0883,0x0862,0x0883,0x0863,0x0882,0x0863,0x0863,0x0882,0x0863,0x0883,0x0862,0x0883,0x0863,0x0882,
  0x0863,0x0862,0x0883,0x0863,0x0882,0x0863,0x0883,0x0862,0x0883,0x0863,0x0882,0x0863,0x0862,0x0883,0x0863,0x0882,
  0x0863,0x0883,0x0862,0x0883,0x0863,0x0863,0x0883,0x0862,0x0863,0x0882,0x0863,0x0882,0x0863,0x0863,0x0882,0x0863,
  0x0863,0x0882,0x0863,0x0863,0x0882,0x0863,0x0883,0x0862,0x0883,0x0863,0x0882,0x0863,0x0883,0x0862,0x0863,0x0883,
  0x0862,0x0883,0x0863,0x0863,0x0883,0x0862,0x0883,0x0862,0x0883,0x0863,0x0862,0x0883,0x0862,0x0863,0x0883,0x0863,
  0x0883,0x0862,0x0883,0x0863,0x0883,0x0862,0x0883,0x0863,0x0882,0x0863,0x0883,0x0863,0x0882,0x0863,0x0882,0x0863,
  0x0883,0x0862,0x0883,0x0863,0x0882,0x0863,0x0883,0x0862,0x0883,0x0863,0x0882,0x0863,0x0883,0x0862,0x0883,0x0862,
  0x0863,0x0883,0x0863,0x0882,0x0863,0x0883,0x0862,0x0883,0x0863,0x0883,0x0863,0x0882,0x0863,0x0863,0x0882,0x0863,
  0x0883,0x0862,0x0883,0x0863,0x0882,0x0863,0x0882,0x0863,0x0883,0x0862,0x0883,0x0862,0x0883,0x0863,0x0882,0x0863,
  0x0863,0x0883,0x0862,0x0883,0x0863,0x0882,0x0863,0x0882,0x0863,0x0883,0x0863,0x0882,0x0863,0x0883,0x0862,0x0883,
  0x0863,0x0882,0x0863,0x0883,0x0862,0x0883,0x0863,0x0862,0x0883,0x0862,0x0883,0x0863,0x0882,0x0863,0x0883,0x0862,
  0x0883,0x0862,0x0883,0x0863,0x0882,0x0863,0x0883,0x0862,0x0863,0x0883,0x0862,0x0883,0x0863,0x0882,0x0863,0x0883,
  0x0862,0x0883,0x0863,0x0882,0x0863,0x0883,0x0862,0x0883,0x0863,0x0882,0x0863,0x0883,0x0862,0x0863,0x0883,0x0862,
  0x0883,0x0863,0x0882,0x0863,0x0863,0x0882,0x0863,0x0863,0x0883,0x0863,0x0882,0x0863,0x0883,0x0862,0x0883,0x0863,
  0x0882,0x0863,0x0883,0x0863,0x0883,0x0862,0x0883,0x0863,0x0882,0x0863,0x0883,0x0862,0x0883,0x0862,0x0883,0x0863,
  0x0882,0x0863,0x0883,0x0862,0x0883,0x0862,0x0883,0x0863,0x0882,0x0863,0x0883,0x0862,0x0883,0x0863,0x0882,0x0863,
  0x0883,0x0862,0x0883,0x0863,0x0862,0x0883,0x0863,0x0882,0x0863,0x0883,0x0862,0x0883,0x0862,0x0883,0x0863,0x0883,
  0x0862,0x0883,0x0863,0x0883,0x0863,0x0882,0x0863,0x0882,0x0863,0x0883,0x0862,0x0883,0x0862,0x0883,0x0863,0x0882,
  0x0863,0x0863,0x0882,0x0863,0x0883,0x0863,0x0883,0x0862,0x0883,0x0863,0x0882,0x0863,0x0863,0x0882,0x0863,0x0863,
  0x0882,0x0863,0x0863,0x0882,0x0863,0x0863,0x0883,0x0863,0x0882,0x0863,0x0882,0x0863,0x0883,0x0862,0x0883,0x0863,
  0x0882,0x0863,0x0882,0x0863,0x0883,0x0862,0x0883,0x0863,0x0862,0x0883,0x0863,0x0862,0x0883,0x0863,0x0863,0x0882,
  0x0863,0x0863,0x0883,0x0863,0x0862,0x0883,0x0863,0x0883,0x0863,0x0883,0x0862,0x0883,0x0863,0x0882,0x0863,0x0882,
  0x0863,0x0883,0x0863,0x0882,0x0883,0x0862,0x0863,0x0883,0x0863,0x0882,0x0863,0x0882,0x0863,0x0883,0x0862,0x0883,
  0x0863,0x0883,0x0863,0x0862,0x0883,0x0863,0x0863,0x0882,0x0863,0x0863,0x0882,0x0863,0x0883,0x0862,0x0863,0x0883,
  0x0862,0x0863,0x0883,0x0862,0x0883,0x0863,0x0882,0x0863,0x0883,0x0863,0x0882,0x0863,0x0883,0x0862,0x0863,0x0883,
  0x0863,0x0862,0x0883,0x0863,0x0882,0x0863,0x0883,0x0862,0x0883,0x0863,0x0882,0x0863,0x0883,0x0862,0x0883,0x0863,
  0x0882,0x0863,0x0883,0x0863,0x0882,0x0863,0x0863,0x0882,0x0863,0x0883,0x0862,0x0883,0x0863,0x0882,0x0863,0x0882,
  0x0863,0x0883,0x0863,0x0882,0x0863,0x0883,0x0862,0x0883,0x0863,0x0882,0x0863,0x0883,0x0862,0x0883,0x0863,0x0862,
  0x0883,0x0862,0x0883,0x0863,0x0882,0x0863,0x0883,0x0862,0x0883,0x0862,0x0883,0x0863,0x0882,0x0863,0x0883,0x0862,
  0x0863,0x0883,0x0862,0x0883,0x0863,0x0882,0x0863,0x0883,0x0862,0x0883,0x0863,0x0882,0x0863,0x0883,0x0862,0x0883,
  0x0863,0x0882,0x0863,0x0883,0x0862,0x0863,0x0883,0x0862,0x0883,0x0863,0x0882,0x0863,0x0863,0x0882,0x0863,0x0863,
  0x0883,0x0863,0x0882,0x0863,0x0883,0x0862,0x0883,0x0863,0x0882,0x0863,0x0883,0x0863,0x0883,0x0862,0x0883,0x0863,
  0x0882,0x0863,0x0883,0x0862,0x0883,0x0862,0x0883,0x0863,0x0882,0x0863,0x0883,0x0862,0x0883,0x0862,0x0883,0x0863,
  0x0882,0x0863,0x0883,0x0862,0x0883,0x0863,0x0882,0x0863,0x0883,0x0862,0x0883,0x0863,0x0862,0x0883,0x0863,0x0882,
  0x0863,0x0883,0x0862,0x0883,0x0862,0x0883,0x0863,0x0883,0x0862,0x0883,0x0863,0x0883,0x0863,0x0882,0x0863,0x0882,
  0x0863,0x0883,0x0862,0x0883,0x0862,0x0883,0x0863,0x0882,0x0863,0x0863,0x0882,0x0863,0x0883,0x0863,0x0883,0x0862,
  0x0883,0x0863,0x0882,0x0863,0x0863,0x0882,0x0863,0x0863,0x0882,0x0863,0x0863,0x0882,0x0863,0x0863,0x0883,0x0863,
  0x0882,0x0863,0x0882,0x0863,0x0883,0x0862,0x0883,0x0863,0x0882,0x0863,0x0882,0x0863,0x0883,0x0862,0x0883,0x0863,
  0x0862,0x0883,0x0863,0x0862,0x0883,0x0863,0x0863,0x0882,0x0863,0x0863,0x0883,0x0863,0x0862,0x0883,0x0863,0x0883,
};
